architecture,scheme,relative_target,noise_level,parameter_name,draws,cosine,cosine_min,cosine_max,noisy_clean_eqprop_cosine,noisy_clean_eqprop_cosine_min,noisy_clean_eqprop_cosine_max,clean_eqprop_bptt_cosine,clean_eqprop_bptt_cosine_min,clean_eqprop_bptt_cosine_max,noise_over_clean_norm,noise_over_clean_norm_min,noise_over_clean_norm_max,relative_gradient_error_norm,relative_gradient_error_norm_min,relative_gradient_error_norm_max
conv1,baseline,1.0,0.0,ConvWeight_0,1,0.99999446411606,0.99999446411606,0.99999446411606,1.0,1.0,1.0,0.99999446411606,0.99999446411606,0.99999446411606,0.0,0.0,0.0,0.003038999824511706,0.003038999824511706,0.003038999824511706
conv1,baseline,1.0,0.0,DenseWeight_0,1,0.9999999999985646,0.9999999999985646,0.9999999999985646,1.000000000000001,1.000000000000001,1.000000000000001,0.9999999999985646,0.9999999999985646,0.9999999999985646,0.0,0.0,0.0,1.638877693561023e-06,1.638877693561023e-06,1.638877693561023e-06
conv1,baseline,1.0,3e-09,ConvWeight_0,3,0.9999953852729737,0.9999953849218225,0.9999953855655437,0.9999999998098844,0.9999999997894569,0.9999999998243848,0.9999953858848907,0.9999953858848907,0.9999953858848907,1.9145856998028814e-05,1.8486609246613922e-05,2.0434352145445102e-05,0.0026872412787266944,0.0026871208765018246,0.0026874126076247094
conv1,baseline,1.0,3e-09,DenseWeight_0,3,0.9999999999986043,0.9999999999986009,0.9999999999986066,0.9999999999999089,0.9999999999999035,0.9999999999999115,0.9999999999986979,0.9999999999986979,0.9999999999986979,4.2612262956958065e-07,4.235848856695313e-07,4.3087274137734014e-07,1.6332905165008394e-06,1.6329216482271277e-06,1.6336310165428109e-06
conv1,baseline,1.0,1e-08,ConvWeight_0,3,0.9999953823664859,0.9999953810370764,0.999995383387834,0.999999997887595,0.9999999976606068,0.9999999980487189,0.9999953858848907,0.9999953858848907,0.9999953858848907,6.381952226050514e-05,6.162203225232589e-05,6.811450599768145e-05,0.0026888526759800773,0.002688359422823454,0.00268958364801142
conv1,baseline,1.0,1e-08,DenseWeight_0,3,0.999999999997679,0.9999999999976664,0.9999999999976871,0.9999999999989829,0.9999999999989638,0.9999999999989927,0.9999999999986979,0.9999999999986979,0.9999999999986979,1.4204087655030013e-06,1.4119496195491248e-06,1.436242472517942e-06,2.1369313685163243e-06,2.1329281412475037e-06,2.1436998903103462e-06
conv1,baseline,1.0,3e-08,ConvWeight_0,3,0.9999953626550415,0.9999953573043967,0.9999953661145018,0.9999999809880942,0.9999999789448237,0.9999999824384386,0.9999953858848907,0.9999953858848907,0.9999953858848907,0.00019145856789774904,0.00018486609862039796,0.00020434351817948313,0.0026988781304369187,0.002696645966500598,0.00270238279896805
conv1,baseline,1.0,3e-08,DenseWeight_0,3,0.9999999999895284,0.9999999999893694,0.9999999999896136,0.9999999999908306,0.9999999999906519,0.9999999999909207,0.9999999999986979,0.9999999999986979,0.9999999999986979,4.2612262952285474e-06,4.235848857761706e-06,4.308727416981304e-06,4.558128332646385e-06,4.5366109039278985e-06,4.597053873552405e-06
conv1,baseline,1.0,1e-07,ConvWeight_0,3,0.9999951605723268,0.9999951268288381,0.9999951781659653,0.9999997887465462,0.9999997660289139,0.9999998048703754,0.9999953858848907,0.9999953858848907,0.9999953858848907,0.0006381952261492616,0.0006162203334600012,0.0006811450559830801,0.0027922682198908816,0.002778553055971689,0.0028153163217742717
conv1,baseline,1.0,1e-07,DenseWeight_0,3,0.9999999998968324,0.9999999998948172,0.9999999998978814,0.9999999998981284,0.9999999998960478,0.9999999998991937,0.9999999999986979,0.9999999999986979,0.9999999999986979,1.4204087635722336e-05,1.4119496187123225e-05,1.4362424710659834e-05,1.4296412470742127e-05,1.4214101075135247e-05,1.4448458326570196e-05
conv1,baseline,1.0,3e-07,ConvWeight_0,3,0.9999934421777034,0.9999932042546069,0.9999935919325276,0.9999980984640849,0.9999978936294444,0.999998243806582,0.9999953858848907,0.9999953858848907,0.9999953858848907,0.0019145856778270598,0.0018486610044987858,0.0020434351569897334,0.0034112523253816574,0.0033551185959866665,0.0035157416248919487
conv1,baseline,1.0,3e-07,DenseWeight_0,3,0.9999999990818336,0.9999999990632706,0.9999999990913717,0.9999999990831117,0.9999999990643526,0.9999999990926991,0.9999999999986979,0.9999999999986979,0.9999999999986979,4.26122627805376e-05,4.235848852295602e-05,4.3087274017632216e-05,4.2642902173185024e-05,4.2390814123602516e-05,4.311252946634612e-05
conv1,baseline,1.0,1e-06,ConvWeight_0,3,0.9999741077827166,0.9999717068337023,0.999975746224299,0.9999788623969081,0.9999765718675436,0.9999804860975091,0.9999953858848907,0.9999953858848907,0.9999953858848907,0.006381952264094101,0.006162203374815327,0.006811450413892292,0.007063548223214649,0.006853694710087399,0.007476740137106972
conv1,baseline,1.0,1e-06,DenseWeight_0,3,0.9999999898111515,0.9999999896033358,0.9999999899175495,0.9999999898123674,0.999999989603898,0.9999999899189294,0.9999999999986979,0.9999999999986979,0.9999999999986979,0.00014204087445912763,0.00014119496129279756,0.0001436242453965944,0.00014204981292838343,0.00014120536958374966,0.0001436281348030722
conv1,baseline,1.0,3e-06,ConvWeight_0,3,0.9998045217824802,0.9997832023223409,0.9998193987666703,0.9998095567505705,0.9997885695617674,0.999824389242873,0.9999953858848907,0.9999953858848907,0.9999953858848907,0.019145856831287323,0.018486610327507834,0.02043435033319589,0.019413506272967847,0.018764513408037097,0.020698648128066877
conv1,baseline,1.0,3e-06,DenseWeight_0,3,0.9999999083102723,0.9999999064359862,0.9999999092688516,0.9999999083113107,0.9999999064350634,0.999999909270382,0.9999999999986979,0.9999999999986979,0.9999999999986979,0.0004261226107244925,0.00042358488001210774,0.00043087272480087145,0.0004261253692884008,0.00042358904544978997,0.00043087053103014875
conv1,baseline,1.0,1e-05,ConvWeight_0,3,0.9978749433791848,0.9976266378341707,0.9980474800664745,0.9978809517309326,0.997633763268155,0.9980533376351853,0.9999953858848907,0.9999953858848907,0.9999953858848907,0.06381952323172439,0.061622036771557163,0.06811449050565659,0.0639177069550737,0.0617257854534436,0.06821763917142368
conv1,baseline,1.0,1e-05,DenseWeight_0,3,0.9999989812380804,0.9999989603982559,0.9999989918924287,0.9999989812384972,0.9999989603921351,0.999998991894485,0.9999999999986979,0.9999999999986979,0.9999999999986979,0.0014204085548200679,0.0014119495549554288,0.0014362422831539932,0.0014204092359000782,0.001411951618745019,0.0014362380451997147
conv1,baseline,1.0,3e-05,ConvWeight_0,3,0.9812276205790181,0.9787078631817986,0.9828893440866755,0.9812363170670557,0.978719930644178,0.982897586802943,0.9999953858848907,0.9999953858848907,0.9999953858848907,0.19145857365133767,0.18486613040866584,0.2043433806497954,0.19149040019478814,0.1849024107961806,0.20438563130736864
conv1,baseline,1.0,3e-05,DenseWeight_0,3,0.999990831270108,0.9999906436976657,0.999990927156957,0.9999908312687489,0.9999906436766942,0.9999909271605166,0.9999999999986979,0.9999999999986979,0.9999999999986979,0.004261224399932515,0.00423584827902076,0.004308725711323324,0.004261224732166475,0.004235849981093609,0.00430872113213675
conv1,baseline,1.0,0.0001,ConvWeight_0,3,0.8368989110397329,0.8106633436229326,0.8508282237214931,0.8369151594285376,0.8106892238257928,0.8508436285229114,0.9999953858848907,0.9999953858848907,0.9999953858848907,0.6381952918563466,0.6162206692770116,0.6811435422374683,0.6381439682433101,0.6161749847738484,0.6811146845520256
conv1,baseline,1.0,0.0001,DenseWeight_0,3,0.9998981401510534,0.9998960571836,0.9998992049567672,0.999898140143481,0.9998960571106603,0.9998992049655882,0.9999999999986979,0.9999999999986979,0.9999999999986979,0.014204066602426735,0.014119489784713586,0.014362405781652262,0.014204067669117016,0.014119492195868057,0.014362401932899288
conv1,baseline,1.0,0.0003,ConvWeight_0,3,0.45901980051986,0.3913759797255339,0.5008385256761736,0.45904322421056587,0.3914135236271965,0.5008465957534202,0.9999953858848907,0.9999953858848907,0.9999953858848907,1.914586277648684,1.8486640224071793,2.043421545888315,1.9143400832141075,1.8484283464072728,2.043230172848064
conv1,baseline,1.0,0.0003,DenseWeight_0,3,0.9990844289055585,0.9990657420586927,0.9990939828879437,0.9990844288802756,0.9990657418374654,0.999093982911802,0.9999999999986979,0.9999999999986979,0.9999999999986979,0.04261207411348652,0.042358431552586326,0.043087104291760284,0.04261207783730691,0.042358436553989916,0.043087103079878446
conv1,baseline,1.0,0.001,ConvWeight_0,3,0.14727936686380041,0.08182808378334791,0.19192780634848944,0.147303904021738,0.08186709737054312,0.19193525219102459,0.9999953858848907,0.9999953858848907,0.9999953858848907,6.381959135368435,6.162237062755021,6.811299376258679,6.381045832716913,6.161351873915102,6.810553441261501
conv1,baseline,1.0,0.001,DenseWeight_0,3,0.9899714392844728,0.9897694267394633,0.9900748437955262,0.989971439198521,0.9897694260057996,0.9900748438721652,0.9999999999986979,0.9999999999986979,0.9999999999986979,0.14203880275291556,0.14119435365977415,0.1436223842030096,0.14203881597212634,0.14119436792440984,0.14362239241254857
conv1,baseline,1.0,0.003,ConvWeight_0,3,0.041349444345928056,-0.017043840706223074,0.08159406179956259,0.04137371921170626,-0.01700525182531299,0.08160130591424508,0.9999953858848907,0.9999953858848907,0.9999953858848907,19.1459239773886,18.486917835307572,20.432995745664336,19.1431088142766,18.484181130854353,20.430669502632497
conv1,baseline,1.0,0.003,DenseWeight_0,3,0.9195842980767096,0.9181002520957332,0.9203511426436158,0.9195842978451217,0.9181002500461536,0.9203511428726808,0.9999999999986979,0.9999999999986979,0.9999999999986979,0.42610459783731003,0.4235800637823319,0.43085660791865804,0.42610463824120753,0.4235801045685348,0.43085664310072175
conv1,baseline,1.0,0.01,ConvWeight_0,3,0.003530269031394171,-0.051733383763527235,0.04169033294614786,0.003554384733077197,-0.05169502448984238,0.041697511236489536,0.9999953858848907,0.9999953858848907,0.9999953858848907,63.82047552195182,61.625621706646484,68.09962428995694,63.81100404759629,61.61640403785313,68.0917694009744
conv1,baseline,1.0,0.01,DenseWeight_0,3,0.5776453783868243,0.5732555383868863,0.5800609735447869,0.5776453779941639,0.573255534088057,0.5800609741964338,0.9999999999986979,0.9999999999986979,0.9999999999986979,1.4202330106654617,1.4119214162175366,1.4360878592545254,1.4202331462273465,1.4119215498370628,1.4360879888521307
conv1,legacy,1.0,0.0,ConvWeight_0,1,0.9999953081148517,0.9999953081148517,0.9999953081148517,1.0,1.0,1.0,0.9999953081148517,0.9999953081148517,0.9999953081148517,0.0,0.0,0.0,0.00274192143102598,0.00274192143102598,0.00274192143102598
conv1,legacy,1.0,0.0,DenseWeight_0,1,0.9999999999985303,0.9999999999985303,0.9999999999985303,1.000000000000005,1.000000000000005,1.000000000000005,0.9999999999985303,0.9999999999985303,0.9999999999985303,0.0,0.0,0.0,1.6507034574893052e-06,1.6507034574893052e-06,1.6507034574893052e-06
conv1,legacy,1.0,3e-09,ConvWeight_0,3,0.9999958382674732,0.9999958379639489,0.9999958386212111,0.9999999998302647,0.9999999998137609,0.9999999998432395,0.9999958387460066,0.9999958387460066,0.9999958387460066,1.799666209884002e-05,1.7368767517269e-05,1.9157423676224966e-05,0.0024069940216988593,0.002406875799399536,0.002407126831414194
conv1,legacy,1.0,3e-09,DenseWeight_0,3,0.9999999999986628,0.9999999999986541,0.9999999999986698,0.9999999999999087,0.9999999999999016,0.9999999999999138,0.9999999999987558,0.9999999999987558,0.9999999999987558,4.3671469979103427e-07,4.340161790117375e-07,4.4190357880922395e-07,1.6003712555742934e-06,1.5999227980024981e-06,1.6006978539514108e-06
conv1,legacy,1.0,1e-08,ConvWeight_0,3,0.9999958358307263,0.9999958346905962,0.9999958370373055,0.9999999981140483,0.9999999979306727,0.9999999982582186,0.9999958387460066,0.9999958387460066,0.9999958387460066,5.99888748581211e-05,5.7895896122496426e-05,6.38580792824139e-05,0.0024084734039368045,0.002408010858838721,0.0024090457327226563
conv1,legacy,1.0,1e-08,DenseWeight_0,3,0.9999999999976815,0.9999999999976659,0.99999999999769,0.9999999999989256,0.9999999999989035,0.9999999999989396,0.9999999999987558,0.9999999999987558,0.9999999999987558,1.45571566597757e-06,1.4467205967085247e-06,1.4730119291718214e-06,2.132372827384072e-06,2.1275941359337e-06,2.140210706962513e-06
conv1,legacy,1.0,3e-08,ConvWeight_0,3,0.9999958186843653,0.9999958141636083,0.9999958225392629,0.9999999830263241,0.9999999813759687,0.9999999843239907,0.9999958387460066,0.9999958387460066,0.9999958387460066,0.00017996662443105945,0.00017368768919571835,0.0001915742381254001,0.002418070819878837,0.002416116317625955,0.002420864345989203
conv1,legacy,1.0,3e-08,DenseWeight_0,3,0.9999999999890655,0.9999999999888642,0.9999999999891777,0.9999999999903044,0.9999999999900838,0.9999999999904192,0.9999999999987558,0.9999999999987558,0.9999999999987558,4.367146997061632e-06,4.340161790587323e-06,4.419035787115307e-06,4.64370675232549e-06,4.621547868552127e-06,4.687066343459701e-06
conv1,legacy,1.0,1e-07,ConvWeight_0,3,0.9999956398523393,0.9999956119464486,0.9999956554399524,0.9999998113993613,0.9999997930630499,0.9999998258230821,0.9999958387460066,0.9999958387460066,0.9999958387460066,0.0005998887489179575,0.0005789589652542256,0.0006385807932500268,0.002509779445824338,0.002498248564568221,0.0025289892543828387
conv1,legacy,1.0,1e-07,DenseWeight_0,3,0.9999999998910141,0.9999999998885686,0.9999999998922493,0.9999999998922351,0.9999999998897253,0.999999999893501,0.9999999999987558,0.9999999999987558,0.9999999999987558,1.4557156641479952e-05,1.446720596514588e-05,1.4730119275845492e-05,1.4642301135147603e-05,1.455698817164547e-05,1.4809114035197485e-05
conv1,legacy,1.0,3e-07,ConvWeight_0,3,0.9999941103569832,0.9999939166331976,0.9999942339924088,0.999998302488397,0.9999981374868234,0.9999984324351566,0.9999958387460066,0.9999958387460066,0.9999958387460066,0.0017996662485043435,0.0017368769000083938,0.0019157423712735768,0.003116964070907152,0.0030693478062753777,0.003207210827129076
conv1,legacy,1.0,3e-07,DenseWeight_0,3,0.9999999990289281,0.9999999990065271,0.9999999990401524,0.9999999990300977,0.9999999990075039,0.9999999990414411,0.9999999999987558,0.9999999999987558,0.9999999999987558,4.3671469796939485e-05,4.340161786944658e-05,4.419035770572369e-05,4.3699095868290706e-05,4.343342973738883e-05,4.421273315739092e-05
conv1,legacy,1.0,1e-06,ConvWeight_0,3,0.9999768708960005,0.9999749426665298,0.9999782988864138,0.999981135054978,0.999979302721899,0.999982584024157,0.9999958387460066,0.9999958387460066,0.9999958387460066,0.005998887500522747,0.0057895896882142125,0.006385807804024294,0.006599745256123715,0.006413723112525125,0.006964287931231124
conv1,legacy,1.0,1e-06,DenseWeight_0,3,0.9999999892222333,0.9999999889718998,0.9999999893476559,0.9999999892232235,0.999999988972247,0.9999999893492015,0.9999999999987558,0.9999999999987558,0.9999999999987558,0.0001455715645066267,0.0001446720592700418,0.00014730119093086228,0.00014557896057474452,0.00014468347324927017,0.00014730366554133824
conv1,legacy,1.0,3e-06,ConvWeight_0,3,0.9998256822784697,0.9998089312360738,0.9998387868610659,0.999830152069563,0.9998136900129656,0.9998433190621699,0.9999958387460066,0.9999958387460066,0.9999958387460066,0.0179966625524473,0.017368769248675992,0.019157422554698468,0.018230502299445728,0.01761956207457312,0.01938325725682249
conv1,legacy,1.0,3e-06,DenseWeight_0,3,0.9999999030085925,0.9999999007518244,0.9999999041406528,0.9999999030090696,0.9999999007503726,0.9999999041427959,0.9999999999987558,0.9999999999987558,0.9999999999987558,0.00043671468081046757,0.0004340161752837532,0.00044190356060967164,0.0004367163076636385,0.00043402177092166546,0.0004419003608515303
conv1,legacy,1.0,1e-05,ConvWeight_0,3,0.9981093000174204,0.9979268680706647,0.9982595634896503,0.9981144873159203,0.9979330322159865,0.9982649519300861,0.9999958387460066,0.9999958387460066,0.9999958387460066,0.059988875768539535,0.05789589961299805,0.06385806517913427,0.060072308038253676,0.05799079204244001,0.06394274002308231
conv1,legacy,1.0,1e-05,DenseWeight_0,3,0.9999989223262415,0.9999988972366591,0.9999989349171169,0.9999989223249229,0.9999988972289108,0.9999989349213524,0.9999999999987558,0.9999999999987558,0.9999999999987558,0.0014557154544497057,0.0014467205548312507,0.001473011726592181,0.0014557151119510888,0.0014467241624491547,0.0014730065899524777
conv1,legacy,1.0,3e-05,ConvWeight_0,3,0.9833794216573014,0.9817997701050621,0.9847731177984183,0.9833866306502353,0.9818099804767929,0.9847808560334556,0.9999958387460066,0.9999958387460066,0.9999958387460066,0.1799666324047723,0.1736877169844826,0.19157410983345233,0.17999405630402857,0.17372500156784984,0.1916065363428965
conv1,legacy,1.0,3e-05,DenseWeight_0,3,0.9999903010713731,0.9999900752459043,0.9999904144056263,0.9999903010649244,0.9999900752201664,0.9999904144158394,0.9999999999987558,0.9999999999987558,0.9999999999987558,0.004367145093200142,0.004340161412674234,0.004419033962306485,0.004367144330921493,0.004340164591171142,0.00441902841282525
conv1,legacy,1.0,0.0001,ConvWeight_0,3,0.8545335727017958,0.8401522134560634,0.8649756477364858,0.8545470048609002,0.8401748617630949,0.8649899918950403,0.9999958387460066,0.9999958387460066,0.9999958387460066,0.5998888343368872,0.578959268436616,0.6385793663707525,0.5998537351314565,0.5789342545635969,0.638553619450398
conv1,legacy,1.0,0.0001,DenseWeight_0,3,0.9998922512156222,0.9998897431568052,0.9998935096886109,0.9998922511912226,0.9998897430681147,0.9998935097197433,0.9999999999987558,0.9999999999987558,0.9999999999987558,0.014557135514905664,0.014467201794247615,0.014730099026617422,0.014557135105849736,0.014467205308695982,0.014730093824571867
conv1,legacy,1.0,0.0003,ConvWeight_0,3,0.4900989739812806,0.444758288143448,0.5216175370390221,0.4901194340331505,0.44479329585995564,0.5216217281919104,0.9999958387460066,0.9999958387460066,0.9999958387460066,1.7996670187853367,1.7368796245366114,1.9157295339295608,1.7994915160206242,1.7367165579242643,1.9155732555531502
conv1,legacy,1.0,0.0003,DenseWeight_0,3,0.9990315993020104,0.9990090982117248,0.9990428815095845,0.9990315992264303,0.999009097943433,0.9990428816004372,0.9999999999987558,0.9999999999987558,0.9999999999987558,0.043671280306153915,0.04340158099713001,0.04419017611280302,0.04367128142700682,0.043401585996548295,0.04419017241553465
conv1,legacy,1.0,0.001,ConvWeight_0,3,0.16518355381816613,0.12311068603422394,0.20179758209298257,0.16520510569166275,0.12314696005404412,0.2018016187088728,0.9999958387460066,0.9999958387460066,0.9999958387460066,5.998896253014422,5.78962011358483,6.385665341790232,5.998242720122938,5.788987845302171,6.385064705498029
conv1,legacy,1.0,0.001,DenseWeight_0,3,0.9894052522321792,0.9891629259036989,0.9895264848614219,0.9894052519811749,0.98916292501616,0.9895264846977713,0.9999999999987558,0.9999999999987558,0.9999999999987558,0.14556948421394694,0.14467167538435075,0.14729919851014445,0.1455694908717199,0.1446716857649349,0.14729920025878881
conv1,legacy,1.0,0.003,ConvWeight_0,3,0.05215768944796269,0.018404549175101894,0.08353979799370632,0.05217886401445579,0.018440155487386495,0.08354357331137009,0.9999958387460066,0.9999958387460066,0.9999958387460066,17.996746269092753,17.369047091896554,19.15614485016874,17.99473071891404,17.367078189143346,19.154278300576657
conv1,legacy,1.0,0.003,DenseWeight_0,3,0.9157558822253746,0.9140388261455488,0.9166240778184275,0.9157558815524807,0.9140388236965736,0.9166240773989783,0.9999999999987558,0.9999999999987558,0.9999999999987558,0.4366966051533848,0.43401338392265576,0.44188627883764975,0.4366966276829805,0.434013409730396,0.44188629619691655
conv1,legacy,1.0,0.01,ConvWeight_0,3,0.011685456302008202,-0.0183638620599593,0.04051950643795084,0.011706422124463704,-0.018328584536559694,0.04052317729824061,0.9999958387460066,0.9999958387460066,0.9999958387460066,59.98999822334509,57.89914324659741,63.84404168188445,59.98321644503175,57.89249685915036,63.83774697844313
conv1,legacy,1.0,0.01,DenseWeight_0,3,0.5697069700762124,0.5652325952852144,0.5720608662892349,0.5697069688931806,0.5652325903300071,0.5720608682604476,0.9999999999987558,0.9999999999987558,0.9999999999987558,1.4555397770827796,1.446715347606657,1.4728449878914835,1.4555398551829652,1.446715427427961,1.4728450599029543
conv1,ours,1.0,0.0,ConvWeight_0,1,0.999984789112439,0.999984789112439,0.999984789112439,1.0,1.0,1.0,0.999984789112439,0.999984789112439,0.999984789112439,0.0,0.0,0.0,0.005292218535564027,0.005292218535564027,0.005292218535564027
conv1,ours,1.0,0.0,DenseWeight_0,1,0.9999999999589276,0.9999999999589276,0.9999999999589276,1.0000000000000004,1.0000000000000004,1.0000000000000004,0.9999999999589276,0.9999999999589276,0.9999999999589276,0.0,0.0,0.0,8.977033763754593e-06,8.977033763754593e-06,8.977033763754593e-06
conv1,ours,1.0,3e-09,ConvWeight_0,3,0.9999864965873817,0.9999864964197317,0.9999864968034459,0.9999999999842624,0.9999999999826663,0.9999999999852243,0.9999864967392246,0.9999864967392246,0.9999864967392246,5.473597667067491e-06,5.287804012891375e-06,5.80676769450917e-06,0.005037654661764577,0.005037592330975186,0.005037686250877764
conv1,ours,1.0,3e-09,DenseWeight_0,3,0.9999999999568429,0.9999999999568256,0.9999999999568637,0.9999999999999046,0.9999999999999026,0.999999999999908,0.999999999956932,0.999999999956932,0.999999999956932,4.4007472499300286e-07,4.3733841922573423e-07,4.449368277905259e-07,9.225668530539383e-06,9.22322107319834e-06,9.227177585111167e-06
conv1,ours,1.0,1e-08,ConvWeight_0,3,0.9999864961106787,0.9999864955593273,0.9999864968358245,0.9999999998251369,0.9999999998074027,0.9999999998358239,0.9999864967392246,0.9999864967392246,0.9999864967392246,1.8245325676152532e-05,1.7626013411612814e-05,1.935589212563612e-05,0.005037706206107404,0.005037497273414328,0.005037814709996818
conv1,ours,1.0,1e-08,DenseWeight_0,3,0.9999999999558894,0.9999999999558442,0.9999999999559753,0.9999999999989115,0.9999999999988894,0.9999999999989237,0.999999999956932,0.999999999956932,0.999999999956932,1.4669157498262668e-06,1.4577947304626932e-06,1.4831227597986317e-06,9.330399465131563e-06,9.321540589847742e-06,9.335490739642e-06
conv1,ours,1.0,3e-08,ConvWeight_0,3,0.9999864938044223,0.9999864922145032,0.9999864960221296,0.9999999984262278,0.9999999982666179,0.999999998522414,0.9999864967392246,0.9999864967392246,0.9999864967392246,5.473597687702876e-05,5.287803992780169e-05,5.806767595234892e-05,0.005038045029860928,0.00503740830287616,0.005038398000124842
conv1,ours,1.0,3e-08,DenseWeight_0,3,0.9999999999472517,0.9999999999469761,0.9999999999475812,0.9999999999901606,0.999999999989954,0.9999999999902687,0.999999999956932,0.999999999956932,0.999999999956932,4.400747248405822e-06,4.373384191588772e-06,4.4493682776207635e-06,1.0220599346667342e-05,1.0189839027853168e-05,1.0249862701106888e-05
conv1,ours,1.0,1e-07,ConvWeight_0,3,0.999986474716187,0.9999864701648218,0.999986482601656,0.9999999825135091,0.9999999807399784,0.9999999835823709,0.9999864967392246,0.9999864967392246,0.9999864967392246,0.00018245325564245613,0.00017626013252718115,0.00019355891949047736,0.005041464540795383,0.00503922794636816,0.005042960019358971
conv1,ours,1.0,1e-07,DenseWeight_0,3,0.9999999998481455,0.9999999998456196,0.9999999998500692,0.9999999998906578,0.9999999998883623,0.9999999998918438,0.999999999956932,0.999999999956932,0.999999999956932,1.4669157479369773e-05,1.457794729778854e-05,1.4831227577541455e-05,1.734226146553665e-05,1.7229353053799483e-05,1.7497419497136103e-05
conv1,ours,1.0,3e-07,ConvWeight_0,3,0.9999863257497041,0.9999863051041293,0.9999863536318851,0.9999998426182221,0.999999826654189,0.9999998522412272,0.9999864967392246,0.9999864967392246,0.9999864967392246,0.0005473597678431532,0.000528780400345373,0.0005806767565697789,0.005070273880410052,0.0050626321722666325,0.005077433004581514
conv1,ours,1.0,3e-07,DenseWeight_0,3,0.9999999989744638,0.9999999989531647,0.999999998987344,0.9999999990158434,0.9999999989952353,0.9999999990265103,0.999999999956932,0.999999999956932,0.999999999956932,4.4007472310184175e-05,4.373384183195856e-05,4.4493682612572724e-05,4.4949189350784834e-05,4.4636233503712464e-05,4.544460890246181e-05
conv1,ours,1.0,1e-06,ConvWeight_0,3,0.9999847025888519,0.9999845095204172,0.999984844795354,0.999998251186491,0.9999980737210715,0.9999983582346423,0.9999864967392246,0.9999864967392246,0.9999864967392246,0.0018245325615176351,0.0017626013588333978,0.001935589164437975,0.005380561822240331,0.005346145747136723,0.005431089951260089
conv1,ours,1.0,1e-06,DenseWeight_0,3,0.9999999890274298,0.9999999887961138,0.9999999891533323,0.9999999890648447,0.9999999888358321,0.9999999891833693,0.999999999956932,0.999999999956932,0.999999999956932,0.00014669157287843461,0.0001457794720624102,0.00014831227398137117,0.00014694883558211515,0.00014598997875871187,0.00014858535664351766
conv1,ours,1.0,3e-06,ConvWeight_0,3,0.9999706186091296,0.9999689724263283,0.9999714666121198,0.9999842576862646,0.9999826582932365,0.9999852243172395,0.9999864967392246,0.9999864967392246,0.9999864967392246,0.005473597703277037,0.005287804285293033,0.00580676728992266,0.007511100919010192,0.007362494515313656,0.0077751018952709975
conv1,ours,1.0,3e-06,DenseWeight_0,3,0.9999999015574841,0.9999998994895306,0.9999999026462945,0.9999999015835712,0.9999998995225277,0.9999999026502481,0.999999999956932,0.999999999956932,0.999999999956932,0.00044007470587260157,0.00043733841009255183,0.0004449368099969571,0.00044013375239397036,0.00043734866016991575,0.0004450135217058387
conv1,ours,1.0,1e-05,ConvWeight_0,3,0.9998110513340138,0.9997930441273668,0.9998213505832603,0.9998250049222244,0.9998071534150887,0.9998358644038264,0.9999864967392246,0.9999864967392246,0.9999864967392246,0.018245325898152483,0.01762601671893191,0.019355888596365632,0.018981489117991985,0.01835925721356796,0.02006913381256352
conv1,ours,1.0,1e-05,DenseWeight_0,3,0.9999989064991157,0.9999988835765441,0.9999989184236572,0.9999989064855554,0.9999988835860174,0.9999989183363185,0.999999999956932,0.999999999956932,0.999999999956932,0.0014669155373669871,0.001457794629226749,0.0014831225606277904,0.0014669057895575336,0.0014577353843846044,0.001483131111586995
conv1,ours,1.0,3e-05,ConvWeight_0,3,0.9984109311127393,0.9982481533186933,0.9985096271782848,0.9984257615776756,0.9982634475164418,0.998526127076134,0.9999864967392246,0.9999864967392246,0.9999864967392246,0.054735979589933904,0.05287807103287159,0.058067645486048494,0.054982603385613234,0.05308955588797992,0.0583215418981357
conv1,ours,1.0,3e-05,DenseWeight_0,3,0.9999901586274051,0.9999899524902676,0.9999902654741843,0.9999901585005689,0.9999899524325316,0.9999902651260144,0.999999999956932,0.999999999956932,0.999999999956932,0.00440074533662304,0.004373383279018729,0.004449366487942056,0.004400717813382379,0.004373306043655856,0.004449357437382268
conv1,ours,1.0,0.0001,ConvWeight_0,3,0.9828723648818384,0.981059884547959,0.9840194529688742,0.9828898981469016,0.981078883110771,0.9840424142117931,0.9999864967392246,0.9999864967392246,0.9999864967392246,0.18245328745366757,0.1762604803764279,0.19355858145389,0.1824928186805354,0.17625218929530256,0.1936182023883632
conv1,ours,1.0,0.0001,DenseWeight_0,3,0.9998906676056148,0.9998883792435088,0.999891851657167,0.9998906670823748,0.9998883789505837,0.9998918503962247,0.999999999956932,0.999999999956932,0.999999999956932,0.014669136264416942,0.014577937185883528,0.014831207720101304,0.01466910910302326,0.014577860177532037,0.014831199071161755
conv1,ours,1.0,0.0003,ConvWeight_0,3,0.8738986388262673,0.8604301562689588,0.8813433112909177,0.8739195600234676,0.8604541970491117,0.8813793531444776,0.9999864967392246,0.9999864967392246,0.9999864967392246,0.5473600533383265,0.5287835305041075,0.5806737153599251,0.5472546039104558,0.5286264925592729,0.5805953853956697
conv1,ours,1.0,0.0003,DenseWeight_0,3,0.9990173675578891,0.9989968457075613,0.9990279686741464,0.9990173659035411,0.9989968447436148,0.9990279648088229,0.999999999956932,0.999999999956932,0.999999999956932,0.044007282031225,0.043733751498690354,0.04449350455279356,0.04400727378205871,0.04373369319327268,0.04449351476752199
conv1,ours,1.0,0.001,ConvWeight_0,3,0.4855860966257409,0.4408186245021481,0.5191680084051756,0.4856023683506454,0.44083825010826116,0.519147910408221,0.9999864967392246,0.9999864967392246,0.9999864967392246,1.8245357814496497,1.7626361977481386,1.9355554181093717,1.8240799110635766,1.7621269069981027,1.9351408637448444
conv1,ours,1.0,0.001,DenseWeight_0,3,0.9892511754382104,0.9890300903720922,0.9893651526744597,0.9892511698781452,0.9890300870928651,0.9893651398251013,0.999999999956932,0.999999999956932,0.999999999956932,0.14668948413316946,0.14577849451927288,0.14831032103167413,0.14668954833371725,0.1457785079930372,0.14831040346956983
conv1,ours,1.0,0.003,ConvWeight_0,3,0.18168577295761587,0.13796472628232853,0.21982233347764504,0.1816980826078396,0.13798094744805334,0.2197909843879336,0.9999864967392246,0.9999864967392246,0.9999864967392246,5.473627890902461,5.288119360284984,5.806464677550365,5.472215717113539,5.286651696050015,5.805131448147
conv1,ours,1.0,0.003,DenseWeight_0,3,0.9146446272719341,0.9130639599692396,0.9154686448797794,0.9146446117524676,0.9130639508265199,0.9154686093169081,0.999999999956932,0.999999999956932,0.999999999956932,0.44005656202924165,0.4373302849299239,0.4449198889938613,0.44005683501326115,0.43733050529325096,0.4449201795530162
conv1,ours,1.0,0.01,ConvWeight_0,3,0.05201019073595939,0.01619041297055544,0.0849157184289223,0.0520213288457262,0.016205847382656794,0.08488172270731406,0.9999864967392246,0.9999864967392246,0.9999864967392246,18.24570827234874,17.629576837024562,19.352569138384016,18.240964996645747,17.6247711885974,19.34803589184205
conv1,ours,1.0,0.01,DenseWeight_0,3,0.5664596194493099,0.5623007658178378,0.5687803989006439,0.5664595871158514,0.5623007473587087,0.5687803262961271,0.999999999956932,0.999999999956932,0.999999999956932,1.466739409074668,1.4577305130981757,1.4829600455497263,1.4667404134011681,1.4577314582319092,1.482961065142813
conv2,baseline,4.0,0.0,ConvWeight_0,1,0.9999451681099606,0.9999451681099606,0.9999451681099606,1.0,1.0,1.0,0.9999451681099606,0.9999451681099606,0.9999451681099606,0.0,0.0,0.0,0.009965452042529395,0.009965452042529395,0.009965452042529395
conv2,baseline,4.0,0.0,ConvWeight_1,1,0.9999558774278609,0.9999558774278609,0.9999558774278609,1.0000000000000002,1.0000000000000002,1.0000000000000002,0.9999558774278609,0.9999558774278609,0.9999558774278609,0.0,0.0,0.0,0.009224486200501512,0.009224486200501512,0.009224486200501512
conv2,baseline,4.0,0.0,DenseWeight_0,1,0.9999999999141261,0.9999999999141261,0.9999999999141261,0.9999999999999997,0.9999999999999997,0.9999999999999997,0.9999999999141261,0.9999999999141261,0.9999999999141261,0.0,0.0,0.0,1.3018308312064977e-05,1.3018308312064977e-05,1.3018308312064977e-05
conv2,baseline,4.0,3e-09,ConvWeight_0,3,0.999918340390113,0.9999182101881443,0.9999184512525127,0.9999994568679746,0.9999993738146211,0.9999994989910446,0.9999189245684753,0.9999189245684753,0.9999189245684753,0.0010131443241582216,0.0009677114385537242,0.0010821212160764938,0.011670765444618715,0.011650462149363973,0.011683366335766129
conv2,baseline,4.0,3e-09,ConvWeight_1,3,0.9999570923802887,0.9999570914140563,0.9999570936265594,0.9999999887977715,0.9999999878033827,0.999999990601138,0.9999571016264894,0.9999571016264894,0.9999571016264894,0.00014734831744986682,0.00013529215391408378,0.00015408636574161557,0.009077424348489283,0.009077327604605813,0.009077525271239064
conv2,baseline,4.0,3e-09,DenseWeight_0,3,0.9999999999132928,0.9999999999132912,0.9999999999132937,0.9999999999999986,0.9999999999999971,0.9999999999999993,0.9999999999132921,0.9999999999132921,0.9999999999132921,1.1165649655142432e-08,1.1103865823681431e-08,1.1216535272256603e-08,1.3088536901384355e-05,1.308852893191867e-05,1.308854354258336e-05
conv2,baseline,4.0,1e-08,ConvWeight_0,3,0.9999127543288057,0.9999121776224615,0.9999134379561976,0.9999939663697879,0.9999930484964952,0.9999944336827198,0.9999189245684753,0.9999189245684753,0.9999189245684753,0.003377147684660193,0.003225704545790023,0.0036070712208292727,0.012192159208363062,0.012095215739947577,0.012313880156280217
conv2,baseline,4.0,1e-08,ConvWeight_1,3,0.9999569836814378,0.9999569727263468,0.9999570018612748,0.9999998755309797,0.9999998644817341,0.9999998955682639,0.9999571016264894,0.9999571016264894,0.9999571016264894,0.0004911610582999131,0.00045097384705320803,0.0005136212196571387,0.009089628829905154,0.009087615026647263,0.009090809015942612
conv2,baseline,4.0,1e-08,DenseWeight_0,3,0.9999999999132934,0.9999999999132926,0.9999999999132946,0.9999999999999994,0.9999999999999987,1.0000000000000009,0.9999999999132921,0.9999999999132921,0.9999999999132921,3.721883218599224e-08,3.701288609561522e-08,3.738845089920022e-08,1.3088609590464502e-05,1.308858270996295e-05,1.3088631716463788e-05
conv2,baseline,4.0,3e-08,ConvWeight_0,3,0.9998642469935026,0.999857136159608,0.9998688916312171,0.999945730458757,0.9999375974533523,0.9999499176776043,0.9999189245684753,0.9999189245684753,0.9999189245684753,0.010131442943600537,0.009677113217612615,0.010821213997687595,0.01577922927589382,0.015428366162391086,0.016400739258549873
conv2,baseline,4.0,3e-08,ConvWeight_1,3,0.9999560010165783,0.9999559018462487,0.999956175772284,0.9999988797849727,0.9999987803296115,0.9999990601169537,0.9999571016264894,0.9999571016264894,0.9999571016264894,0.0014734831748888155,0.0013529215422842355,0.0015408636581988335,0.009199137018205428,0.009178911253806859,0.009209808036473196
conv2,baseline,4.0,3e-08,DenseWeight_0,3,0.9999999999132854,0.9999999999132849,0.9999999999132857,0.999999999999992,0.9999999999999902,0.9999999999999932,0.9999999999132921,0.9999999999132921,0.9999999999132921,1.1165649657649298e-07,1.1103865836560263e-07,1.1216535264830318e-07,1.3089108996025304e-05,1.3089025650914831e-05,1.3089175275566498e-05
conv2,baseline,4.0,1e-07,ConvWeight_0,3,0.9993162672743018,0.9992343369147729,0.9993581094940205,0.9993986813865618,0.9993133625380403,0.9994444839632723,0.9999189245684753,0.9999189245684753,0.9999189245684753,0.03377147654888743,0.032257044100452714,0.03607071363378617,0.03610088982850555,0.03476901680785728,0.038397175113239666
conv2,baseline,4.0,1e-07,ConvWeight_1,3,0.9999447209364543,0.99994361640918,0.9999467058000044,0.9999875535727029,0.999986448065413,0.9999895570695383,0.9999571016264894,0.9999571016264894,0.9999571016264894,0.004911610592280108,0.004509738493943562,0.0051362121879254385,0.01036027243449106,0.010158403984014384,0.010467317162742351
conv2,baseline,4.0,1e-07,DenseWeight_0,3,0.9999999999132223,0.9999999999132189,0.9999999999132292,0.9999999999999314,0.9999999999999294,0.9999999999999338,0.9999999999132921,0.9999999999132921,0.9999999999132921,3.7218832199684623e-07,3.7012886196791206e-07,3.7388450810952216e-07,1.3094259202028366e-05,1.309394991105167e-05,1.3094478941728869e-05
conv2,baseline,4.0,3e-07,ConvWeight_0,3,0.9945743910896949,0.9939476701651184,0.9949525607050171,0.9946592830510173,0.9940226315800544,0.9950543407499443,0.9999189245684753,0.9999189245684753,0.9999189245684753,0.1013144295426792,0.09677113191155884,0.1082121410777603,0.10217575122105674,0.09780416378908331,0.1090604070532827
conv2,baseline,4.0,3e-07,ConvWeight_1,3,0.9998453076187049,0.9998353516405566,0.9998632738278045,0.9998880054792735,0.9998780463061537,0.9999060279746508,0.9999571016264894,0.9999571016264894,0.9999571016264894,0.014734831851934254,0.013529215646562351,0.01540863650665478,0.0173810797658377,0.016341820504181138,0.017956991085557802
conv2,baseline,4.0,3e-07,DenseWeight_0,3,0.9999999999126522,0.9999999999126392,0.9999999999126739,0.9999999999993682,0.9999999999993635,0.9999999999993766,0.9999999999132921,0.9999999999132921,0.9999999999132921,1.1165649666677468e-06,1.1103865924154024e-06,1.1216535182318153e-06,1.3138051673489223e-05,1.3136856052910717e-05,1.3138700172426921e-05
conv2,baseline,4.0,1e-06,ConvWeight_0,3,0.946118466696821,0.9432083811218628,0.950092011158256,0.9462092515571935,0.943270509960564,0.9502345076446144,0.9999189245684753,0.9999189245684753,0.9999189245684753,0.3377147652418255,0.3225704391968873,0.36070713759870215,0.3380668052228983,0.3230812201310142,0.36103769575160094
conv2,baseline,4.0,1e-06,ConvWeight_1,3,0.9987159925378064,0.9986052241733361,0.9989151817731021,0.9987581846725571,0.9986474027505987,0.9989575658154987,0.9999571016264894,0.9999571016264894,0.9999571016264894,0.0491161070518996,0.04509738740393983,0.05136212103496101,0.049972657799389884,0.04601878112605779,0.05218374362507655
conv2,baseline,4.0,1e-06,DenseWeight_0,3,0.9999999999062636,0.9999999999061805,0.9999999999063915,0.9999999999930037,0.9999999999929337,0.9999999999930875,0.9999999999132921,0.9999999999132921,0.9999999999132921,3.7218832300492243e-06,3.7012887173113004e-06,3.7388449895521013e-06,1.3620493702802009e-05,1.3613500591335267e-05,1.3625401645337471e-05
conv2,baseline,4.0,3e-06,ConvWeight_0,3,0.7088479281922164,0.684306956172248,0.7311534177188511,0.7089329746724493,0.684328696836696,0.7313495070314965,0.9999189245684753,0.9999189245684753,0.9999189245684753,1.0131442969908753,0.9677113197315194,1.0821214124763014,1.0134992941568761,0.9681974984136872,1.0824528426080557
conv2,baseline,4.0,3e-06,ConvWeight_1,3,0.9889726896912682,0.9879917802264635,0.9907063707303232,0.9890131665510127,0.9880321939409196,0.990747453365607,0.9999571016264894,0.9999571016264894,0.9999571016264894,0.14734832868904416,0.1352921786320851,0.15408635749957125,0.14762037827494162,0.1355896695143593,0.1543481028954261
conv2,baseline,4.0,3e-06,DenseWeight_0,3,0.9999999998502466,0.9999999998495774,0.9999999998511255,0.9999999999370557,0.999999999936426,0.9999999999378022,0.9999999999132921,0.9999999999132921,0.9999999999132921,1.1165649757229336e-05,1.1103866802789734e-05,1.1216534358175752e-05,1.7256090058859518e-05,1.721508345869373e-05,1.728924334302854e-05
conv2,baseline,4.0,1e-05,ConvWeight_0,3,0.3000913176109976,0.25142458688365577,0.32812933279532885,0.30014367566694167,0.2513678171444536,0.32833257425557955,0.9999189245684753,0.9999189245684753,0.9999189245684753,3.3771476710468944,3.2257044251036815,3.6070713672982717,3.378029938498635,3.226625715831444,3.607929975648195
conv2,baseline,4.0,1e-05,ConvWeight_1,3,0.8966110391300982,0.8882290604610361,0.9106294554557663,0.8966435410399073,0.8882612380212244,0.9106640289767832,0.9999571016264894,0.9999571016264894,0.9999571016264894,0.49116118353707194,0.45097412035673057,0.5136211262882746,0.49120924666183363,0.4510364420920849,0.5136685472156771
conv2,baseline,4.0,1e-05,DenseWeight_0,3,0.9999999992135942,0.9999999992064936,0.9999999992223313,0.9999999993006445,0.9999999992936758,0.99999999930894,0.9999999999132921,0.9999999999132921,0.9999999999132921,3.72188333072484e-05,3.701289693650686e-05,3.7388440738828966e-05,3.9506977841836465e-05,3.9308561320620136e-05,3.966745177116913e-05
conv2,baseline,4.0,3e-05,ConvWeight_0,3,0.10777508267232637,0.05542985803000588,0.1397443694238935,0.10781124273820854,0.05534513791226936,0.13974377234981952,0.9999189245684753,0.9999189245684753,0.9999189245684753,10.131443136651916,9.677113499884213,10.821214034578144,10.133979774116897,9.679427193070548,10.823728674503595
conv2,baseline,4.0,3e-05,ConvWeight_1,3,0.5677235666019942,0.5485965377918725,0.5993412169149153,0.5677366306849883,0.5486093350783366,0.5993580476954147,0.9999571016264894,0.9999571016264894,0.9999571016264894,1.4734843042901065,1.352924003438533,1.540862818665456,1.4734206473951894,1.352880224520196,1.5408035619011895
conv2,baseline,4.0,3e-05,DenseWeight_0,3,0.9999999936180729,0.999999993554945,0.9999999936940392,0.9999999937058129,0.9999999936430801,0.9999999937804547,0.9999999999132921,0.9999999999132921,0.9999999999132921,0.00011165650665017905,0.00011103875591556882,0.00011216526118836222,0.00011244951715657542,0.00011182817816571673,0.00011295610423907811
conv2,baseline,4.0,0.0001,ConvWeight_0,3,0.03541146985678266,-0.01750538038584121,0.07167497540019142,0.03544180633808409,-0.01759845946285555,0.07167000610294935,0.9999189245684753,0.9999189245684753,0.9999189245684753,33.771478566347774,32.25704762770854,36.070712658776266,33.779857268197084,32.264286983369544,36.07907582724017
conv2,baseline,4.0,0.0001,ConvWeight_1,3,0.2048690652245167,0.19389908180647303,0.2217429464797787,0.20486458084924677,0.1938950881320806,0.22174191592138126,0.9999571016264894,0.9999571016264894,0.9999571016264894,4.911623147987078,4.50976584805986,5.13620286702061,4.911353646446435,4.509549090057669,5.135947493757364
conv2,baseline,4.0,0.0001,DenseWeight_0,3,0.999999929974646,0.999999929276386,0.9999999308081869,0.9999999300647996,0.9999999293678566,0.9999999308939249,0.9999999999132921,0.9999999999132921,0.9999999999132921,0.0003721884346126865,0.00037012994657500405,0.000373883492566206,0.0003724354488556744,0.000370368964348227,0.00037413110872351764
conv2,baseline,4.0,0.0003,ConvWeight_0,3,0.01454067880586725,-0.038470665025263785,0.052011666874564585,0.014569367453997678,-0.03856591761881837,0.05200540251981941,0.9999189245684753,0.9999189245684753,0.9999189245684753,101.3144481149147,96.77116545511356,108.21213123406845,101.33953323211209,96.79249308083484,108.23721941807864
conv2,baseline,4.0,0.0003,ConvWeight_1,3,0.06962154541449377,0.0642756411967527,0.075815693109355,0.06961112364391867,0.06426598657685838,0.07580836660201884,0.9999571016264894,0.9999571016264894,0.9999571016264894,14.734945066685938,13.529462088651172,15.40855282540313,14.73414036729105,13.528807822514231,15.407787758975383
conv2,baseline,4.0,0.0003,DenseWeight_0,3,0.9999993704916896,0.9999993642176398,0.9999993779605985,0.9999993705887389,0.9999993643186403,0.9999993780444011,0.9999999999132921,0.9999999999132921,0.9999999999132921,0.0011165659977224428,0.0011103963715585544,0.0011216443954501411,0.0011166565220885113,0.0011104776287947028,0.0011217363231872672
conv2,baseline,4.0,0.001,ConvWeight_0,3,0.007227338818298976,-0.04580960092809883,0.04511615009233515,0.00725545504779431,-0.04590558407288454,0.04510942376877861,0.9999189245684753,0.9999189245684753,0.9999189245684753,337.7149733443869,322.5708164960545,360.7070266200834,337.7985362275268,322.6414585034855,360.7906571022682
conv2,baseline,4.0,0.001,ConvWeight_1,3,0.02084436300478826,0.017649765048043786,0.022931593010846064,0.02083187213032804,0.017638131903588664,0.022922068630551563,0.9999571016264894,0.9999571016264894,0.9999571016264894,49.117373253102244,45.10013562155688,51.3611991590635,49.11471407300922,45.097970310615636,51.35866775711857
conv2,baseline,4.0,0.001,DenseWeight_0,3,0.9999930066809941,0.9999929370939036,0.9999930893119857,0.9999930068021794,0.999992937228261,0.9999930893890163,0.9999999999132921,0.9999999999132921,0.9999999999132921,0.003721895368086716,0.0037013980623921724,0.0037387442917300494,0.0037219320745785585,0.0037014250479030465,0.0037387826857412285
conv2,baseline,4.0,0.003,ConvWeight_0,3,0.005137840038844592,-0.04790451966904911,0.043143809193358446,0.005165797997781575,-0.048000692917598495,0.043136938936346236,0.9999189245684753,0.9999189245684753,0.9999189245684753,1013.1462110871437,967.7147627467783,1082.1204457540853,1013.3968559360127,967.9263062928138,1082.3713371706428
conv2,baseline,4.0,0.003,ConvWeight_1,3,0.006861785384414283,0.0042879044209304185,0.00853158387877913,0.006848723459476871,0.004275734960674841,0.008514671338166066,0.9999571016264894,0.9999571016264894,0.9999571016264894,147.35993683596283,135.31716894231587,154.07826416097373,147.35198607066852,135.31069540532934,154.07068996308726
conv2,baseline,4.0,0.003,DenseWeight_0,3,0.999937071253048,0.9999364475518728,0.9999378080358585,0.9999370714431947,0.9999364477815439,0.9999378080935516,0.9999999999132921,0.9999999999132921,0.9999999999132921,0.011165776533542626,0.011104868596790789,0.011215645216013407,0.011165800661814395,0.01110488284627688,0.011215671123004816
conv2,baseline,4.0,0.01,ConvWeight_0,3,0.004408281140479884,-0.04863158883453413,0.04244904132488792,0.004436201249605992,-0.048727771434336306,0.04244208040763161,0.9999189245684753,0.9999189245684753,0.9999189245684753,3377.170542024604,3225.744497438408,3607.0619262595565,3378.0059875887946,3226.449218305104,3607.898181447944
conv2,baseline,4.0,0.01,ConvWeight_1,3,0.001965158345045817,-0.0003937539388787786,0.0038257991205346235,0.0019519528265636596,-0.0004060189489901314,0.0038085968899626375,0.9999571016264894,0.9999571016264894,0.9999571016264894,491.29841765584473,451.2617534440466,513.5391167610721,491.2719670758881,451.2402423979962,513.513880362424
conv2,baseline,4.0,0.01,DenseWeight_0,3,0.9993016462928733,0.9992948256067749,0.9993095611110666,0.9993016467242505,0.9992948261699001,0.9993095611012709,0.9999999999132921,0.9999999999132921,0.9999999999132921,0.03722092378964006,0.03702471566825899,0.037379228030822616,0.03722095331323047,0.0370247351614954,0.03737925939705303
conv2,legacy,4.0,0.0,ConvWeight_0,1,0.9999253415264191,0.9999253415264191,0.9999253415264191,1.0,1.0,1.0,0.9999253415264191,0.9999253415264191,0.9999253415264191,0.0,0.0,0.0,0.011303781834883411,0.011303781834883411,0.011303781834883411
conv2,legacy,4.0,0.0,ConvWeight_1,1,0.9999553911896144,0.9999553911896144,0.9999553911896144,1.0,1.0,1.0,0.9999553911896144,0.9999553911896144,0.9999553911896144,0.0,0.0,0.0,0.009261084579282146,0.009261084579282146,0.009261084579282146
conv2,legacy,4.0,0.0,DenseWeight_0,1,0.9999999998334455,0.9999999998334455,0.9999999998334455,0.9999999999999982,0.9999999999999982,0.9999999999999982,0.9999999998334455,0.9999999998334455,0.9999999998334455,0.0,0.0,0.0,1.8658677257685768e-05,1.8658677257685768e-05,1.8658677257685768e-05
conv2,legacy,4.0,3e-09,ConvWeight_0,3,0.9999126398451605,0.9999125529441715,0.9999127670101087,0.9999994617271213,0.9999994017851228,0.9999994942937901,0.9999132231606406,0.9999132231606406,0.9999132231606406,0.0010275348084647486,0.0009883453617133297,0.0010882982157949892,0.012016672744126862,0.011989641471669909,0.01203194614762903
conv2,legacy,4.0,3e-09,ConvWeight_1,3,0.9999575671077228,0.9999575655442459,0.9999575684236164,0.9999999890025947,0.9999999880274211,0.9999999907623439,0.9999575760153987,0.9999575760153987,0.9999575760153987,0.00014635661772144362,0.00013440103989906932,0.00015302195289503738,0.00901615545917289,0.009016037409140558,0.009016312872438249
conv2,legacy,4.0,3e-09,DenseWeight_0,3,0.9999999998349507,0.9999999998349485,0.9999999998349519,1.0000000000000007,1.0000000000000002,1.000000000000001,0.9999999998349467,0.9999999998349467,0.9999999998349467,1.110830872770728e-08,1.1045693996900372e-08,1.1161194618530607e-08,1.8508913605093318e-05,1.8508827445187864e-05,1.8509025921984298e-05
conv2,legacy,4.0,1e-08,ConvWeight_0,3,0.9999070929624806,0.9999064943885435,0.9999077681102451,0.9999940196603858,0.9999933555527714,0.9999943795125037,0.9999132231606406,0.9999132231606406,0.9999132231606406,0.0034251160579680494,0.0032944843765868414,0.0036276607279476895,0.012533713749590081,0.012421999099187257,0.012638772042856175
conv2,legacy,4.0,1e-08,ConvWeight_1,3,0.999957460791682,0.9999574479954826,0.9999574788643277,0.9999998778067534,0.9999998669712643,0.9999998973593667,0.9999575760153987,0.9999575760153987,0.9999575760153987,0.000487855392749221,0.00044800346643590855,0.0005100731772430429,0.009028226588337318,0.009026169733798916,0.009029569579665641
conv2,legacy,4.0,1e-08,DenseWeight_0,3,0.9999999998349485,0.9999999998349413,0.999999999834954,1.0,0.9999999999999998,1.0000000000000002,0.9999999998349467,0.9999999998349467,0.9999999998349467,3.702769575645322e-08,3.681898000325727e-08,3.7203982043184275e-08,1.8509056277005844e-05,1.850876882027573e-05,1.8509430673197305e-05
conv2,legacy,4.0,3e-08,ConvWeight_0,3,0.9998589678663591,0.9998532366521844,0.9998631001877242,0.9999461918097966,0.9999402645154194,0.9999493785724497,0.9999132231606406,0.9999132231606406,0.9999132231606406,0.0102753483632392,0.00988345316801347,0.010882982119487133,0.01614804008038218,0.015775471951247396,0.01670194784979576
conv2,legacy,4.0,3e-08,ConvWeight_1,3,0.9999564972219027,0.999956393817181,0.9999566687473207,0.9999989002656582,0.9999988027404968,0.9999990762348,0.9999575760153987,0.9999575760153987,0.9999575760153987,0.001463566178870819,0.0013440104015871356,0.0015302195308055468,0.00913675783592941,0.009116627833979062,0.009147698220103388
conv2,legacy,4.0,3e-08,DenseWeight_0,3,0.9999999998349351,0.9999999998349097,0.9999999998349541,0.9999999999999915,0.9999999999999887,0.9999999999999933,0.9999999998349467,0.9999999998349467,0.9999999998349467,1.1108308727994319e-07,1.1045694008138147e-07,1.1161194605387289e-07,1.8509664737950172e-05,1.8508800174042148e-05,1.851078797003626e-05
conv2,legacy,4.0,1e-07,ConvWeight_0,3,0.9993148305643611,0.9992516029246789,0.9993513082405677,0.9994030676506673,0.9993391937704289,0.9994363975631947,0.9999132231606406,0.9999132231606406,0.9999132231606406,0.03425116139660859,0.03294484424808567,0.0362766072529464,0.0367480200362395,0.03566782327985057,0.038783314158680214
conv2,legacy,4.0,1e-07,ConvWeight_1,3,0.9999454272704614,0.9999443238892681,0.999947367407766,0.9999877810765142,0.9999866972637835,0.9999897360705938,0.9999575760153987,0.9999575760153987,0.9999575760153987,0.004878553938714398,0.004480034692226545,0.005100731763211271,0.010288928813382251,0.01008890773754425,0.010394726070133087
conv2,legacy,4.0,1e-07,DenseWeight_0,3,0.9999999998348565,0.9999999998347813,0.9999999998349155,0.9999999999999291,0.9999999999999268,0.999999999999931,0.9999999998349467,0.9999999998349467,0.9999999998349467,3.702769576646434e-07,3.68189801000829e-07,3.720398194647052e-07,1.8514136786410045e-05,1.8511229688199822e-05,1.851788090962315e-05
conv2,legacy,4.0,3e-07,ConvWeight_0,3,0.9945877217300055,0.9940689512926075,0.9948542243847643,0.9946785901907982,0.99415797526734,0.9949563382599073,0.9999132231606406,0.9999132231606406,0.9999132231606406,0.10275348425213023,0.09883453279919155,0.10882982168021971,0.10381371636140609,0.10012794988501621,0.10987194026496938
conv2,legacy,4.0,3e-07,ConvWeight_1,3,0.9998478405003999,0.9998380244691694,0.9998653811612348,0.9998900507447309,0.9998802931596588,0.9999076363498358,0.9999575760153987,0.9999575760153987,0.9999575760153987,0.014635661892517582,0.013440104241459997,0.015302195236542915,0.01726191316478926,0.016230561352134368,0.01783089018233913
conv2,legacy,4.0,3e-07,DenseWeight_0,3,0.9999999998342539,0.9999999998340251,0.9999999998344334,0.9999999999993732,0.9999999999993673,0.9999999999993816,0.9999999998349467,0.9999999998349467,0.9999999998349467,1.1108308734839223e-06,1.1045694092638885e-06,1.1161194522580264e-06,1.8546960509631882e-05,1.8538032909188315e-05,1.8558180533272035e-05
conv2,legacy,4.0,1e-06,ConvWeight_0,3,0.9456578663449823,0.9420590113706735,0.9487852279799077,0.945754047205473,0.9421509427210345,0.9489161638222765,0.9999132231606406,0.9999132231606406,0.9999132231606406,0.3425116141382462,0.3294484430686494,0.3627660715636342,0.3433701285847008,0.3305575482639249,0.36356993696841733
conv2,legacy,4.0,1e-06,ConvWeight_1,3,0.9987390518930417,0.9986305581982385,0.9989334515406304,0.9987807267077252,0.9986724247623288,0.9989752802732229,0.9999575760153987,0.9999575760153987,0.9999575760153987,0.04878554053131982,0.044800349412124074,0.05100731681503429,0.04963676849379744,0.04571410244608951,0.051826139538238516
conv2,legacy,4.0,1e-06,DenseWeight_0,3,0.9999999998277962,0.9999999998270303,0.9999999998284475,0.9999999999930786,0.9999999999930094,0.9999999999931596,0.9999999998349467,0.9999999998349467,0.9999999998349467,3.7027695840368986e-06,3.6818981039750106e-06,3.7203981024723764e-06,1.889227125470315e-05,1.886050536198167e-05,1.892907427638449e-05
conv2,legacy,4.0,3e-06,ConvWeight_0,3,0.7005196238086485,0.6837608915850578,0.7194952849541036,0.7006051098724767,0.6837726535489127,0.719653750471183,0.9999132231606406,0.9999132231606406,0.9999132231606406,1.0275348429202085,0.988345331526781,1.088298212427644,1.0293492656095071,0.9904583169055897,1.0899902056552178
conv2,legacy,4.0,3e-06,ConvWeight_1,3,0.9891647504446928,0.9882108964698197,0.9908585575243698,0.9892046345778636,0.9882513290852261,0.9908989310994732,0.9999575760153987,0.9999575760153987,0.9999575760153987,0.14635662922189274,0.134401064870082,0.15302194496723612,0.146632255641303,0.1346994874211079,0.15329096969568562
conv2,legacy,4.0,3e-06,DenseWeight_0,3,0.9999999997719601,0.9999999997695987,0.9999999997744035,0.9999999999377087,0.9999999999370746,0.9999999999384412,0.9999999998349467,0.9999999998349467,0.9999999998349467,1.110830880148766e-05,1.104569493855388e-05,1.1161193692823735e-05,2.1634475778662487e-05,2.1531407675962176e-05,2.1732192628727244e-05
conv2,legacy,4.0,1e-05,ConvWeight_0,3,0.2854032037045157,0.2376372828680041,0.3094772959317464,0.2854529262761769,0.23758250661631103,0.3096191636025564,0.9999132231606406,0.9999132231606406,0.9999132231606406,3.425116146845548,3.294484462426788,3.627660683230353,3.4308202554260805,3.3006554599987203,3.633017460765726
conv2,legacy,4.0,1e-05,ConvWeight_1,3,0.8978933781959715,0.8898532255576682,0.9117093782752692,0.8979251219476629,0.8898865346402524,0.9117427733334984,0.9999575760153987,0.9999575760153987,0.9999575760153987,0.48785551973992886,0.4480037436337904,0.5100730859820294,0.4879238962816557,0.44808192644347666,0.5101451789033999
conv2,legacy,4.0,1e-05,DenseWeight_0,3,0.9999999991405157,0.9999999991318685,0.9999999991543774,0.9999999993078961,0.9999999993008414,0.9999999993160551,0.9999999998349467,0.9999999998349467,0.9999999998349467,3.70276965815833e-05,3.681899043958605e-05,3.720397180639483e-05,4.147616411091078e-05,4.116606855327022e-05,4.166530778005735e-05
conv2,legacy,4.0,3e-05,ConvWeight_0,3,0.09907874240547347,0.04565032158202773,0.13634811858536774,0.09911134489213709,0.04557326776075656,0.13639664311733302,0.9999132231606406,0.9999132231606406,0.9999132231606406,10.275348470984543,9.88345359181889,10.882981833362912,10.29232163590503,9.901374832103993,10.898968454561748
conv2,legacy,4.0,3e-05,ConvWeight_1,3,0.5692708760883752,0.5512105975771804,0.6004011056391279,0.5692830671850057,0.5512262631397362,0.6004159953145788,0.9999575760153987,0.9999575760153987,0.9999575760153987,1.4635673222754126,1.3440128945656964,1.5302187103442733,1.463567574757785,1.3440231740381061,1.5302285653036596
conv2,legacy,4.0,3e-05,DenseWeight_0,3,0.99999999359905,0.9999999935410759,0.9999999936895911,0.9999999937710923,0.9999999937075975,0.9999999938445253,0.9999999998349467,0.9999999998349467,0.9999999998349467,0.00011108309470294584,0.00011045703400100526,0.00011161185398008253,0.00011269364864967527,0.00011193691683655773,0.00011317518997426355
conv2,legacy,4.0,0.0001,ConvWeight_0,3,0.02999584639497017,-0.024260067598861,0.07187070354436755,0.030022086867473645,-0.02434428966937296,0.07191375102374947,0.9999132231606406,0.9999132231606406,0.9999132231606406,34.25116192499944,32.94484769239823,36.27660358669606,34.307631281329186,33.00394939451764,36.329850290593285
conv2,legacy,4.0,0.0001,ConvWeight_1,3,0.2051822257676361,0.19573847366414515,0.2210737698147108,0.20517691023853343,0.19573821398807598,0.22107051279823614,0.9999575760153987,0.9999575760153987,0.9999575760153987,4.87856665063714,4.480062400219511,5.100722652900598,4.878512162529501,4.480031823824472,5.100690091385255
conv2,legacy,4.0,0.0001,DenseWeight_0,3,0.9999999306017182,0.999999929914783,0.9999999314745225,0.9999999307900773,0.9999999300847396,0.9999999316058547,0.9999999998349467,0.9999999998349467,0.9999999998349467,0.00037027704080003427,0.00036819084524700635,0.0003720387970744568,0.00037081601322473847,0.0003685900278578849,0.0003725350988311281
conv2,legacy,4.0,0.0003,ConvWeight_0,3,0.010131103629048599,-0.04424395366333048,0.053256851244611,0.010155517982843639,-0.044330125643431376,0.0532982714946674,0.9999132231606406,0.9999132231606406,0.9999132231606406,102.7534888563674,98.83456357490495,108.82978915464953,102.9228200283196,99.0113394343959,108.98950895234563
conv2,legacy,4.0,0.0003,ConvWeight_1,3,0.06956821064672708,0.0658722751211779,0.07469749531620842,0.06955699734062022,0.06586649918362922,0.07468794529588225,0.9999575760153987,0.9999575760153987,0.9999575760153987,14.635776511361792,13.440353872906853,15.302113442325007,14.635618127335018,13.440262830781442,15.302009818186596
conv2,legacy,4.0,0.0003,DenseWeight_0,3,0.9999993768799532,0.9999993705906113,0.9999993843892776,0.999999377114929,0.9999993707703799,0.9999993844531738,0.9999999998349467,0.9999999998349467,0.9999999998349467,0.001110831639178185,0.0011045788251336033,0.0011161102677857669,0.0011110638588690664,0.0011046689197251264,0.001116301232248853
conv2,legacy,4.0,0.001,ConvWeight_0,3,0.003174640772275275,-0.05122953751769018,0.04672877096694797,0.0031984177660202514,-0.05131637564445083,0.046769613220167816,0.9999132231606406,0.9999132231606406,0.9999132231606406,342.5116669715599,329.44878604374514,362.7657130347833,343.07601975784615,330.0374279964508,363.29809207717864
conv2,legacy,4.0,0.001,ConvWeight_1,3,0.020672230064461512,0.019160845478413308,0.02168030228981003,0.02065896411053668,0.01915312112553075,0.02166856650419049,0.9999575760153987,0.9999575760153987,0.9999575760153987,48.786822303594974,44.80313300567657,51.00641589590742,48.78631884161869,44.802850356827946,51.00608111338754
conv2,legacy,4.0,0.001,DenseWeight_0,3,0.9999930788649399,0.9999930086907403,0.9999931608239401,0.9999930792630414,0.9999930089048221,0.9999931606517949,0.9999999998349467,0.9999999998349467,0.9999999998349467,0.00370277877096842,0.003682003410725206,0.0037202967163366446,0.003702911549754398,0.0036819932304985054,0.0037203887345349297
conv2,legacy,4.0,0.003,ConvWeight_0,3,0.001187156595424074,-0.053223287650559184,0.044860429252366836,0.0012107563476396056,-0.05331030068649195,0.04490109887167631,0.9999132231606406,0.9999132231606406,0.9999132231606406,1027.5353605162295,988.3484646605289,1088.2950213934287,1029.228346464729,990.1138777759564,1089.8921243685115
conv2,legacy,4.0,0.003,ConvWeight_1,3,0.006656560207690043,0.005774381848431432,0.007716924881688242,0.0066427288562730695,0.005766126777619789,0.0076959970772987754,0.9999575760153987,0.9999575760153987,0.9999575760153987,146.36837673804175,134.42637201601275,153.01403991673146,146.3668941838309,134.42555046659228,153.01304983353907
conv2,legacy,4.0,0.003,DenseWeight_0,3,0.9999377213052429,0.9999370922377018,0.9999384516322826,0.9999377221691086,0.9999370925495717,0.9999384507856338,0.9999999998349467,0.9999999998349467,0.9999999998349467,0.011108408949399816,0.011046660336963127,0.011160298280442921,0.011108536251609416,0.011046644297241294,0.011160384931686858
conv2,legacy,4.0,0.01,ConvWeight_0,3,0.0004921362360486726,-0.05391725065234334,0.04419866659757899,0.0005156908474652014,-0.05400427458439154,0.044239251465684776,0.9999132231606406,0.9999132231606406,0.9999132231606406,3425.123564863924,3294.5211143153847,3627.6266139655972,3430.7667510278293,3300.405338611701,3632.95003927342
conv2,legacy,4.0,0.01,ConvWeight_1,3,0.001749155173772835,0.001086082111755923,0.0029983430401234923,0.0017351849669639298,0.001077729966214019,0.0029771414471143755,0.9999575760153987,0.9999575760153987,0.9999575760153987,487.9942725134692,448.2948368833497,509.99315616115024,487.9893835760538,448.2921654103569,509.9898758206916
conv2,legacy,4.0,0.01,DenseWeight_0,3,0.99930880964815,0.9993019670641737,0.9993167482495846,0.9993088121374388,0.9993019677152337,0.9993167450422593,0.9999999998349467,0.9999999998349467,0.9999999998349467,0.0370294885352847,0.036830402814291084,0.037194686498136266,0.037029694208406766,0.03683046451098159,0.037194851421905276
conv2,ours,4.0,0.0,ConvWeight_0,1,0.9997676925768793,0.9997676925768793,0.9997676925768793,1.0,1.0,1.0,0.9997676925768793,0.9997676925768793,0.9997676925768793,0.0,0.0,0.0,0.02174788319669692,0.02174788319669692,0.02174788319669692
conv2,ours,4.0,0.0,ConvWeight_1,1,0.9998238613362617,0.9998238613362617,0.9998238613362617,0.9999999999999999,0.9999999999999999,0.9999999999999999,0.9998238613362617,0.9998238613362617,0.9998238613362617,0.0,0.0,0.0,0.018658524938450275,0.018658524938450275,0.018658524938450275
conv2,ours,4.0,0.0,DenseWeight_0,1,0.9999999944282191,0.9999999944282191,0.9999999944282191,0.999999999999999,0.999999999999999,0.999999999999999,0.9999999944282191,0.9999999944282191,0.9999999944282191,0.0,0.0,0.0,0.00010539055202985632,0.00010539055202985632,0.00010539055202985632
conv2,ours,4.0,3e-09,ConvWeight_0,3,0.9996775414590938,0.9996774642673281,0.9996776386339258,0.9999999793989863,0.9999999760742009,0.9999999813600132,0.9996774383933817,0.9996774383933817,0.9996774383933817,0.0001994785341525617,0.000188590018724997,0.00021467382161072205,0.025141831325429742,0.025139453384994005,0.025144596414341764
conv2,ours,4.0,3e-09,ConvWeight_1,3,0.9998416318149675,0.9998416304389683,0.9998416327692157,0.9999999990299998,0.9999999988939337,0.9999999992788522,0.999841632247085,0.999841632247085,0.999841632247085,4.315678725092861e-05,3.729067319006437e-05,4.626406726064738e-05,0.017624812498471833,0.0176247588426014,0.017624869613250518
conv2,ours,4.0,3e-09,DenseWeight_0,3,0.999999994724138,0.9999999947241375,0.9999999947241388,1.0000000000000004,0.9999999999999989,1.0000000000000027,0.9999999947241387,0.9999999947241387,0.9999999947241387,1.0806937584753004e-08,1.0740761060065402e-08,1.0857773645086966e-08,0.00010263457522673283,0.00010263456344048094,0.00010263459227251661
conv2,ours,4.0,1e-08,ConvWeight_0,3,0.9996776217585287,0.9996773750337205,0.9996779609091657,0.9999997711095759,0.9999997341964273,0.9999997928987047,0.9996774383933817,0.9996774383933817,0.9996774383933817,0.0006649285361446554,0.0006286334723494058,0.0007155794423375613,0.025140583912150682,0.02513421809388,0.025149349768242416
conv2,ours,4.0,1e-08,ConvWeight_1,3,0.9998416232634533,0.9998416206120424,0.9998416253861183,0.9999999892222221,0.9999999877103966,0.9999999919872513,0.999841632247085,0.999841632247085,0.999841632247085,0.00014385595740856673,0.000124302244371702,0.00015421355688736483,0.017625320129610177,0.01762521109856235,0.017625392058348847
conv2,ours,4.0,1e-08,DenseWeight_0,3,0.9999999947241333,0.9999999947241281,0.9999999947241363,0.9999999999999981,0.9999999999999967,0.9999999999999994,0.9999999947241387,0.9999999947241387,0.9999999947241387,3.6023125289741504e-08,3.58025368657251e-08,3.619257881341547e-08,0.00010263460990980097,0.00010263457056734782,0.00010263466673715467
conv2,ours,4.0,3e-08,ConvWeight_0,3,0.9996766156858954,0.9996759655276335,0.9996777637539761,0.9999979402421367,0.9999976087674605,0.9999981363420953,0.9996774383933817,0.9996774383933817,0.9996774383933817,0.0019947856609493124,0.0018859006124196153,0.0021467382113980233,0.025190939075842585,0.025174292706211385,0.025213271835927788
conv2,ours,4.0,3e-08,ConvWeight_1,3,0.9998415406399996,0.999841534707783,0.9998415492736312,0.9999999030001541,0.9999998893943236,0.9999999278854058,0.999841632247085,0.999841632247085,0.999841632247085,0.00043156787263964067,0.00037290673365802777,0.0004626406710266956,0.01763012293330017,0.017629323753105424,0.01763065093674431
conv2,ours,4.0,3e-08,DenseWeight_0,3,0.999999994724123,0.9999999947241054,0.9999999947241343,0.9999999999999943,0.9999999999999926,0.9999999999999958,0.9999999947241387,0.9999999947241387,0.9999999947241387,1.0806937586863035e-07,1.0740761064989572e-07,1.0857773638181388e-07,0.00010263474379234185,0.00010263462529404067,0.00010263491434354998
conv2,ours,4.0,1e-07,ConvWeight_0,3,0.9996586893761666,0.9996544818050673,0.9996640399067864,0.9999771242711439,0.9999734702390222,0.9999793030577657,0.9996774383933817,0.9996774383933817,0.9996774383933817,0.006649285604709206,0.006286335454630371,0.0071557940816978725,0.025971939020040562,0.025818426974217667,0.02609508332163036
conv2,ours,4.0,1e-07,ConvWeight_1,3,0.9998405725746142,0.9998404577815883,0.9998407948776225,0.9999989222312583,0.9999987710792135,0.9999991987330998,0.999841632247085,0.999841632247085,0.999841632247085,0.0014385595786109645,0.0012430224520150492,0.0015421355743221157,0.01768592574934128,0.01767148087167805,0.017693764511990392
conv2,ours,4.0,1e-07,DenseWeight_0,3,0.9999999947240401,0.9999999947239901,0.9999999947240746,0.9999999999999345,0.9999999999999326,0.9999999999999372,0.9999999947241387,0.9999999947241387,0.9999999947241387,3.602312529739178e-07,3.5802536954094427e-07,3.6192578725282115e-07,0.00010263561823814497,0.00010263521775106621,0.00010263618754631882
conv2,ours,4.0,3e-07,ConvWeight_0,3,0.9994842701875636,0.9994504889167409,0.9995133735563493,0.9997944268246093,0.9997622946541584,0.9998140311664314,0.9996774383933817,0.9996774383933817,0.9996774383933817,0.019947856878249876,0.01885900638510762,0.02146738219108957,0.03216329756419741,0.031293127425634205,0.03317547294070883
conv2,ours,4.0,3e-07,ConvWeight_1,3,0.9998319879354856,0.9998307373770183,0.9998343135586213,0.9999903003682881,0.9999889406398211,0.999992788816003,0.999841632247085,0.999841632247085,0.999841632247085,0.004315678763174989,0.0037290674116527874,0.004626406761157409,0.018170460413456727,0.018030916959023917,0.01824979909631601
conv2,ours,4.0,3e-07,DenseWeight_0,3,0.9999999947234518,0.9999999947232928,0.9999999947235677,0.9999999999994122,0.9999999999994069,0.9999999999994188,0.9999999947241387,0.9999999947241387,0.9999999947241387,1.0806937595004773e-06,1.0740761145611854e-06,1.08577735570396e-06,0.00010264159522962955,0.0001026403467311448,0.00010264330998129177
conv2,ours,4.0,1e-06,ConvWeight_0,3,0.997451712405543,0.997119341073933,0.997700485472912,0.9977327376957853,0.9974056982379289,0.9979501681738621,0.9996774383933817,0.9996774383933817,0.9996774383933817,0.06649285634878199,0.06286335496006021,0.07155794063141713,0.07075886136037571,0.06724111841294199,0.0754900979769773
conv2,ours,4.0,1e-06,ConvWeight_1,3,0.9997340789075401,0.9997193640838832,0.9997611745690467,0.9998922502581963,0.9998771704911941,0.9999198912763159,0.999841632247085,0.999841632247085,0.999841632247085,0.014385596198048292,0.01243022535483334,0.015421356321402272,0.02288526192952837,0.02165170246805149,0.02356507640837792
conv2,ours,4.0,1e-06,DenseWeight_0,3,0.9999999947172649,0.9999999947167233,0.9999999947177106,0.999999999993456,0.9999999999933902,0.9999999999935374,0.9999999947241387,0.9999999947241387,0.9999999947241387,3.6023125384015196e-06,3.5802537844970833e-06,3.619257781775165e-06,0.00010270307720486701,0.00010269836877802081,0.00010270887015424642
conv2,ours,4.0,3e-06,ConvWeight_0,3,0.9801622891684633,0.9779602373750564,0.9821864793278856,0.9803610782332102,0.9781730288051156,0.9822969203413698,0.9996774383933817,0.9996774383933817,0.9996774383933817,0.19947856904691283,0.1885900649924388,0.2146738216894412,0.19995817552737769,0.18916913627182547,0.21490927908707508
conv2,ours,4.0,3e-06,ConvWeight_1,3,0.9988741735378,0.998740547682843,0.9991206305365392,0.999031850124852,0.9988971215681092,0.9992799641360101,0.999841632247085,0.999841632247085,0.999841632247085,0.04315679134487655,0.03729068163096157,0.046264072830263715,0.046753471528076775,0.04136062306478223,0.04963186120879365
conv2,ours,4.0,3e-06,DenseWeight_0,3,0.9999999946642435,0.9999999946625246,0.9999999946660757,0.999999999941094,0.9999999999404962,0.9999999999418331,0.9999999947241387,0.9999999947241387,0.9999999947241387,1.080693767305662e-05,1.0740761947594647e-05,1.085777274055169e-05,0.00010322488524105747,0.00010320614847441913,0.00010324286103644764
conv2,ours,4.0,1e-05,ConvWeight_0,3,0.8347716190128601,0.823572972485134,0.8523848866075565,0.8347410745065481,0.8237079661180955,0.8521652558119093,0.9996774383933817,0.9996774383933817,0.9996774383933817,0.6649285638792954,0.6286335511428165,0.7155794054909974,0.6625984142669951,0.6265496319794546,0.7128645078077227
conv2,ours,4.0,1e-05,ConvWeight_1,3,0.9892727644317665,0.9878488580388628,0.9919440872739309,0.9894276916629858,0.9880000604082876,0.992104722071079,0.999841632247085,0.999841632247085,0.999841632247085,0.1438560032441367,0.12430233704887551,0.15421362120999413,0.1449857342653873,0.1256129652504766,0.15525135918997807
conv2,ours,4.0,1e-05,DenseWeight_0,3,0.9999999940663298,0.9999999940595246,0.9999999940781765,0.9999999993454877,0.9999999993388309,0.9999999993536907,0.9999999947241387,0.9999999947241387,0.9999999947241387,3.602312625235696e-05,3.580254675700028e-05,3.619256874668139e-05,0.0001089122558565312,0.00010880144991976333,0.00010897697785822547
conv2,ours,4.0,3e-05,ConvWeight_0,3,0.46218994560882204,0.4193493776437623,0.5001885416414911,0.4619023290642741,0.4192224783029925,0.49971937977029895,0.9996774383933817,0.9996774383933817,0.9996774383933817,1.9947856945647842,1.8859006630589843,2.146738214943432,1.987600053374725,1.8794427646814191,2.1386259427953997
conv2,ours,4.0,3e-05,ConvWeight_1,3,0.9165710402455709,0.906890528874838,0.9357150601317157,0.9167115751707146,0.9070204149903512,0.9358726958112582,0.999841632247085,0.999841632247085,0.999841632247085,0.4315682848822489,0.3729075678933217,0.46264125032528014,0.4319646904036103,0.3733791243505849,0.46299421615177444
conv2,ours,4.0,3e-05,DenseWeight_0,3,0.9999999888236417,0.9999999887685855,0.9999999889083897,0.9999999941093924,0.9999999940494907,0.9999999941832092,0.9999999947241387,0.9999999947241387,0.9999999947241387,0.00010806938456258106,0.00010740769970113358,0.00010857764578225235,0.00014947529874936052,0.00014891439667045155,0.00014983077581256363
conv2,ours,4.0,0.0001,ConvWeight_0,3,0.1598951509963317,0.10838160986038714,0.18824503776902612,0.15946880681954007,0.10809548357545178,0.18765530838181302,0.9996774383933817,0.9996774383933817,0.9996774383933817,6.649285681444517,6.286335654109433,7.155794033488544,6.626221128053042,6.265706858743784,7.129858134211724
conv2,ours,4.0,0.0001,ConvWeight_1,3,0.5786299510901153,0.5492734054813377,0.6333804316638181,0.5787137508712678,0.5493434346336202,0.6334993612756009,0.999841632247085,0.999841632247085,0.999841632247085,1.4385641617276115,1.2430317243842361,1.5421420140321773,1.4387556214856012,1.2432424204558452,1.5423145380398555
conv2,ours,4.0,0.0001,DenseWeight_0,3,0.9999999292401734,0.9999999285908648,0.9999999300965937,0.9999999345489986,0.9999999338835386,0.9999999353689812,0.9999999947241387,0.9999999947241387,0.9999999947241387,0.00036023135020837123,0.0003580263596267314,0.0003619247811918521,0.0003749235212728441,0.0003726970504001659,0.00037652500698966357
conv2,ours,4.0,0.0003,ConvWeight_0,3,0.057596942977411344,0.005374400916357281,0.08772118196592292,0.0571301008559447,0.005045083683725992,0.08727925891724993,0.9996774383933817,0.9996774383933817,0.9996774383933817,19.947857327796967,18.859007912615446,21.467381960502152,19.879742976983582,18.7982159338325,21.39082634066264
conv2,ours,4.0,0.0003,ConvWeight_1,3,0.23382151153553202,0.21336851805228366,0.26810393539130384,0.23385069020729296,0.21338465759463032,0.2681692613354418,0.999841632247085,0.999841632247085,0.999841632247085,4.315720070144172,3.7291509403192826,4.626464763216772,4.316005197976143,3.7293873505057555,4.6267585076066196
conv2,ours,4.0,0.0003,DenseWeight_0,3,0.9999994055714745,0.9999993996335036,0.999999413055435,0.9999994109462222,0.9999994049598023,0.9999994183208696,0.9999999947241387,0.9999999947241387,0.9999999947241387,0.0010806946518210018,0.0010740850426279158,0.0010857683180883104,0.0010857620279061308,0.0010790711435489215,0.001090777591544629
conv2,ours,4.0,0.001,ConvWeight_0,3,0.02110898403170344,-0.031193536476661073,0.05367913579339754,0.02062848398549658,-0.031536897527559095,0.05322415312921795,0.9996774383933817,0.9996774383933817,0.9996774383933817,66.49286111209892,62.86337084590144,71.55793827105056,66.26718393546662,62.662121489778,71.30432052645199
conv2,ours,4.0,0.001,ConvWeight_1,3,0.07195347748772121,0.06188443859661282,0.08461861563444875,0.07195735720231813,0.06187690787416668,0.08465610927497974,0.999841632247085,0.999841632247085,0.999841632247085,14.38605743337457,12.43115644980653,15.42200246241791,14.386908564556336,12.431753436211578,15.422943565714812
conv2,ours,4.0,0.001,DenseWeight_0,3,0.9999934495956518,0.9999933833486333,0.9999935316968801,0.999993455201076,0.999993388792623,0.9999935369379237,0.9999999947241387,0.9999999947241387,0.9999999947241387,0.0036023231221613784,0.0035803536572307825,0.0036191580214509278,0.003603938077008138,0.0035818654870675938,0.003620727791306997
conv2,ours,4.0,0.003,ConvWeight_0,3,0.010659190929907298,-0.04165160276664845,0.04392080352734464,0.010174860187242271,-0.04199885281413561,0.04346215358656915,0.9996774383933817,0.9996774383933817,0.9996774383933817,199.47861326427702,188.5902093380611,214.6738020303261,198.8027885795666,187.98768576135046,213.91432465951794
conv2,ours,4.0,0.003,ConvWeight_1,3,0.023825948470542643,0.01716840167213258,0.029454410131222533,0.02382230153385174,0.01715391222055846,0.029483386803033685,0.999841632247085,0.999841632247085,0.999841632247085,43.16100078866799,37.299138564566235,46.26993110420368,43.16353940721971,37.30084695668928,46.27278635675704
conv2,ours,4.0,0.003,DenseWeight_0,3,0.9999410998549637,0.9999405055027475,0.9999418312555192,0.9999411061189782,0.9999405112830059,0.9999418364263994,0.9999999947241387,0.9999999947241387,0.9999999947241387,0.010807050130754416,0.010741678079397445,0.01085689180857275,0.010807709637288302,0.010742228070658997,0.010857510003013562
conv2,ours,4.0,0.01,ConvWeight_0,3,0.007001044570105005,-0.045310111165409506,0.04050226536221732,0.006515380870295794,-0.045658717610840595,0.04004233953798338,0.9996774383933817,0.9996774383933817,0.9996774383933817,664.9291063145927,628.6352125662581,715.5792262554659,662.6777781569058,626.6282412729533,713.0492702651311
conv2,ours,4.0,0.01,ConvWeight_1,3,0.0069220131805439985,0.001479304464022179,0.010062891906945792,0.006915667099183465,0.0014623841701379725,0.010088698804515786,0.999841632247085,0.999841632247085,0.999841632247085,143.90504196907446,124.39929772454562,154.2803848034369,143.9135384011103,124.404970450829,154.28997161107336
conv2,ours,4.0,0.01,DenseWeight_0,3,0.999346372568611,0.9993398855943995,0.99935427297387,0.9993463811306079,0.9993398925508056,0.999354277893491,0.9999999947241387,0.9999999947241387,0.9999999947241387,0.03602504480091079,0.03581339771251583,0.03618343842266523,0.03602548919587342,0.035813729758325856,0.03618384330757657
conv3,baseline,6.0,0.0,ConvWeight_0,1,0.999775514835425,0.999775514835425,0.999775514835425,0.9999999999999999,0.9999999999999999,0.9999999999999999,0.999775514835425,0.999775514835425,0.999775514835425,0.0,0.0,0.0,0.020560345269660215,0.020560345269660215,0.020560345269660215
conv3,baseline,6.0,0.0,ConvWeight_1,1,0.9998943581961243,0.9998943581961243,0.9998943581961243,0.9999999999999996,0.9999999999999996,0.9999999999999996,0.9998943581961243,0.9998943581961243,0.9998943581961243,0.0,0.0,0.0,0.014278184741628288,0.014278184741628288,0.014278184741628288
conv3,baseline,6.0,0.0,ConvWeight_2,1,0.9999295932961397,0.9999295932961397,0.9999295932961397,0.9999999999999994,0.9999999999999994,0.9999999999999994,0.9999295932961397,0.9999295932961397,0.9999295932961397,0.0,0.0,0.0,0.011784025618091939,0.011784025618091939,0.011784025618091939
conv3,baseline,6.0,0.0,DenseWeight_0,1,0.9999999998163449,0.9999999998163449,0.9999999998163449,1.000000000000007,1.000000000000007,1.000000000000007,0.9999999998163449,0.9999999998163449,0.9999999998163449,0.0,0.0,0.0,1.899623105354556e-05,1.899623105354556e-05,1.899623105354556e-05
conv3,baseline,6.0,3e-09,ConvWeight_0,3,0.996203087428165,0.9957645135660464,0.996489841685366,0.996348317342937,0.9958780784501952,0.996657936244586,0.999837421401151,0.999837421401151,0.999837421401151,0.07991429256574535,0.07582882576207242,0.0851924909156347,0.08244063738904539,0.07833734633661402,0.08736528079884703
conv3,baseline,6.0,3e-09,ConvWeight_1,3,0.9968618256636853,0.9966119911515147,0.9973039093313274,0.9969722318810083,0.9967306468605291,0.9974207691179405,0.9998863147760162,0.9998863147760162,0.9998863147760162,0.0770639108426767,0.07094941263466537,0.0803247342721774,0.07858796733727773,0.07277851422079067,0.0818575171175206
conv3,baseline,6.0,3e-09,ConvWeight_2,3,0.9999254499883437,0.9999254498793245,0.9999254502030592,0.9999999999011524,0.9999999998905615,0.9999999999084365,0.9999254503257821,0.9999254503257821,0.9999254503257821,1.3871510575269282e-05,1.3298996056281252e-05,1.4625466360074734e-05,0.01215081199874601,0.012150796736220208,0.01215082285567644
conv3,baseline,6.0,3e-09,DenseWeight_0,3,0.9999999998066684,0.9999999998066615,0.9999999998066752,1.0000000000000118,1.0000000000000049,1.0000000000000184,0.9999999998066766,0.9999999998066766,0.9999999998066766,7.62442484741384e-09,7.588980759115122e-09,7.650195628690543e-09,1.9532507540445868e-05,1.9532501836400406e-05,1.9532510748103267e-05
conv3,baseline,6.0,1e-08,ConvWeight_0,3,0.962691143947093,0.9586081733111921,0.965257066532898,0.9627987194230716,0.9586175957542814,0.9654357036968682,0.999837421401151,0.999837421401151,0.999837421401151,0.2663809906909149,0.2527627504688536,0.28397501019978144,0.2656411429185793,0.2518554970833385,0.28293567086948046
conv3,baseline,6.0,1e-08,ConvWeight_1,3,0.9679933240346965,0.9652913092413526,0.9725043412534238,0.9680941987270036,0.9654186039259374,0.972625941504515,0.9998863147760162,0.9998863147760162,0.9998863147760162,0.25687970275692973,0.2364980418824914,0.2677491149499472,0.2573004940576172,0.23715631080315433,0.26824166403833377
conv3,baseline,6.0,1e-08,ConvWeight_2,3,0.9999254484322273,0.9999254479864609,0.9999254492046038,0.9999999989016914,0.999999998784015,0.9999999989826331,0.9999254503257821,0.9999254503257821,0.9999254503257821,4.6238368550126974e-05,4.432998686994239e-05,4.875155444290256e-05,0.01215094316874209,0.012150886945191048,0.012150987579609935
conv3,baseline,6.0,1e-08,DenseWeight_0,3,0.9999999998066659,0.99999999980666,0.9999999998066773,1.0000000000000095,1.0000000000000038,1.0000000000000207,0.9999999998066766,0.9999999998066766,0.9999999998066766,2.541474949942395e-08,2.529660253505735e-08,2.5500652083471606e-08,1.9532541309844746e-05,1.953252227393915e-05,1.9532551945467347e-05
conv3,baseline,6.0,3e-08,ConvWeight_0,3,0.7867344176146115,0.772598446248017,0.7950854671524288,0.7867846685898647,0.77243752838184,0.7952996358939429,0.999837421401151,0.999837421401151,0.999837421401151,0.7991429746999617,0.7582882943499495,0.8519250068518707,0.7947637628387532,0.7537576607273168,0.8470154195518202
conv3,baseline,6.0,3e-08,ConvWeight_1,3,0.7951583696286061,0.7788196563321862,0.818276926764978,0.7952293041621198,0.7789527693256775,0.8183966151277744,0.9998863147760162,0.9998863147760162,0.9998863147760162,0.7706391083829109,0.7094941266870722,0.8032473444219174,0.770700121151537,0.7098413299369222,0.803455774068238
conv3,baseline,6.0,3e-08,ConvWeight_2,3,0.9999254380557531,0.9999254360124356,0.9999254408585067,0.9999999901152197,0.999999989056136,0.9999999908436958,0.9999254503257821,0.9999254503257821,0.9999254503257821,0.00013871510567961946,0.00013298996069384278,0.00014625466328416418,0.01215181350564934,0.012151599002130357,0.012152017187123233
conv3,baseline,6.0,3e-08,DenseWeight_0,3,0.9999999998066618,0.9999999998066562,0.9999999998066662,1.0000000000000064,1.000000000000002,1.000000000000011,0.9999999998066766,0.9999999998066766,0.9999999998066766,7.62442485329703e-08,7.588980760465024e-08,7.650195641450889e-08,1.9532730169876448e-05,1.9532672870497356e-05,1.9532761591783198e-05
conv3,baseline,6.0,1e-07,ConvWeight_0,3,0.38463126317242485,0.37226979021573575,0.39791920975078204,0.38462996974688146,0.37253731344008584,0.39795961365980875,0.999837421401151,0.999837421401151,0.999837421401151,2.663809919709056,2.527627652109361,2.8397500229594512,2.6488386765171303,2.512713076431331,2.823259778152838
conv3,baseline,6.0,1e-07,ConvWeight_1,3,0.37951806507882835,0.35162428394186007,0.41041790135410666,0.3795370143987912,0.35173205755076425,0.4105088821319635,0.9998863147760162,0.9998863147760162,0.9998863147760162,2.568797032810369,2.364980432342099,2.6774911473543117,2.5685954491498246,2.3653294653791725,2.6776636465139214
conv3,baseline,6.0,1e-07,ConvWeight_2,3,0.9999253325497359,0.9999253175019258,0.9999253475578457,0.9999998901690605,0.9999998784016051,0.9999998982632297,0.9999254503257821,0.9999254503257821,0.9999254503257821,0.00046238368606768175,0.0004432998702706743,0.00048751554384140913,0.0121606371920078,0.012159388371050598,0.012162136394443687
conv3,baseline,6.0,1e-07,DenseWeight_0,3,0.9999999998066188,0.9999999998066059,0.9999999998066285,0.9999999999999675,0.9999999999999551,0.9999999999999737,0.9999999998066766,0.9999999998066766,0.9999999998066766,2.54147495338573e-07,2.5296602501939944e-07,2.5500652293286855e-07,1.9534468810600542e-05,1.953427559508743e-05,1.9534567892825707e-05
conv3,baseline,6.0,3e-07,ConvWeight_0,3,0.13344297835864277,0.10394957144292483,0.14850343317841005,0.13341406914103882,0.10422298075209825,0.14813897341181065,0.999837421401151,0.999837421401151,0.999837421401151,7.991429741659572,7.5828829568782385,8.519250043469885,7.946814183688059,7.538959912396752,8.470236746801334
conv3,baseline,6.0,3e-07,ConvWeight_1,3,0.14451438001774425,0.12272113081550151,0.16156571063364875,0.14450636411483192,0.12280590001720702,0.1616339361883787,0.9998863147760162,0.9998863147760162,0.9998863147760162,7.7063911416367326,7.094941386261962,8.032473431687636,7.705724564447879,7.095608208809241,8.032817629876577
conv3,baseline,6.0,3e-07,ConvWeight_2,3,0.9999244380607056,0.9999243223199584,0.9999245316470236,0.9999990115211802,0.9999989056178517,0.9999990843684077,0.9999254503257821,0.9999254503257821,0.9999254503257821,0.0013871510623743053,0.001329899622389032,0.0014625466271504365,0.01223506931372954,0.012226806053978861,0.012246484859062545
conv3,baseline,6.0,3e-07,DenseWeight_0,3,0.9999999998063569,0.9999999998063501,0.9999999998063687,0.9999999999997169,0.9999999999997133,0.9999999999997197,0.9999999998066766,0.9999999998066766,0.9999999998066766,7.624424879015971e-07,7.588980723127747e-07,7.650195822293662e-07,1.954866692211006e-05,1.954806863321279e-05,1.9549016176016044e-05
conv3,baseline,6.0,1e-06,ConvWeight_0,3,0.03229975434104958,-0.0014959423401149877,0.052383589855474776,0.03225942519213346,-0.0012276906268884535,0.05200409696512977,0.999837421401151,0.999837421401151,0.999837421401151,26.63809916429583,25.276276565440384,28.397500148506406,26.489945340243235,25.131054853839693,28.2348538657104
conv3,baseline,6.0,1e-06,ConvWeight_1,3,0.05281796985630402,0.03496281545346445,0.06244502906839091,0.052799548976937456,0.03503762423132815,0.06250323274708358,0.9998863147760162,0.9998863147760162,0.9998863147760162,25.68797097392536,23.649805659180128,26.774911316952217,25.685776789346388,23.651694200414127,26.77595251095362
conv3,baseline,6.0,1e-06,ConvWeight_2,3,0.9999143886259895,0.9999131793475599,0.999915267110554,0.9999890170147636,0.999987840485015,0.999989826401468,0.9999254503257821,0.9999254503257821,0.9999254503257821,0.0046238369230769535,0.004432998876426196,0.004875155372517374,0.013036542344938085,0.012962057879448971,0.01314425039738093
conv3,baseline,6.0,1e-06,DenseWeight_0,3,0.9999999998033218,0.9999999998032687,0.9999999998033781,0.9999999999967212,0.9999999999967,0.999999999996741,0.9999999998066766,0.9999999998066766,0.9999999998066766,2.5414749816836237e-06,2.5296602090926604e-06,2.550065430639257e-06,1.9705298356944743e-05,1.970308672734015e-05,1.9707197971761817e-05
conv3,baseline,6.0,3e-06,ConvWeight_0,3,0.0030223311590146656,-0.03174562228447634,0.02437516483254522,0.002978589977752326,-0.03147980080014332,0.023991922907088337,0.999837421401151,0.999837421401151,0.999837421401151,79.91429764041126,75.82882994374988,85.192500155627,79.47038216656823,75.39424944570779,84.70524468295274
conv3,baseline,6.0,3e-06,ConvWeight_1,3,0.026237197496445683,0.009625981243346059,0.03548298108536337,0.026215766430502604,0.009697812406153338,0.0352916754391032,0.9998863147760162,0.9998863147760162,0.9998863147760162,77.06391722787235,70.94942587872963,80.32473291057484,77.05738699093602,70.95483632773434,80.32779298554898
conv3,baseline,6.0,3e-06,ConvWeight_2,3,0.9998263849534557,0.9998157048754076,0.9998338745553119,0.9999011658467662,0.9998905836439408,0.9999084484477,0.9999254503257821,0.9999254503257821,0.9999254503257821,0.01387151118478414,0.013298997787261223,0.014625465678070809,0.018535707287341635,0.01809539973307084,0.019141830747066563
conv3,baseline,6.0,3e-06,DenseWeight_0,3,0.9999999997768997,0.9999999997766217,0.9999999997772344,0.9999999999704117,0.9999999999702294,0.9999999999706372,0.9999999998066766,0.9999999998066766,0.9999999998066766,7.6244251337186395e-06,7.588980353350177e-06,7.650197633709141e-06,2.1016350146299098e-05,2.10070589292002e-05,2.102637681288382e-05
conv3,baseline,6.0,1e-05,ConvWeight_0,3,-0.0072225083938937526,-0.04230512128187682,0.014556393495021918,-0.007267459038156473,-0.0420402557730027,0.014171901131861852,0.999837421401151,0.999837421401151,0.999837421401151,266.38099375371985,252.76276926416284,283.9749972046647,264.90193416886405,251.31545606171292,282.3516293168306
conv3,baseline,6.0,1e-05,ConvWeight_1,3,0.01691642728267459,0.0007498622823176444,0.026518041830157536,0.016893941011713202,0.000820640899414127,0.026325696913860035,0.9998863147760162,0.9998863147760162,0.9998863147760162,256.8797743350134,236.4981901095335,267.7490975661718,256.8580779664078,236.51593826266534,267.7592335825051
conv3,baseline,6.0,1e-05,ConvWeight_2,3,0.9988283433189514,0.9987109663160155,0.9989097208297499,0.9989036058395601,0.998786550591146,0.9989842973195356,0.9999254503257821,0.9999254503257821,0.9999254503257821,0.04623837546518317,0.044330006135137816,0.04875154713404904,0.04786704010815798,0.04601109806668357,0.050321470476889965
conv3,baseline,6.0,1e-05,DenseWeight_0,3,0.999999999477288,0.9999999994748716,0.9999999994801356,0.9999999996711942,0.9999999996690969,0.9999999996736776,0.9999999998066766,0.9999999998066766,0.9999999998066766,2.5414752647560908e-05,2.529659798255971e-05,2.5500674434252606e-05,3.220053296728218e-05,3.212181032028419e-05,3.225043761777235e-05
conv3,baseline,6.0,3e-05,ConvWeight_0,3,-0.010148156072622098,-0.045318320448037075,0.011750787263685537,-0.010193453641371423,-0.04505373780523126,0.011365943514816094,0.999837421401151,0.999837421401151,0.999837421401151,799.1429953944861,758.2883318644417,851.9249634289724,794.7063871642798,753.9475028777376,847.0555655415569
conv3,baseline,6.0,3e-05,ConvWeight_1,3,0.014252217657321434,-0.001786477358723631,0.023955295462777557,0.014229429317698744,-0.0017159975464661492,0.023762656133260708,0.9998863147760162,0.9998863147760162,0.9998863147760162,770.6397537529174,709.4954605669637,803.2471887713666,770.5747289851629,709.5484631163256,803.2775466754606
conv3,baseline,6.0,3e-05,ConvWeight_2,3,0.9901967892230307,0.9891756335863305,0.9909078245925187,0.9902729773285809,0.9892527450361439,0.9909820020511634,0.9999254503257821,0.9999254503257821,0.9999254503257821,0.13871516798368608,0.13299013423813355,0.14625459748470915,0.13925284280303324,0.1335377558869277,0.14677714209167209
conv3,baseline,6.0,3e-05,DenseWeight_0,3,0.9999999968456128,0.9999999968258353,0.9999999968690625,0.9999999970406455,0.9999999970218251,0.9999999970630021,0.9999999998066766,0.9999999998066766,0.9999999998066766,7.62442768264861e-05,7.588976657249574e-05,7.650215750152652e-05,7.881069940998189e-05,7.847106315627203e-05,7.904046976201175e-05
conv3,baseline,6.0,0.0001,ConvWeight_0,3,-0.011171892503194582,-0.04637250119867201,0.010768925430886585,-0.011217311343778,-0.0461080172471033,0.010383959103995102,0.999837421401151,0.999837421401151,0.999837421401151,2663.8101494933603,2527.628053482467,2839.749549361837,2649.022120371556,2513.159917253312,2823.519046391386
conv3,baseline,6.0,0.0001,ConvWeight_1,3,0.013319193139765142,-0.002674511287955931,0.02305743933217519,0.013296297268370534,-0.0026041258899391394,0.022864698680106956,0.9998863147760162,0.9998863147760162,0.9998863147760162,2568.804208450772,2364.995259298384,2677.489420513272,2568.587541723934,2365.1716613211443,2677.590581276826
conv3,baseline,6.0,0.0001,ConvWeight_2,3,0.9065800512915807,0.8981412143899689,0.9127869141218691,0.9066548506354338,0.8982185795757124,0.9128559061643242,0.9999254503257821,0.9999254503257821,0.9999254503257821,0.46238437936154336,0.4433017997883508,0.48751481339108077,0.46246714579545267,0.44337877618874255,0.4875996642263682
conv3,baseline,6.0,0.0001,DenseWeight_0,3,0.999999966919174,0.9999999667068902,0.9999999671715705,0.9999999671181493,0.9999999669090557,0.9999999673669023,0.9999999998066766,0.9999999998066766,0.9999999998066766,0.0002541478101593296,0.00025296556969798,0.0002550087577617932,0.00025494494510299137,0.00025376184190621057,0.00025579598509829716
conv3,baseline,6.0,0.0003,ConvWeight_0,3,-0.011464235327480653,-0.04667365220827198,0.010488638192125225,-0.011509687963605287,-0.046409192622067115,0.010103636276488283,0.999837421401151,0.999837421401151,0.999837421401151,7991.431864343613,7582.886568638942,8519.24583305219,7947.068323549612,7539.483232599009,8470.555012731269
conv3,baseline,6.0,0.0003,ConvWeight_1,3,0.013051265289023098,-0.002929126934248438,0.02279861640586968,0.013028333542248614,-0.0028587391748553918,0.0226058511131864,0.9998863147760162,0.9998863147760162,0.9998863147760162,7706.455833265889,7095.074960450313,8032.457997800576,7705.8059592137,7095.604001134003,8032.761669421828
conv3,baseline,6.0,0.0003,ConvWeight_2,3,0.5896671451898411,0.5695681585952612,0.6069319795627048,0.5897251830669735,0.5696310759705132,0.6069796562478189,0.9999254503257821,0.9999254503257821,0.9999254503257821,1.3871573273351914,1.3299170150642545,1.4625400762880716,1.3869285925854808,1.3296785202520602,1.4623212877065328
conv3,baseline,6.0,0.0003,DenseWeight_0,3,0.9999997038531893,0.9999997019647742,0.9999997061095609,0.9999997040634301,0.9999997021845838,0.999999706308871,0.9999999998066766,0.9999999998066766,0.9999999998066766,0.0007624453334795405,0.0007588939887123509,0.0007650397081748884,0.0007627243353628705,0.0007591673561371024,0.0007653152546113247
conv3,baseline,6.0,0.001,ConvWeight_0,3,-0.011566085237342613,-0.04677904810285515,0.010391384874084565,-0.011611546664985567,-0.04651458328870453,0.010006368318794917,0.999837421401151,0.999837421401151,0.999837421401151,26638.12284645928,25276.316783060603,28397.453364840072,26490.244734171352,25131.639816836043,28235.151227368733
conv3,baseline,6.0,0.001,ConvWeight_1,3,0.012952789608059456,-0.0030213645568794023,0.02270003130252857,0.012929827283214755,-0.0029508732500163302,0.022507272411967184,0.9998863147760162,0.9998863147760162,0.9998863147760162,25688.69408606908,23651.294960895513,26774.744011787938,25686.528627166314,23653.059032252702,26775.758996237004
conv3,baseline,6.0,0.001,ConvWeight_2,3,0.21666860908716143,0.20631603091486567,0.22710325597795641,0.21670208098436122,0.20635624405411407,0.2271240350105972,0.9999254503257821,0.9999254503257821,0.9999254503257821,4.623907520131907,4.433193178991587,4.8750834883392,4.622935550685595,4.43221203000738,4.8741343962475145
conv3,baseline,6.0,0.001,DenseWeight_0,3,0.9999967115837342,0.9999966907929438,0.9999967368279721,0.9999967118334185,0.9999966910744981,0.9999967370412151,0.9999999998066766,0.9999999998066766,0.9999999998066766,0.0025415070729788085,0.0025296153909636705,0.0025502895388211182,0.002541604559835155,0.0025297055555467763,0.0025503858906384177
conv3,baseline,6.0,0.003,ConvWeight_0,3,-0.011593846480045598,-0.046809150405697046,0.010366017544900148,-0.011639301736455162,-0.046544644773903146,0.009980990562243703,0.999837421401151,0.999837421401151,0.999837421401151,79914.51401641028,75829.19546530963,85192.08191593592,79470.87756537033,75395.16156658789,84705.1742344847
conv3,baseline,6.0,0.003,ConvWeight_1,3,0.012911206976494696,-0.0030566416940053256,0.0226490017849433,0.012888184503420127,-0.0029858272374607324,0.022456287802781017,0.9998863147760162,0.9998863147760162,0.9998863147760162,77070.53616554107,70962.9618426063,80323.33467136869,77064.04589202364,70968.26131180969,80326.40353085783
conv3,baseline,6.0,0.003,ConvWeight_2,3,0.07416711881598323,0.07134036670387452,0.0779740285623035,0.0741904078801183,0.07137098125362693,0.07798403170111788,0.9999254503257821,0.9999254503257821,0.9999254503257821,13.872171921206752,13.300773524629271,14.62484194188196,13.8691757789607,13.297774220538953,14.621901237320275
conv3,baseline,6.0,0.003,DenseWeight_0,3,0.9999704073518717,0.999970223465011,0.9999706409624249,0.999970407714367,0.9999702239228896,0.9999706412155511,0.9999999998066766,0.9999999998066766,0.9999999998066766,0.007624726136321875,0.007588591266914876,0.007652227114598659,0.007624772517450102,0.007588629824092511,0.007652273055459885
conv3,baseline,6.0,0.01,ConvWeight_0,3,-0.011598860912854458,-0.046819609092547794,0.010365602218233322,-0.011644283594710456,-0.046554951629154136,0.0099805498630184,0.999837421401151,0.999837421401151,0.999837421401151,266383.52407038654,252766.96990138848,283970.45802527765,264904.7046936471,251320.14319951046,282347.40978558426
conv3,baseline,6.0,0.01,ConvWeight_1,3,0.012849385880029792,-0.0031002566827289767,0.02255093838903881,0.012826163345239616,-0.0030283008212615573,0.022358392685195114,0.9998863147760162,0.9998863147760162,0.9998863147760162,256957.63049876635,236653.7294169683,267737.7426248277,256936.0642039677,236671.47836437725,267748.2480524467
conv3,baseline,6.0,0.01,ConvWeight_2,3,0.022586027321739664,0.021321560913633714,0.023764873342716927,0.02260554446583213,0.02134700485585318,0.023770995352215378,0.9999254503257821,0.9999254503257821,0.9999254503257821,46.24670307672433,44.35078661165735,48.74551993174231,46.23665896240517,44.34076450878923,48.735641151220044
conv3,baseline,6.0,0.01,DenseWeight_0,3,0.9996713419442259,0.9996694208450299,0.9996741930276548,0.9996713427027634,0.9996694219187976,0.9996741934212268,0.9999999998066766,0.9999999998066766,0.9999999998066766,0.025418570694997394,0.025292829906602712,0.025523710181348067,0.025418601883720558,0.02529285302924974,0.02552374127901525
conv3,legacy,6.0,0.0,ConvWeight_0,1,0.9996412040385112,0.9996412040385112,0.9996412040385112,1.0,1.0,1.0,0.9996412040385112,0.9996412040385112,0.9996412040385112,0.0,0.0,0.0,0.024234817654832718,0.024234817654832718,0.024234817654832718
conv3,legacy,6.0,0.0,ConvWeight_1,1,0.9998849832832362,0.9998849832832362,0.9998849832832362,1.0000000000000002,1.0000000000000002,1.0000000000000002,0.9998849832832362,0.9998849832832362,0.9998849832832362,0.0,0.0,0.0,0.014914171673989592,0.014914171673989592,0.014914171673989592
conv3,legacy,6.0,0.0,ConvWeight_2,1,0.9999276854144261,0.9999276854144261,0.9999276854144261,0.9999999999999997,0.9999999999999997,0.9999999999999997,0.9999276854144261,0.9999276854144261,0.9999276854144261,0.0,0.0,0.0,0.01194012832630276,0.01194012832630276,0.01194012832630276
conv3,legacy,6.0,0.0,DenseWeight_0,1,0.9999999998080298,0.9999999998080298,0.9999999998080298,1.0000000000000024,1.0000000000000024,1.0000000000000024,0.9999999998080298,0.9999999998080298,0.9999999998080298,0.0,0.0,0.0,1.9420200120391657e-05,1.9420200120391657e-05,1.9420200120391657e-05
conv3,legacy,6.0,3e-09,ConvWeight_0,3,0.9955003343350429,0.9950403461073163,0.9957669408764672,0.9957060001741554,0.9952186767565864,0.9960011624314024,0.9997753955686829,0.9997753955686829,0.9997753955686829,0.08753336316350159,0.08342476803018437,0.09306036889083685,0.09062505748081047,0.08647001269438054,0.09571955635309035
conv3,legacy,6.0,3e-09,ConvWeight_1,3,0.9964671968937542,0.9961839406378024,0.9969844158105274,0.9965916765195392,0.9963170036131787,0.9971165096405562,0.9998708461531268,0.9998708461531268,0.9998708461531268,0.0817634155057125,0.07515241675687066,0.0852696324641038,0.08337494664528844,0.07707652822172464,0.08689272206994339
conv3,legacy,6.0,3e-09,ConvWeight_2,3,0.9999225163740642,0.9999225162609604,0.9999225165939489,0.9999999998964774,0.999999999885186,0.9999999999043383,0.9999225167246231,0.9999225167246231,0.9999225167246231,1.4182553305352067e-05,1.3590892799825337e-05,1.4958507737951582e-05,0.012387713543927308,0.01238769813476004,0.012387724526752946
conv3,legacy,6.0,3e-09,DenseWeight_0,3,0.9999999997951491,0.9999999997951434,0.9999999997951539,1.0000000000000013,0.9999999999999954,1.0000000000000062,0.9999999997951496,0.9999999997951496,0.9999999997951496,7.827451669026174e-09,7.78543443806706e-09,7.853001987915593e-09,2.011602061130067e-05,2.01160117249212e-05,2.0116025969028457e-05
conv3,legacy,6.0,1e-08,ConvWeight_0,3,0.9561452854139384,0.95174553802724,0.9584168373863114,0.9563060372141511,0.9518191477945951,0.9585757216245301,0.9997753955686829,0.9997753955686829,0.9997753955686829,0.2917778739160629,0.2780825370504441,0.3102012211045709,0.29115367575997486,0.27726616501550755,0.30920474513408924
conv3,legacy,6.0,1e-08,ConvWeight_1,3,0.964212235599966,0.9611784936582783,0.969419570070911,0.9643236581685991,0.9613170922275199,0.9695553330927433,0.9998708461531268,0.9998708461531268,0.9998708461531268,0.2725447185466424,0.25050805597407816,0.2842321083563817,0.2729704840343276,0.2511705868278767,0.2847431813041507
conv3,legacy,6.0,1e-08,ConvWeight_2,3,0.9999225147509795,0.9999225142861521,0.9999225155450591,0.9999999988497538,0.999999998724296,0.9999999989370911,0.9999225167246231,0.9999225167246231,0.9999225167246231,4.7275177680176775e-05,4.530297597088565e-05,4.9861692454527124e-05,0.012387847136520334,0.012387790234782791,0.012387892234635028
conv3,legacy,6.0,1e-08,DenseWeight_0,3,0.9999999997951424,0.9999999997951331,0.9999999997951512,0.999999999999995,0.9999999999999858,1.000000000000003,0.9999999997951496,0.9999999997951496,0.9999999997951496,2.6091505546898175e-08,2.5951448062001104e-08,2.6176673313808437e-08,2.0116050991920046e-05,2.0116021323655032e-05,2.0116068905723916e-05
conv3,legacy,6.0,3e-08,ConvWeight_0,3,0.7567677962765514,0.7422886798135313,0.7681366198087443,0.7568507350669763,0.7421768415207272,0.7682131574597052,0.9997753955686829,0.9997753955686829,0.9997753955686829,0.8753336185656071,0.8342476066572535,0.9306036616526947,0.8708099406841274,0.8296382614424939,0.9254331680210283
conv3,legacy,6.0,3e-08,ConvWeight_1,3,0.777983427186583,0.7609826172730072,0.8027511917542884,0.7780570215577547,0.7611174328302315,0.8028809649846327,0.9998708461531268,0.9998708461531268,0.9998708461531268,0.8176341559332432,0.7515241692257025,0.8526963246647179,0.8176386152604981,0.7518086671825364,0.8528823094233146
conv3,legacy,6.0,3e-08,ConvWeight_2,3,0.9999225039027552,0.9999225017555735,0.9999225068089943,0.9999999896477952,0.999999988518681,0.9999999904338395,0.9999225167246231,0.9999225167246231,0.9999225167246231,0.00014182553305535617,0.0001359089280376952,0.00014958507723580975,0.01238873771665873,0.012388519555465497,0.01238894575318036
conv3,legacy,6.0,3e-08,DenseWeight_0,3,0.999999999795147,0.9999999997951411,0.9999999997951577,1.0000000000000004,0.9999999999999958,1.0000000000000093,0.9999999997951496,0.9999999997951496,0.9999999997951496,7.827451664365672e-08,7.785434416041533e-08,7.853001984733473e-08,2.011623230702267e-05,2.011614290007242e-05,2.011628651673519e-05
conv3,legacy,6.0,1e-07,ConvWeight_0,3,0.34166070627722767,0.31958678353387243,0.3586240011969129,0.3416733107109167,0.31991330915817756,0.3586158890377839,0.9997753955686829,0.9997753955686829,0.9997753955686829,2.917778718944404,2.7808253350532395,3.1020122010017093,2.902133113872446,2.7656437063649206,3.084553080705333
conv3,legacy,6.0,1e-07,ConvWeight_1,3,0.36080810546635533,0.3363373210237957,0.389730364592959,0.36082203325301854,0.33643458999734166,0.38982562681948485,0.9998708461531268,0.9998708461531268,0.9998708461531268,2.7254471917495136,2.5050805741017683,2.842321081042939,2.72503567982487,2.5052013865173253,2.842385716452002
conv3,legacy,6.0,1e-07,ConvWeight_2,3,0.9999223934740796,0.9999223775354719,0.9999224092748479,0.9999998849754462,0.9999998724299115,0.9999998937092704,0.9999225167246231,0.9999225167246231,0.9999225167246231,0.000472751777371703,0.0004530297615667775,0.000498616923607525,0.012397787518009776,0.012396507599705665,0.012399327926650322
conv3,legacy,6.0,1e-07,DenseWeight_0,3,0.9999999997951099,0.9999999997951043,0.9999999997951178,0.9999999999999665,0.9999999999999654,0.9999999999999677,0.9999999997951496,0.9999999997951496,0.9999999997951496,2.6091505567228385e-07,2.5951448008936703e-07,2.61766732271249e-07,2.0117969476380008e-05,2.0117666787599264e-05,2.01181556116612e-05
conv3,legacy,6.0,3e-07,ConvWeight_0,3,0.10902999988450118,0.07167161235192315,0.13033832966292244,0.10900597189930197,0.07199079445239193,0.13000248185309293,0.9997753955686829,0.9997753955686829,0.9997753955686829,8.753336154148842,8.342476012166152,9.306036585678829,8.706641566227058,8.297863522450182,9.254133639673391
conv3,legacy,6.0,3e-07,ConvWeight_1,3,0.13611480146010793,0.11857954929077934,0.15097614520902775,0.1360993712472972,0.1186505692493174,0.15104620759190446,0.9998708461531268,0.9998708461531268,0.9998708461531268,8.17634162084294,7.515241816436477,8.526963230104627,8.175044635414174,7.515227248344716,8.526972072687894
conv3,legacy,6.0,3e-07,ConvWeight_2,3,0.9999214568783803,0.9999213337984358,0.9999215566802109,0.9999989647783494,0.9999988518734617,0.999999043382556,0.9999225167246231,0.9999225167246231,0.9999225167246231,0.001418255336420033,0.001359089296589984,0.0014958507665603928,0.01247418450205707,0.01246566855965486,0.012485947058613693
conv3,legacy,6.0,3e-07,DenseWeight_0,3,0.9999999997948195,0.9999999997948014,0.9999999997948457,0.999999999999685,0.9999999999996804,0.9999999999996915,0.9999999997951496,0.9999999997951496,0.9999999997951496,7.827451689339817e-07,7.785434368181345e-07,7.853001919475386e-07,2.0132377075063132e-05,2.013142960331641e-05,2.0132981221839453e-05
conv3,legacy,6.0,1e-06,ConvWeight_0,3,0.018746717774342104,-0.022833897631232936,0.044918958297180796,0.018707434277376464,-0.022525456752070985,0.04456698155141774,0.9997753955686829,0.9997753955686829,0.9997753955686829,29.177787175011844,27.808253368546445,31.020121872085312,29.022676265736223,27.660904276707168,30.847898947850737
conv3,legacy,6.0,1e-06,ConvWeight_1,3,0.049469029963163894,0.03571853247038847,0.05733000099004223,0.049442404512166416,0.03577877593311895,0.05738913500076763,0.9998708461531268,0.9998708461531268,0.9998708461531268,27.254472598854996,25.050807145732378,28.42321061609141,27.250182534128502,25.050435110518997,28.42312602797244
conv3,legacy,6.0,1e-06,ConvWeight_2,3,0.9999109329175766,0.9999096447741327,0.9999118768913671,0.9999884976515457,0.9999872433762007,0.9999893710046304,0.9999225167246231,0.9999225167246231,0.9999225167246231,0.004727517838479223,0.004530297794646336,0.00498616917191249,0.013296628709907412,0.013219704521457175,0.013407593109355603
conv3,legacy,6.0,1e-06,DenseWeight_0,3,0.9999999997916369,0.9999999997915534,0.9999999997917356,0.9999999999965336,0.9999999999964952,0.9999999999965662,0.9999999997951496,0.9999999997951496,0.9999999997951496,2.6091505855269813e-06,2.595144749165746e-06,2.617667249969489e-06,2.0292224747432194e-05,2.028861804833397e-05,2.029472062102617e-05
conv3,legacy,6.0,3e-06,ConvWeight_0,3,-0.007242824025311719,-0.04985275139027675,0.020147152620577074,-0.007286651735111635,-0.04954830013688745,0.019791035796758213,0.9997753955686829,0.9997753955686829,0.9997753955686829,87.53336167953314,83.42476043303391,93.06036520592502,87.06856275756849,82.98395571661592,92.54443760138177
conv3,legacy,6.0,3e-06,ConvWeight_1,3,0.02439910262031106,0.011810486988983876,0.031232442019019455,0.024369244551459356,0.011867552288627507,0.03102995428090592,0.9998708461531268,0.9998708461531268,0.9998708461531268,81.76342233323746,75.1524307823138,85.26963055567657,81.75061092798636,75.15107067089711,85.26930814245871
conv3,legacy,6.0,3e-06,ConvWeight_2,3,0.9998187703574247,0.9998073888882515,0.9998268399131497,0.9998964926504981,0.9998852123628856,0.9999043506857659,0.9999225167246231,0.9999225167246231,0.9999225167246231,0.014182553947704247,0.013590894578518411,0.014958507087070739,0.018930533278168026,0.01847591209901054,0.019553893536751812
conv3,legacy,6.0,3e-06,DenseWeight_0,3,0.9999999997638004,0.9999999997633044,0.9999999997643516,0.9999999999687862,0.9999999999684258,0.9999999999691394,0.9999999997951496,0.9999999997951496,0.9999999997951496,7.827451948716229e-06,7.785433902619346e-06,7.853001265337765e-06,2.1632912361693457e-05,2.161786620703698e-05,2.1642496687955048e-05
conv3,legacy,6.0,1e-05,ConvWeight_0,3,-0.01633131412604256,-0.0592826034972893,0.011465594024994839,-0.016376749425850372,-0.05897964539808034,0.011108080578830684,0.9997753955686829,0.9997753955686829,0.9997753955686829,291.77787389204434,278.08253799440547,310.20121279310996,290.229192412574,276.61466570525863,308.48234208987066
conv3,legacy,6.0,1e-05,ConvWeight_1,3,0.015610675382869987,0.0034346414192637175,0.022774788731370198,0.01557968449418014,0.0034905873783910592,0.022571188549718207,0.9998708461531268,0.9998708461531268,0.9998708461531268,272.5447940410849,250.50821163969798,284.23208677331866,272.5021686245784,250.50340499413065,284.23094240820836
conv3,legacy,6.0,1e-05,ConvWeight_2,3,0.9987736394098531,0.9986486038374194,0.9988613811745569,0.9988518564308903,0.9987271530269121,0.9989388977075411,0.9999225167246231,0.9999225167246231,0.9999225167246231,0.047275184869636985,0.04530299586620211,0.04986168529018694,0.04893315442838201,0.04701569790262721,0.05145856530995409
conv3,legacy,6.0,1e-05,DenseWeight_0,3,0.9999999994479302,0.9999999994434211,0.9999999994524201,0.9999999996532282,0.9999999996491707,0.9999999996570578,0.9999999997951496,0.9999999997951496,0.9999999997951496,2.6091508737786217e-05,2.595144231925136e-05,2.6176665231572957e-05,3.309178642728147e-05,3.2988358563576633e-05,3.31639644445527e-05
conv3,legacy,6.0,3e-05,ConvWeight_0,3,-0.018926458475093513,-0.06197349988434087,0.008984882207668259,-0.018972354612890457,-0.061670977137720455,0.008626974655088502,0.9997753955686829,0.9997753955686829,0.9997753955686829,875.333635708158,834.2476416689392,930.6035993597292,870.6881539324233,829.8452981962412,925.4477545281146
conv3,legacy,6.0,3e-05,ConvWeight_1,3,0.013098800146532886,0.0010411927454897674,0.02035730376086214,0.013067484969355175,0.00109682136844648,0.020153388257750086,0.9998708461531268,0.9998708461531268,0.9998708461531268,817.634835916143,751.5255696023983,852.696131175198,817.5070312635345,751.5109198522534,852.692643441984
conv3,legacy,6.0,3e-05,ConvWeight_2,3,0.9897424161130243,0.988658350460282,0.99050709013964,0.9898215568777801,0.9887384408101232,0.9905841827694299,0.9999225167246231,0.9999225167246231,0.9999225167246231,0.141825597866058,0.13590910708977663,0.1495850130345083,0.1423740667560165,0.1364683371503273,0.15011744249260434
conv3,legacy,6.0,3e-05,DenseWeight_0,3,0.9999999966728352,0.9999999966349539,0.9999999967092992,0.9999999968790252,0.999999996842499,0.9999999969135082,0.9999999997951496,0.9999999997951496,0.9999999997951496,7.82745454420116e-05,7.78542924892336e-05,7.852994725015373e-05,8.09197713496971e-05,8.05082726309263e-05,8.118520266311977e-05
conv3,legacy,6.0,0.0001,ConvWeight_0,3,-0.01983452940665694,-0.06291493559060858,0.008116710417371602,-0.019880586870517483,-0.06261256461236155,0.007758665036079606,0.9997753955686829,0.9997753955686829,0.9997753955686829,2917.778949472223,2780.825795368295,3102.0115429658267,2902.294665939592,2766.1528036416926,3084.826285009951
conv3,legacy,6.0,0.0001,ConvWeight_1,3,0.012219134986435513,0.00020324020552781605,0.019510330267609295,0.012187704271860594,0.0002587688082008376,0.019306306798787053,0.9998708461531268,0.9998708461531268,0.9998708461531268,2725.4547514191654,2505.0961415832885,2842.3189345415344,2725.028827758741,2505.047051585583,2842.3072711878485
conv3,legacy,6.0,0.0001,ConvWeight_2,3,0.9029127256249053,0.8941663330811875,0.9094311891524622,0.902990116860374,0.894246343578943,0.9095027137065197,0.9999225167246231,0.9999225167246231,0.9999225167246231,0.472752498459267,0.45303175199411017,0.4986162111909533,0.47284117789225916,0.4531151644840259,0.49870612717471996
conv3,legacy,6.0,0.0001,DenseWeight_0,3,0.999999965113201,0.9999999647029426,0.999999965503234,0.9999999653225125,0.9999999649167711,0.9999999657059423,0.9999999997951496,0.9999999997951496,0.9999999997951496,0.0002609153762389411,0.00025951390666561374,0.000261765925994492,0.0002617335571472265,0.0002603239312971131,0.00026259496434608535
conv3,legacy,6.0,0.0003,ConvWeight_0,3,-0.020093850786075736,-0.06318388385143119,0.00786888920822714,-0.02013995399028989,-0.06288155185005548,0.007510803288848646,0.9997753955686829,0.9997753955686829,0.9997753955686829,8753.338255363116,8342.480159460036,9306.030732385432,8706.885939474945,8298.462443562963,9254.475671786338
conv3,legacy,6.0,0.0003,ConvWeight_1,3,0.011966517280621859,-3.684015381678064e-05,0.019266079361613814,0.01193504774412069,1.869163348647469e-05,0.019062031340305974,0.9998708461531268,0.9998708461531268,0.9998708461531268,8176.409774623774,7515.3820623089505,8526.944025575449,8175.13214480439,7515.234652889087,8526.909219051242
conv3,legacy,6.0,0.0003,ConvWeight_2,3,0.5815881419609298,0.5617277724760379,0.5988639952198508,0.5816475168756738,0.5617921636994248,0.5989129754090078,0.9999225167246231,0.9999225167246231,0.9999225167246231,1.4182618521492802,1.3591072381678222,1.4958443784311006,1.4180426744976657,1.3588795492857033,1.4956328868015598
conv3,legacy,6.0,0.0003,DenseWeight_0,3,0.9999996876854468,0.999999684022753,0.999999691163695,0.9999996879036784,0.9999996842545331,0.9999996913621169,0.9999999997951496,0.9999999997951496,0.9999999997951496,0.0007827480663628041,0.0007785382903183389,0.0007852929454273638,0.0007830312513120341,0.0007788082433168719,0.00078558627951352
conv3,legacy,6.0,0.001,ConvWeight_0,3,-0.020184231618494527,-0.06327802372321736,0.007782947319945696,-0.020230349544773967,-0.06297568970465739,0.007424842986800613,0.9997753955686829,0.9997753955686829,0.9997753955686829,29177.810721878956,27808.299690733482,31020.05708621416,29022.96996496744,27661.575257628898,30848.207114873774
conv3,legacy,6.0,0.001,ConvWeight_1,3,0.011873620308907845,-0.0001231949418494933,0.019172704824894818,0.01184211685742884,-6.755083551787493e-05,0.01896867019473098,0.9998708461531268,0.9998708461531268,0.9998708461531268,27255.234434237576,25052.370914507945,28423.001653593303,27250.976554811725,25051.880328268195,28422.888355310613
conv3,legacy,6.0,0.001,ConvWeight_2,3,0.21246269544044977,0.2026594596972147,0.2226641375535517,0.21249663334059354,0.2027003717696027,0.22268530985415017,0.9999225167246231,0.9999225167246231,0.9999225167246231,4.727591242021923,4.530498217155374,4.986099115104491,4.726647759266175,4.529549892483852,4.9851707455266485
conv3,legacy,6.0,0.001,DenseWeight_0,3,0.9999965320655193,0.9999964915680554,0.9999965708568893,0.9999965323149838,0.9999964918626554,0.9999965710403171,0.9999999997951496,0.9999999997951496,0.9999999997951496,0.00260918325811221,0.002595088122363134,0.002617587118665496,0.0026092792374188224,0.0025951690638265448,0.002617692953827289
conv3,legacy,6.0,0.003,ConvWeight_0,3,-0.02020896818315923,-0.06330495025569269,0.007760664734588519,-0.020255086632421117,-0.06300257090298535,0.007402543062924413,0.9997753955686829,0.9997753955686829,0.9997753955686829,87533.5770704041,83425.18108901959,93059.78517810321,87069.05222615348,82985.00731695665,92544.23028918727
conv3,legacy,6.0,0.003,ConvWeight_1,3,0.011834262018076204,-0.00015451951512242607,0.019123481684369788,0.011802690897702629,-9.852546031085647e-05,0.018919513838072808,0.9998708461531268,0.9998708461531268,0.9998708461531268,81770.3963985439,75166.64568371119,85267.86357780818,81757.62962992628,75165.18257107525,85267.54741240485
conv3,legacy,6.0,0.003,ConvWeight_2,3,0.07266111020206534,0.07025466873609265,0.07636632694043768,0.0726846460232844,0.07028578615983815,0.07637648593121668,0.9999225167246231,0.9999225167246231,0.9999225167246231,14.183240459468106,13.592725932660919,14.95790030046761,14.180328644549443,13.589824254913628,14.955020282372432
conv3,legacy,6.0,0.003,DenseWeight_0,3,0.999968792683742,0.9999684309277623,0.9999691490548772,0.9999687930225474,0.9999684314017465,0.9999691491955427,0.9999999997951496,0.9999999997951496,0.9999999997951496,0.007827758316383708,0.007784938572236209,0.007852290000735188,0.007827802202490032,0.007784966838655122,0.00785234364386404
conv3,legacy,6.0,0.01,ConvWeight_0,3,-0.02021380382503169,-0.0633144301740398,0.007760813221333951,-0.02025990954690638,-0.06301187840440778,0.0074026433250710824,0.9997753955686829,0.9997753955686829,0.9997753955686829,291780.40353563573,278087.3636462806,310194.8837729386,290231.95079020865,276620.0984927786,308476.30073800223
conv3,legacy,6.0,0.01,ConvWeight_1,3,0.01177544838170512,-0.0001888160272222487,0.019027198951311233,0.011743651820515207,-0.00013158551880560626,0.018823476582848418,0.9998708461531268,0.9998708461531268,0.9998708461531268,272626.8534008713,250671.63411312463,284216.87500911066,272584.37376793276,250666.85683515045,284216.09400573035
conv3,legacy,6.0,0.01,ConvWeight_2,3,0.022114821362558726,0.020532131862118493,0.023255463364215457,0.022134517336413344,0.020557594309388652,0.023261665213768466,0.9999225167246231,0.9999225167246231,0.9999225167246231,47.28381897756665,45.32441519796083,49.85586598781355,47.274055146951035,45.3147178479886,49.84618834240645
conv3,legacy,6.0,0.01,DenseWeight_0,3,0.9996534508569854,0.9996495328322166,0.9996577028989724,0.9996534515095715,0.9996495339326226,0.9996577028909334,0.9999999997951496,0.9999999997951496,0.9999999997951496,0.026095391601267483,0.025946495143922284,0.026170531559659926,0.02609542218503756,0.025946509673098528,0.026170568525093613
conv3,ours,6.0,0.0,ConvWeight_0,1,0.9992783775356086,0.9992783775356086,0.9992783775356086,1.0,1.0,1.0,0.9992783775356086,0.9992783775356086,0.9992783775356086,0.0,0.0,0.0,0.03498387565251685,0.03498387565251685,0.03498387565251685
conv3,ours,6.0,0.0,ConvWeight_1,1,0.9996371370793804,0.9996371370793804,0.9996371370793804,1.0000000000000002,1.0000000000000002,1.0000000000000002,0.9996371370793804,0.9996371370793804,0.9996371370793804,0.0,0.0,0.0,0.026708373486251064,0.026708373486251064,0.026708373486251064
conv3,ours,6.0,0.0,ConvWeight_2,1,0.9997178293136806,0.9997178293136806,0.9997178293136806,1.0000000000000004,1.0000000000000004,1.0000000000000004,0.9997178293136806,0.9997178293136806,0.9997178293136806,0.0,0.0,0.0,0.02365321455598335,0.02365321455598335,0.02365321455598335
conv3,ours,6.0,0.0,DenseWeight_0,1,0.999999987319091,0.999999987319091,0.999999987319091,0.9999999999999885,0.9999999999999885,0.9999999999999885,0.999999987319091,0.999999987319091,0.999999987319091,0.0,0.0,0.0,0.00015832318799294254,0.00015832318799294254,0.00015832318799294254
conv3,ours,6.0,3e-09,ConvWeight_0,3,0.9984948066346557,0.9983443205000881,0.9985782366836892,0.9988992325414827,0.998745866766873,0.9989932871033453,0.9995858910020415,0.9995858910020415,0.9995858910020415,0.042701991165960296,0.040314750201322774,0.04572916101773872,0.05348133618797338,0.05169585174095988,0.056229713318861514
conv3,ours,6.0,3e-09,ConvWeight_1,3,0.9979251167117283,0.9977035523673953,0.9983575646585567,0.9982770464198034,0.9980558813340301,0.998705505918198,0.999651349038975,0.999651349038975,0.999651349038975,0.05773123375699691,0.04999668372119732,0.06177217901706038,0.06358358372818564,0.0564363357468887,0.06726859903911132
conv3,ours,6.0,3e-09,ConvWeight_2,3,0.9997170353180106,0.9997170351845339,0.9997170353981629,0.9999999999934485,0.9999999999927114,0.9999999999939027,0.9997170352426141,0.9997170352426141,0.9997170352426141,3.574677298053906e-06,3.4356661637232185e-06,3.7731544681272266e-06,0.023690581149835147,0.023690578227116173,0.023690586849837863
conv3,ours,6.0,3e-09,DenseWeight_0,3,0.9999999873648489,0.9999999873648437,0.9999999873648536,0.999999999999998,0.9999999999999909,1.0000000000000036,0.99999998736485,0.99999998736485,0.99999998736485,7.796724708763191e-09,7.763397953675107e-09,7.819449218141948e-09,0.0001581645167073834,0.0001581645062787971,0.00015816452373356918
conv3,ours,6.0,1e-08,ConvWeight_0,3,0.9877397389880646,0.9860755904981275,0.9886418387711984,0.9881186721647697,0.9864461389621152,0.9890550154058574,0.9995858910020415,0.9995858910020415,0.9995858910020415,0.14233992918289406,0.13438241486128238,0.1524305265287624,0.14573518620647835,0.13823992612003574,0.15588887966526774
conv3,ours,6.0,1e-08,ConvWeight_1,3,0.981082750638494,0.9787775956782199,0.9856144146752125,0.9814375637763801,0.9791773994779084,0.9859569760891295,0.999651349038975,0.999651349038975,0.999651349038975,0.19243744626396925,0.16665561246613264,0.2059072640267921,0.19375347763610676,0.16816647544056676,0.20700256774987114
conv3,ours,6.0,1e-08,ConvWeight_2,3,0.999717035442996,0.9997170350002661,0.9997170357137097,0.9999999999272072,0.9999999999190169,0.999999999932262,0.9997170352426141,0.9997170352426141,0.9997170352426141,1.1915591009202356e-05,1.145222055290821e-05,1.2577181578627763e-05,0.023690575968061393,0.023690566077377424,0.023690594861661158
conv3,ours,6.0,1e-08,DenseWeight_0,3,0.9999999873648517,0.9999999873648491,0.9999999873648541,1.0000000000000018,0.9999999999999954,1.0000000000000067,0.99999998736485,0.99999998736485,0.99999998736485,2.5989082343439125e-08,2.5877993208822953e-08,2.6064830706204638e-08,0.0001581645234326973,0.00015816448866690208,0.0001581645468667823
conv3,ours,6.0,3e-08,ConvWeight_0,3,0.9127242064090939,0.9017133413913663,0.9185100898762613,0.9130426497358184,0.9020402551033604,0.9189158193126264,0.9995858910020415,0.9995858910020415,0.9995858910020415,0.4270197764278934,0.4031472160759157,0.4572915634647019,0.42627628505798515,0.4028342601312226,0.45658045145283294
conv3,ours,6.0,3e-08,ConvWeight_1,3,0.8654705635506172,0.8502902421541769,0.8937267823232523,0.8658044971409146,0.8507389129044799,0.894032687409139,0.999651349038975,0.999651349038975,0.999651349038975,0.5773123393437859,0.49996683812683623,0.6177217928105873,0.5761351645848922,0.49894831565701336,0.6163330123212686
conv3,ours,6.0,3e-08,ConvWeight_2,3,0.999717035407125,0.9997170340977495,0.9997170362495865,0.9999999993448642,0.999999999271146,0.999999999390357,0.9997170352426141,0.9997170352426141,0.9997170352426141,3.574677303421701e-05,3.4356661683164336e-05,3.773154471939896e-05,0.023690577944954914,0.02369054700188002,0.02369063371362649
conv3,ours,6.0,3e-08,DenseWeight_0,3,0.9999999873648395,0.9999999873648253,0.9999999873648588,0.9999999999999919,0.9999999999999901,0.9999999999999943,0.99999998736485,0.99999998736485,0.99999998736485,7.796724707071475e-08,7.763397961223676e-08,7.819449227529335e-08,0.0001581645544561341,0.00015816445012585822,0.00015816462487381477
conv3,ours,6.0,1e-07,ConvWeight_0,3,0.6044130477618588,0.5802058930324291,0.6195795326002189,0.6046500180723748,0.5806049140992589,0.619498488562669,0.9995858910020415,0.9995858910020415,0.9995858910020415,1.4233992569206289,1.3438240178436116,1.5243052533736563,1.416245012341835,1.3372151125985337,1.516808785863866
conv3,ours,6.0,1e-07,ConvWeight_1,3,0.4750153425652987,0.4426127829738396,0.5299628607165465,0.47523236863943163,0.44301966118682995,0.5301336985907277,0.999651349038975,0.999651349038975,0.999651349038975,1.924374468977809,1.6665561360230934,2.059072647524216,1.9184558595416783,1.6611354335779676,2.052814651526093
conv3,ours,6.0,1e-07,ConvWeight_2,3,0.9997170306969169,0.9997170265518127,0.9997170338588504,0.9999999927207098,0.9999999919016229,0.9999999932261855,0.9997170352426141,0.9997170352426141,0.9997170352426141,0.00011915591027960054,0.00011452220597322037,0.00012577181563393558,0.023690780652595573,0.023690662681078584,0.023690955905180344
conv3,ours,6.0,1e-07,DenseWeight_0,3,0.9999999873648047,0.9999999873647601,0.9999999873648698,0.9999999999999655,0.9999999999999623,0.99999999999997,0.99999998736485,0.99999998736485,0.99999998736485,2.598908238005167e-07,2.58779931725968e-07,2.6064830919229506e-07,0.00015816480080102976,0.00015816445265006259,0.0001581650368731474
conv3,ours,6.0,3e-07,ConvWeight_0,3,0.2521733390008729,0.2365722031621956,0.2724890176843702,0.25231133343611367,0.23688041003304822,0.2721875819812643,0.9995858910020415,0.9995858910020415,0.9995858910020415,4.270197733876784,4.031472009277181,4.572915747691371,4.247138856690515,4.009351045291961,4.54840523418112
conv3,ours,6.0,3e-07,ConvWeight_1,3,0.18386862358422185,0.16194971444518508,0.21444880980521402,0.1839886950585675,0.162281302246558,0.21451180088522437,0.999651349038975,0.999651349038975,0.999651349038975,5.7731234445508885,4.999668481014622,6.177217982455957,5.754806140844596,4.9829539530781455,6.158149095383872
conv3,ours,6.0,3e-07,ConvWeight_2,3,0.9997169779420714,0.9997169673879969,0.9997169904598249,0.9999999344863592,0.9999999271146152,0.9999999390356353,0.9997170352426141,0.9997170352426141,0.9997170352426141,0.0003574677322372843,0.0003435666210302634,0.0003773154460255388,0.023693037864929704,0.023692556883839682,0.023693472379032205
conv3,ours,6.0,3e-07,DenseWeight_0,3,0.999999987364509,0.9999999873643777,0.9999999873647142,0.9999999999996939,0.9999999999996863,0.9999999999996996,0.99999998736485,0.99999998736485,0.99999998736485,7.796724733153807e-07,7.763397923722065e-07,7.819449413757631e-07,0.0001581666854580949,0.00015816563772779222,0.000158167405211432
conv3,ours,6.0,1e-06,ConvWeight_0,3,0.06522747385027639,0.038532495091548,0.08391862015144914,0.06530188850487545,0.03877894873205315,0.08352781755034532,0.9995858910020415,0.9995858910020415,0.9995858910020415,14.233992466225454,13.438240025074169,15.243052520890487,14.15611651569416,13.362698274407725,15.159832870890924
conv3,ours,6.0,1e-06,ConvWeight_1,3,0.06126783667677041,0.047334062787126006,0.07490176684126987,0.06134620554414154,0.04762914954153796,0.07491826661653189,0.999651349038975,0.999651349038975,0.999651349038975,19.24374525647425,16.665562454969606,20.590727076968484,19.182434796316823,16.609769320961867,20.527205720614162
conv3,ours,6.0,1e-06,ConvWeight_2,3,0.9997163348332405,0.9997162709689773,0.9997164119315349,0.9999992720699182,0.999999190163706,0.9999993226170893,0.9997170352426141,0.9997170352426141,0.9997170352426141,0.001191559123814365,0.0011452221062538555,0.0012577181434278192,0.023720495212175497,0.023717412337784478,0.023723192301358116
conv3,ours,6.0,1e-06,DenseWeight_0,3,0.9999999873612866,0.9999999873608698,0.9999999873619769,0.9999999999965556,0.9999999999965345,0.999999999996581,0.99999998736485,0.99999998736485,0.99999998736485,2.598908266561554e-06,2.5877992749077615e-06,2.6064832985475447e-06,0.0001581870565258935,0.00015818352617140717,0.00015818959008179887
conv3,ours,6.0,3e-06,ConvWeight_0,3,0.00863688836328275,-0.020731544425887934,0.026659473055291805,0.00869044394291726,-0.02050504329460893,0.026243503105538083,0.9995858910020415,0.9995858910020415,0.9995858910020415,42.70197741184844,40.31472006851591,45.729157576650834,42.46772405682971,40.08679663730632,45.47843811118986
conv3,ours,6.0,3e-06,ConvWeight_1,3,0.0253656170700797,0.013962131272961257,0.03370315092507631,0.025431683888150078,0.014246050292823538,0.03370596752571897,0.999651349038975,0.999651349038975,0.999651349038975,57.731239546760946,49.99669465790433,61.772185245328636,57.547206435793775,49.82937685204152,61.581766989604716
conv3,ours,6.0,3e-06,ConvWeight_2,3,0.9997105676894062,0.9997098848510755,0.9997111021639561,0.9999934486531804,0.9999927115601835,0.9999939035643727,0.9997170352426141,0.9997170352426141,0.9997170352426141,0.003574677511727543,0.0034356666287807362,0.003773154344695933,0.023964961285914663,0.023943226817762543,0.023994405559879632
conv3,ours,6.0,3e-06,DenseWeight_0,3,0.9999999873335191,0.9999999873322856,0.999999987335717,0.9999999999690289,0.9999999999688223,0.9999999999692317,0.99999998736485,0.99999998736485,0.99999998736485,7.796724989641988e-06,7.763397541672887e-06,7.81945127229499e-06,0.00015836321563002926,0.00015835230587079487,0.0001583719592835819
conv3,ours,6.0,1e-05,ConvWeight_0,3,-0.011213156874057767,-0.04146223678896486,0.006585487315252481,-0.011167112430143376,-0.04124287999647508,0.006160857087265596,0.9995858910020415,0.9995858910020415,0.9995858910020415,142.33992480412874,134.38240043414302,152.43052496991973,141.55843552946828,133.62122832727042,151.59364040357903
conv3,ours,6.0,1e-05,ConvWeight_1,3,0.012765261838943505,0.002261178688455044,0.01922702020583534,0.012827001231231679,0.002541125696305022,0.019225030635149014,0.999651349038975,0.999651349038975,0.999651349038975,192.43750923068123,166.65573395249706,205.9073309923973,191.82398699058757,166.09812440832542,205.27281178785833
conv3,ours,6.0,1e-05,ConvWeight_2,3,0.9996445426409656,0.9996365388160985,0.9996498602249209,0.9999272137341901,0.9999190275701884,0.9999322671680739,0.9997170352426141,0.9997170352426141,0.9997170352426141,0.011915593342741818,0.011452225713240168,0.012577180150997435,0.026582040183966614,0.026382786279785235,0.026885994853855615
conv3,ours,6.0,1e-05,DenseWeight_0,3,0.9999999870195039,0.9999999870147153,0.9999999870283862,0.9999999996558557,0.9999999996535923,0.9999999996580877,0.99999998736485,0.99999998736485,0.99999998736485,2.5989085515406637e-05,2.5877988503580375e-05,2.6064853635956264e-05,0.00016034166031850714,0.0001603015963518875,0.00016038341521836723
conv3,ours,6.0,3e-05,ConvWeight_0,3,-0.016879548243863802,-0.04737517194215602,0.0008567644551576621,-0.01683566699648576,-0.04715786936861986,0.0004296778628782861,0.9995858910020415,0.9995858910020415,0.9995858910020415,427.0197753028179,403.14720375422877,457.2915720094862,424.6747791066005,400.86248889086573,454.7799540358027
conv3,ours,6.0,3e-05,ConvWeight_1,3,0.00916349957088516,-0.0010826515579264704,0.015088016272346844,0.009224002291073681,-0.0008038433932647942,0.01508465406207936,0.999651349038975,0.999651349038975,0.999651349038975,577.312905547119,499.96793131541887,617.7223945283763,575.4722822933356,498.2952122085829,615.8190233527145
conv3,ours,6.0,3e-05,ConvWeight_2,3,0.9990635560909921,0.998990637472674,0.9991097435363809,0.9993455173437779,0.9992720392830565,0.9993909217028952,0.9997170352426141,0.9997170352426141,0.9997170352426141,0.03574679406542673,0.03435670815140588,0.03773153190443365,0.04299514164738388,0.04186677162993172,0.04464177762846208
conv3,ours,6.0,3e-05,DenseWeight_0,3,0.99999998426397,0.9999999842360418,0.999999984304035,0.9999999969027278,0.9999999968823751,0.9999999969228422,0.99999998736485,0.99999998736485,0.99999998736485,7.79672755568857e-05,7.763393722115234e-05,7.819469859079894e-05,0.00017668602501023245,0.00017652449799444186,0.00017688483753102054
conv3,ours,6.0,0.0001,ConvWeight_0,3,-0.01886192718544735,-0.049443316657149704,-0.0011472393275692133,-0.01881880485042465,-0.04922673446241597,-0.0015751837285833247,0.9995858910020415,0.9995858910020415,0.9995858910020415,1423.399261134051,1343.8240411068184,1524.3052058789417,1415.5819991217659,1336.2069349781193,1515.9320287724759
conv3,ours,6.0,0.0001,ConvWeight_1,3,0.007902484284225107,-0.0022531865834653107,0.013638812563143962,0.007962558535097312,-0.0019747717239465825,0.013634975024089599,0.999651349038975,0.999651349038975,0.999651349038975,1924.38076285165,1666.5682849495834,2059.079335217582,1918.2452817692038,1660.99264996404,2052.7349494078235
conv3,ours,6.0,0.0001,ConvWeight_2,3,0.9925271370110225,0.9917329844432822,0.993025165129119,0.9928053615535091,0.9920092155272318,0.9933008972106252,0.9997170352426141,0.9997170352426141,0.9997170352426141,0.11915614421614336,0.11452272255159623,0.12577167349885507,0.12144350933359434,0.11690433147104311,0.12791227198189958
conv3,ours,6.0,0.0001,DenseWeight_0,3,0.9999999529386462,0.99999995268734,0.9999999532289503,0.9999999655858256,0.999999965359768,0.9999999658096305,0.99999998736485,0.99999998736485,0.99999998736485,0.00025989114074815466,0.0002587794612023147,0.00026065060204955183,0.00030498984199022546,0.00030400630404792383,0.0003057968317414433
conv3,ours,6.0,0.0003,ConvWeight_0,3,-0.019428209989414108,-0.05003405954412316,-0.0017196845411073694,-0.019385304942152896,-0.04981768364536239,-0.002147874170130907,0.9995858910020415,0.9995858910020415,0.9995858910020415,4270.197870521518,4031.472368907145,4572.91532518916,4246.745564971468,4008.61985875121,4547.794833232156
conv3,ours,6.0,0.0003,ConvWeight_1,3,0.007541347357461516,-0.0025881194661026632,0.013223764232403068,0.007601312059106489,-0.0023098002669534688,0.013219805638480651,0.999651349038975,0.999651349038975,0.999651349038975,5773.180167293814,4999.777922566831,6177.27823026091,5754.773593574211,4983.050783947195,6158.244918483712
conv3,ours,6.0,0.0003,ConvWeight_2,3,0.9404870062750692,0.9345693589844214,0.9443552324364438,0.9407455595025791,0.9348213668902788,0.9446073973878807,0.9997170352426141,0.9997170352426141,0.9997170352426141,0.3574698442771606,0.3435712771823477,0.3773141730884072,0.3579619178531229,0.3440853842843688,0.3777369700266386
conv3,ours,6.0,0.0003,DenseWeight_0,3,0.9999996776014214,0.9999996754941582,0.9999996798221746,0.9999996902726654,0.9999996882411251,0.9999996922939456,0.99999998736485,0.99999998736485,0.99999998736485,0.000779675338201205,0.0007763355721530118,0.0007819655897380641,0.0007959850839109966,0.000792571336958442,0.0007983922986953666
conv3,ours,6.0,0.001,ConvWeight_0,3,-0.01962632531197466,-0.05024075009474646,-0.0019199640181047188,-0.019583497374522606,-0.05002444765218869,-0.0023482406375583496,0.9995858910020415,0.9995858910020415,0.9995858910020415,14233.993927404577,13438.2441059297,15243.047678780826,14155.818961189661,13362.067648599277,15159.311522065524
conv3,ours,6.0,0.001,ConvWeight_1,3,0.007412012312257894,-0.0027070732509328803,0.013075088240397272,0.00747198376393412,-0.0024287288696783083,0.01307113894739843,0.999651349038975,0.999651349038975,0.999651349038975,19244.3785288674,16666.78242110973,20591.398748293162,19183.02228863227,16611.021312041827,20527.950527394896
conv3,ours,6.0,0.001,ConvWeight_2,3,0.6459836357934716,0.6263070876460239,0.6614705685800285,0.6461490259175336,0.6264565237590806,0.6616228423525894,0.9997170352426141,0.9997170352426141,0.9997170352426141,1.1915828472405565,1.1452741121851815,1.2577042410847272,1.1908164722957748,1.1445145936532106,1.2568746385564837
conv3,ours,6.0,0.001,DenseWeight_0,3,0.9999965458516182,0.9999965231435246,0.9999965692475601,0.9999965586071253,0.9999965361511696,0.9999965813384446,0.99999998736485,0.99999998736485,0.99999998736485,0.0025989405811736636,0.0025877529508274147,0.0026067132204796416,0.002603942148576837,0.002592583706789596,0.0026118663993261733
conv3,ours,6.0,0.003,ConvWeight_0,3,-0.019682717393622734,-0.050299647015882624,-0.001977000830180657,-0.01963991446990334,-0.0500833691101523,-0.002405305676457745,0.9995858910020415,0.9995858910020415,0.9995858910020415,42701.99081506518,40314.75723942249,45729.11403916892,42467.465310169966,40086.22635460406,45477.90400834713
conv3,ours,6.0,0.003,ConvWeight_1,3,0.007366658591361518,-0.0027459929109341407,0.013022842913603614,0.0074267608163598,-0.00246747385037485,0.013019044020009984,0.999651349038975,0.999651349038975,0.999651349038975,57737.01668199357,50007.7759238322,61778.28819697897,57552.939643409954,49840.45705713857,61587.90860394995
conv3,ours,6.0,0.003,ConvWeight_2,3,0.27463610905623564,0.26195699825971774,0.2863358825791746,0.2746915512914226,0.2619960440348118,0.2863716027193661,0.9997170352426141,0.9997170352426141,0.9997170352426141,3.574897611979536,3.4361416457424814,3.7730354301914675,3.571993957870953,3.4332727542980592,3.7700061910586493
conv3,ours,6.0,0.003,DenseWeight_0,3,0.9999690158756176,0.999968816048582,0.9999692294527717,0.9999690288721893,0.9999688297992266,0.9999692404579861,0.99999998736485,0.99999998736485,0.99999998736485,0.007797028229958593,0.00776299521312782,0.007821533313501066,0.007798763875679784,0.007764532089696038,0.00782343046909353
conv3,ours,6.0,0.01,ConvWeight_0,3,-0.019701711552749145,-0.0503197079687704,-0.0019963141155732588,-0.019658927837993553,-0.05010345112697521,-0.002424640634340307,0.9995858910020415,0.9995858910020415,0.9995858910020415,142340.08415056707,134382.82530731612,152430.0492211394,141558.33076619238,133621.0504330929,151592.6742123322
conv3,ours,6.0,0.01,ConvWeight_1,3,0.007321250401689616,-0.002776855488981652,0.01297001284447506,0.0073818493951093135,-0.0024976907687543465,0.012966784934908878,0.999651349038975,0.999651349038975,0.999651349038975,192504.71918128183,166782.80552201232,205977.3928021506,191891.0227925498,166224.64629264042,205342.37709275266
conv3,ours,6.0,0.01,ConvWeight_2,3,0.08553595522207443,0.08225578169595323,0.08946544381815168,0.08553692466447858,0.08224250385974098,0.08944336228857037,0.9997170352426141,0.9997170352426141,0.9997170352426141,11.918295078077987,11.45777435718867,12.576100275152292,11.908419060814078,11.448054270001832,12.565853774225712
conv3,ours,6.0,0.01,DenseWeight_0,3,0.9996560263024998,0.9996539331333233,0.9996586550009408,0.9996560401464465,0.9996539494628235,0.9996586622379888,0.99999998736485,0.99999998736485,0.99999998736485,0.02599293728730952,0.02587408540154211,0.02608848258229344,0.025993570291009,0.025874510415280237,0.026089280324148024
