scheme,injected_beta,base_beta,readout_sigma,parameter,batches,draws_per_batch,checkpoint_epoch,cosine_defined_count,cosine_min,cosine_p10,cosine_median,cosine_p90,cosine_max,clean_eqprop_bptt_cosine_defined_count,clean_eqprop_bptt_cosine_min,clean_eqprop_bptt_cosine_p10,clean_eqprop_bptt_cosine_median,clean_eqprop_bptt_cosine_p90,clean_eqprop_bptt_cosine_max,noisy_clean_eqprop_cosine_defined_count,noisy_clean_eqprop_cosine_min,noisy_clean_eqprop_cosine_p10,noisy_clean_eqprop_cosine_median,noisy_clean_eqprop_cosine_p90,noisy_clean_eqprop_cosine_max,eqprop_over_bptt_norm_ratio_defined_count,eqprop_over_bptt_norm_ratio_min,eqprop_over_bptt_norm_ratio_p10,eqprop_over_bptt_norm_ratio_median,eqprop_over_bptt_norm_ratio_p90,eqprop_over_bptt_norm_ratio_max,relative_l2_difference_over_bptt_defined_count,relative_l2_difference_over_bptt_min,relative_l2_difference_over_bptt_p10,relative_l2_difference_over_bptt_median,relative_l2_difference_over_bptt_p90,relative_l2_difference_over_bptt_max,bptt_rms_defined_count,bptt_rms_min,bptt_rms_p10,bptt_rms_median,bptt_rms_p90,bptt_rms_max,clean_eqprop_rms_defined_count,clean_eqprop_rms_min,clean_eqprop_rms_p10,clean_eqprop_rms_median,clean_eqprop_rms_p90,clean_eqprop_rms_max,eqprop_rms_defined_count,eqprop_rms_min,eqprop_rms_p10,eqprop_rms_median,eqprop_rms_p90,eqprop_rms_max,added_noise_rms_defined_count,added_noise_rms_min,added_noise_rms_p10,added_noise_rms_median,added_noise_rms_p90,added_noise_rms_max,noise_over_clean_norm_defined_count,noise_over_clean_norm_min,noise_over_clean_norm_p10,noise_over_clean_norm_median,noise_over_clean_norm_p90,noise_over_clean_norm_max,bptt_near_zero_fraction_defined_count,bptt_near_zero_fraction_min,bptt_near_zero_fraction_p10,bptt_near_zero_fraction_median,bptt_near_zero_fraction_p90,bptt_near_zero_fraction_max,clean_eqprop_near_zero_fraction_defined_count,clean_eqprop_near_zero_fraction_min,clean_eqprop_near_zero_fraction_p10,clean_eqprop_near_zero_fraction_median,clean_eqprop_near_zero_fraction_p90,clean_eqprop_near_zero_fraction_max,eqprop_near_zero_fraction_defined_count,eqprop_near_zero_fraction_min,eqprop_near_zero_fraction_p10,eqprop_near_zero_fraction_median,eqprop_near_zero_fraction_p90,eqprop_near_zero_fraction_max,fraction_cosine_above_0.90,all_endpoint_residual_gates_passed
baseline,0.01,0.01,0.0,ConvWeight_0,36,1,0,36,0.9999960003223102,0.9999994005646394,0.9999999753163931,0.9999999950174862,0.9999999977450695,36,0.9999960003223102,0.9999994005646394,0.9999999753163931,0.9999999950174862,0.9999999977450695,36,0.9999999999999998,0.9999999999999998,1.0,1.0000000000000002,1.0000000000000002,36,0.9993771994816943,0.9999302697143206,0.9999827435954892,1.0001222164463697,1.000519819497385,36,7.82289176896241e-05,0.00010608282963659918,0.00022296061727408937,0.001230011494264041,0.002830871777698319,36,1.487013692803692e-05,2.358917012265396e-05,3.5342085165852094e-05,7.592033362781505e-05,0.0001016269618514108,36,1.4870353815272212e-05,2.358989511514089e-05,3.533121249179592e-05,7.59185431830039e-05,0.00010162266925129223,36,1.4870353815272212e-05,2.358989511514089e-05,3.533121249179592e-05,7.59185431830039e-05,0.00010162266925129223,36,0.0,0.0,0.0,0.0,0.0,36,0.0,0.0,0.0,0.0,0.0,36,0.0,0.0,0.0,0.0,0.0,36,0.0,0.0,0.0,0.0,0.0008680555555555555,36,0.0,0.0,0.0,0.0,0.0008680555555555555,1.0,True
baseline,0.01,0.01,0.0,ConvWeight_1,36,1,0,36,0.9999989265076356,0.999999609137751,0.9999999998133142,0.999999999972579,0.9999999999894541,36,0.9999989265076356,0.999999609137751,0.9999999998133142,0.999999999972579,0.9999999999894541,36,0.9999999999999798,0.9999999999999821,0.9999999999999856,0.9999999999999887,0.9999999999999908,36,0.9998459346532051,1.0000000795279504,1.0000018297821311,1.0000484607186753,1.000237301941129,36,4.592597144903046e-06,7.4067971438959706e-06,1.9460212152232478e-05,0.0009054538257378061,0.0014658329784304096,36,2.2030462917751595e-06,2.437703730371551e-06,2.7137377430664567e-06,3.4262649832935285e-06,4.271508161193056e-06,36,2.2030467163543964e-06,2.4377049622706173e-06,2.713740412585939e-06,3.4263130860402713e-06,4.2715372222478175e-06,36,2.2030467163543964e-06,2.4377049622706173e-06,2.713740412585939e-06,3.4263130860402713e-06,4.2715372222478175e-06,36,0.0,0.0,0.0,0.0,0.0,36,0.0,0.0,0.0,0.0,0.0,36,0.0,0.0,0.0,0.0,1.3563368055555555e-05,36,0.0,0.0,0.0,1.3563368055555555e-05,1.3563368055555555e-05,36,0.0,0.0,0.0,1.3563368055555555e-05,1.3563368055555555e-05,1.0,True
baseline,0.01,0.01,0.0,ConvWeight_2,36,1,0,36,0.9999990189398579,0.9999997154130056,0.9999999999999711,0.9999999999999949,0.9999999999999993,36,0.9999990189398579,0.9999997154130056,0.9999999999999711,0.9999999999999949,0.9999999999999993,36,0.999999999999993,0.9999999999999944,0.9999999999999998,1.0000000000000058,1.0000000000000082,36,0.9999831822569201,0.9999993160726504,0.9999999968774973,1.0000002148936566,1.0000521289347393,36,5.963197830736401e-08,9.290830345304872e-08,2.4060977700601406e-07,0.0007529124950138799,0.0014007567411775095,36,2.3104475367001286e-06,2.347845666716152e-06,2.640595610815321e-06,2.844265211780852e-06,2.9589854256169647e-06,36,2.310447528339319e-06,2.347825791948509e-06,2.6405956055416304e-06,2.8442680478146406e-06,2.9589854263197048e-06,36,2.310447528339319e-06,2.347825791948509e-06,2.6405956055416304e-06,2.8442680478146406e-06,2.9589854263197048e-06,36,0.0,0.0,0.0,0.0,0.0,36,0.0,0.0,0.0,0.0,0.0,36,0.0,0.0,0.0,0.0,3.3908420138888887e-06,36,0.0,0.0,0.0,0.0,3.3908420138888887e-06,36,0.0,0.0,0.0,0.0,3.3908420138888887e-06,1.0,True
baseline,0.01,0.01,0.0,DenseWeight_0,36,1,0,36,0.9999999999998896,0.9999999999999525,0.999999999999996,1.0000000000000342,1.0000000000000588,36,0.9999999999998896,0.9999999999999525,0.999999999999996,1.0000000000000342,1.0000000000000588,36,0.9999999999998678,0.9999999999999242,1.0000000000000004,1.0000000000000655,1.0000000000001406,36,0.9999999976200553,0.9999999990676536,1.0000000017198711,1.000000004269208,1.0000000053570202,36,5.619163883358614e-09,6.131417044928844e-09,9.506637965425282e-09,8.678891840452274e-08,2.299061212332783e-07,36,8.163833128207787e-05,8.480197002334858e-05,9.423980978135194e-05,0.00010643494093854784,0.0001137129627120389,36,8.163833157429286e-05,8.480197028112098e-05,9.423980990003173e-05,0.00010643494102693364,0.00011371296298558912,36,8.163833157429286e-05,8.480197028112098e-05,9.423980990003173e-05,0.00010643494102693364,0.00011371296298558912,36,0.0,0.0,0.0,0.0,0.0,36,0.0,0.0,0.0,0.0,0.0,36,0.0,0.0,0.0,7.971938775510205e-06,1.594387755102041e-05,36,0.0,0.0,0.0,5.978954081632654e-06,1.1957908163265306e-05,36,0.0,0.0,0.0,5.978954081632654e-06,1.1957908163265306e-05,1.0,True
baseline,0.01,0.01,1e-05,ConvWeight_0,36,1,0,36,-0.24246895915673705,-0.12836093267053933,-0.04982440949370554,0.09225620923832009,0.1684303438327945,36,0.9999960003223102,0.9999994005646394,0.9999999753163931,0.9999999950174862,0.9999999977450695,36,-0.24245002460418535,-0.12830684159674316,-0.04996469806513311,0.09220209708782387,0.16843523211781736,36,2649.9387636833385,3438.514946413946,7093.044681963354,11362.774876986998,19924.040436741747,36,2650.012685039943,3438.601714046246,7093.037633457035,11362.756658941966,19924.086434952213,36,1.487013692803692e-05,2.358917012265396e-05,3.5342085165852094e-05,7.592033362781505e-05,0.0001016269618514108,36,1.4870353815272212e-05,2.358989511514089e-05,3.533121249179592e-05,7.59185431830039e-05,0.00010162266925129223,36,0.23181874467983699,0.24597682344396132,0.26491061780081676,0.2904794658795049,0.31783775446331003,36,0.23182444567308966,0.2459726578546416,0.26491348474582954,0.2904791987990957,0.31784324685738413,36,2650.1246205612683,3438.680733509216,7093.219194050469,11362.982154796635,19923.79588286624,36,0.0,0.0,0.0,0.0,0.0,36,0.0,0.0,0.0,0.0,0.0008680555555555555,36,0.0,0.0,0.0,0.0,0.0,0.0,True
baseline,0.01,0.01,1e-05,ConvWeight_1,36,1,0,36,-0.05185382980882837,-0.03500221603653861,0.008126129443774707,0.049819812007849296,0.06547236091875318,36,0.9999989265076356,0.999999609137751,0.9999999998133142,0.999999999972579,0.9999999999894541,36,-0.05187090443573096,-0.03500397001387767,0.008126238008939662,0.04981963773432069,0.06547331849519464,36,2323.5409944258017,2879.590682756927,3751.754285146584,4194.436507605711,4695.420170169504,36,2323.5498435985955,2879.5913506215343,3751.7099078982287,4194.425084953606,4695.403157632851,36,2.2030462917751595e-06,2.437703730371551e-06,2.7137377430664567e-06,3.4262649832935285e-06,4.271508161193056e-06,36,2.2030467163543964e-06,2.4377049622706173e-06,2.713740412585939e-06,3.4263130860402713e-06,4.2715372222478175e-06,36,0.00930896146782921,0.00951418400859699,0.009971920811886532,0.010459397157818006,0.012090860929607618,36,0.00930909830854825,0.009514247844203535,0.009971892883004107,0.010459390379380323,0.012090817118498569,36,2323.534035368549,2879.558898492466,3751.7071753675846,4194.424766085411,4695.4025298744855,36,0.0,0.0,0.0,0.0,1.3563368055555555e-05,36,0.0,0.0,0.0,1.3563368055555555e-05,1.3563368055555555e-05,36,0.0,0.0,0.0,0.0,0.0,0.0,True
baseline,0.01,0.01,1e-05,ConvWeight_2,36,1,0,36,-0.013275499760867298,-0.0067913480722188065,0.01800699466404567,0.03867751332293525,0.0661747779224657,36,0.9999990189398579,0.9999997154130056,0.9999999999999711,0.9999999999999949,0.9999999999999993,36,-0.013275519883803428,-0.006791541821471755,0.0179939895488299,0.038664310265543414,0.06617479889258851,36,52.018440788731056,56.966109774838955,62.154063889324775,68.50016476649002,71.0642949193613,36,52.022697451981855,56.9672120195321,62.13474797910409,68.49671130036822,71.0610418958407,36,2.3104475367001286e-06,2.347845666716152e-06,2.640595610815321e-06,2.844265211780852e-06,2.9589854256169647e-06,36,2.310447528339319e-06,2.347825791948509e-06,2.6405956055416304e-06,2.8442680478146406e-06,2.9589854263197048e-06,36,0.00014742536750179196,0.00015200525295014426,0.00015987506682369835,0.00017588204878757384,0.00018727427646276424,36,0.000147278149398132,0.00015197803260587345,0.0001598926718535987,0.00017583602850185752,0.000187237942677298,36,52.02263662388761,56.967212908664436,62.133143690147094,68.49671133213505,71.06104178750508,36,0.0,0.0,0.0,0.0,3.3908420138888887e-06,36,0.0,0.0,0.0,0.0,3.3908420138888887e-06,36,0.0,0.0,0.0,0.0,0.0,0.0,True
baseline,0.01,0.01,1e-05,DenseWeight_0,36,1,0,36,0.9976779499957976,0.997890490488692,0.9983465145684707,0.9986283702648915,0.9988404118225553,36,0.9999999999998896,0.9999999999999525,0.999999999999996,1.0000000000000342,1.0000000000000588,36,0.9976779500506723,0.997890490601159,0.9983465145609987,0.9986283702551495,0.9988404117851027,36,0.9875297016031013,0.9907469864384835,1.0014484670252863,1.009679124278158,1.015705886853075,36,0.04945466485421112,0.053231179860937186,0.057867380552038494,0.06551251664956799,0.07007420982290372,36,8.163833128207787e-05,8.480197002334858e-05,9.423980978135194e-05,0.00010643494093854784,0.0001137129627120389,36,8.163833157429286e-05,8.480197028112098e-05,9.423980990003173e-05,0.00010643494102693364,0.00011371296298558912,36,8.117469817219845e-05,8.463801420890562e-05,9.515978784935028e-05,0.0001071114892827498,0.00011329752501441327,36,4.926017910906114e-06,5.0309044674710365e-06,5.517039062717575e-06,6.165941197996286e-06,6.550592516089638e-06,36,0.04945466680597956,0.053231179831591036,0.05786738042721313,0.06551251679956027,0.07007420817469039,36,0.0,0.0,0.0,7.971938775510205e-06,1.594387755102041e-05,36,0.0,0.0,0.0,5.978954081632654e-06,1.1957908163265306e-05,36,0.0,0.0,0.0,0.0,0.0,1.0,True
baseline,0.01,0.01,3e-05,ConvWeight_0,36,1,0,36,-0.2425136764952901,-0.12848537665120546,-0.04989676702878695,0.09210628964878172,0.16833597246371962,36,0.9999960003223102,0.9999994005646394,0.9999999753163931,0.9999999950174862,0.9999999977450695,36,-0.2424947421587402,-0.12843128629915684,-0.0500370553195411,0.09205217670181821,0.16834086082993233,36,7949.964003159013,10315.718260357495,21279.119860552528,34088.28815653162,59772.21322404183,36,7950.0380496035905,10315.805124220627,21279.112858962108,34088.26996732921,59772.25923894588,36,1.487013692803692e-05,2.358917012265396e-05,3.5342085165852094e-05,7.592033362781505e-05,0.0001016269618514108,36,1.4870353815272212e-05,2.358989511514089e-05,3.533121249179592e-05,7.59185431830039e-05,0.00010162266925129223,36,0.695467632947981,0.7379221340017085,0.7947375846437669,0.8714378620531023,0.9535242480350026,36,0.6954733372720284,0.7379179738990279,0.7947404532253033,0.8714375964346803,0.9535297409355249,36,7950.37386125094,10316.042185057544,21279.657530522447,34088.94642876409,59771.38749288576,36,0.0,0.0,0.0,0.0,0.0,36,0.0,0.0,0.0,0.0,0.0008680555555555555,36,0.0,0.0,0.0,0.0,0.0,0.0,True
baseline,0.01,0.01,3e-05,ConvWeight_1,36,1,0,36,-0.052041733790547016,-0.035202868364162504,0.007971108322992927,0.04965215839866126,0.06527107115443972,36,0.9999989265076356,0.999999609137751,0.9999999998133142,0.999999999972579,0.9999999999894541,36,-0.052058808337064985,-0.03520462232781385,0.00797121688848934,0.049651984124886944,0.06527202874431808,36,6970.641444716678,8638.773579635632,11255.17424375797,12583.286561498764,14086.227245459779,36,6970.650437350497,8638.774363141785,11255.129955183009,12583.275218204471,14086.210303882817,36,2.2030462917751595e-06,2.437703730371551e-06,2.7137377430664567e-06,3.4262649832935285e-06,4.271508161193056e-06,36,2.2030467163543964e-06,2.4377049622706173e-06,2.713740412585939e-06,3.4263130860402713e-06,4.2715372222478175e-06,36,0.027927159621396715,0.02854267985284765,0.029915703837150476,0.03137817650972226,0.03627249713023131,36,0.027927296709291782,0.028542743988927893,0.029915676117878938,0.03137816994755513,0.03627245350184584,36,6970.603012950905,8638.677005481268,11255.121758397167,12583.274261743172,14086.208423146763,36,0.0,0.0,0.0,0.0,1.3563368055555555e-05,36,0.0,0.0,0.0,1.3563368055555555e-05,1.3563368055555555e-05,36,0.0,0.0,0.0,0.0,0.0,0.0,True
baseline,0.01,0.01,3e-05,ConvWeight_2,36,1,0,36,-0.02332485542500317,-0.017087883353057456,0.007168710456029848,0.02753934222948604,0.05464021742646137,36,0.9999990189398579,0.9999997154130056,0.9999999999999711,0.9999999999999949,0.9999999999999993,36,-0.02332487554366095,-0.0170880774298579,0.007155701158662233,0.027526133145231634,0.05464023841099499,36,156.05769774346203,170.8940153393088,186.41742408243798,205.48886530651407,213.1818958434142,36,156.0683618359262,170.90096818389043,186.4034696969476,205.49027812125314,213.18333314915435,36,2.3104475367001286e-06,2.347845666716152e-06,2.640595610815321e-06,2.844265211780852e-06,2.9589854256169647e-06,36,2.310447528339319e-06,2.347825791948509e-06,2.6405956055416304e-06,2.8442680478146406e-06,2.9589854263197048e-06,36,0.00044197125653604554,0.00045594663681085377,0.0004796424539357271,0.0005275399051563556,0.0005617374389560514,36,0.0004418388078108014,0.0004559328913577165,0.00047967546774084924,0.0005275090392951499,0.0005617135357865094,36,156.06817798672026,170.9009708394954,186.39860444052013,205.4902782244601,213.18333282868974,36,0.0,0.0,0.0,0.0,3.3908420138888887e-06,36,0.0,0.0,0.0,0.0,3.3908420138888887e-06,36,0.0,0.0,0.0,0.0,0.0,0.0,True
baseline,0.01,0.01,3e-05,DenseWeight_0,36,1,0,36,0.9796484671840532,0.9808688723281795,0.9850884497302667,0.9881712363317825,0.9896122573927091,36,0.9999999999998896,0.9999999999999525,0.999999999999996,1.0000000000000342,1.0000000000000588,36,0.9796484670506157,0.9808688724287571,0.9850884497078151,0.9881712363028966,0.9896122573397088,36,0.9697004420662391,0.9838505582027132,1.015447276107732,1.0379574424232203,1.0586226381909838,36,0.14836476984038421,0.15969344205298663,0.17360228328976052,0.19653768532224603,0.2102229592849436,36,8.163833128207787e-05,8.480197002334858e-05,9.423980978135194e-05,0.00010643494093854784,0.0001137129627120389,36,8.163833157429286e-05,8.480197028112098e-05,9.423980990003173e-05,0.00010643494102693364,0.00011371296298558912,36,8.105873169024444e-05,8.681634952669722e-05,9.54054900794282e-05,0.00010761474067170057,0.00011360093940920805,36,1.477805696398609e-05,1.509282988573858e-05,1.655109106395836e-05,1.849783516986371e-05,1.9651825327720993e-05,36,0.14836477126490008,0.15969344186518694,0.1736022828831299,0.19653768527572693,0.21022295713506478,36,0.0,0.0,0.0,7.971938775510205e-06,1.594387755102041e-05,36,0.0,0.0,0.0,5.978954081632654e-06,1.1957908163265306e-05,36,0.0,0.0,0.0,0.0,0.0,1.0,True
baseline,0.01,0.01,0.0001,ConvWeight_0,36,1,0,36,-0.24252933134408294,-0.12852892997163054,-0.049922099480916325,0.09205382050016284,0.16830293704462093,36,0.9999960003223102,0.9999994005646394,0.9999999753163931,0.9999999950174862,0.9999999977450695,36,-0.24251039708167274,-0.12847483986865216,-0.050062387659475543,0.091999707275232,0.1683078254377234,36,26500.052876315014,34385.93012311356,70930.38309635404,113627.58476952638,199240.81727405064,36,26500.12696653733,34386.017020660016,70930.37611118602,113627.5665904165,199240.86329479283,36,1.487013692803692e-05,2.358917012265396e-05,3.5342085165852094e-05,7.592033362781505e-05,0.0001016269618514108,36,1.4870353815272212e-05,2.358989511514089e-05,3.533121249179592e-05,7.59185431830039e-05,0.00010162266925129223,36,2.3182387504681543,2.459730742854585,2.649131969283424,2.904792254214058,3.178426966067789,36,2.318244455957875,2.4597265846723073,2.6491348384377673,2.904791989107321,3.1784324591456596,36,26501.246344631723,34386.80722630631,70932.19167113682,113629.82143137543,199237.95736983427,36,0.0,0.0,0.0,0.0,0.0,36,0.0,0.0,0.0,0.0,0.0008680555555555555,36,0.0,0.0,0.0,0.0,0.0,0.0,True
baseline,0.01,0.01,0.0001,ConvWeight_1,36,1,0,36,-0.052107487381664284,-0.03527310811044852,0.00791684487339499,0.04959351408673228,0.06520062132842427,36,0.9999989265076356,0.999999609137751,0.9999999998133142,0.999999999972579,0.9999999999894541,36,-0.05212456193428591,-0.035274862064093346,0.007916953439689746,0.04959333981510466,0.06520157892548997,36,23235.50299857264,28795.917338714404,37517.146820516544,41944.261620618476,46954.06098825768,36,23235.512041453658,28795.918162630172,37517.10256298994,41944.25030509231,46954.04407148178,36,2.2030462917751595e-06,2.437703730371551e-06,2.7137377430664567e-06,3.4262649832935285e-06,4.271508161193056e-06,36,2.2030467163543964e-06,2.4377049622706173e-06,2.713740412585939e-06,3.4263130860402713e-06,4.2715372222478175e-06,36,0.09309087267722407,0.09514242105938724,0.09971891851952988,0.10459389242971506,0.12090824695435996,36,0.09309100985159952,0.0951424853007361,0.09971889087369876,0.10459388594335597,0.12090820338983801,36,23235.35396039589,28795.59363561443,37517.07524130322,41944.247117054605,46954.03780532267,36,0.0,0.0,0.0,0.0,1.3563368055555555e-05,36,0.0,0.0,0.0,1.3563368055555555e-05,1.3563368055555555e-05,36,0.0,0.0,0.0,0.0,0.0,0.0,True
baseline,0.01,0.01,0.0001,ConvWeight_2,36,1,0,36,-0.02684226913928757,-0.020690673378004218,0.0033755483358489354,0.023638170680900038,0.05059906334443922,36,0.9999990189398579,0.9999997154130056,0.9999999999999711,0.9999999999999949,0.9999999999999993,36,-0.026842289254144492,-0.02069086785556736,0.0033625377306886455,0.023624959499669203,0.050599084332531456,36,520.2182859189031,569.6532785874937,621.3475980369386,684.9663689988404,710.6106723058305,36,520.231191576428,569.6622807462065,621.3355194596361,684.969484574553,710.6137499724996,36,2.3104475367001286e-06,2.347845666716152e-06,2.640595610815321e-06,2.844265211780852e-06,2.9589854256169647e-06,36,2.310447528339319e-06,2.347825791948509e-06,2.6405956055416304e-06,2.8442680478146406e-06,2.9589854263197048e-06,36,0.0014729747300233683,0.001519771822794881,0.001598850620981938,0.0017584006410854725,0.0018723950411751774,36,0.0014728474515657845,0.0015197627937707289,0.0015988890272139755,0.0017583750752406127,0.0018723754927008143,36,520.2305771497487,569.6622895842934,621.3192410088493,684.9694849278005,710.613748909581,36,0.0,0.0,0.0,0.0,3.3908420138888887e-06,36,0.0,0.0,0.0,0.0,3.3908420138888887e-06,36,0.0,0.0,0.0,0.0,0.0,0.0,True
baseline,0.01,0.01,0.0001,DenseWeight_0,36,1,0,36,0.8090618934123189,0.8270490769335196,0.8637747920345323,0.892151235921808,0.9068225257357627,36,0.9999999999998896,0.9999999999999525,0.999999999999996,1.0000000000000342,1.0000000000000588,36,0.8090618918285543,0.8270490777645889,0.8637747921383438,0.8921512355380155,0.9068225255803447,36,0.9860392912422948,1.066555438059431,1.1613986189148742,1.2283610627908774,1.314224030087021,36,0.4945612119030882,0.5323135705905349,0.5786799300844326,0.6551307086844205,0.7007515734913178,36,8.163833128207787e-05,8.480197002334858e-05,9.423980978135194e-05,0.00010643494093854784,0.0001137129627120389,36,8.163833157429286e-05,8.480197028112098e-05,9.423980990003173e-05,0.00010643494102693364,0.00011371296298558912,36,8.987889068436403e-05,9.885349988909611e-05,0.00010775093020842388,0.00012375733969230082,0.0001309267831694111,36,4.926063961907725e-05,5.0311173548184e-05,5.517033350079607e-05,6.165992997165777e-05,6.550692946448231e-05,36,0.4945612114821483,0.5323135698480648,0.5786799286914542,0.6551307079501115,0.7007515695855837,36,0.0,0.0,0.0,7.971938775510205e-06,1.594387755102041e-05,36,0.0,0.0,0.0,5.978954081632654e-06,1.1957908163265306e-05,36,0.0,0.0,0.0,0.0,0.0,0.027777777777777776,True
baseline,0.01,0.01,0.0003,ConvWeight_0,36,1,0,36,-0.2425338156092643,-0.12854137091772366,-0.04992935720016986,0.09203884032956694,0.16829348712229136,36,0.9999960003223102,0.9999994005646394,0.9999999753163931,0.9999999950174862,0.9999999977450695,36,-0.2425148813639425,-0.1284872808748983,-0.05006964530677073,0.09198472702651492,0.16829837551893556,36,79500.30803191545,103157.9636595179,212791.13437811105,340882.71820584894,597722.5364839692,36,79500.38213464017,103158.05056669706,212791.12739763933,340882.70002961543,597722.5825063672,36,1.487013692803692e-05,2.358917012265396e-05,3.5342085165852094e-05,7.592033362781505e-05,0.0001016269618514108,36,1.4870353815272212e-05,2.358989511514089e-05,3.533121249179592e-05,7.59185431830039e-05,0.00010162266925129223,36,6.954727652090558,7.379183953683242,7.947401591912171,8.714376243969902,9.535291781555209,36,6.954733357912999,7.3791797960496766,7.947404461230231,8.714375979009349,9.53529727468401,36,79503.7402740591,103160.42118608527,212796.57406730272,340889.46452630626,597713.8646417961,36,0.0,0.0,0.0,0.0,0.0,36,0.0,0.0,0.0,0.0,0.0008680555555555555,36,0.0,0.0,0.0,0.0,0.0,0.0,True
baseline,0.01,0.01,0.0003,ConvWeight_1,36,1,0,36,-0.05212624109800453,-0.0352932121261399,0.007901324093420875,0.04957685974602008,0.06518050251335006,36,0.9999989265076356,0.999999609137751,0.9999999998133142,0.999999999972579,0.9999999999894541,36,-0.05214331575056039,-0.03529496606206927,0.007901432661894804,0.049576685481383,0.06518146011959232,36,69706.61783915762,86387.7847250411,112551.37528427696,125832.75870231164,140862.2325848883,36,69706.62689649806,86387.78556031686,112551.33103565659,125832.74739469834,140862.21567509853,36,2.2030462917751595e-06,2.437703730371551e-06,2.7137377430664567e-06,3.4262649832935285e-06,4.271508161193056e-06,36,2.2030467163543964e-06,2.4377049622706173e-06,2.713740412585939e-06,3.4263130860402713e-06,4.2715372222478175e-06,36,0.2792730710818979,0.2854274376210443,0.2991564474632896,0.3137815455310094,0.36272486863650355,36,0.2792732082808956,0.28542750189276583,0.29915641983866004,0.313781539066633,0.36272482508997134,36,69706.15265300388,86386.8119780416,112551.24907133072,125832.7378307236,140862.19687914912,36,0.0,0.0,0.0,0.0,1.3563368055555555e-05,36,0.0,0.0,0.0,1.3563368055555555e-05,1.3563368055555555e-05,36,0.0,0.0,0.0,0.0,0.0,0.0,True
baseline,0.01,0.01,0.0003,ConvWeight_2,36,1,0,36,-0.027851717789689957,-0.02172022336697492,0.00229469467586783,0.022522804358006243,0.049447696271600346,36,0.9999990189398579,0.9999997154130056,0.9999999999999711,0.9999999999999949,0.9999999999999993,36,-0.02785173789815278,-0.021720418791286784,0.002281683200660172,0.02250959166117003,0.049447717258217366,36,1560.7133300187857,1708.91659144069,1863.9424713612273,2054.92641349937,2131.865963767459,36,1560.7268738550417,1708.9261839862327,1863.9309254006434,2054.930014228664,2131.869506436285,36,2.3104475367001286e-06,2.347845666716152e-06,2.640595610815321e-06,2.844265211780852e-06,2.9589854256169647e-06,36,2.310447528339319e-06,2.347825791948509e-06,2.6405956055416304e-06,2.8442680478146406e-06,2.9589854263197048e-06,36,0.004419123439033983,0.004559194776758264,0.004796390387034514,0.005275261243315609,0.005617130963426032,36,0.004418997628680176,0.004559187093939388,0.004796430334171581,0.0052752371772949195,0.00561711266874455,36,1560.7250291709895,1708.9262104871614,1863.8820394272161,2054.9300152963233,2131.869503252029,36,0.0,0.0,0.0,0.0,3.3908420138888887e-06,36,0.0,0.0,0.0,0.0,3.3908420138888887e-06,36,0.0,0.0,0.0,0.0,0.0,0.0,True
baseline,0.01,0.01,0.0003,DenseWeight_0,36,1,0,36,0.3179141935913456,0.37265386247998233,0.5056459286624091,0.6039847748701993,0.6243149042332188,36,0.9999999999998896,0.9999999999999525,0.999999999999996,1.0000000000000342,1.0000000000000588,36,0.31791419103759055,0.372653862856411,0.5056459286967157,0.6039847735796358,0.6243149039451947,36,1.544292480291182,1.8663284058140888,2.0203439342448295,2.225589930053096,2.4756307739332644,36,1.4838629112790291,1.5970418932549362,1.736191099909477,1.9655261846604366,2.102442210215493,36,8.163833128207787e-05,8.480197002334858e-05,9.423980978135194e-05,0.00010643494093854784,0.0001137129627120389,36,8.163833157429286e-05,8.480197028112098e-05,9.423980990003173e-05,0.00010643494102693364,0.00011371296298558912,36,0.00016085953196020103,0.00017095173203908112,0.00018813653974445588,0.00021024592066636911,0.0002278929829620305,36,0.00014779636833611712,0.00015095825149329442,0.00016551986452657968,0.00018499275342196263,0.00019653542678491968,36,1.48386290558433,1.59704189092754,1.736191095697894,1.9655261819609002,2.1024422012924684,36,0.0,0.0,0.0,7.971938775510205e-06,1.594387755102041e-05,36,0.0,0.0,0.0,5.978954081632654e-06,1.1957908163265306e-05,36,0.0,0.0,0.0,0.0,0.0,0.0,True
baseline,0.01,0.01,0.0005,ConvWeight_0,36,1,0,36,-0.24253472252965877,-0.12854385687319123,-0.04993082655247713,0.09203585423121874,0.16829158723202964,36,0.9999960003223102,0.9999994005646394,0.9999999753163931,0.9999999950174862,0.9999999977450695,36,-0.24251578828410192,-0.12848976683259017,-0.05007111460931157,0.09198174091372602,0.1682964756257254,36,132500.56487622883,171929.99655110986,354651.88438826613,568137.8520656908,996204.24587545,36,132500.6389814491,171930.0834602233,354651.87740873743,568137.8338900259,996204.2918981682,36,1.487013692803692e-05,2.358917012265396e-05,3.5342085165852094e-05,7.592033362781505e-05,0.0001016269618514108,36,1.4870353815272212e-05,2.358989511514089e-05,3.533121249179592e-05,7.59185431830039e-05,0.00010162266925129223,36,11.591216543020161,12.298637220958547,13.245671144013055,14.523960248160147,15.892156456250785,36,11.591222248908855,12.29863306343474,13.245674013363917,14.523959983228817,15.892161949389997,36,132506.23588226349,171934.03449335508,354660.95518815273,568149.1080423741,996189.7620941274,36,0.0,0.0,0.0,0.0,0.0,36,0.0,0.0,0.0,0.0,0.0008680555555555555,36,0.0,0.0,0.0,0.0,0.0,0.0,True
baseline,0.01,0.01,0.0005,ConvWeight_1,36,1,0,36,-0.052129962521643286,-0.03529726455129749,0.007898204884973427,0.049573618839528176,0.06517648746055839,36,0.9999989265076356,0.999999609137751,0.9999999998133142,0.999999999972579,0.9999999999894541,36,-0.052147037281456185,-0.03529901847047767,0.007898313455617405,0.04957344458195785,0.06517744507496727,36,116177.85385586329,143979.69371192233,187585.63511107076,209721.25133336135,234770.5156710892,36,116177.86291618683,143979.69454930502,187585.59086426307,209721.240027313,234770.49876260757,36,2.2030462917751595e-06,2.437703730371551e-06,2.7137377430664567e-06,3.4262649832935285e-06,4.271508161193056e-06,36,2.2030467163543964e-06,2.4377049622706173e-06,2.713740412585939e-06,3.4263130860402713e-06,4.2715372222478175e-06,36,0.46545550844793404,0.47571251611825754,0.4985936399670284,0.5229690408444452,0.6045417774079468,36,0.46545564565177944,0.4757125803963155,0.49859361234683336,0.5229690343847526,0.6045417338647842,36,116177.07250943176,143978.07191182917,187585.45425720024,209721.22408739378,234770.46743685319,36,0.0,0.0,0.0,0.0,1.3563368055555555e-05,36,0.0,0.0,0.0,1.3563368055555555e-05,1.3563368055555555e-05,36,0.0,0.0,0.0,0.0,0.0,0.0,True
baseline,0.01,0.01,0.0005,ConvWeight_2,36,1,0,36,-0.02805762761163068,-0.02192633911910697,0.0020811309685382683,0.022299152247480664,0.04922047649153589,36,0.9999990189398579,0.9999997154130056,0.9999999999999711,0.9999999999999949,0.9999999999999993,36,-0.028057647714060212,-0.021926535472335126,0.0020681189035697623,0.022285938453160542,0.049220497475599874,36,2601.265294541491,2848.110848319465,3106.449786420744,3424.9288121985537,3553.173212584309,36,2601.2789639726607,2848.12056324941,3106.4383440379197,3424.932508747745,3553.176844978847,36,2.3104475367001286e-06,2.347845666716152e-06,2.640595610815321e-06,2.844265211780852e-06,2.9589854256169647e-06,36,2.310447528339319e-06,2.347825791948509e-06,2.6405956055416304e-06,2.8442680478146406e-06,2.9589854263197048e-06,36,0.007365916115931232,0.007598519610690392,0.00799364912413852,0.008792303015244318,0.009361878014473435,36,0.007365790591340009,0.007598512195907886,0.007993689379573045,0.008792279236344597,0.009361859979092457,36,2601.275888964528,2848.1206074112742,3106.3568525867204,3424.932510529842,3553.1768396731745,36,0.0,0.0,0.0,0.0,3.3908420138888887e-06,36,0.0,0.0,0.0,0.0,3.3908420138888887e-06,36,0.0,0.0,0.0,0.0,0.0,0.0,True
baseline,0.01,0.01,0.0005,DenseWeight_0,36,1,0,36,0.1260330397561665,0.15879106723064185,0.3284556950558529,0.46421020830962645,0.4907712275098953,36,0.9999999999998896,0.9999999999999525,0.999999999999996,1.0000000000000342,1.0000000000000588,36,0.12603303708565675,0.15879106956192973,0.32845569414134235,0.4642102077267737,0.49077122783413407,36,2.399350266278689,2.871377496252893,3.0915382872309296,3.4593201285029522,3.8031112552652413,36,2.4735928078242044,2.6621105382967567,2.8941579320406445,3.2763236354882324,3.5046683765906366,36,8.163833128207787e-05,8.480197002334858e-05,9.423980978135194e-05,0.00010643494093854784,0.0001137129627120389,36,8.163833157429286e-05,8.480197028112098e-05,9.423980990003173e-05,0.00010643494102693364,0.00011371296298558912,36,0.0002523390986483464,0.0002677714091142698,0.0002882616125849531,0.0003191331006739792,0.0003459347592041205,36,0.000246377515392745,0.00025166251947614075,0.0002759024634633678,0.00030836471986137406,0.00032760169813493084,36,2.47359279685331,2.662110534383908,2.894157925009173,3.2763236308229815,3.504668362648533,36,0.0,0.0,0.0,7.971938775510205e-06,1.594387755102041e-05,36,0.0,0.0,0.0,5.978954081632654e-06,1.1957908163265306e-05,36,0.0,0.0,0.0,0.0,0.0,0.0,True
baseline,0.01,0.01,0.001,ConvWeight_0,36,1,0,36,-0.24253542476245163,-0.1285457164373674,-0.04993196740572575,0.09203363640898629,0.16829014048467766,36,0.9999960003223102,0.9999994005646394,0.9999999753163931,0.9999999950174862,0.9999999977450695,36,-0.24251649050877827,-0.12849162637698025,-0.05007225534780248,0.09197952308322767,0.16829502886813347,36,265001.21428755566,343860.07593113335,709303.7539355562,1136275.6884637913,1992408.4763315965,36,265001.28839463677,343860.1628417147,709303.746956743,1136275.670288539,1992408.5223545309,36,1.487013692803692e-05,2.358917012265396e-05,3.5342085165852094e-05,7.592033362781505e-05,0.0001016269618514108,36,1.4870353815272212e-05,2.358989511514089e-05,3.533121249179592e-05,7.59185431830039e-05,0.00010162266925129223,36,23.182438722134034,24.59727063582582,26.49134471371637,29.047920321824797,31.784317530747163,36,23.182444428071776,24.597266478384384,26.49134758309195,29.047920056915356,31.784323023894686,36,265012.48219924804,343868.0649092123,709321.9025107143,1136298.2185797081,1992379.4627024438,36,0.0,0.0,0.0,0.0,0.0,36,0.0,0.0,0.0,0.0,0.0008680555555555555,36,0.0,0.0,0.0,0.0,0.0,0.0,True
baseline,0.01,0.01,0.001,ConvWeight_1,36,1,0,36,-0.05213268918434275,-0.035300372909266756,0.007895832518064938,0.04957138473805592,0.06517349496287872,36,0.9999989265076356,0.999999609137751,0.9999999998133142,0.999999999972579,0.9999999999894541,36,-0.052149764215407984,-0.03530212678698964,0.007895941094129659,0.04957121049818648,0.0651744525972583,36,232356.4750580323,287959.6494319795,375171.4236426305,419442.4652789576,469541.7126978097,36,232356.48412079323,287959.6502705816,375171.37939725077,419442.4539740423,469541.69579011644,36,2.2030462917751595e-06,2.437703730371551e-06,2.7137377430664567e-06,3.4262649832935285e-06,4.271508161193056e-06,36,2.2030467163543964e-06,2.4377049622706173e-06,2.713740412585939e-06,3.4263130860402713e-06,4.2715372222478175e-06,36,0.9309126522925466,0.95142548788686,0.9971851538503533,1.0459370930128342,1.2090853093289922,36,0.9309127894998588,0.9514255521702464,0.9971851262339098,1.045937086557282,1.2090852657878561,36,232354.9033022734,287956.40499534726,375171.1061829204,419442.42209423333,469541.6331397831,36,0.0,0.0,0.0,0.0,1.3563368055555555e-05,36,0.0,0.0,0.0,1.3563368055555555e-05,1.3563368055555555e-05,36,0.0,0.0,0.0,0.0,0.0,0.0,True
baseline,0.01,0.01,0.001,ConvWeight_2,36,1,0,36,-0.028220438927181554,-0.022081078748800137,0.0019266376332806947,0.022129793152091654,0.04905585192601987,36,0.9999990189398579,0.9999997154130056,0.9999999999999711,0.9999999999999949,0.9999999999999993,36,-0.028220459014380323,-0.02208127741380147,0.0019136244381138718,0.022116576997645673,0.049055872902838506,36,5202.986786795301,5695.881952772495,6212.435131485494,6850.222654238454,7106.776675632029,36,5203.000545712093,5695.891768744748,6212.423760513768,6850.226419941946,7106.780368100688,36,2.3104475367001286e-06,2.347845666716152e-06,2.640595610815321e-06,2.844265211780852e-06,2.9589854256169647e-06,36,2.310447528339319e-06,2.347825791948509e-06,2.6405956055416304e-06,2.8442680478146406e-06,2.9589854263197048e-06,36,0.0147359919148288,0.015196680532089358,0.015985824708895556,0.017585936925446695,0.018724015218510602,36,0.014735866589727217,0.015196673315806186,0.015985865195143417,0.01758591333410974,0.018723997396497886,36,5202.9943944901515,5695.89185705213,6212.260761497044,6850.226423510341,7106.7803574909785,36,0.0,0.0,0.0,0.0,3.3908420138888887e-06,36,0.0,0.0,0.0,0.0,3.3908420138888887e-06,36,0.0,0.0,0.0,0.0,0.0,0.0,True
baseline,0.01,0.01,0.001,DenseWeight_0,36,1,0,36,-0.07583173308730093,-0.018167600891651182,0.1631534753379283,0.3128823369370257,0.36304496486467885,36,0.9999999999998896,0.9999999999999525,0.999999999999996,1.0000000000000342,1.0000000000000588,36,-0.07583173386195406,-0.018167601500337707,0.16315347438545716,0.31288233713101166,0.3630449652106931,36,4.774004712997223,5.543585411643717,5.871979123682274,6.723049163543427,7.250544069894715,36,4.951278935994905,5.32788732564081,5.793334440759765,6.556832366196728,7.014823098886624,36,8.163833128207787e-05,8.480197002334858e-05,9.423980978135194e-05,0.00010643494093854784,0.0001137129627120389,36,8.163833157429286e-05,8.480197028112098e-05,9.423980990003173e-05,0.00010643494102693364,0.00011371296298558912,36,0.0004959870522713492,0.0005150735171275912,0.0005573529046098531,0.0006148149796043428,0.0006549704661713493,36,0.0004932347874611355,0.0005038638107767928,0.0005521708366312157,0.0006171378761187338,0.0006555762967096457,36,4.951278911814867,5.3278873177593695,5.793334432510514,6.5568323566128,7.014823072380874,36,0.0,0.0,0.0,7.971938775510205e-06,1.594387755102041e-05,36,0.0,0.0,0.0,5.978954081632654e-06,1.1957908163265306e-05,36,0.0,0.0,0.0,0.0,0.0,0.0,True
baseline,0.1,0.1,0.0,ConvWeight_0,36,1,0,36,0.9999688553092345,0.9999817658329302,0.9999983057353565,0.9999998682931968,0.9999999433751041,36,0.9999688553092345,0.9999817658329302,0.9999983057353565,0.9999998682931968,0.9999999433751041,36,0.9999999999999998,0.9999999999999998,1.0,1.0000000000000002,1.0000000000000002,36,0.9935339269300998,0.9973833943630845,0.9994365862976655,1.001524988938507,1.0037869515473996,36,0.0005737932217113426,0.0008591884341574603,0.002263334697158393,0.006329355854548175,0.007939528008003112,36,1.487013692803692e-05,2.358917012265396e-05,3.5342085165852094e-05,7.592033362781505e-05,0.0001016269618514108,36,1.4856393872020661e-05,2.3543270786396108e-05,3.5351172079537246e-05,7.582902060375746e-05,0.00010156626953196936,36,1.4856393872020661e-05,2.3543270786396108e-05,3.5351172079537246e-05,7.582902060375746e-05,0.00010156626953196936,36,0.0,0.0,0.0,0.0,0.0,36,0.0,0.0,0.0,0.0,0.0,36,0.0,0.0,0.0,0.0,0.0,36,0.0,0.0,0.0,0.0,0.0008680555555555555,36,0.0,0.0,0.0,0.0,0.0008680555555555555,1.0,True
baseline,0.1,0.1,0.0,ConvWeight_1,36,1,0,36,0.9999870026165795,0.9999931940718334,0.9999977915135414,0.9999993592106589,0.9999998466291597,36,0.9999870026165795,0.9999931940718334,0.9999977915135414,0.9999993592106589,0.9999998466291597,36,0.9999999999999807,0.9999999999999823,0.9999999999999869,0.99999999999999,0.9999999999999921,36,0.9988116075639196,0.9995393865332816,0.999938251532167,1.0004184122498079,1.000800417309882,36,0.0005609644596281058,0.0011381752786803886,0.0021201479200342686,0.0037162195670573583,0.005100743999894194,36,2.2030462917751595e-06,2.437703730371551e-06,2.7137377430664567e-06,3.4262649832935285e-06,4.271508161193056e-06,36,2.2018697326444844e-06,2.4377391363756723e-06,2.7135850071084584e-06,3.425817327792354e-06,4.2709056967009794e-06,36,2.2018697326444844e-06,2.4377391363756723e-06,2.7135850071084584e-06,3.425817327792354e-06,4.2709056967009794e-06,36,0.0,0.0,0.0,0.0,0.0,36,0.0,0.0,0.0,0.0,0.0,36,0.0,0.0,0.0,0.0,1.3563368055555555e-05,36,0.0,0.0,0.0,0.0,1.3563368055555555e-05,36,0.0,0.0,0.0,0.0,1.3563368055555555e-05,1.0,True
baseline,0.1,0.1,0.0,ConvWeight_2,36,1,0,36,0.9999921968265598,0.9999950933491472,0.9999983417217583,0.9999994588042596,0.9999998986054659,36,0.9999921968265598,0.9999950933491472,0.9999983417217583,0.9999994588042596,0.9999998986054659,36,0.9999999999999919,0.9999999999999943,0.9999999999999998,1.0000000000000044,1.000000000000008,36,0.999846061202045,0.999905650619349,0.9999961481068467,1.000034485932008,1.0000845825371025,36,0.00045032600746834075,0.001039842631077234,0.001820714811102771,0.0031327581524715547,0.003950479601324126,36,2.3104475367001286e-06,2.347845666716152e-06,2.640595610815321e-06,2.844265211780852e-06,2.9589854256169647e-06,36,2.3104396430661493e-06,2.347800984270268e-06,2.640344576137491e-06,2.8442659995754547e-06,2.958652527482712e-06,36,2.3104396430661493e-06,2.347800984270268e-06,2.640344576137491e-06,2.8442659995754547e-06,2.958652527482712e-06,36,0.0,0.0,0.0,0.0,0.0,36,0.0,0.0,0.0,0.0,0.0,36,0.0,0.0,0.0,0.0,3.3908420138888887e-06,36,0.0,0.0,0.0,3.3908420138888887e-06,3.3908420138888887e-06,36,0.0,0.0,0.0,3.3908420138888887e-06,3.3908420138888887e-06,1.0,True
baseline,0.1,0.1,0.0,DenseWeight_0,36,1,0,36,0.9999999999990122,0.9999999999997162,0.9999999999999343,1.000000000000012,1.000000000000027,36,0.9999999999990122,0.9999999999997162,0.9999999999999343,1.000000000000012,1.000000000000027,36,0.9999999999999397,0.9999999999999627,1.0000000000000075,1.000000000000055,1.0000000000000893,36,0.999999991125658,0.9999999949376985,1.0000000022095148,1.0000000091604653,1.0000000143665544,36,7.164068938024156e-08,1.192826687618218e-07,2.896413226422274e-07,7.475299117442138e-07,1.378354972834403e-06,36,8.163833128207787e-05,8.480197002334858e-05,9.423980978135194e-05,0.00010643494093854784,0.0001137129627120389,36,8.163833076171521e-05,8.48019698035525e-05,9.423981011951303e-05,0.00010643494113320124,0.00011371296434570302,36,8.163833076171521e-05,8.48019698035525e-05,9.423981011951303e-05,0.00010643494113320124,0.00011371296434570302,36,0.0,0.0,0.0,0.0,0.0,36,0.0,0.0,0.0,0.0,0.0,36,0.0,0.0,0.0,7.971938775510205e-06,1.594387755102041e-05,36,0.0,0.0,0.0,5.978954081632654e-06,1.594387755102041e-05,36,0.0,0.0,0.0,5.978954081632654e-06,1.594387755102041e-05,1.0,True
baseline,0.1,0.1,1e-05,ConvWeight_0,36,1,0,36,-0.2418656997476891,-0.1266805518562294,-0.04894243442950999,0.09427793709066849,0.16970510161372193,36,0.9999688553092345,0.9999817658329302,0.9999983057353565,0.9999998682931968,0.9999999433751041,36,-0.24224539677683185,-0.12670182385109974,-0.04913025212980614,0.09425211493996255,0.16974806831689587,36,264.9290893089783,343.7748238983201,709.3111983761548,1136.2940168535363,1992.3632175411008,36,265.0013235964726,343.8602954978872,709.3035158988084,1136.275412177466,1992.4089908270369,36,1.487013692803692e-05,2.358917012265396e-05,3.5342085165852094e-05,7.592033362781505e-05,0.0001016269618514108,36,1.4856393872020661e-05,2.3543270786396108e-05,3.5351172079537246e-05,7.582902060375746e-05,0.00010156626953196936,36,0.023176810900384585,0.024601498932511352,0.02648851500595848,0.029048198075245838,0.03177883416014652,36,0.023182444575969526,0.02459726578446183,0.02649134846869796,0.02904791990342459,0.03178432479229389,36,265.15962279418284,344.26442876926615,708.9762460309778,1139.9098202033033,1994.2517409622285,36,0.0,0.0,0.0,0.0,0.0,36,0.0,0.0,0.0,0.0,0.0008680555555555555,36,0.0,0.0,0.0,0.0,0.0,0.0,True
baseline,0.1,0.1,1e-05,ConvWeight_1,36,1,0,36,-0.04931620492836856,-0.03229545968075066,0.010219187998971499,0.05208227264117145,0.06818848732758324,36,0.9999870026165795,0.9999931940718334,0.9999977915135414,0.9999993592106589,0.9999998466291597,36,-0.04949652536400899,-0.03221172006056334,0.010140665786022237,0.05212895357047424,0.06819227687052208,36,232.34807806744485,287.96009780980637,375.2165352544613,419.45507333562955,469.55811649598445,36,232.35499124552197,287.9592058764505,375.170961506142,419.44257934778807,469.5401464890057,36,2.2030462917751595e-06,2.437703730371551e-06,2.7137377430664567e-06,3.4262649832935285e-06,4.271508161193056e-06,36,2.2018697326444844e-06,2.4377391363756723e-06,2.7135850071084584e-06,3.425817327792354e-06,4.2709056967009794e-06,36,0.0009307758805043199,0.0009513649947876157,0.0009972199454601474,0.0010459488882060938,0.0012091275496472706,36,0.0009309098308625886,0.000951424784409405,0.0009971892883517614,0.0010459390379532324,0.0012090817118515147,36,232.3877608952723,288.0911922458435,375.2275759665219,419.4391424852679,469.6717722191717,36,0.0,0.0,0.0,0.0,1.3563368055555555e-05,36,0.0,0.0,0.0,0.0,1.3563368055555555e-05,36,0.0,0.0,0.0,0.0,0.0,0.0,True
baseline,0.1,0.1,1e-05,ConvWeight_2,36,1,0,36,0.121528814437885,0.13644636713907504,0.1636591294258466,0.18431618739988398,0.21754900774936095,36,0.9999921968265598,0.9999950933491472,0.9999983417217583,0.9999994588042596,0.9999998986054659,36,0.12152049769478863,0.13643983313396008,0.16361679962125328,0.18433511525876742,0.2175216897078927,36,5.283871175706468,5.776409719880066,6.301918727508854,6.912161227239217,7.172373016775085,36,5.202263700996984,5.696700269403989,6.213439965494857,6.849688666429309,7.106102642532917,36,2.3104475367001286e-06,2.347845666716152e-06,2.640595610815321e-06,2.844265211780852e-06,2.9589854256169647e-06,36,2.3104396430661493e-06,2.347800984270268e-06,2.640344576137491e-06,2.8442659995754547e-06,2.958652527482712e-06,36,1.5071111255443372e-05,1.5405557251868218e-05,1.6189141607481638e-05,1.783253817982317e-05,1.8926637674088597e-05,36,1.4727813770166422e-05,1.5197803909092463e-05,1.59892673966261e-05,1.758360327740301e-05,1.8723792524147515e-05,36,5.20217516397287,5.696718050879296,6.213329039211881,6.849616288609956,7.106050231462253,36,0.0,0.0,0.0,0.0,3.3908420138888887e-06,36,0.0,0.0,0.0,3.3908420138888887e-06,3.3908420138888887e-06,36,0.0,0.0,0.0,0.0,0.0,0.0,True
baseline,0.1,0.1,1e-05,DenseWeight_0,36,1,0,36,0.9999761372771392,0.9999788274384872,0.9999833911393765,0.9999860558028748,0.9999886377713981,36,0.9999999999990122,0.9999999999997162,0.9999999999999343,1.000000000000012,1.000000000000027,36,0.9999761373101483,0.9999788274461388,0.9999833911299782,0.999986055809778,0.9999886377742667,36,0.9986493324389335,0.9989211063454975,0.9999755468206859,1.0008303875247662,1.0013889801338707,36,0.004951572164260556,0.0053288315658934285,0.005795631356233875,0.006557184965982835,0.0070167496198637845,36,8.163833128207787e-05,8.480197002334858e-05,9.423980978135194e-05,0.00010643494093854784,0.0001137129627120389,36,8.163833076171521e-05,8.48019698035525e-05,9.423981011951303e-05,0.00010643494113320124,0.00011371296434570302,36,8.16271585969579e-05,8.477122613665295e-05,9.43178346068899e-05,0.00010652171550998494,0.00011365456949898936,36,4.935834656578966e-07,5.038794836381727e-07,5.523408146546864e-07,6.171969194953819e-07,6.556385957784439e-07,36,0.004951573131754815,0.00532882957281428,0.005795630417531988,0.006557183535723777,0.007016746027703375,36,0.0,0.0,0.0,7.971938775510205e-06,1.594387755102041e-05,36,0.0,0.0,0.0,5.978954081632654e-06,1.594387755102041e-05,36,0.0,0.0,0.0,0.0,3.985969387755102e-06,1.0,True
baseline,0.1,0.1,3e-05,ConvWeight_0,36,1,0,36,-0.2423126289900133,-0.12792540654033946,-0.04957197419561922,0.09278035543427518,0.16876100590980977,36,0.9999688553092345,0.9999817658329302,0.9999983057353565,0.9999998682931968,0.9999999433751041,36,-0.24269228524797654,-0.12794667903160234,-0.0498522619735232,0.09275452897959424,0.16880397908107891,36,794.930376289797,1031.4942047149889,2127.9182534926713,3408.8450606719707,5977.180335459911,36,795.0038604912876,1031.5806366479624,2127.91104057729,3408.8267425911254,5977.226275390354,36,1.487013692803692e-05,2.358917012265396e-05,3.5342085165852094e-05,7.592033362781505e-05,0.0001016269618514108,36,1.4856393872020661e-05,2.3543270786396108e-05,3.5351172079537246e-05,7.582902060375746e-05,0.00010156626953196936,36,0.06954166678559576,0.07379597567497995,0.07947119549317612,0.0871440233105385,0.09534747848397035,36,0.06954733368872482,0.073791797386585,0.07947404531794067,0.08714375964834895,0.09535297417304267,36,795.4788699854568,1032.7932861435875,2126.928739673367,3419.7294587791466,5982.755220686538,36,0.0,0.0,0.0,0.0,0.0,36,0.0,0.0,0.0,0.0,0.0008680555555555555,36,0.0,0.0,0.0,0.0,0.0,0.0,True
baseline,0.1,0.1,3e-05,ConvWeight_1,36,1,0,36,-0.051195993004508056,-0.03430072137606266,0.008668810633940415,0.05040641888669879,0.06617664758841793,36,0.9999870026165795,0.9999931940718334,0.9999977915135414,0.9999993592106589,0.9999998466291597,36,-0.05137630851978166,-0.03421699225274507,0.00859027531969145,0.050453096064644466,0.06618043635353316,36,697.0567032699647,863.8772435135455,1125.5576536596864,1258.339293082668,1408.6381218608853,36,697.065050587834,863.8775070884042,1125.5129662163063,1258.3275926687943,1408.620861118475,36,2.2030462917751595e-06,2.437703730371551e-06,2.7137377430664567e-06,3.4262649832935285e-06,4.271508161193056e-06,36,2.2018697326444844e-06,2.4377391363756723e-06,2.7135850071084584e-06,3.425817327792354e-06,4.2709056967009794e-06,36,0.0027925932476959205,0.002854211603418995,0.002991596173873859,0.003137824683155463,0.0036272893616139876,36,0.002792729670957472,0.0028542743989287606,0.0029915676119592885,0.0031378169947850693,0.003627245350216862,36,697.1633733856509,864.2736077394839,1125.6827511590627,1258.31742381485,1409.0154000437992,36,0.0,0.0,0.0,0.0,1.3563368055555555e-05,36,0.0,0.0,0.0,0.0,1.3563368055555555e-05,36,0.0,0.0,0.0,0.0,0.0,0.0,True
baseline,0.1,0.1,3e-05,ConvWeight_2,36,1,0,36,0.021901346036532605,0.032116350816445434,0.054049772166320925,0.07899368568764564,0.10630453934409853,36,0.9999921968265598,0.9999950933491472,0.9999983417217583,0.9999994588042596,0.9999998986054659,36,0.02189259237386623,0.0321429216895023,0.05399638886375501,0.0789700806492129,0.10627661807925627,36,15.624990118700069,17.109437460880642,18.678367633875272,20.569523051924794,21.337992885120514,36,15.60682977629784,17.090076247068428,18.640311970205225,20.549046384773412,21.31833053350653,36,2.3104475367001286e-06,2.347845666716152e-06,2.640595610815321e-06,2.844265211780852e-06,2.9589854256169647e-06,36,2.3104396430661493e-06,2.347800984270268e-06,2.640344576137491e-06,2.8442659995754547e-06,2.958652527482712e-06,36,4.4382512807904033e-05,4.566769261173776e-05,4.800382325050205e-05,5.284989568800437e-05,5.625094730535292e-05,36,4.418387727233722e-05,4.559329108218706e-05,4.796754741210002e-05,5.2750905213806685e-05,5.617134835021895e-05,36,15.606552301632467,17.090087363634773,18.63990445466905,20.54886328817238,21.318171441519098,36,0.0,0.0,0.0,0.0,3.3908420138888887e-06,36,0.0,0.0,0.0,3.3908420138888887e-06,3.3908420138888887e-06,36,0.0,0.0,0.0,0.0,3.3908420138888887e-06,0.0,True
baseline,0.1,0.1,3e-05,DenseWeight_0,36,1,0,36,0.9997863070033626,0.9998094395697786,0.9998510363972994,0.9998748648129365,0.9998971918969328,36,0.9999999999990122,0.9999999999997162,0.9999999999999343,1.000000000000012,1.000000000000027,36,0.9997863071019772,0.999809439592593,0.9998510363689705,0.9998748648333642,0.9998971919054764,36,0.9960163148147676,0.99685013876497,1.0000391738415046,1.002584075453227,1.0042893405943036,36,0.014854859258038587,0.015986437708973775,0.017386849020047668,0.01967154031812829,0.02105021910670277,36,8.163833128207787e-05,8.480197002334858e-05,9.423980978135194e-05,0.00010643494093854784,0.0001137129627120389,36,8.163833076171521e-05,8.48019698035525e-05,9.423981011951303e-05,0.00010643494113320124,0.00011371296434570302,36,8.150546998670887e-05,8.471929248990163e-05,9.448325783406665e-05,0.00010670437631348963,0.00011354904666517455,36,1.4807577994171019e-06,1.5116592118633996e-06,1.6570182639419026e-06,1.8515913627953309e-06,1.966917610681028e-06,36,0.01485486017404524,0.015986435663246368,0.017386848089758107,0.019671538886892354,0.021050215611596926,36,0.0,0.0,0.0,7.971938775510205e-06,1.594387755102041e-05,36,0.0,0.0,0.0,5.978954081632654e-06,1.594387755102041e-05,36,0.0,0.0,0.0,0.0,3.985969387755102e-06,1.0,True
baseline,0.1,0.1,0.0001,ConvWeight_0,36,1,0,36,-0.2424690210653069,-0.1283609553280021,-0.04982466364424534,0.09225605643492937,0.16843045940245244,36,0.9999688553092345,0.9999817658329302,0.9999983057353565,0.9999998682931968,0.9999999433751041,36,-0.24284866302696753,-0.12838222800082358,-0.0501049529960274,0.09223022848897089,0.16847343483988994,36,2649.9388299409134,3438.515058170563,7093.0444134677455,11362.774622353478,19924.0406794879,36,2650.012751502417,3438.601826146439,7093.03736490182,11362.756404579846,19924.086677738094,36,1.487013692803692e-05,2.358917012265396e-05,3.5342085165852094e-05,7.592033362781505e-05,0.0001016269618514108,36,1.4856393872020661e-05,2.3543270786396108e-05,3.5351172079537246e-05,7.582902060375746e-05,0.00010156626953196936,36,0.231818766996725,0.24597681755689765,0.2649106282640954,0.29047945753468807,0.3178377485797815,36,0.2318244455268303,0.2459726584761101,0.2649134838148575,0.2904791989508997,0.3178432460385767,36,2651.5962470394406,3442.644282420316,7089.762455315973,11399.098199329492,19942.517306001726,36,0.0,0.0,0.0,0.0,0.0,36,0.0,0.0,0.0,0.0,0.0008680555555555555,36,0.0,0.0,0.0,0.0,0.0,0.0,True
baseline,0.1,0.1,0.0001,ConvWeight_1,36,1,0,36,-0.05185377951503669,-0.0350024753097552,0.008126157194417429,0.04981980327931272,0.06547231516934397,36,0.9999870026165795,0.9999931940718334,0.9999977915135414,0.9999993592106589,0.9999998466291597,36,-0.05203409307434058,-0.03491875000768743,0.008047617287158321,0.04986647873474309,0.06547610362477777,36,2323.5423616025823,2879.591218988816,3751.7546041192354,4194.436524029068,4695.4212503907165,36,2323.5512108907938,2879.5918869254074,3751.710226928458,4194.425101366212,4695.404237864299,36,2.2030462917751595e-06,2.437703730371551e-06,2.7137377430664567e-06,3.4262649832935285e-06,4.271508161193056e-06,36,2.2018697326444844e-06,2.4377391363756723e-06,2.7135850071084584e-06,3.425817327792354e-06,4.2709056967009794e-06,36,0.009308963696614447,0.009514184682602938,0.009971916916439262,0.0104593955260213,0.012090863711212645,36,0.009309100985248692,0.009514248530206904,0.009971889087940815,0.010459388594434876,0.012090820338986166,36,2323.878969838405,2880.9123876743206,3752.2761088526454,4194.391370523965,4696.718973194288,36,0.0,0.0,0.0,0.0,1.3563368055555555e-05,36,0.0,0.0,0.0,0.0,1.3563368055555555e-05,36,0.0,0.0,0.0,0.0,0.0,0.0,True
baseline,0.1,0.1,0.0001,ConvWeight_2,36,1,0,36,-0.013279250803711812,-0.0067913431638138184,0.018008410820996343,0.03867737692247132,0.06617455968243682,36,0.9999921968265598,0.9999950933491472,0.9999983417217583,0.9999994588042596,0.9999998986054659,36,-0.013288136297633597,-0.006751816333420865,0.01798327507797933,0.03865856227983969,0.06614650835508461,36,52.018856711570194,56.96510441799266,62.1528357319502,68.50042523799786,71.06462398184789,36,52.02311202110765,56.96620899443599,62.13351806755014,68.49697098634698,71.06136914584799,36,2.3104475367001286e-06,2.347845666716152e-06,2.640595610815321e-06,2.844265211780852e-06,2.9589854256169647e-06,36,2.3104396430661493e-06,2.347800984270268e-06,2.640344576137491e-06,2.8442659995754547e-06,2.958652527482712e-06,36,0.0001474318696892317,0.00015200358184205436,0.00015987126145806685,0.00017588352933992356,0.00018727367940183227,36,0.00014728473346312777,0.00015197628587560407,0.00015988890489736262,0.0001758375118358217,0.00018723753186900179,36,52.0221727036267,56.966196553296164,62.132070803245846,68.49640003962115,71.06083542563773,36,0.0,0.0,0.0,0.0,3.3908420138888887e-06,36,0.0,0.0,0.0,3.3908420138888887e-06,3.3908420138888887e-06,36,0.0,0.0,0.0,0.0,0.0,0.0,True
baseline,0.1,0.1,0.0001,DenseWeight_0,36,1,0,36,0.9976716801933463,0.9978864467869087,0.9983420710369093,0.9986253359514439,0.9988372549258252,36,0.9999999999990122,0.9999999999997162,0.9999999999999343,1.000000000000012,1.000000000000027,36,0.9976716805184985,0.9978864468636037,0.9983420708459285,0.9986253360190328,0.9988372549542827,36,0.9875276124958157,0.9907497372004697,1.001442370656545,1.0096887850528677,1.015706618241316,36,0.04951813995047481,0.05328782540872051,0.057956057057461596,0.06557201237359722,0.07016757565939406,36,8.163833128207787e-05,8.480197002334858e-05,9.423980978135194e-05,0.00010643494093854784,0.0001137129627120389,36,8.163833076171521e-05,8.48019698035525e-05,9.423981011951303e-05,0.00010643494113320124,0.00011371296434570302,36,8.117537985613432e-05,8.463813334285843e-05,9.515976062638427e-05,0.00010711143788952756,0.00011329851363728843,36,4.9359868135266615e-06,5.039144346771334e-06,5.52337888113288e-06,6.172012660830333e-06,6.5564420441908984e-06,36,0.04951814067320442,0.05328782315016562,0.057956056154037636,0.0655720109006065,0.07016757247996623,36,0.0,0.0,0.0,7.971938775510205e-06,1.594387755102041e-05,36,0.0,0.0,0.0,5.978954081632654e-06,1.594387755102041e-05,36,0.0,0.0,0.0,0.0,3.985969387755102e-06,1.0,True
baseline,0.1,0.1,0.0003,ConvWeight_0,36,1,0,36,-0.24251371248846498,-0.12848538100743234,-0.049896878861670504,0.09210625386208192,0.1683359957155328,36,0.9999688553092345,0.9999817658329302,0.9999983057353565,0.9999998682931968,0.9999999433751041,36,-0.2428933503374206,-0.12850665373761963,-0.050177168520268656,0.09208042549587385,0.16837897183182968,36,7949.964222582488,10315.718316973132,21279.119494543997,34088.287937439796,59772.212583550776,36,7950.038269088067,10315.805180962805,21279.112492939646,34088.26974831824,59772.25859845149,36,1.487013692803692e-05,2.358917012265396e-05,3.5342085165852094e-05,7.592033362781505e-05,0.0001016269618514108,36,1.4856393872020661e-05,2.3543270786396108e-05,3.5351172079537246e-05,7.582902060375746e-05,0.00010156626953196936,36,0.6954676539061929,0.7379221331884042,0.79473758896239,0.8714378550560229,0.9535242295155616,36,0.6954733357577149,0.7379179795961603,0.7947404461491403,0.871437597923198,0.9535297274802244,36,7954.788867672685,10327.93279945959,21269.287272627913,34197.29462477725,59827.551177439826,36,0.0,0.0,0.0,0.0,0.0,36,0.0,0.0,0.0,0.0,0.0008680555555555555,36,0.0,0.0,0.0,0.0,0.0,0.0,True
baseline,0.1,0.1,0.0003,ConvWeight_1,36,1,0,36,-0.05204167323467471,-0.035203002229134805,0.007971095082833383,0.04965229050794517,0.06527106919737903,36,0.9999870026165795,0.9999931940718334,0.9999977915135414,0.9999993592106589,0.9999998466291597,36,-0.05222198598297421,-0.03511927826985471,0.007892553722011343,0.04969896436894328,0.06527485746751219,36,6970.653703292043,8638.777843091531,11255.177362540633,12583.286153654692,14086.238339937188,36,6970.662696101717,8638.778626374275,11255.133074031823,12583.274810329302,14086.221398230602,36,2.2030462917751595e-06,2.437703730371551e-06,2.7137377430664567e-06,3.4262649832935285e-06,4.271508161193056e-06,36,2.2018697326444844e-06,2.4377391363756723e-06,2.7135850071084584e-06,3.425817327792354e-06,4.2709056967009794e-06,36,0.027927183292514632,0.028542686041245637,0.029915669604243297,0.03137816062208537,0.036272525698874576,36,0.027927320828300208,0.0285427501897376,0.029915641985513455,0.031378153907046125,0.036272482509012154,36,6971.645988057554,8642.740271306178,11256.830664264136,12583.173759474952,14090.165268241877,36,0.0,0.0,0.0,0.0,1.3563368055555555e-05,36,0.0,0.0,0.0,0.0,1.3563368055555555e-05,36,0.0,0.0,0.0,0.0,0.0,0.0,True
baseline,0.1,0.1,0.0003,ConvWeight_2,36,1,0,36,-0.023332167237843114,-0.017087972610410805,0.007173053917374059,0.02753882472442544,0.05464462896364787,36,0.9999921968265598,0.9999950933491472,0.9999983417217583,0.9999994588042596,0.9999998986054659,36,-0.023341084338750814,-0.0170484898189442,0.007147890743946277,0.027519962564599897,0.0546165477584376,36,156.0620174821375,170.8856436679217,186.40702195691125,205.49162456597435,213.18550457408057,36,156.07267820404232,170.89260374404432,186.39306239147044,205.49303532185763,213.18693643649453,36,2.3104475367001286e-06,2.347845666716152e-06,2.640595610815321e-06,2.844265211780852e-06,2.9589854256169647e-06,36,2.3104396430661493e-06,2.347800984270268e-06,2.640344576137491e-06,2.8442659995754547e-06,2.958652527482712e-06,36,0.00044203210652138674,0.0004559325520282031,0.0004796099878232967,0.0005275546081309919,0.000561734926052335,36,0.00044189972780802483,0.00045591872897932757,0.00047964304036719546,0.0005275237309286425,0.0005617112149030465,36,156.06984769297196,170.89252379888376,186.38864405261344,205.49135611794097,213.1853319751419,36,0.0,0.0,0.0,0.0,3.3908420138888887e-06,36,0.0,0.0,0.0,3.3908420138888887e-06,3.3908420138888887e-06,36,0.0,0.0,0.0,0.0,0.0,0.0,True
baseline,0.1,0.1,0.0003,DenseWeight_0,36,1,0,36,0.9796088001738853,0.9808286221518432,0.9850448337948043,0.9881443230174258,0.9895674161082206,36,0.9999999999990122,0.9999999999997162,0.9999999999999343,1.000000000000012,1.000000000000027,36,0.9796087991609213,0.9808286224689777,0.9850448332167152,0.9881443232170026,0.9895674161372687,36,0.9697144081843655,0.9838888523042731,1.0154577605937112,1.0380112948431814,1.0586403846639838,36,0.14857870426203856,0.15986924966257943,0.17387754724613377,0.19672690806457932,0.21051587587430148,36,8.163833128207787e-05,8.480197002334858e-05,9.423980978135194e-05,0.00010643494093854784,0.0001137129627120389,36,8.163833076171521e-05,8.48019698035525e-05,9.423981011951303e-05,0.00010643494113320124,0.00011371296434570302,36,8.106360697550671e-05,8.682139984918524e-05,9.540765101115388e-05,0.00010761734051148997,0.00011360604824198773,36,1.481011037405409e-05,1.5120815031676202e-05,1.657086497213502e-05,1.851727784081111e-05,1.9670493672226308e-05,36,0.14857870442863652,0.15986924678785902,0.17387754641873962,0.19672690646136032,0.21051587359022547,36,0.0,0.0,0.0,7.971938775510205e-06,1.594387755102041e-05,36,0.0,0.0,0.0,5.978954081632654e-06,1.594387755102041e-05,36,0.0,0.0,0.0,0.0,0.0,1.0,True
baseline,0.1,0.1,0.0005,ConvWeight_0,36,1,0,36,-0.24252266069380432,-0.12851026309890615,-0.04991133953572888,0.0920763025571322,0.16831709246991375,36,0.9999688553092345,0.9999817658329302,0.9999983057353565,0.9999998682931968,0.9999999433751041,36,-0.2429022976967045,-0.1285315358450495,-0.050191629129906545,0.09205047411091363,0.16836006875078235,36,13249.989881649386,17192.921586883,35465.19448663907,56813.80131777639,99620.38351852537,36,13250.063953138293,17193.008470082907,35465.187494430786,56813.783134378784,99620.42953674529,36,1.487013692803692e-05,2.358917012265396e-05,3.5342085165852094e-05,7.592033362781505e-05,0.0001016269618514108,36,1.4856393872020661e-05,2.3543270786396108e-05,3.5351172079537246e-05,7.582902060375746e-05,0.00010156626953196936,36,1.1591165423843628,1.2298674588443712,1.3245645438146192,1.4523962551510257,1.58921069692283,36,1.159122224899862,1.2298633063498925,1.3245674013286162,1.4523959983083767,1.5892161949888932,36,13257.981654869933,17213.22125080414,35448.81196309882,56995.49109274036,99712.5840655493,36,0.0,0.0,0.0,0.0,0.0,36,0.0,0.0,0.0,0.0,0.0008680555555555555,36,0.0,0.0,0.0,0.0,0.0,0.0,True
baseline,0.1,0.1,0.0005,ConvWeight_1,36,1,0,36,-0.05207922200130499,-0.035243138711886314,0.007940067539000943,0.04961887741210516,0.06523082776715491,36,0.9999870026165795,0.9999931940718334,0.9999977915135414,0.9999993592106589,0.9999998466291597,36,-0.05225953437501821,-0.03515941523945162,0.007861525758520133,0.04966554997632604,0.06523461591445551,36,11617.77727616729,14397.96871876471,18758.60332747386,20972.135401067775,23477.066634603954,36,11617.786297772673,14397.969524951743,18758.559056732964,20972.124073591625,23477.04970697263,36,2.2030462917751595e-06,2.437703730371551e-06,2.7137377430664567e-06,3.4262649832935285e-06,4.271508161193056e-06,36,2.2018697326444844e-06,2.4377391363756723e-06,2.7135850071084584e-06,3.425817327792354e-06,4.2709056967009794e-06,36,0.04654542698041209,0.04757119383147341,0.049859388813987895,0.052296910110502484,0.06045421654008862,36,0.04654556456554957,0.04757125804040614,0.04985936123740681,0.052296903439059,0.06045417338646975,36,11619.425124445812,14404.572315627935,18761.388359204466,20971.955702662864,23483.6227147858,36,0.0,0.0,0.0,0.0,1.3563368055555555e-05,36,0.0,0.0,0.0,0.0,1.3563368055555555e-05,36,0.0,0.0,0.0,0.0,0.0,0.0,True
baseline,0.1,0.1,0.0005,ConvWeight_2,36,1,0,36,-0.02534604053712464,-0.019146969857090947,0.005008153599305039,0.025309164586995357,0.052338930350771994,36,0.9999921968265598,0.9999950933491472,0.9999983417217583,0.9999994588042596,0.9999998986054659,36,-0.02535496022738965,-0.019107499346002924,0.004982991171901304,0.02529028911868097,0.05231084288716552,36,260.11594536115376,284.8039108175375,310.6566987355992,342.4909135385158,355.3152961065697,36,260.1278850070504,284.8120462552795,310.6438080885142,342.49329610997745,355.3176620562607,36,2.3104475367001286e-06,2.347845666716152e-06,2.640595610815321e-06,2.844265211780852e-06,2.9589854256169647e-06,36,2.3104396430661493e-06,2.347800984270268e-06,2.640344576137491e-06,2.8442659995754547e-06,2.958652527482712e-06,36,0.0007367084335253203,0.0007598623816642067,0.0007993328161299933,0.0008792558075024753,0.0009362071266609248,36,0.000736579000734898,0.0007598512523825738,0.0007993689502442986,0.0008792279460727291,0.000936185911676875,36,260.12316318572584,284.81189860209133,310.63641878030984,342.49050860228533,355.31498678332025,36,0.0,0.0,0.0,0.0,3.3908420138888887e-06,36,0.0,0.0,0.0,3.3908420138888887e-06,3.3908420138888887e-06,36,0.0,0.0,0.0,0.0,0.0,0.0,True
baseline,0.1,0.1,0.0005,DenseWeight_0,36,1,0,36,0.945031116846298,0.9484965406909367,0.9593791747278118,0.9684465286930277,0.972421064092488,36,0.9999999999990122,0.9999999999997162,0.9999999999999343,1.000000000000012,1.000000000000027,36,0.9450311152009072,0.9484965411458546,0.9593791739004669,0.9684465282545245,0.972421064136394,36,0.9618341549567511,0.992540109368168,1.0425686497017501,1.077448947078162,1.1153967047398112,36,0.24769053370852723,0.26647889856470364,0.28983689694855624,0.3279186049909301,0.35091023691360446,36,8.163833128207787e-05,8.480197002334858e-05,9.423980978135194e-05,0.00010643494093854784,0.0001137129627120389,36,8.163833076171521e-05,8.48019698035525e-05,9.423981011951303e-05,0.00010643494113320124,0.00011371296434570302,36,8.218146974742776e-05,8.945977497890815e-05,9.619596433996103e-05,0.00010900113107974039,0.00011703785584727643,36,2.4689709959924343e-05,2.5209411842292923e-05,2.7621444725578648e-05,3.08663798647973e-05,3.278792615773779e-05,36,0.2476905333182857,0.26647889507309563,0.28983689619715336,0.3279186032565199,0.3509102355248582,36,0.0,0.0,0.0,7.971938775510205e-06,1.594387755102041e-05,36,0.0,0.0,0.0,5.978954081632654e-06,1.594387755102041e-05,36,0.0,0.0,0.0,0.0,0.0,1.0,True
baseline,0.1,0.1,0.001,ConvWeight_0,36,1,0,36,-0.24252939387607308,-0.12852891963357882,-0.04992222391396969,0.09205386065073132,0.1683028931687474,36,0.9999688553092345,0.9999817658329302,0.9999983057353565,0.9999998682931968,0.9999999433751041,36,-0.24290903019322396,-0.12855019240129983,-0.050202513185361064,0.09202803215313118,0.16834586963585557,36,26500.054804251933,34385.92951084254,70930.38143427655,113627.58495229048,199240.80656620793,36,26500.128894467493,34386.01640846711,70930.37444912369,113627.56677317164,199240.85258689345,36,1.487013692803692e-05,2.358917012265396e-05,3.5342085165852094e-05,7.592033362781505e-05,0.0001016269618514108,36,1.4856393872020661e-05,2.3543270786396108e-05,3.5351172079537246e-05,7.582902060375746e-05,0.00010156626953196936,36,2.3182387597492404,2.459730799488142,2.6491319005934884,2.9047922623478284,3.1784268043448103,36,2.3182444427620754,2.45972664781704,2.649134758353035,2.904792005722782,3.178432302487422,36,26515.96435450361,34426.44209476139,70897.62313897104,113990.98243709427,199425.16198626292,36,0.0,0.0,0.0,0.0,0.0,36,0.0,0.0,0.0,0.0,0.0008680555555555555,36,0.0,0.0,0.0,0.0,0.0,0.0,True
baseline,0.1,0.1,0.001,ConvWeight_1,36,1,0,36,-0.05210731902705936,-0.03527330999834438,0.007916763905584785,0.04959401405806471,0.06520066527810145,36,0.9999870026165795,0.9999931940718334,0.9999977915135414,0.9999993592106589,0.9999998466291597,36,-0.05228763065576675,-0.03518958736823774,0.007838221528201995,0.049640683510635546,0.06520445314567046,36,23235.639374085044,28795.964273264806,37517.182166971106,41944.25678392647,46954.18632698572,36,23235.648417487293,28795.96509626924,37517.13790962496,41944.24546829719,46954.16940971701,36,2.2030462917751595e-06,2.437703730371551e-06,2.7137377430664567e-06,3.4262649832935285e-06,4.271508161193056e-06,36,2.2018697326444844e-06,2.4377391363756723e-06,2.7135850071084584e-06,3.425817327792354e-06,4.2709056967009794e-06,36,0.09309114132874358,0.09514249096377414,0.09971854017338402,0.10459371529505218,0.12090856970569533,36,0.0930912789507242,0.09514255521861356,0.09971851262884084,0.1045937086569319,0.12090852657875752,36,23238.92608844633,28809.170758197142,37522.79650992216,41943.908796909585,46967.31527573367,36,0.0,0.0,0.0,0.0,1.3563368055555555e-05,36,0.0,0.0,0.0,0.0,1.3563368055555555e-05,36,0.0,0.0,0.0,0.0,0.0,0.0,True
baseline,0.1,0.1,0.001,ConvWeight_2,36,1,0,36,-0.02686464973453979,-0.02069123417605955,0.0033900849884347657,0.0236350230202712,0.05061486601435044,36,0.9999921968265598,0.9999950933491472,0.9999983417217583,0.9999994588042596,0.9999998986054659,36,-0.026873563280683556,-0.020651779972553574,0.0033649364845371637,0.023616129031770725,0.05058677289864851,36,520.2871427874176,569.5801527411993,621.2544547779682,685.0196066576725,710.6749348865943,36,520.3000368871166,569.5891789424437,621.2423596017892,685.0227153874746,710.6779941889143,36,2.3104475367001286e-06,2.347845666716152e-06,2.640595610815321e-06,2.844265211780852e-06,2.9589854256169647e-06,36,2.3104396430661493e-06,2.347800984270268e-06,2.640344576137491e-06,2.8442659995754547e-06,2.958652527482712e-06,36,0.001473713780023542,0.0015196765093079183,0.0015985481028136445,0.0017586170077771226,0.0018724188930118308,36,0.0014735865423480161,0.0015196673979099178,0.001598586547606483,0.0017585913804850895,0.001872399569120583,36,520.2905861634185,569.5888611595478,621.227543222867,685.0171568652814,710.6726416206357,36,0.0,0.0,0.0,0.0,3.3908420138888887e-06,36,0.0,0.0,0.0,3.3908420138888887e-06,3.3908420138888887e-06,36,0.0,0.0,0.0,0.0,0.0,0.0,True
baseline,0.1,0.1,0.001,DenseWeight_0,36,1,0,36,0.8084919129155385,0.826579448900564,0.8633217661203199,0.8917688876026963,0.9062538136669946,36,0.9999999999990122,0.9999999999997162,0.9999999999999343,1.000000000000012,1.000000000000027,36,0.8084919121440003,0.8265794509767588,0.8633217667826052,0.8917688863649936,0.9062538137324856,36,0.98659040091392,1.0671930131813014,1.1621374659543346,1.2291808816463905,1.31514578137391,36,0.4958429406064187,0.5332879969196793,0.5802362583243902,0.6562343498931966,0.702322049511038,36,8.163833128207787e-05,8.480197002334858e-05,9.423980978135194e-05,0.00010643494093854784,0.0001137129627120389,36,8.163833076171521e-05,8.48019698035525e-05,9.423981011951303e-05,0.00010643494113320124,0.00011371296434570302,36,8.995057721396235e-05,9.892827930395378e-05,0.00010782239106867964,0.00012379468859177777,0.00013096584407538788,36,4.943318612281546e-05,5.048020412336728e-05,5.527813165997721e-05,6.177310367154073e-05,6.561065395725864e-05,36,0.4958429388214295,0.5332879918846265,0.5802362535743121,0.6562343478302248,0.7023220503643539,36,0.0,0.0,0.0,7.971938775510205e-06,1.594387755102041e-05,36,0.0,0.0,0.0,5.978954081632654e-06,1.594387755102041e-05,36,0.0,0.0,0.0,0.0,3.985969387755102e-06,0.027777777777777776,True
legacy,0.01,2.44140625e-06,0.0,ConvWeight_0,36,1,0,36,0.9996376117337723,0.9998476740258022,0.9999820606881582,0.9999962627752736,0.9999993405126659,36,0.9996376117337723,0.9998476740258022,0.9999820606881582,0.9999962627752736,0.9999993405126659,36,0.9999999999999998,1.0,1.0000000000000004,1.0000000000000036,1.000000000000004,36,0.9828215851283933,0.9923316621483289,0.9973220365399209,1.0036748115625982,1.0062985882469415,36,0.001274056413101376,0.00394960423762485,0.009015171604957115,0.01873256903196291,0.031654101856765586,36,0.0008352272252334849,0.0012115359647040186,0.00201214296125365,0.003957726298043078,0.005583700671606778,36,0.0008342481037358497,0.001207735033160622,0.002013210901023057,0.003934497152249299,0.0055810153651338875,36,0.0008342481037358497,0.001207735033160622,0.002013210901023057,0.003934497152249299,0.0055810153651338875,36,0.0,0.0,0.0,0.0,0.0,36,0.0,0.0,0.0,0.0,0.0,36,0.0,0.0,0.0,0.0,0.0,36,0.0,0.0,0.0,0.0,0.0,36,0.0,0.0,0.0,0.0,0.0,1.0,True
legacy,0.01,2.44140625e-06,0.0,ConvWeight_1,36,1,0,36,0.9999202064784581,0.9999690992435608,0.9999795940404282,0.9999885536239417,0.9999957191196233,36,0.9999202064784581,0.9999690992435608,0.9999795940404282,0.9999885536239417,0.9999957191196233,36,0.9999999999999946,0.9999999999999958,0.9999999999999989,1.0000000000000022,1.0000000000000033,36,0.9967218252965858,0.9984892719661985,0.9997860106324046,1.00096741538918,1.003070308046223,36,0.0029329466993527386,0.004798968186994188,0.006539499611723555,0.007921562001452432,0.012698466388715435,36,0.00013879303069457471,0.00014761632073744362,0.00016847418282812487,0.0001972206727461919,0.00024423333015850736,36,0.00013870104390074662,0.00014771911075975118,0.00016854360219781888,0.00019712331181190567,0.0002441831737289803,36,0.00013870104390074662,0.00014771911075975118,0.00016854360219781888,0.00019712331181190567,0.0002441831737289803,36,0.0,0.0,0.0,0.0,0.0,36,0.0,0.0,0.0,0.0,0.0,36,0.0,0.0,0.0,0.0,1.3563368055555555e-05,36,0.0,0.0,0.0,0.0,0.0,36,0.0,0.0,0.0,0.0,0.0,1.0,True
legacy,0.01,2.44140625e-06,0.0,ConvWeight_2,36,1,0,36,0.9999759323319986,0.9999797545231075,0.9999857122477174,0.9999924344760247,0.9999942168127629,36,0.9999759323319986,0.9999797545231075,0.9999857122477174,0.9999924344760247,0.9999942168127629,36,0.999999999999989,0.9999999999999929,0.9999999999999987,1.0000000000000036,1.0000000000000109,36,0.9996295096529112,0.9997597224315413,0.9999394005112476,1.0001815060628354,1.0002462807164134,36,0.0034027810857797302,0.003890574599053175,0.005346400162320193,0.006367050002300488,0.006939948990203116,36,0.00014254398654110507,0.00014812473549740036,0.00016752450287202715,0.0001801924484978591,0.00018946790637484678,36,0.00014250968726054112,0.0001481312356604668,0.00016752733834017169,0.0001801820365370779,0.00018942833193501374,36,0.00014250968726054112,0.0001481312356604668,0.00016752733834017169,0.0001801820365370779,0.00018942833193501374,36,0.0,0.0,0.0,0.0,0.0,36,0.0,0.0,0.0,0.0,0.0,36,0.0,0.0,0.0,0.0,0.0,36,0.0,0.0,0.0,0.0,0.0,36,0.0,0.0,0.0,0.0,0.0,1.0,True
legacy,0.01,2.44140625e-06,0.0,DenseWeight_0,36,1,0,36,0.999999999996,0.9999999999964584,0.9999999999973832,0.9999999999987466,0.9999999999991608,36,0.999999999996,0.9999999999964584,0.9999999999973832,0.9999999999987466,0.9999999999991608,36,0.9999999999999034,0.9999999999999534,1.000000000000003,1.0000000000000564,1.0000000000001008,36,0.9999998334980343,0.9999999648809559,1.000000102591891,1.0000002462383826,1.0000003566604336,36,1.309460268384579e-06,1.6373910428345956e-06,2.2907993134957e-06,2.6609238899577003e-06,2.833214230901096e-06,36,0.005132165465077401,0.005263562014993563,0.00595275526086811,0.006603072976152926,0.007321788806902045,36,0.0051321666235032756,0.00526356225967544,0.005952755552550072,0.0066030736963367835,0.007321789503788173,36,0.0051321666235032756,0.00526356225967544,0.005952755552550072,0.0066030736963367835,0.007321789503788173,36,0.0,0.0,0.0,0.0,0.0,36,0.0,0.0,0.0,0.0,0.0,36,0.0,0.0,0.0,0.0,0.0,36,0.0,0.0,0.0,0.0,0.0,36,0.0,0.0,0.0,0.0,0.0,1.0,True
legacy,0.01,2.44140625e-06,1e-05,ConvWeight_0,36,1,0,36,-0.25453889016263637,-0.11466831916908712,-0.0270786768131121,0.0782035162667554,0.17396371390592935,36,0.9996376117337723,0.9998476740258022,0.9999820606881582,0.9999962627752736,0.9999993405126659,36,-0.2536030633142901,-0.11405688246772704,-0.02793666167420786,0.0780529339582696,0.1740423184586034,36,48.165506778720825,65.83192106365166,124.94883570803745,228.52730021108422,316.2396905159432,36,48.232049645706574,65.91063218971513,125.07314493582032,228.49424319593106,316.28795697420475,36,0.0008352272252334849,0.0012115359647040186,0.00201214296125365,0.003957726298043078,0.005583700671606778,36,0.0008342481037358497,0.001207735033160622,0.002013210901023057,0.003934497152249299,0.0055810153651338875,36,0.23156073392504536,0.24628698020530687,0.2647734382408645,0.2905434679603361,0.31741353290122637,36,0.23182444610362204,0.2459726578170594,0.2649134845071881,0.29047919851704634,0.3178432475283686,36,48.25515066587442,66.29923640348264,125.04700708248166,229.23117067717078,316.658098951142,36,0.0,0.0,0.0,0.0,0.0,36,0.0,0.0,0.0,0.0,0.0,36,0.0,0.0,0.0,0.0,0.0,0.0,True
legacy,0.01,2.44140625e-06,1e-05,ConvWeight_1,36,1,0,36,-0.03829536295557118,0.0012489234839912662,0.02563903301744607,0.05283435875806673,0.06645716057879862,36,0.9999202064784581,0.9999690992435608,0.9999795940404282,0.9999885536239417,0.9999957191196233,36,-0.0378870063449669,0.0015071263701050336,0.025753196525874142,0.05271046024876344,0.06657007143927926,36,30.095538682850528,37.212149705811186,43.64407454322074,49.94439972630904,57.336543378889594,36,30.077664911025842,37.200807823613104,43.60265549938095,49.933045103951905,57.334095345149514,36,0.00013879303069457471,0.00014761632073744362,0.00016847418282812487,0.0001972206727461919,0.00024423333015850736,36,0.00013870104390074662,0.00014771911075975118,0.00016854360219781888,0.00019712331181190567,0.0002441831737289803,36,0.006472606942617491,0.006759401348131107,0.007317998669017963,0.007805289779163352,0.009404372115219191,36,0.006472201188201006,0.006758331678555194,0.0073157054372606015,0.007809992864301803,0.009403990938426542,36,30.083833716655473,37.2050331304623,43.61851896781238,49.95290075878671,57.3550929241739,36,0.0,0.0,0.0,0.0,1.3563368055555555e-05,36,0.0,0.0,0.0,0.0,0.0,36,0.0,0.0,0.0,0.0,0.0,0.0,True
legacy,0.01,2.44140625e-06,1e-05,ConvWeight_2,36,1,0,36,0.9792276106619967,0.9805240117303943,0.9846032154798777,0.9876677671317579,0.9895228287751926,36,0.9999759323319986,0.9999797545231075,0.9999857122477174,0.9999924344760247,0.9999942168127629,36,0.9792257753371821,0.9805381880275049,0.984615325033226,0.9876743930716088,0.9895252963988544,36,1.0093423626717735,1.0123107601209953,1.016040386288445,1.0201573933371921,1.021392494725189,36,0.14573052273501155,0.15885897946455485,0.1777360997775702,0.2001892631702549,0.20710182028475518,36,0.00014254398654110507,0.00014812473549740036,0.00016752450287202715,0.0001801924484978591,0.00018946790637484678,36,0.00014250968726054112,0.0001481312356604668,0.00016752733834017169,0.0001801820365370779,0.00018942833193501374,36,0.00014509782901716124,0.00015097954605131135,0.00017004964258456024,0.00018276684660275424,0.00019211420520058294,36,2.4343629734980234e-05,2.6992885557603262e-05,2.887893837002829e-05,3.277955878131163e-05,3.516069298926861e-05,36,0.14572431765628055,0.15884867671950448,0.17764714156286038,0.2001665763826732,0.20711694836643513,36,0.0,0.0,0.0,0.0,0.0,36,0.0,0.0,0.0,0.0,0.0,36,0.0,0.0,0.0,0.0,0.0,1.0,True
legacy,0.01,2.44140625e-06,1e-05,DenseWeight_0,36,1,0,36,0.9999999986890287,0.999999998756836,0.9999999989398279,0.9999999991917082,0.9999999992946292,36,0.999999999996,0.9999999999964584,0.9999999999973832,0.9999999999987466,0.9999999999991608,36,0.9999999986922229,0.9999999987604522,0.9999999989424877,0.9999999991929649,0.9999999992946152,36,0.9999967234738394,0.9999972805624275,1.0000000309079187,1.0000022890445468,1.0000035039207376,36,3.7662268040106196e-05,4.028421034900415e-05,4.6140680487211504e-05,4.9919675823416294e-05,5.120960104069294e-05,36,0.005132165465077401,0.005263562014993563,0.00595275526086811,0.006603072976152926,0.007321788806902045,36,0.0051321666235032756,0.00526356225967544,0.005952755552550072,0.0066030736963367835,0.007321789503788173,36,0.005132182292242197,0.005263550024864984,0.0059527421295070965,0.006603053206338336,0.00732178411880618,36,2.4308237415377434e-07,2.497176006484723e-07,2.661122427498228e-07,2.8409767466501784e-07,3.123821756088622e-07,36,3.767612135984248e-05,4.027068840304197e-05,4.6069288316967986e-05,4.983891745470505e-05,5.114526047703712e-05,36,0.0,0.0,0.0,0.0,0.0,36,0.0,0.0,0.0,0.0,0.0,36,0.0,0.0,0.0,0.0,0.0,1.0,True
legacy,0.01,2.44140625e-06,3e-05,ConvWeight_0,36,1,0,36,-0.257830839860832,-0.12225489954572687,-0.032242738267237656,0.07254682938484018,0.16551342940718977,36,0.9996376117337723,0.9998476740258022,0.9999820606881582,0.9999962627752736,0.9999993405126659,36,-0.2568964666169494,-0.12164405931263464,-0.03298188379522779,0.07157953820572308,0.16625206528717962,36,144.62251752368027,197.64727366511772,375.09547675014835,685.5179274467328,948.812413304634,36,144.69593759737714,197.73095113484828,375.22240344763145,685.486317333643,948.8617287662618,36,0.0008352272252334849,0.0012115359647040186,0.00201214296125365,0.003957726298043078,0.005583700671606778,36,0.0008342481037358497,0.001207735033160622,0.002013210901023057,0.003934497152249299,0.0055810153651338875,36,0.6952016473281316,0.7382157675483889,0.794595828523972,0.8714942106761903,0.9530972659552434,36,0.6954733370354319,0.7379179739377254,0.7947404532446107,0.8714375962243921,0.9535297414129181,36,144.76545224445607,198.8977089539274,375.1410215789207,687.6935118285371,949.9742957891649,36,0.0,0.0,0.0,0.0,0.0,36,0.0,0.0,0.0,0.0,0.0,36,0.0,0.0,0.0,0.0,0.0,0.0,True
legacy,0.01,2.44140625e-06,3e-05,ConvWeight_1,36,1,0,36,-0.05228459131341207,-0.014707848136789211,0.010824899850081005,0.03670092299036255,0.04550500442286126,36,0.9999202064784581,0.9999690992435608,0.9999795940404282,0.9999885536239417,0.9999957191196233,36,-0.05187683863534667,-0.014450018950316362,0.010956704024947986,0.036576531469438636,0.04561761015445504,36,90.2397998330527,111.60452044023913,130.84172341991174,149.8035689194905,171.9991896597246,36,90.23299879534854,111.60213005005991,130.80792792435386,149.79888311953366,172.0025511016652,36,0.00013879303069457471,0.00014761632073744362,0.00016847418282812487,0.0001972206727461919,0.00024423333015850736,36,0.00013870104390074662,0.00014771911075975118,0.00016854360219781888,0.00019712331181190567,0.0002441831737289803,36,0.01941573154930827,0.020274953471325873,0.021948259811832203,0.023424240481554795,0.02821140389275309,36,0.01941660587875058,0.020274995212874687,0.0219471131949174,0.02342997324599746,0.028211975611916976,36,90.25152389875402,111.61510128623792,130.85553511799475,149.85870612316822,172.06529582925816,36,0.0,0.0,0.0,0.0,1.3563368055555555e-05,36,0.0,0.0,0.0,0.0,0.0,36,0.0,0.0,0.0,0.0,0.0,0.0,True
legacy,0.01,2.44140625e-06,3e-05,ConvWeight_2,36,1,0,36,0.8495547665264969,0.8571020686772923,0.883062121345465,0.9038937487326043,0.91576659288127,36,0.9999759323319986,0.9999797545231075,0.9999857122477174,0.9999924344760247,0.9999942168127629,36,0.8495326398109169,0.8571044589233627,0.8830848559305129,0.9038941338225053,0.915762089860131,36,1.0881294738793557,1.1134781724607357,1.135404452029207,1.1670895462103141,1.177800486417323,36,0.43712756731712915,0.47645672593661326,0.5330011887176668,0.6003558556457933,0.6212905530416221,36,0.00014254398654110507,0.00014812473549740036,0.00016752450287202715,0.0001801924484978591,0.00018946790637484678,36,0.00014250968726054112,0.0001481312356604668,0.00016752733834017169,0.0001801820365370779,0.00018942833193501374,36,0.00016539827876881888,0.00017128387471229136,0.00018870314499210212,0.00020274112795438612,0.00021206622004607748,36,7.303122908421617e-05,8.097891730753402e-05,8.663670647378769e-05,9.833860348913142e-05,0.0001054820503330909,36,0.4371727448603166,0.4765465603041614,0.5329416330772645,0.6005002000813777,0.6213506764241664,36,0.0,0.0,0.0,0.0,0.0,36,0.0,0.0,0.0,0.0,0.0,36,0.0,0.0,0.0,0.0,0.0,0.1388888888888889,True
legacy,0.01,2.44140625e-06,3e-05,DenseWeight_0,36,1,0,36,0.9999999882265598,0.9999999888388404,0.9999999904821697,0.9999999927350259,0.9999999936538949,36,0.999999999996,0.9999999999964584,0.9999999999973832,0.9999999999987466,0.9999999999991608,36,0.9999999882296069,0.999999988844154,0.9999999904825272,0.9999999927365439,0.9999999936516146,36,0.9999894619157108,0.9999919310835859,0.9999996719458081,1.00000668296745,1.0000102188545856,36,0.00011299404475375758,0.00012080604425214247,0.00013823688565596165,0.0001495601514599916,0.0001534575404928402,36,0.005132165465077401,0.005263562014993563,0.00595275526086811,0.006603072976152926,0.007321788806902045,36,0.0051321666235032756,0.00526356225967544,0.005952755552550072,0.0066030736963367835,0.007321789503788173,36,0.00513221366778646,0.0052635255934282196,0.0059527153215415875,0.006603012259866578,0.007321773388804339,36,7.292470162941802e-07,7.49152859983959e-07,7.983365537413776e-07,8.52292984462239e-07,9.371464140923478e-07,36,0.0001130283247965503,0.00012081209968355179,0.0001382078022044125,0.00014951683539694925,0.0001534356976461389,36,0.0,0.0,0.0,0.0,0.0,36,0.0,0.0,0.0,0.0,0.0,36,0.0,0.0,0.0,0.0,0.0,1.0,True
legacy,0.01,2.44140625e-06,0.0001,ConvWeight_0,36,1,0,36,-0.25898091655391386,-0.12490509177901252,-0.034372029623503164,0.07059527371296032,0.16406705272004518,36,0.9996376117337723,0.9998476740258022,0.9999820606881582,0.9999962627752736,0.9999993405126659,36,-0.2580470538176141,-0.12429446734812571,-0.03474683763232861,0.06962782993803981,0.16480546004944466,36,482.2437237337742,659.0166539847636,1250.6169689712024,2284.9896854029284,3162.8202359747866,36,482.3195477126366,659.1020677729124,1250.7448109339216,2284.9585817665434,3162.869918542516,36,0.0008352272252334849,0.0012115359647040186,0.00201214296125365,0.003957726298043078,0.005583700671606778,36,0.0008342481037358497,0.001207735033160622,0.002013210901023057,0.003934497152249299,0.0055810153651338875,36,2.3179699764835258,2.4600185801398453,2.6489886121194797,2.9048459235548885,3.1779990198253265,36,2.31824445542997,2.4597265846335445,2.6491348380814292,2.9047919893088894,3.17843246039547,36,482.5515100198838,662.9923622956136,1250.470073537941,2292.3117086846837,3166.5809728051477,36,0.0,0.0,0.0,0.0,0.0,36,0.0,0.0,0.0,0.0,0.0,36,0.0,0.0,0.0,0.0,0.0,0.0,True
legacy,0.01,2.44140625e-06,0.0001,ConvWeight_1,36,1,0,36,-0.05717419137229748,-0.020290629504708134,0.0046080602736796195,0.031241580299252607,0.03984402640607885,36,0.9999202064784581,0.9999690992435608,0.9999795940404282,0.9999885536239417,0.9999957191196233,36,-0.056766666715772005,-0.020032941812707247,0.004739805720796516,0.03113401618511774,0.03986145176079788,36,300.7798305506591,372.00603565060874,436.0572786173416,499.33170862827046,573.3369309123227,36,300.7769065442168,372.0067787338594,436.0261534602199,499.3293573312055,573.3423256397062,36,0.00013879303069457471,0.00014761632073744362,0.00016847418282812487,0.0001972206727461919,0.00024423333015850736,36,0.00013870104390074662,0.00014771911075975118,0.00016854360219781888,0.00019712331181190567,0.0002441831737289803,36,0.06472072425199159,0.06758288868503352,0.07315772687240066,0.07809375551091635,0.09403904609433446,36,0.06472204659744916,0.0675833194473299,0.07315700762309513,0.07809984844949379,0.09403995132195456,36,300.83867843860315,372.0503597703061,436.1848629326148,499.52906532144027,573.5511850203837,36,0.0,0.0,0.0,0.0,1.3563368055555555e-05,36,0.0,0.0,0.0,0.0,0.0,36,0.0,0.0,0.0,0.0,0.0,0.0,True
legacy,0.01,2.44140625e-06,0.0001,ConvWeight_2,36,1,0,36,0.4343071248061535,0.44331054821494065,0.4927793605805407,0.5386474273969599,0.5613937992745693,36,0.9999759323319986,0.9999797545231075,0.9999857122477174,0.9999924344760247,0.9999942168127629,36,0.4342688877406801,0.443269940412678,0.49278565927448476,0.5386323260585247,0.5613763239386956,36,1.76069183927556,1.8890913294142466,2.043722925116397,2.235636546374985,2.3007571933447286,36,1.457104248462092,1.5881858775057187,1.7766428557318554,2.0011566008298587,2.0710529828222786,36,0.00014254398654110507,0.00014812473549740036,0.00016752450287202715,0.0001801924484978591,0.00018946790637484678,36,0.00014250968726054112,0.0001481312356604668,0.00016752733834017169,0.0001801820365370779,0.00018942833193501374,36,0.0002914013797395856,0.0003145562808449097,0.00033318470230547516,0.000370502026572628,0.0003905937255081343,36,0.00024344139923418353,0.00026993276819798376,0.00028878775740048704,0.0003277944973042064,0.0003516065029177178,36,1.4572400731564545,1.5884947417219988,1.7764745609744366,2.001672847623332,2.0711669685332503,36,0.0,0.0,0.0,0.0,0.0,36,0.0,0.0,0.0,0.0,0.0,36,0.0,0.0,0.0,0.0,0.0,0.0,True
legacy,0.01,2.44140625e-06,0.0001,DenseWeight_0,36,1,0,36,0.9999998692160822,0.9999998760375517,0.9999998942591262,0.999999919290994,0.9999999294700983,36,0.999999999996,0.9999999999964584,0.9999999999973832,0.9999999999987466,0.9999999999991608,36,0.9999998692186124,0.9999998760488065,0.9999998942539766,0.9999999192934212,0.9999999294598896,36,0.9999640970229551,0.9999730882569459,0.9999985844298926,1.0000221305423005,1.0000337876810788,36,0.0003767192452357332,0.00040269452058350956,0.0004607062349171202,0.0004984206732829058,0.0005114583909241009,36,0.005132165465077401,0.005263562014993563,0.00595275526086811,0.006603072976152926,0.007321788806902045,36,0.0051321666235032756,0.00526356225967544,0.005952755552550072,0.0066030736963367835,0.007321789503788173,36,0.005132323881877436,0.005263440484341429,0.005952621893935813,0.006602869299241768,0.0073217362534029615,36,2.4308221841373494e-06,2.4971769111640823e-06,2.661119841296721e-06,2.840976183521282e-06,3.123820092588874e-06,36,0.0003767606290678462,0.00040270740569048184,0.00046069194717201915,0.0004983904261581186,0.000511451354051762,36,0.0,0.0,0.0,0.0,0.0,36,0.0,0.0,0.0,0.0,0.0,36,0.0,0.0,0.0,0.0,0.0,1.0,True
legacy,0.01,2.44140625e-06,0.0003,ConvWeight_0,36,1,0,36,-0.25930931133237783,-0.12566178869124534,-0.03498031039705554,0.07003750783715826,0.16365359679432548,36,0.9996376117337723,0.9998476740258022,0.9999820606881582,0.9999962627752736,0.9999993405126659,36,-0.25837559406704275,-0.125051226510194,-0.03525102907786726,0.06907002110396362,0.16439193897667553,36,1446.8819437910345,1977.219340627616,3752.1093130941113,6854.91031076107,9488.557723303733,36,1446.9584542762234,1977.3052503267654,3752.237416480576,6854.879351823514,9488.607510769227,36,0.0008352272252334849,0.0012115359647040186,0.00201214296125365,0.003957726298043078,0.005583700671606778,36,0.0008342481037358497,0.001207735033160622,0.002013210901023057,0.003934497152249299,0.0055810153651338875,36,6.95445808255631,7.379470133485363,7.947257777847867,8.714429147486268,9.534863558923796,36,6.9547333581475845,7.37917979579322,7.947404461195626,8.714375979102236,9.535297275131667,36,1447.654552755222,1988.9770780120734,3751.410234089728,6876.935142274182,9499.742814062807,36,0.0,0.0,0.0,0.0,0.0,36,0.0,0.0,0.0,0.0,0.0,36,0.0,0.0,0.0,0.0,0.0,0.0,True
legacy,0.01,2.44140625e-06,0.0003,ConvWeight_1,36,1,0,36,-0.0585709773360656,-0.021885449827957246,0.002831572760490289,0.029713732377851167,0.03832538438909326,36,0.9999202064784581,0.9999690992435608,0.9999795940404282,0.9999885536239417,0.9999957191196233,36,-0.05816351378462998,-0.021627805299033444,0.002963300871123178,0.029606132595254322,0.038342788011232136,36,902.3347924456094,1116.0185944293921,1308.1066296487402,1497.9898861942404,1720.022954783114,36,902.3329763514421,1116.0202327269767,1308.076267609979,1497.9882020590821,1720.0289303605243,36,0.00013879303069457471,0.00014761632073744362,0.00016847418282812487,0.0001972206727461919,0.00024423333015850736,36,0.00013870104390074662,0.00014771911075975118,0.00016854360219781888,0.00019712331181190567,0.0002441831737289803,36,0.19416492100516222,0.20274943428358688,0.219471308475271,0.23429281496308474,0.282119133108657,36,0.19416637133538162,0.2027499761856869,0.21947071129017431,0.23429901082772664,0.2821201336097599,36,902.5183108405563,1116.1512696126558,1308.5524110259898,1498.5875815241843,1720.6552606138002,36,0.0,0.0,0.0,0.0,1.3563368055555555e-05,36,0.0,0.0,0.0,0.0,0.0,36,0.0,0.0,0.0,0.0,0.0,0.0,True
legacy,0.01,2.44140625e-06,0.0003,ConvWeight_2,36,1,0,36,0.15391326654223467,0.15922242000563971,0.1853243687156727,0.21100855077560965,0.22732564420246562,36,0.9999759323319986,0.9999797545231075,0.9999857122477174,0.9999924344760247,0.9999942168127629,36,0.15387993727592658,0.1591589001940835,0.18539897331922778,0.21098524024363516,0.22729739718008737,36,4.476553082793597,4.882789038265927,5.428574251939095,6.084726394101871,6.294223445669173,36,4.371330702756639,4.764640886447676,5.329984667507061,6.0035482665481466,6.213246277653528,36,0.00014254398654110507,0.00014812473549740036,0.00016752450287202715,0.0001801924484978591,0.00018946790637484678,36,0.00014250968726054112,0.0001481312356604668,0.00016752733834017169,0.0001801820365370779,0.00018942833193501374,36,0.0007498246455523749,0.000825666738952922,0.0008812269088661738,0.0009998207372259504,0.0010685543837203216,36,0.0007303583122850137,0.000809824474400433,0.0008663525198185698,0.000983376285740916,0.001054816732579732,36,4.371700033403771,4.76553800558892,5.3294451909400244,6.005066314800016,6.213484552322318,36,0.0,0.0,0.0,0.0,0.0,36,0.0,0.0,0.0,0.0,0.0,36,0.0,0.0,0.0,0.0,3.3908420138888887e-06,0.0,True
legacy,0.01,2.44140625e-06,0.0003,DenseWeight_0,36,1,0,36,0.9999988230000532,0.9999988844805132,0.9999990484007294,0.9999992736005021,0.9999993651015703,36,0.999999999996,0.9999999999964584,0.9999999999973832,0.9999999999987466,0.9999999999991608,36,0.9999988230011243,0.9999988845087364,0.9999990483798418,0.9999992736055265,0.9999993650686914,36,0.9998920593302308,0.9999198922569678,0.9999959725105974,1.0000668565358155,1.0001016976161377,36,0.0011302348268327194,0.0012081110524061525,0.0013820798879239683,0.0014952064498226672,0.0015343489270398195,36,0.005132165465077401,0.005263562014993563,0.00595275526086811,0.006603072976152926,0.007321788806902045,36,0.0051321666235032756,0.00526356225967544,0.005952755552550072,0.0066030736963367835,0.007321789503788173,36,0.005132642204877865,0.005263200752372585,0.0059523583890541305,0.006602463857990581,0.007321633748934365,36,7.292457139412512e-06,7.491537706540525e-06,7.98334315033737e-06,8.522925621190927e-06,9.371449947603568e-06,36,0.0011302781205350743,0.0012081258202949765,0.0013820697451405657,0.0014951797915388398,0.0015343458912880012,36,0.0,0.0,0.0,0.0,0.0,36,0.0,0.0,0.0,0.0,0.0,36,0.0,0.0,0.0,0.0,0.0,1.0,True
legacy,0.01,2.44140625e-06,0.0005,ConvWeight_0,36,1,0,36,-0.2593749819955789,-0.12581310102140753,-0.035101972110262405,0.06992595200036544,0.1635708866256814,36,0.9996376117337723,0.9998476740258022,0.9999820606881582,0.9999962627752736,0.9999993405126659,36,-0.25844129332938726,-0.12520255125761767,-0.0353518705098131,0.06895845693417571,0.164309216171128,36,2411.5207434524655,3295.4224122369806,6253.60188517549,11424.831072994777,15814.295154299141,36,2411.5973912164045,3295.5084211164126,6253.730040843555,11424.800142984235,15814.344962757357,36,0.0008352272252334849,0.0012115359647040186,0.00201214296125365,0.003957726298043078,0.005583700671606778,36,0.0008342481037358497,0.001207735033160622,0.002013210901023057,0.003934497152249299,0.0055810153651338875,36,11.590946814218354,12.298923069345548,13.245527238296763,14.52401299836235,15.891728178563266,36,11.591222249124415,12.298633063284111,13.245674013121668,14.523959983157946,15.89216194989596,36,2412.757625880878,3314.9617819207606,6252.350413098511,11461.558597027517,15832.904514906937,36,0.0,0.0,0.0,0.0,0.0,36,0.0,0.0,0.0,0.0,0.0,36,0.0,0.0,0.0,0.0,0.0,0.0,True
legacy,0.01,2.44140625e-06,0.0005,ConvWeight_1,36,1,0,36,-0.058850732485763294,-0.02220447521933741,0.0024761778388115514,0.029408397658500892,0.038021529963719373,36,0.9999202064784581,0.9999690992435608,0.9999795940404282,0.9999885536239417,0.9999957191196233,36,-0.05844327608075848,-0.021946840955711623,0.0026079024578573237,0.029300789103322317,0.038038929406951236,36,1503.8936748325018,1860.0321250362645,2180.153689994278,2496.6491125137377,2866.7117179034235,36,1503.8920804397803,1860.0339423206406,2180.1234805820313,2496.647561941024,2866.7178095828676,36,0.00013879303069457471,0.00014761632073744362,0.00016847418282812487,0.0001972206727461919,0.00024423333015850736,36,0.00013870104390074662,0.00014771911075975118,0.00016854360219781888,0.00019712331181190567,0.0002441831737289803,36,0.32360952912496,0.3379160928175321,0.3657845725258517,0.39049124422588866,0.47019966941622743,36,0.32361100503970863,0.3379166569405126,0.36578399971403047,0.390497460713432,0.47020068896078593,36,1504.200978139249,1860.2524343418877,2180.9170565132226,2497.646613313174,2867.761611525837,36,0.0,0.0,0.0,0.0,1.3563368055555555e-05,36,0.0,0.0,0.0,0.0,0.0,36,0.0,0.0,0.0,0.0,0.0,0.0,True
legacy,0.01,2.44140625e-06,0.0005,ConvWeight_2,36,1,0,36,0.08795458821436218,0.09564086005437811,0.11250658627828095,0.12836312915855874,0.14683545531490397,36,0.9999759323319986,0.9999797545231075,0.9999857122477174,0.9999924344760247,0.9999942168127629,36,0.08791936674288578,0.09559245332253333,0.11253773734314444,0.12832974976209335,0.1468055877712786,36,7.346027193245233,8.018447309345408,8.945118478376697,10.054323619603444,10.404621889083932,36,7.285533666614283,7.941172331367497,8.883361794427834,10.006010272874956,10.355421352262317,36,0.00014254398654110507,0.00014812473549740036,0.00016752450287202715,0.0001801924484978591,0.00018946790637484678,36,0.00014250968726054112,0.0001481312356604668,0.00016752733834017169,0.0001801820365370779,0.00018942833193501374,36,0.0012303849690592542,0.001359642868109977,0.001452973598790141,0.0016493406736521493,0.0017663663240590672,36,0.001217320945943943,0.0013497512705852996,0.0014439031517457963,0.001638948612819821,0.0017580234223491481,36,7.286134235955461,7.942654394805864,8.882445737447313,10.008524734418152,10.35578128408345,36,0.0,0.0,0.0,0.0,0.0,36,0.0,0.0,0.0,0.0,0.0,36,0.0,0.0,0.0,0.0,0.0,0.0,True
legacy,0.01,2.44140625e-06,0.0005,DenseWeight_0,36,1,0,36,0.9999967306575882,0.9999969015646142,0.9999973569108618,0.9999979821335634,0.9999982361627989,36,0.999999999996,0.9999999999964584,0.9999999999973832,0.9999999999987466,0.9999999999991608,36,0.9999967306572162,0.9999969016097998,0.9999973568742265,0.9999979821411851,0.9999982361072381,36,0.9998206638798512,0.9998676454698817,0.9999940943264483,1.0001124566232162,1.0001704524737842,36,0.001883747319395641,0.002013534244123894,0.002303449132375055,0.0024920069663828285,0.0025572323580948238,36,0.005132165465077401,0.005263562014993563,0.00595275526086811,0.006603072976152926,0.007321788806902045,36,0.0051321666235032756,0.00526356225967544,0.005952755552550072,0.0066030736963367835,0.007321789503788173,36,0.005132965602156497,0.005262966112526208,0.005952099967859115,0.0066020628881113316,0.007321536573027831,36,1.2154081773164746e-05,1.2485909964487921e-05,1.3305546622908708e-05,1.4204873049173601e-05,1.561906777581772e-05,36,0.0018837908890954325,0.002013549327677269,0.0023034397447463583,0.0024919808961521824,0.002557229918538647,36,0.0,0.0,0.0,0.0,0.0,36,0.0,0.0,0.0,0.0,0.0,36,0.0,0.0,0.0,0.0,0.0,1.0,True
legacy,0.01,2.44140625e-06,0.001,ConvWeight_0,36,1,0,36,-0.25942423810394516,-0.1259265790892398,-0.03519324140216593,0.06984229851529535,0.16350883299086236,36,0.9996376117337723,0.9998476740258022,0.9999820606881582,0.9999962627752736,0.9999993405126659,36,-0.25849056978667195,-0.12531603849639292,-0.03542751816222442,0.06887479772611306,0.16424715395503356,36,4823.118115955746,6590.9302139075435,12507.333486419539,22849.63312178949,31628.63815883485,36,4823.194866663469,6591.016297188015,12507.46168130052,22849.60221344556,31628.687983066877,36,0.0008352272252334849,0.0012115359647040186,0.00201214296125365,0.003957726298043078,0.005583700671606778,36,0.0008342481037358497,0.001207735033160622,0.002013210901023057,0.003934497152249299,0.0055810153651338875,36,23.18216887342591,24.597556235588527,26.491200739962043,29.047972957328334,31.783889211656074,36,23.182444427816407,24.597266478272665,26.49134758340721,29.047920057015688,31.78432302433839,36,4825.515441855279,6629.923490695815,12504.70093875391,22923.117326946543,31665.808156636398,36,0.0,0.0,0.0,0.0,0.0,36,0.0,0.0,0.0,0.0,0.0,36,0.0,0.0,0.0,0.0,0.0,0.0,True
legacy,0.01,2.44140625e-06,0.001,ConvWeight_1,36,1,0,36,-0.05906149946691343,-0.022443920420392144,0.0022094263593360045,0.029179960448901025,0.03779342693857259,36,0.9999202064784581,0.9999690992435608,0.9999795940404282,0.9999885536239417,0.9999957191196233,36,-0.05865403713611984,-0.022186297327417174,0.002341148365401155,0.02907234167797156,0.03781082362434476,36,3007.8045502821687,3720.06739213731,4360.2589238340315,4993.299677356417,5733.443789786577,36,3007.80312242277,3720.0693435408225,4360.228828880946,4993.298227239098,5733.449968395637,36,0.00013879303069457471,0.00014761632073744362,0.00016847418282812487,0.0001972206727461919,0.00024423333015850736,36,0.00013870104390074662,0.00014771911075975118,0.00016854360219781888,0.00019712331181190567,0.0002441831737289803,36,0.6472224478596926,0.6758328848783063,0.731565960239553,0.7809842378183182,0.9404026773036658,36,0.6472239429365065,0.6758334656517104,0.7315654056208829,0.7809904698581676,0.9404037111065174,36,3008.4209308729346,3720.5064703694284,4361.815979918625,4995.296460351859,5735.537453184416,36,0.0,0.0,0.0,0.0,1.3563368055555555e-05,36,0.0,0.0,0.0,0.0,0.0,36,0.0,0.0,0.0,0.0,0.0,0.0,True
legacy,0.01,2.44140625e-06,0.001,ConvWeight_2,36,1,0,36,0.03766649675707913,0.04603634843424409,0.05653568011555525,0.06434160083282708,0.08439876283304497,36,0.9999759323319986,0.9999797545231075,0.9999857122477174,0.9999924344760247,0.9999942168127629,36,0.03762993775499702,0.04599538692433844,0.05653227904216592,0.06435912504476335,0.08436778498698795,36,14.597352222676777,15.92894588776522,17.800740304624025,20.035906172657633,20.73593705824603,36,14.57093849761473,15.882833368874934,17.766947706017035,20.01246164587637,20.710776464535023,36,0.00014254398654110507,0.00014812473549740036,0.00016752450287202715,0.0001801924484978591,0.00018946790637484678,36,0.00014250968726054112,0.0001481312356604668,0.00016752733834017169,0.0001801820365370779,0.00018942833193501374,36,0.0024431062214539012,0.0027050873218093466,0.002892387162472393,0.003283641484294592,0.0035202875518159852,36,0.0024349294039896553,0.002699723330109993,0.002887719533171247,0.003277839193726622,0.0035160259329248687,36,14.57211616445711,15.885776458144456,17.765087746970124,20.017464845028798,20.711439385648895,36,0.0,0.0,0.0,0.0,0.0,36,0.0,0.0,0.0,0.0,0.0,36,0.0,0.0,0.0,0.0,0.0,0.0,True
legacy,0.01,2.44140625e-06,0.001,DenseWeight_0,36,1,0,36,0.9999869236914077,0.9999876083811201,0.9999894302514134,0.999991927610292,0.9999929426098338,36,0.999999999996,0.9999999999964584,0.9999999999973832,0.9999999999987466,0.9999999999991608,36,0.9999869236874975,0.9999876084686926,0.9999894301753806,0.9999919276243947,0.9999929424975221,36,0.9996449861082287,0.9997411821832628,0.999992608983383,1.0002302803509147,1.0003460348076927,36,0.0037675109600221568,0.004027117461677142,0.004606842208633858,0.004984063989021625,0.005114399472252712,36,0.005132165465077401,0.005263562014993563,0.00595275526086811,0.006603072976152926,0.007321788806902045,36,0.0051321666235032756,0.00526356225967544,0.005952755552550072,0.0066030736963367835,0.007321789503788173,36,0.005133796289576487,0.005262401795030493,0.005951476160356509,0.006601080031853775,0.007321316946940944,36,2.4308115755477776e-05,2.49719078087442e-05,2.6610984230035225e-05,2.840974775889399e-05,3.123807348480939e-05,36,0.0037675545049431687,0.00402713264877636,0.00460683322581403,0.004984038076021633,0.005114397033525214,36,0.0,0.0,0.0,0.0,0.0,36,0.0,0.0,0.0,0.0,0.0,36,0.0,0.0,0.0,0.0,0.0,1.0,True
legacy,0.1,2.44140625e-05,0.0,ConvWeight_0,36,1,0,36,0.9911607140179312,0.9974549243786079,0.9996489127012007,0.9999671885083721,0.9999916524261954,36,0.9911607140179312,0.9974549243786079,0.9996489127012007,0.9999671885083721,0.9999916524261954,36,0.9999999999999994,1.0000000000000002,1.0000000000000022,1.000000000000003,1.0000000000000033,36,0.9479557248296986,0.9690422641592532,0.9921697774592371,1.0205887574713037,1.0480818170799695,36,0.00444452556110761,0.012567907422900107,0.032569219188316914,0.07233909482332979,0.13275983084532542,36,0.0008352272252334849,0.0012115359647040186,0.00201214296125365,0.003957726298043078,0.005583700671606778,36,0.0008463093233167398,0.0012000106299227275,0.0020117107693731983,0.003933347642226579,0.005534392712854891,36,0.0008463093233167398,0.0012000106299227275,0.0020117107693731983,0.003933347642226579,0.005534392712854891,36,0.0,0.0,0.0,0.0,0.0,36,0.0,0.0,0.0,0.0,0.0,36,0.0,0.0,0.0,0.0,0.0,36,0.0,0.0,0.0,0.0,0.0,36,0.0,0.0,0.0,0.0,0.0,1.0,True
legacy,0.1,2.44140625e-05,0.0,ConvWeight_1,36,1,0,36,0.9993712283616321,0.9995849572563771,0.9997804213737254,0.9998843831933396,0.9999138836365241,36,0.9993712283616321,0.9995849572563771,0.9997804213737254,0.9998843831933396,0.9999138836365241,36,0.9999999999999926,0.999999999999996,1.0,1.0000000000000027,1.000000000000004,36,0.9854839059657247,0.9965746074650588,0.9994800351318169,1.004483571189458,1.0072757528897445,36,0.013465465047745156,0.015693589546400058,0.020985669859828648,0.02946219547133105,0.03558956882070646,36,0.00013879303069457471,0.00014761632073744362,0.00016847418282812487,0.0001972206727461919,0.00024423333015850736,36,0.0001388340761930314,0.0001482128097821518,0.00016829843262944664,0.0001976497459618383,0.00024347580405562066,36,0.0001388340761930314,0.0001482128097821518,0.00016829843262944664,0.0001976497459618383,0.00024347580405562066,36,0.0,0.0,0.0,0.0,0.0,36,0.0,0.0,0.0,0.0,0.0,36,0.0,0.0,0.0,0.0,1.3563368055555555e-05,36,0.0,0.0,0.0,0.0,0.0,36,0.0,0.0,0.0,0.0,0.0,1.0,True
legacy,0.1,2.44140625e-05,0.0,ConvWeight_2,36,1,0,36,0.9997941640774163,0.9998203304457814,0.9998601962568916,0.9998974849633451,0.9999207249907675,36,0.9997941640774163,0.9998203304457814,0.9998601962568916,0.9998974849633451,0.9999207249907675,36,0.9999999999999915,0.9999999999999958,1.0000000000000007,1.0000000000000058,1.0000000000000104,36,0.9989123385390517,0.9990458363870152,0.9997544643159024,1.0002744228399814,1.0010473927552672,36,0.012604299981723148,0.014335497694018809,0.016721086657209557,0.018963136939272787,0.020307808670820257,36,0.00014254398654110507,0.00014812473549740036,0.00016752450287202715,0.0001801924484978591,0.00018946790637484678,36,0.0001423889469404542,0.00014807562361739108,0.0001675788363231412,0.00018003842622709023,0.00018950164262924362,36,0.0001423889469404542,0.00014807562361739108,0.0001675788363231412,0.00018003842622709023,0.00018950164262924362,36,0.0,0.0,0.0,0.0,0.0,36,0.0,0.0,0.0,0.0,0.0,36,0.0,0.0,0.0,0.0,0.0,36,0.0,0.0,0.0,0.0,0.0,36,0.0,0.0,0.0,0.0,0.0,1.0,True
legacy,0.1,2.44140625e-05,0.0,DenseWeight_0,36,1,0,36,0.9999999977721494,0.9999999980196763,0.9999999984336954,0.9999999990431796,0.9999999991964046,36,0.9999999977721494,0.9999999980196763,0.9999999984336954,0.9999999990431796,0.9999999991964046,36,0.9999999999998894,0.9999999999999334,1.0000000000000044,1.0000000000000688,1.0000000000001308,36,1.0000002470304086,1.0000003633649475,1.000000667629882,1.0000012101850795,1.0000015229292305,36,4.009277798178159e-05,4.375213162741648e-05,5.5984243757888546e-05,6.293488915926427e-05,6.675543757312985e-05,36,0.005132165465077401,0.005263562014993563,0.00595275526086811,0.006603072976152926,0.007321788806902045,36,0.0051321728444733376,0.005263564771610572,0.005952758124398546,0.006603076566528386,0.0073217924062544786,36,0.0051321728444733376,0.005263564771610572,0.005952758124398546,0.006603076566528386,0.0073217924062544786,36,0.0,0.0,0.0,0.0,0.0,36,0.0,0.0,0.0,0.0,0.0,36,0.0,0.0,0.0,0.0,0.0,36,0.0,0.0,0.0,0.0,0.0,36,0.0,0.0,0.0,0.0,0.0,1.0,True
legacy,0.1,2.44140625e-05,1e-05,ConvWeight_0,36,1,0,36,-0.20934807130823196,-0.0310658231202824,0.058268114160505244,0.18063435867500724,0.32938397045160306,36,0.9911607140179312,0.9974549243786079,0.9996489127012007,0.9999671885083721,0.9999916524261954,36,-0.20795783054177613,-0.028148637186853995,0.057116945552616635,0.1809520916712703,0.3300452841189607,36,4.849438216288212,6.5800881680932015,12.414603296869812,22.89743620722468,31.603040848393874,36,4.824537514982062,6.591374562469918,12.503432557679734,22.84534024496159,31.63679572481479,36,0.0008352272252334849,0.0012115359647040186,0.00201214296125365,0.003957726298043078,0.005583700671606778,36,0.0008463093233167398,0.0012000106299227275,0.0020117107693731983,0.003933347642226579,0.005534392712854891,36,0.023026487805446392,0.024773175838201128,0.026418664198885014,0.029219401384220273,0.0313937095916428,36,0.02318244455692179,0.024597265765644048,0.026491348463970745,0.029047919868573902,0.031784324731662886,36,4.866166013041071,6.631911895512398,12.51192872517328,23.075112189281334,31.214523028920258,36,0.0,0.0,0.0,0.0,0.0,36,0.0,0.0,0.0,0.0,0.0,36,0.0,0.0,0.0,0.0,0.0,0.0,True
legacy,0.1,2.44140625e-05,1e-05,ConvWeight_1,36,1,0,36,0.15038112961368977,0.18985018981980661,0.22631990005238095,0.26467353599743815,0.3299852465928018,36,0.9993712283616321,0.9995849572563771,0.9997804213737254,0.9998843831933396,0.9999138836365241,36,0.14962586832421765,0.18961261447307015,0.2264787022839848,0.26471492142410347,0.3299606003108837,36,3.1699147648129324,3.849806621535757,4.494404125068419,5.093983459167919,5.813568359026216,36,3.0078464875007116,3.7196634787278477,4.360115698746887,4.993560076455262,5.733749936028459,36,0.00013879303069457471,0.00014761632073744362,0.00016847418282812487,0.0001972206727461919,0.00024423333015850736,36,0.0001388340761930314,0.0001482128097821518,0.00016829843262944664,0.0001976497459618383,0.00024347580405562066,36,0.0006648510979993928,0.0006935593188234926,0.0007503017449561121,0.000798324891966274,0.0009535447542461459,36,0.0006472201197055437,0.0006758331667756536,0.000731570542848845,0.0007809992886147975,0.0009403990932751965,36,3.017123599321337,3.718552097187838,4.3701060117149915,4.9928577310511955,5.751063667127025,36,0.0,0.0,0.0,0.0,1.3563368055555555e-05,36,0.0,0.0,0.0,0.0,0.0,36,0.0,0.0,0.0,0.0,0.0,0.0,True
legacy,0.1,2.44140625e-05,1e-05,ConvWeight_2,36,1,0,36,0.9995966564863392,0.9996233056767055,0.9996946363184149,0.9997673161157907,0.9998145594112757,36,0.9997941640774163,0.9998203304457814,0.9998601962568916,0.9998974849633451,0.9999207249907675,36,0.9997852782495568,0.999799514629079,0.9998424354922468,0.9998737243603764,0.999893699950348,36,0.9989683089104624,0.999193318200263,0.9998789041039713,1.0004673356811544,1.0011051954096064,36,0.01926317054118068,0.02157507506216385,0.024720439215450314,0.02746580146853183,0.02840632257103269,36,0.00014254398654110507,0.00014812473549740036,0.00016752450287202715,0.0001801924484978591,0.00018946790637484678,36,0.0001423889469404542,0.00014807562361739108,0.0001675788363231412,0.00018003842622709023,0.00018950164262924362,36,0.00014239692518032434,0.00014809458804238219,0.00016761329595323387,0.00018006873777367464,0.00018953376851276664,36,2.4343637518561574e-06,2.6992921380073753e-06,2.8878927133858837e-06,3.2779605066118634e-06,3.5160676381696673e-06,36,0.014580752739756687,0.015897746642463642,0.017756110705557084,0.020026580346193843,0.020726807809060444,36,0.0,0.0,0.0,0.0,0.0,36,0.0,0.0,0.0,0.0,0.0,36,0.0,0.0,0.0,0.0,0.0,1.0,True
legacy,0.1,2.44140625e-05,1e-05,DenseWeight_0,36,1,0,36,0.999999997648049,0.999999997897742,0.9999999983169199,0.9999999989563559,0.999999999117974,36,0.9999999977721494,0.9999999980196763,0.9999999984336954,0.9999999990431796,0.9999999991964046,36,0.9999999998614496,0.9999999998672207,0.9999999998962803,0.9999999999164744,0.9999999999283504,36,0.9999999625990493,1.0000001843149682,1.0000006721721404,1.000001374808424,1.000001745934813,36,4.200081177053393e-05,4.569103462776579e-05,5.8022465096998886e-05,6.485217177975159e-05,6.858943684307379e-05,36,0.005132165465077401,0.005263562014993563,0.00595275526086811,0.006603072976152926,0.007321788806902045,36,0.0051321728444733376,0.005263564771610572,0.005952758124398546,0.006603076566528386,0.0073217924062544786,36,0.005132174425503694,0.0052635636359619,0.005952756576547339,0.006603074430605614,0.007321792216290127,36,8.38600911631852e-08,8.447654406439733e-08,8.563402900031554e-08,8.714389214584516e-08,8.826753207463344e-08,36,1.1968378463676656e-05,1.2927557042540966e-05,1.4404468422527927e-05,1.6295130916404676e-05,1.6647970249185453e-05,36,0.0,0.0,0.0,0.0,0.0,36,0.0,0.0,0.0,0.0,0.0,36,0.0,0.0,0.0,0.0,0.0,1.0,True
legacy,0.1,2.44140625e-05,3e-05,ConvWeight_0,36,1,0,36,-0.2429739640178978,-0.09170774958141101,-0.0073658784273348855,0.10181788038637249,0.2161719022901917,36,0.9911607140179312,0.9974549243786079,0.9996489127012007,0.9999671885083721,0.9999916524261954,36,-0.24159778006418658,-0.09422818522732879,-0.01025442779897174,0.10208143386743777,0.2168496904361236,36,14.427943196180125,19.712109614815375,37.40311283635971,68.58238335619592,94.84960094655514,36,14.470914876544224,19.77340076203238,37.51828792380384,68.54441794440658,94.89408270884904,36,0.0008352272252334849,0.0012115359647040186,0.00201214296125365,0.003957726298043078,0.005583700671606778,36,0.0008463093233167398,0.0012000106299227275,0.0020117107693731983,0.003933347642226579,0.005534392712854891,36,0.0693111186975631,0.07402532722987276,0.07935721689840496,0.08723560898109575,0.0949344128200951,36,0.06954733371690967,0.0737917973794797,0.07947404533917665,0.08714375963996156,0.09535297416582338,36,14.598498060961354,19.895735680884307,37.535786153921194,69.22533664293053,93.64356896664181,36,0.0,0.0,0.0,0.0,0.0,36,0.0,0.0,0.0,0.0,0.0,36,0.0,0.0,0.0,0.0,0.0,0.0,True
legacy,0.1,2.44140625e-05,3e-05,ConvWeight_1,36,1,0,36,0.011113539081269165,0.05466342549127501,0.07520028738251891,0.1103547551778133,0.13852395964992992,36,0.9993712283616321,0.9995849572563771,0.9997804213737254,0.9998843831933396,0.9999138836365241,36,0.010324777391286274,0.05451349663879472,0.07474801388771432,0.11055153231007046,0.13847612628137593,36,9.079505949095111,11.202418667939295,13.148471678894857,15.01477419988983,17.223176369639045,36,9.023359749764852,11.159766986451139,13.080621497438209,14.980101401834274,17.200576195236785,36,0.00013879303069457471,0.00014761632073744362,0.00016847418282812487,0.0001972206727461919,0.00024423333015850736,36,0.0001388340761930314,0.0001482128097821518,0.00016829843262944664,0.0001976497459618383,0.00024347580405562066,36,0.0019466185914415852,0.002032321002839738,0.002201007923670704,0.002346375044234395,0.0028249550817144617,36,0.001941660590570303,0.0020274995180061114,0.00219471131691027,0.0023429973312010122,0.0028211975593374814,36,9.051373079480397,11.155656483269357,13.110314491094883,14.978573577428191,17.253192710751808,36,0.0,0.0,0.0,0.0,1.3563368055555555e-05,36,0.0,0.0,0.0,0.0,0.0,36,0.0,0.0,0.0,0.0,0.0,0.0,True
legacy,0.1,2.44140625e-05,3e-05,ConvWeight_2,36,1,0,36,0.9979025692981447,0.9980132879380619,0.9984089981809701,0.9987544286717953,0.9989652590977703,36,0.9997941640774163,0.9998203304457814,0.9998601962568916,0.9998974849633451,0.9999207249907675,36,0.9980726334138478,0.9981997504731464,0.9985851764926716,0.9988662702020799,0.9990440804640706,36,0.999962447375388,1.0003147436652233,1.0011489257651487,1.0022542024834102,1.0024674201934374,36,0.04549071883567093,0.0499195038308403,0.05647965844891048,0.06307682157816019,0.06481888087320145,36,0.00014254398654110507,0.00014812473549740036,0.00016752450287202715,0.0001801924484978591,0.00018946790637484678,36,0.0001423889469404542,0.00014807562361739108,0.0001675788363231412,0.00018003842622709023,0.00018950164262924362,36,0.00014258181309075013,0.00014831150216902572,0.00016782856472057582,0.00018028267806676342,0.0001897565537072117,36,7.303125243180011e-06,8.097902477100792e-06,8.66366727673464e-06,9.833874234441277e-06,1.054820005131073e-05,36,0.04374223739328913,0.047693292964485545,0.05326835295769375,0.060079788194316565,0.06218040654896214,36,0.0,0.0,0.0,0.0,0.0,36,0.0,0.0,0.0,0.0,0.0,36,0.0,0.0,0.0,0.0,0.0,1.0,True
legacy,0.1,2.44140625e-05,3e-05,DenseWeight_0,36,1,0,36,0.9999999966510327,0.9999999969360069,0.999999997506798,0.9999999982581079,0.9999999984959432,36,0.9999999977721494,0.9999999980196763,0.9999999984336954,0.9999999990431796,0.9999999991964046,36,0.9999999987531248,0.9999999988051098,0.9999999990665717,0.9999999992479722,0.9999999993553859,36,0.9999993942637682,0.9999997015923642,1.0000005713536297,1.0000016334858184,1.0000023628901573,36,5.484820826078621e-05,5.9012464624999706e-05,7.061673200497914e-05,7.828024780140737e-05,8.184507012023754e-05,36,0.005132165465077401,0.005263562014993563,0.00595275526086811,0.006603072976152926,0.007321788806902045,36,0.0051321728444733376,0.005263564771610572,0.005952758124398546,0.006603076566528386,0.0073217924062544786,36,0.005132177591820592,0.005263561368923006,0.005952753484528932,0.006603070162068996,0.007321791839506859,36,2.5158028369599586e-07,2.534296282100051e-07,2.569020597043467e-07,2.6143166741188575e-07,2.648025988061474e-07,36,3.5905130792027154e-05,3.878267444818107e-05,4.321340901715545e-05,4.888539425521184e-05,4.994391123458904e-05,36,0.0,0.0,0.0,0.0,0.0,36,0.0,0.0,0.0,0.0,0.0,36,0.0,0.0,0.0,0.0,0.0,1.0,True
legacy,0.1,2.44140625e-05,0.0001,ConvWeight_0,36,1,0,36,-0.254546602320652,-0.11494617834527218,-0.027010934818178914,0.07804521515643636,0.17409607845404312,36,0.9911607140179312,0.9974549243786079,0.9996489127012007,0.9999671885083721,0.9999916524261954,36,-0.2531756663753628,-0.11600730494476638,-0.03114498793599843,0.07829132401762846,0.17477754323421568,36,48.16655645353915,65.83179438218696,124.94617844730249,228.5246099324291,316.2466372659032,36,48.23327189139586,65.91051042139458,125.0705040361311,228.49159897146143,316.2948701777377,36,0.0008352272252334849,0.0012115359647040186,0.00201214296125365,0.003957726298043078,0.005583700671606778,36,0.0008463093233167398,0.0012000106299227275,0.0020117107693731983,0.003933347642226579,0.005534392712854891,36,0.2315603476070987,0.24628500798806616,0.26478128040293747,0.29054298250153054,0.3174150151279197,36,0.23182444551017428,0.24597265845253663,0.26491348381682994,0.290479198918172,0.31784324602067826,36,48.66166048188991,66.31911884148583,125.11928736169165,230.7511223255293,312.14522865816224,36,0.0,0.0,0.0,0.0,0.0,36,0.0,0.0,0.0,0.0,0.0,36,0.0,0.0,0.0,0.0,0.0,0.0,True
legacy,0.1,2.44140625e-05,0.0001,ConvWeight_1,36,1,0,36,-0.03819966928933863,0.0013282062706539595,0.02557686450493616,0.05285410859555152,0.06633322428657268,36,0.9993712283616321,0.9995849572563771,0.9997804213737254,0.9998843831933396,0.9999138836365241,36,-0.0389966006257102,0.0015132958022253933,0.025576086087450274,0.05268470501381285,0.06627728262224378,36,30.09551805846349,37.2115779864074,43.643810908820626,49.944492274262,57.336945147890404,36,30.077743347625315,37.20022172183089,43.60243651465804,49.93313404066899,57.334546863255326,36,0.00013879303069457471,0.00014761632073744362,0.00016847418282812487,0.0001972206727461919,0.00024423333015850736,36,0.0001388340761930314,0.0001482128097821518,0.00016829843262944664,0.0001976497459618383,0.00024347580405562066,36,0.0064726516124387085,0.0067592756662082495,0.00731806754111753,0.007805160652753294,0.009404438013596821,36,0.006472204668762675,0.00675833193385636,0.007315700753731365,0.007809984866944264,0.009403995125937066,36,30.17127021950093,37.185523849476205,43.701006958397016,49.92858307611017,57.510662314930116,36,0.0,0.0,0.0,0.0,1.3563368055555555e-05,36,0.0,0.0,0.0,0.0,0.0,36,0.0,0.0,0.0,0.0,0.0,0.0,True
legacy,0.1,2.44140625e-05,0.0001,ConvWeight_2,36,1,0,36,0.9790729815811661,0.9803415648777414,0.9844081750601359,0.9875597485396891,0.9894364143671881,36,0.9997941640774163,0.9998203304457814,0.9998601962568916,0.9998974849633451,0.9999207249907675,36,0.979196813554905,0.9805192481081815,0.9846307190491563,0.9876542241515416,0.9895136099168526,36,1.0087815038539607,1.0119999375217188,1.0157030780634346,1.0201993347898568,1.021077389757632,36,0.1462525706148406,0.15941161050284414,0.17876433579128898,0.20102571331943364,0.20763184067058338,36,0.00014254398654110507,0.00014812473549740036,0.00016752450287202715,0.0001801924484978591,0.00018946790637484678,36,0.0001423889469404542,0.00014807562361739108,0.0001675788363231412,0.00018003842622709023,0.00018950164262924362,36,0.00014498110242119072,0.0001509252733018942,0.0001701022037007095,0.00018262463635961555,0.00019218436936497863,36,2.4344147702248052e-05,2.6993312636361803e-05,2.8878764506980044e-05,3.2779496016520845e-05,3.5160633688236286e-05,36,0.1458072168308875,0.15897826421706812,0.17756142162139546,0.200266512778086,0.20726782641764496,36,0.0,0.0,0.0,0.0,0.0,36,0.0,0.0,0.0,0.0,0.0,36,0.0,0.0,0.0,0.0,0.0,1.0,True
legacy,0.1,2.44140625e-05,0.0001,DenseWeight_0,36,1,0,36,0.999999984197755,0.9999999848947103,0.9999999880093297,0.9999999906353538,0.9999999919496979,36,0.9999999977721494,0.9999999980196763,0.9999999984336954,0.9999999990431796,0.9999999991964046,36,0.9999999861458515,0.9999999867235785,0.9999999896286269,0.9999999916437432,0.9999999928379039,36,0.9999972251964769,0.9999976484545274,1.0000007261354886,1.0000031760887325,1.0000045309416523,36,0.00012688815759176445,0.00013683207542881622,0.00015488053981641163,0.00017381330073344136,0.0001777907598617886,36,0.005132165465077401,0.005263562014993563,0.00595275526086811,0.006603072976152926,0.007321788806902045,36,0.0051321728444733376,0.005263564771610572,0.005952758124398546,0.006603076566528386,0.0073217924062544786,36,0.005132188718619591,0.005263553479000725,0.005952742701146673,0.006603055256934638,0.007321790553792456,36,8.386010657188428e-07,8.447653818924386e-07,8.563398815405784e-07,8.714387870659901e-07,8.826753604646307e-07,36,0.00011968371578537208,0.00012927562038622708,0.0001440447406344089,0.00016295133194590085,0.00016647970998304637,36,0.0,0.0,0.0,0.0,0.0,36,0.0,0.0,0.0,0.0,0.0,36,0.0,0.0,0.0,0.0,0.0,1.0,True
legacy,0.1,2.44140625e-05,0.0003,ConvWeight_0,36,1,0,36,-0.25783340434660545,-0.12234722359779232,-0.03219692321189468,0.07252293469182573,0.1654958497909287,36,0.9911607140179312,0.9974549243786079,0.9996489127012007,0.9999671885083721,0.9999916524261954,36,-0.2564639973601581,-0.1221972579091533,-0.03360370444875954,0.07174590457829652,0.16456100137199867,36,144.62368391124127,197.64714898234163,375.09282539818145,685.5152577326285,948.8193160488261,36,144.6971613944295,197.73082810155557,375.2197575654999,685.4836629569187,948.868620341732,36,0.0008352272252334849,0.0012115359647040186,0.00201214296125365,0.003957726298043078,0.005583700671606778,36,0.0008463093233167398,0.0012000106299227275,0.0020117107693731983,0.003933347642226579,0.005534392712854891,36,0.6952012969416884,0.738213586820602,0.7946038596038165,0.87149335061136,0.9530987449123779,36,0.6954733357895599,0.7379179796149646,0.7947404461364089,0.8714375979002273,0.9535297275097216,36,145.98498373236728,198.9573556561691,375.35786344227836,692.2533685273238,936.4356755255707,36,0.0,0.0,0.0,0.0,0.0,36,0.0,0.0,0.0,0.0,0.0,36,0.0,0.0,0.0,0.0,0.0,0.0,True
legacy,0.1,2.44140625e-05,0.0003,ConvWeight_1,36,1,0,36,-0.05225351925077555,-0.014681556996938133,0.01080760267304784,0.03670802379405162,0.04546261108494218,36,0.9993712283616321,0.9995849572563771,0.9997804213737254,0.9998843831933396,0.9999138836365241,36,-0.05305243764193429,-0.01449880510555595,0.01086403045883718,0.036357876139195555,0.045404388239659636,36,90.24011571385435,111.60395919298892,130.84122629416905,149.80370134357153,171.99982741258722,36,90.23334789876512,111.60156398728847,130.8074456869574,149.79901453275306,172.00320532564902,36,0.00013879303069457471,0.00014761632073744362,0.00016847418282812487,0.0001972206727461919,0.00024423333015850736,36,0.0001388340761930314,0.0001482128097821518,0.00016829843262944664,0.0001976497459618383,0.00024347580405562066,36,0.01941579343779356,0.02027483185411067,0.021948224061244213,0.02342403988080348,0.02821150849733652,36,0.019416637160591558,0.02027499758600313,0.021947071103304693,0.02342990114880339,0.02821201334211069,36,90.51403887208507,111.55659078088235,131.10266653465126,149.785787732594,172.53215796204032,36,0.0,0.0,0.0,0.0,1.3563368055555555e-05,36,0.0,0.0,0.0,0.0,0.0,36,0.0,0.0,0.0,0.0,0.0,0.0,True
legacy,0.1,2.44140625e-05,0.0003,ConvWeight_2,36,1,0,36,0.8492762528845377,0.8568455251098571,0.8828050559088363,0.9036988254730327,0.9156106099905323,36,0.9997941640774163,0.9998203304457814,0.9998601962568916,0.9998974849633451,0.9999207249907675,36,0.8493675075484625,0.8569871668399929,0.8830841387184653,0.9037501475993877,0.9156797304816957,36,1.087615475469715,1.1127263205042532,1.1353758772841869,1.1674281910151305,1.177202460215202,36,0.43731325685516714,0.4765724316851492,0.533456730302331,0.6006369198272029,0.6214842802070977,36,0.00014254398654110507,0.00014812473549740036,0.00016752450287202715,0.0001801924484978591,0.00018946790637484678,36,0.0001423889469404542,0.00014807562361739108,0.0001675788363231412,0.00018003842622709023,0.00018950164262924362,36,0.0001653005453273158,0.00017131218727064982,0.0001886378858143596,0.00020271682150761644,0.00021212529676060005,36,7.303585453331235e-05,8.09825548503268e-05,8.663521830329126e-05,9.83377674410437e-05,0.00010548162347411081,36,0.4374196304073204,0.476940173007838,0.53268641584761,0.6008043217997854,0.621801842888801,36,0.0,0.0,0.0,0.0,0.0,36,0.0,0.0,0.0,0.0,0.0,36,0.0,0.0,0.0,0.0,0.0,0.1388888888888889,True
legacy,0.1,2.44140625e-05,0.0003,DenseWeight_0,36,1,0,36,0.9999998733819131,0.9999998787063782,0.9999999052076237,0.9999999237958941,0.9999999346491456,36,0.9999999977721494,0.9999999980196763,0.9999999984336954,0.9999999990431796,0.9999999991964046,36,0.9999998753113908,0.9999998805118768,0.9999999066566269,0.9999999247923022,0.9999999355414821,36,0.9999900598009165,0.999991709384653,1.0000010966637707,1.0000082435923914,1.000010800012357,36,0.0003615268606793355,0.000390370754233504,0.0004354665102110877,0.0004925324035381893,0.0005032810127714641,36,0.005132165465077401,0.005263562014993563,0.00595275526086811,0.006603072976152926,0.007321788806902045,36,0.0051321728444733376,0.005263564771610572,0.005952758124398546,0.006603076566528386,0.0073217924062544786,36,0.005132220892527769,0.005263531319630331,0.005952712223046872,0.006603012968644085,0.007321787163410765,36,2.5158042517680187e-06,2.534295781502507e-06,2.5690169487760172e-06,2.614315492675183e-06,2.64802637328501e-06,36,0.0003590506920452648,0.000387827198440974,0.0004321346025350449,0.0004888541530111722,0.0004994391850021639,36,0.0,0.0,0.0,0.0,0.0,36,0.0,0.0,0.0,0.0,0.0,36,0.0,0.0,0.0,0.0,0.0,1.0,True
legacy,0.1,2.44140625e-05,0.0005,ConvWeight_0,36,1,0,36,-0.2584897024725415,-0.12382498488406835,-0.0334153452020573,0.07141745191561231,0.16467649047306343,36,0.9911607140179312,0.9974549243786079,0.9996489127012007,0.9999671885083721,0.9999916524261954,36,-0.2571206025400165,-0.12343334088757749,-0.03409538668855895,0.07064026782274253,0.1637414330991697,36,241.08622650119872,329.4664742983965,625.241565526059,1142.5070510286769,1581.3928452463786,36,241.16105486764545,329.55114507890306,625.3690185724465,1142.4757395078489,1581.4423638066228,36,0.0008352272252334849,0.0012115359647040186,0.00201214296125365,0.003957726298043078,0.005583700671606778,36,0.0008463093233167398,0.0012000106299227275,0.0020117107693731983,0.003933347642226579,0.005534392712854891,36,1.158848599330917,1.2301555583118313,1.3244299387794767,1.4524501443421851,1.5887846626263076,36,1.1591222249056723,1.2298633063728244,1.324567401378688,1.452395998339339,1.5892161949734296,36,243.30831006567993,331.5955913140379,625.5964413491834,1153.7556169493544,1560.7261086577685,36,0.0,0.0,0.0,0.0,0.0,36,0.0,0.0,0.0,0.0,0.0,36,0.0,0.0,0.0,0.0,0.0,0.0,True
legacy,0.1,2.44140625e-05,0.0005,ConvWeight_1,36,1,0,36,-0.05506123562770422,-0.017882591604755964,0.007261996666169824,0.03353502559613674,0.042115756303167884,36,0.9993712283616321,0.9995849572563771,0.9997804213737254,0.9998843831933396,0.9999138836365241,36,-0.05586054240698638,-0.01770031103140288,0.007508900831152546,0.03313921738770492,0.04198863908028242,36,150.39382298489738,186.0035369204459,218.04442723972252,249.66830213956354,286.66755968654326,36,150.38925748485502,186.00293410771826,218.0121664563037,249.6649499404489,286.6720927830253,36,0.00013879303069457471,0.00014761632073744362,0.00016847418282812487,0.0001972206727461919,0.00024423333015850736,36,0.0001388340761930314,0.0001482128097821518,0.00016829843262944664,0.0001976497459618383,0.00024347580405562066,36,0.032359998705675866,0.0337912780083081,0.0365793101129845,0.03904367758080354,0.04701937448232462,36,0.032361100549083026,0.03379166563979635,0.03657839992853913,0.03904974618141402,0.04702006886461568,36,150.85711189613872,185.92768347082585,218.50385377581682,249.64304387836765,287.553881758123,36,0.0,0.0,0.0,0.0,1.3563368055555555e-05,36,0.0,0.0,0.0,0.0,0.0,36,0.0,0.0,0.0,0.0,0.0,0.0,True
legacy,0.1,2.44140625e-05,0.0005,ConvWeight_2,36,1,0,36,0.6943470492327097,0.705994614497693,0.7487726781334337,0.7862731328872575,0.8063907778928436,36,0.9997941640774163,0.9998203304457814,0.9998601962568916,0.9998974849633451,0.9999207249907675,36,0.6945064289861167,0.7061000599342437,0.7490037632119757,0.7862874393202326,0.806449608373273,36,1.2320822062338181,1.2852042853186068,1.3414986977725847,1.4147272736685372,1.4397776098288784,36,0.7286611733119572,0.7941284000566289,0.8886660755232278,1.0007577111640222,1.035633652784663,36,0.00014254398654110507,0.00014812473549740036,0.00016752450287202715,0.0001801924484978591,0.00018946790637484678,36,0.0001423889469404542,0.00014807562361739108,0.0001675788363231412,0.00018003842622709023,0.00018950164262924362,36,0.00019758526218755084,0.00020347988413341623,0.00022144054481486466,0.00024197726983731757,0.00024713994631918383,36,0.00012173213338294364,0.00013497530600996418,0.00014439025907804205,0.00016389509274130677,0.00017580225930638173,36,0.7290294663083335,0.7949093975330475,0.8878144019097889,1.0013486344999152,1.0363337728448299,36,0.0,0.0,0.0,0.0,0.0,36,0.0,0.0,0.0,0.0,0.0,36,0.0,0.0,0.0,0.0,0.0,0.0,True
legacy,0.1,2.44140625e-05,0.0005,DenseWeight_0,36,1,0,36,0.9999996517281777,0.9999996663052789,0.9999997392484217,0.999999790102236,0.999999820052439,36,0.9999999977721494,0.9999999980196763,0.9999999984336954,0.9999999990431796,0.9999999991964046,36,0.9999996536390371,0.9999996680874126,0.9999997407099631,0.9999997910866587,0.9999998209489032,36,0.9999829578024767,0.9999859050714048,1.000001533054001,1.0000133909680837,1.0000171796567237,36,0.0005999126821992495,0.0006478843894403524,0.0007222432241620895,0.0008169399656579005,0.0008346845883868046,36,0.005132165465077401,0.005263562014993563,0.00595275526086811,0.006603072976152926,0.007321788806902045,36,0.0051321728444733376,0.005263564771610572,0.005952758124398546,0.006603076566528386,0.0073217924062544786,36,0.005132253633918281,0.005263509728066941,0.005952682236158311,0.006602971121558424,0.007321784192416735,36,4.193008906872442e-06,4.223825758768335e-06,4.281690484166699e-06,4.3571911033114184e-06,4.413377837587753e-06,36,0.000598417069727682,0.0006463792358843148,0.0007202249824517517,0.0008147571958108258,0.000832398745174506,36,0.0,0.0,0.0,0.0,0.0,36,0.0,0.0,0.0,0.0,0.0,36,0.0,0.0,0.0,0.0,0.0,1.0,True
legacy,0.1,2.44140625e-05,0.001,ConvWeight_0,36,1,0,36,-0.2589816976688746,-0.12493275617097088,-0.03434998227191504,0.07058813883980936,0.16406172917917047,36,0.9911607140179312,0.9974549243786079,0.9996489127012007,0.9999671885083721,0.9999916524261954,36,-0.25761282769763655,-0.1243599733045547,-0.03446415044299842,0.06981083969398084,0.16312651527326655,36,482.24496105587315,659.016518260856,1250.614337993799,2284.987043703176,3162.8269852360163,36,482.3208022186819,659.1019325862144,1250.7421816052718,2284.955944601358,3162.8766645211454,36,0.0008352272252334849,0.0012115359647040186,0.00201214296125365,0.003957726298043078,0.005583700671606778,36,0.0008463093233167398,0.0012000106299227275,0.0020117107693731983,0.003933347642226579,0.005534392712854891,36,2.3179696274951347,2.4600163819037992,2.6489966388686472,2.9048449465736104,3.1780003578801557,36,2.3182444427908204,2.4597266478760744,2.649134758403881,2.9047920057182117,3.178432302417162,36,486.61663928503253,663.1911753409846,1251.192894102753,2307.511247341361,3121.4521311826056,36,0.0,0.0,0.0,0.0,0.0,36,0.0,0.0,0.0,0.0,0.0,36,0.0,0.0,0.0,0.0,0.0,0.0,True
legacy,0.1,2.44140625e-05,0.001,ConvWeight_1,36,1,0,36,-0.05716712122769613,-0.02028316351750451,0.004602377736310119,0.03124351301881195,0.03984085564059294,36,0.9993712283616321,0.9995849572563771,0.9997804213737254,0.9998843831933396,0.9999138836365241,36,-0.05796673750650185,-0.02010123900072216,0.004848928551913911,0.030847114505837162,0.03971345626448863,36,300.7832737521951,372.00573177440265,436.0538214410989,499.3323674417493,573.3399088521112,36,300.7803603293123,372.00647313645516,436.0227007163878,499.3300165070176,573.3453081781138,36,0.00013879303069457471,0.00014761632073744362,0.00016847418282812487,0.0001972206727461919,0.00024423333015850736,36,0.0001388340761930314,0.0001482128097821518,0.00016829843262944664,0.0001976497459618383,0.00024347580405562066,36,0.06472109898351716,0.0675827924174427,0.07315726866018607,0.07809282304672407,0.09403953453769451,36,0.06472239438384762,0.06758334645670874,0.07315654047633555,0.07809904720599396,0.09404037104771351,36,301.7161267645623,371.85552879603097,437.0047563462024,499.2864106965992,575.1091903885762,36,0.0,0.0,0.0,0.0,1.3563368055555555e-05,36,0.0,0.0,0.0,0.0,0.0,36,0.0,0.0,0.0,0.0,0.0,0.0,True
legacy,0.1,2.44140625e-05,0.001,ConvWeight_2,36,1,0,36,0.4339749014636069,0.44309684799503135,0.4926094973252852,0.5382529221324228,0.5611379431761535,36,0.9997941640774163,0.9998203304457814,0.9998601962568916,0.9998974849633451,0.9999207249907675,36,0.4340987075474389,0.4430724545802762,0.4927715750458084,0.5383239012601668,0.5611753057470755,36,1.7603690841914532,1.8886399651481471,2.044140416353083,2.2354772154673404,2.3004555121690538,36,1.4571477407280575,1.5882215389334677,1.7769294217287013,2.001309930889681,2.071117739628649,36,0.00014254398654110507,0.00014812473549740036,0.00016752450287202715,0.0001801924484978591,0.00018946790637484678,36,0.0001423889469404542,0.00014807562361739108,0.0001675788363231412,0.00018003842622709023,0.00018950164262924362,36,0.0002913663596861452,0.00031450817423980316,0.0003331366038581043,0.00037048308015727075,0.00039054250985849496,36,0.0002434930177120279,0.000269972690585168,0.00028877184129615574,0.0003277843823631632,0.0003516024276583452,36,1.4580436904539644,1.5898655827683141,1.7756484317096533,2.002738859865231,2.0726552197577313,36,0.0,0.0,0.0,0.0,0.0,36,0.0,0.0,0.0,0.0,0.0,36,0.0,0.0,0.0,0.0,0.0,0.0,True
legacy,0.1,2.44140625e-05,0.001,DenseWeight_0,36,1,0,36,0.9999986126553975,0.9999986706151729,0.9999989613183342,0.9999991633622519,0.9999992828920545,36,0.9999999977721494,0.9999999980196763,0.9999999984336954,0.9999999990431796,0.9999999991964046,36,0.9999986145197111,0.9999986723389143,0.999998962811224,0.9999991643167054,0.9999992837988191,36,0.999965480180613,0.9999718583877166,1.000003077552928,1.0000266088360934,1.0000338315371395,36,0.0011975874797599683,0.0012934846089649571,0.0014414812850890519,0.0016305717515959373,0.001665911259794772,36,0.005132165465077401,0.005263562014993563,0.00595275526086811,0.006603072976152926,0.007321788806902045,36,0.0051321728444733376,0.005263564771610572,0.005952758124398546,0.006603076566528386,0.0073217924062544786,36,0.0051323379700879196,0.005263458233375887,0.005952609418032866,0.006602868434186189,0.00732177859973578,36,8.38602746714124e-06,8.447649352049608e-06,8.563359363927399e-06,8.714375835974757e-06,8.826758964144658e-06,36,0.001196830462123344,0.0012927614155383408,0.0014404532813060429,0.0016295158687349876,0.0016647981106751876,36,0.0,0.0,0.0,0.0,0.0,36,0.0,0.0,0.0,0.0,0.0,36,0.0,0.0,0.0,0.0,0.0,1.0,True
ours,0.01,0.00015625,0.0,ConvWeight_0,36,1,0,36,0.999730322137744,0.9999529958019479,0.9999932696928855,0.9999984282964657,0.9999997103028909,36,0.999730322137744,0.9999529958019479,0.9999932696928855,0.9999984282964657,0.9999997103028909,36,0.9999999999999998,0.9999999999999999,1.0,1.0000000000000002,1.0000000000000002,36,0.9923712884780169,0.9961019044178968,0.9994638726655103,1.0034291256860461,1.0108728001624494,36,0.0009373357155291606,0.00207976736791578,0.004586529579859032,0.01093422157730223,0.025757286636865395,36,0.00010147375940094684,0.0001522670298086222,0.00023277270641306513,0.000456235507855427,0.0006340981795093911,36,0.00010149289072991784,0.00015163425634726253,0.0002323896990563837,0.0004555110013037486,0.0006351825342507764,36,0.00010149289072991784,0.00015163425634726253,0.0002323896990563837,0.0004555110013037486,0.0006351825342507764,36,0.0,0.0,0.0,0.0,0.0,36,0.0,0.0,0.0,0.0,0.0,36,0.0,0.0,0.0,0.0,0.0,36,0.0,0.0,0.0,0.0,0.0008680555555555555,36,0.0,0.0,0.0,0.0,0.0008680555555555555,1.0,True
ours,0.01,0.00015625,0.0,ConvWeight_1,36,1,0,36,0.9999721474854121,0.9999819823403373,0.9999905570246755,0.999994908201957,0.9999968591653462,36,0.9999721474854121,0.9999819823403373,0.9999905570246755,0.999994908201957,0.9999968591653462,36,0.999999999999991,0.999999999999994,0.999999999999996,0.9999999999999984,1.0000000000000022,36,0.9987805300173073,0.9994419265727819,0.9998892856298327,1.0006533983909143,1.0016207845435463,36,0.0025099489239217335,0.0031919892703474433,0.004371661164265312,0.0060084522844553664,0.007497621780925331,36,1.5113798771509838e-05,1.6507431009762558e-05,1.7978806961284723e-05,2.1935048966999166e-05,2.7827766705500594e-05,36,1.5112127072107379e-05,1.6516266418420005e-05,1.7981808573587015e-05,2.1924225677798032e-05,2.784811563402056e-05,36,1.5112127072107379e-05,1.6516266418420005e-05,1.7981808573587015e-05,2.1924225677798032e-05,2.784811563402056e-05,36,0.0,0.0,0.0,0.0,0.0,36,0.0,0.0,0.0,0.0,0.0,36,0.0,0.0,0.0,0.0,1.3563368055555555e-05,36,0.0,0.0,0.0,0.0,0.0,36,0.0,0.0,0.0,0.0,0.0,1.0,True
ours,0.01,0.00015625,0.0,ConvWeight_2,36,1,0,36,0.9999795991840493,0.9999848870101646,0.9999917962206567,0.999995528636036,0.9999975469881125,36,0.9999795991840493,0.9999848870101646,0.9999917962206567,0.999995528636036,0.9999975469881125,36,0.999999999999988,0.9999999999999953,0.9999999999999989,1.0000000000000036,1.0000000000000078,36,0.9998407607367327,0.9998890418785892,0.9999854553487729,1.0000885903353736,1.000170162960338,36,0.002215126781461018,0.002984696152973059,0.004050694802810726,0.005496608009851241,0.0063904248887289095,36,1.54935938909419e-05,1.564291429056472e-05,1.770619622498632e-05,1.905708406739699e-05,1.985456861461653e-05,36,1.5493386983684368e-05,1.5643695192034296e-05,1.7705087093925927e-05,1.9057550976320223e-05,1.9853947262249307e-05,36,1.5493386983684368e-05,1.5643695192034296e-05,1.7705087093925927e-05,1.9057550976320223e-05,1.9853947262249307e-05,36,0.0,0.0,0.0,0.0,0.0,36,0.0,0.0,0.0,0.0,0.0,36,0.0,0.0,0.0,0.0,3.3908420138888887e-06,36,0.0,0.0,0.0,0.0,0.0,36,0.0,0.0,0.0,0.0,0.0,1.0,True
ours,0.01,0.00015625,0.0,DenseWeight_0,36,1,0,36,0.999999999973193,0.9999999999791177,0.9999999999929544,0.999999999997315,0.9999999999983008,36,0.999999999973193,0.9999999999791177,0.9999999999929544,0.999999999997315,0.9999999999983008,36,0.9999999999998901,0.9999999999999358,0.999999999999994,1.0000000000000555,1.0000000000001157,36,0.999999894853779,0.9999999679887251,1.000000011641235,1.0000000813306493,1.0000001391153084,36,1.8570470518971496e-06,2.3108668954720363e-06,3.7471548416534252e-06,6.458264896706539e-06,7.320599137662689e-06,36,0.0005470113376453325,0.0005685866753822179,0.0006319022332603545,0.0007100978309678269,0.0007689754209590632,36,0.0005470114056659713,0.0005685866886100991,0.0006319022035463121,0.0007100978329881524,0.0007689753827680655,36,0.0005470114056659713,0.0005685866886100991,0.0006319022035463121,0.0007100978329881524,0.0007689753827680655,36,0.0,0.0,0.0,0.0,0.0,36,0.0,0.0,0.0,0.0,0.0,36,0.0,0.0,0.0,0.0,0.0,36,0.0,0.0,0.0,0.0,0.0,36,0.0,0.0,0.0,0.0,0.0,1.0,True
ours,0.01,0.00015625,1e-05,ConvWeight_0,36,1,0,36,-0.20030365097862637,-0.12715731582537182,-0.053399485505915306,0.08707271375317178,0.1657518590713955,36,0.999730322137744,0.9999529958019479,0.9999932696928855,0.9999984282964657,0.9999997103028909,36,-0.20032973352679648,-0.1271699894302508,-0.05450509959920204,0.0868761454510702,0.16541244198794855,36,424.052051530324,570.8651822981758,1066.149046349486,1924.107303475576,2913.586664016982,36,424.12075212693793,570.9452565778461,1066.2104638837534,1924.0579218884227,2913.627062458649,36,0.00010147375940094684,0.0001522670298086222,0.00023277270641306513,0.000456235507855427,0.0006340981795093911,36,0.00010149289072991784,0.00015163425634726253,0.0002323896990563837,0.0004555110013037486,0.0006351825342507764,36,0.2313156459635032,0.24561794698414408,0.2644957049731706,0.2898411727213369,0.3173432283819109,36,0.231356874890158,0.24559039316524003,0.26451049633893764,0.28984215190000934,0.31737262777308,36,423.3968143230364,571.8711110837692,1067.6745312614025,1924.375697006737,2913.0777986331327,36,0.0,0.0,0.0,0.0,0.0,36,0.0,0.0,0.0,0.0,0.0008680555555555555,36,0.0,0.0,0.0,0.0,0.0,0.0,True
ours,0.01,0.00015625,1e-05,ConvWeight_1,36,1,0,36,-0.023639238722398634,-0.01646666819089003,0.0005643519152909915,0.020538396839876214,0.037938723590866155,36,0.9999721474854121,0.9999819823403373,0.9999905570246755,0.999994908201957,0.9999968591653462,36,-0.023583943216139405,-0.016580296743350025,0.0006666723231458734,0.02052331830866,0.03795538940437027,36,353.82075678988855,451.9769267559882,538.68022458161,620.878780483287,727.8797154928534,36,353.82283164821047,451.9863263130493,538.6755278148637,620.8831375571012,727.8834811436167,36,1.5113798771509838e-05,1.6507431009762558e-05,1.7978806961284723e-05,2.1935048966999166e-05,2.7827766705500594e-05,36,1.5112127072107379e-05,1.6516266418420005e-05,1.7981808573587015e-05,2.1924225677798032e-05,2.784811563402056e-05,36,0.008554841039833498,0.008998642312056538,0.009792209581145038,0.01061490962248264,0.012713620312624133,36,0.008555110574920399,0.008998599445028092,0.00979195577740628,0.010614684402724305,0.01271368556126422,36,353.5642621112885,452.34072863021004,538.7291819846176,620.4777054717078,727.7633181103125,36,0.0,0.0,0.0,0.0,1.3563368055555555e-05,36,0.0,0.0,0.0,0.0,0.0,36,0.0,0.0,0.0,0.0,0.0,0.0,True
ours,0.01,0.00015625,1e-05,ConvWeight_2,36,1,0,36,0.28146057013457887,0.2879217404148403,0.33598443204440853,0.36596286960546137,0.3968907990442493,36,0.9999795991840493,0.9999848870101646,0.9999917962206567,0.999995528636036,0.9999975469881125,36,0.2814394990799168,0.28793210582147233,0.3359726664008109,0.3659908724521187,0.39691451296981417,36,2.5282284930832963,2.749240425699827,2.9978967458775414,3.3749127851881484,3.530771132697847,36,2.3311511582280904,2.5600853787890294,2.8215020231971275,3.2355402810895484,3.381299248661406,36,1.54935938909419e-05,1.564291429056472e-05,1.770619622498632e-05,1.905708406739699e-05,1.985456861461653e-05,36,1.5493386983684368e-05,1.5643695192034296e-05,1.7705087093925927e-05,1.9057550976320223e-05,1.9853947262249307e-05,36,4.5005012163728e-05,4.8566313768684885e-05,5.235448235551135e-05,5.88124209957305e-05,6.191739684584595e-05,36,4.131727014219768e-05,4.5539378545911806e-05,4.948390015163155e-05,5.583764694056178e-05,5.929677387763499e-05,36,2.330950358181745,2.5601122447998295,2.8216804635257415,3.2354581582150295,3.381799374453662,36,0.0,0.0,0.0,0.0,3.3908420138888887e-06,36,0.0,0.0,0.0,0.0,0.0,36,0.0,0.0,0.0,0.0,0.0,0.0,True
ours,0.01,0.00015625,1e-05,DenseWeight_0,36,1,0,36,0.99999539394021,0.9999956891053284,0.999996322562329,0.9999970802938635,0.9999975159570488,36,0.999999999973193,0.9999999999791177,0.9999999999929544,0.999999999997315,0.9999999999983008,36,0.999995393933707,0.9999956892857056,0.9999963226171671,0.9999970803531002,0.9999975159233246,36,0.9997856441952298,0.9998312121421424,0.9999929259036846,1.000133588521067,1.000216725927496,36,0.0022359032854987076,0.0024184014350604904,0.0027135149058590937,0.0029408125365867504,0.0030351442855210482,36,0.0005470113376453325,0.0005685866753822179,0.0006319022332603545,0.0007100978309678269,0.0007689754209590632,36,0.0005470114056659713,0.0005685866886100991,0.0006319022035463121,0.0007100978329881524,0.0007689753827680655,36,0.0005471155541798947,0.0005685551140936032,0.000631816400186316,0.0007101767163704831,0.0007689169881595375,36,1.5475007151754876e-06,1.5778291409124294e-06,1.6983204632247133e-06,1.830255809937802e-06,2.031945068461112e-06,36,0.002235924657519702,0.002418376457816616,0.0027134947341532598,0.0029407477356311455,0.003035146426121596,36,0.0,0.0,0.0,0.0,0.0,36,0.0,0.0,0.0,0.0,0.0,36,0.0,0.0,0.0,0.0,0.0,1.0,True
ours,0.01,0.00015625,3e-05,ConvWeight_0,36,1,0,36,-0.200599221881143,-0.1281719457573722,-0.05387124192084976,0.08608580366449545,0.1652086772781517,36,0.999730322137744,0.9999529958019479,0.9999932696928855,0.9999984282964657,0.9999997103028909,36,-0.20062530634692152,-0.1281846194664797,-0.05497684878915036,0.08588921534628552,0.16486918603328185,36,1272.2929733324643,1712.7546740755479,3198.569206613799,5772.226115447329,8740.840564701277,36,1272.3624588779408,1712.8353267253124,3198.6309347457873,5772.176905681879,8740.881077403865,36,0.00010147375940094684,0.0001522670298086222,0.00023277270641306513,0.000456235507855427,0.0006340981795093911,36,0.00010149289072991784,0.00015163425634726253,0.0002323896990563837,0.0004555110013037486,0.0006351825342507764,36,0.6940292442724924,0.7367985219691988,0.7935166300415915,0.869525409333419,0.9520884623479221,36,0.6940706242792507,0.7367711798860779,0.793531489104299,0.8695264550811921,0.9521178834022291,36,1270.1904414042313,1715.6133324676161,3203.0235937199686,5773.12708837078,8739.233380847343,36,0.0,0.0,0.0,0.0,0.0,36,0.0,0.0,0.0,0.0,0.0008680555555555555,36,0.0,0.0,0.0,0.0,0.0,0.0,True
ours,0.01,0.00015625,3e-05,ConvWeight_1,36,1,0,36,-0.02484262371911365,-0.017592925119706823,-0.0006865087269683804,0.019381737893718668,0.03664492880447889,36,0.9999721474854121,0.9999819823403373,0.9999905570246755,0.999994908201957,0.9999968591653462,36,-0.024787344469117824,-0.01770657233422051,-0.0005902797797300144,0.019366646201535512,0.036661587185140156,36,1061.4662176840907,1355.9489541061048,1616.0301309745355,1862.6441188821823,2183.64669452751,36,1061.4692360033353,1355.959089927362,1616.026052814541,1862.6490135400873,2183.6509182525774,36,1.5113798771509838e-05,1.6507431009762558e-05,1.7978806961284723e-05,2.1935048966999166e-05,2.7827766705500594e-05,36,1.5112127072107379e-05,1.6516266418420005e-05,1.7981808573587015e-05,2.1924225677798032e-05,2.784811563402056e-05,36,0.025665059998895515,0.026995836438682322,0.029376098150871173,0.031844249625795726,0.03814099277700237,36,0.02566534122443832,0.026995807880154904,0.0293758559672646,0.03184403525187698,0.03814106602683843,36,1060.6935813625885,1357.0224142397265,1616.1871042175892,1861.432875483948,2183.2904891503617,36,0.0,0.0,0.0,0.0,1.3563368055555555e-05,36,0.0,0.0,0.0,0.0,0.0,36,0.0,0.0,0.0,0.0,0.0,0.0,True
ours,0.01,0.00015625,3e-05,ConvWeight_2,36,1,0,36,0.09028945572842455,0.09843480984224012,0.11778576789909934,0.13237328985953467,0.15622172928846795,36,0.9999795991840493,0.9999848870101646,0.9999917962206567,0.999995528636036,0.9999975469881125,36,0.09026864440459412,0.09844678351967892,0.11777550827716371,0.13238100430975225,0.1562452105154741,36,7.055532562967503,7.745921462300913,8.528169966242421,9.74560076245158,10.197812852600176,36,6.993411438037715,7.680267027633366,8.464621073369152,9.706365028748193,10.143726934831053,36,1.54935938909419e-05,1.564291429056472e-05,1.770619622498632e-05,1.905708406739699e-05,1.985456861461653e-05,36,1.5493386983684368e-05,1.5643695192034296e-05,1.7705087093925927e-05,1.9057550976320223e-05,1.9853947262249307e-05,36,0.00012547006456419265,0.00013782288928613053,0.0001492809459680462,0.00016864799714777287,0.0001787853883462701,36,0.00012395658729166372,0.00013662187669828376,0.00014845034065764882,0.0001675122523364932,0.00017788967665868078,36,6.99283808522033,7.680366752337464,8.465207712329544,9.706080996062113,10.145307759207492,36,0.0,0.0,0.0,0.0,3.3908420138888887e-06,36,0.0,0.0,0.0,0.0,0.0,36,0.0,0.0,0.0,0.0,0.0,0.0,True
ours,0.01,0.00015625,3e-05,DenseWeight_0,36,1,0,36,0.9999585468990349,0.9999612291199447,0.9999669025048752,0.99997373410263,0.9999776279150877,36,0.999999999973193,0.9999999999791177,0.9999999999929544,0.999999999997315,0.9999999999983008,36,0.9999585468571964,0.9999612296170186,0.9999669026587263,0.9999737342672214,0.9999776277954655,36,0.9993729264221399,0.9995112184968947,1.0000031072824602,1.000424144389411,1.000673137335231,36,0.00670773922724052,0.007255141674293212,0.008140525912606243,0.008822313997982207,0.009105387143451998,36,0.0005470113376453325,0.0005685866753822179,0.0006319022332603545,0.0007100978309678269,0.0007689754209590632,36,0.0005470114056659713,0.0005685866886100991,0.0006319022035463121,0.0007100978329881524,0.0007689753827680655,36,0.0005473383038964694,0.0005685073211577218,0.000631659673442322,0.0007103473111372021,0.0007688162961567858,36,4.642494973937878e-06,4.733486754599835e-06,5.094943042659942e-06,5.490759808091748e-06,6.095833169135009e-06,36,0.006707762994390972,0.0072551184528605855,0.008140507085403877,0.008822253815053173,0.009105391489230997,36,0.0,0.0,0.0,0.0,0.0,36,0.0,0.0,0.0,0.0,0.0,36,0.0,0.0,0.0,0.0,3.985969387755102e-06,1.0,True
ours,0.01,0.00015625,0.0001,ConvWeight_0,36,1,0,36,-0.20070266087532665,-0.12852697022507442,-0.054036347794402764,0.0857403270505305,0.16501852709260492,36,0.999730322137744,0.9999529958019479,0.9999932696928855,0.9999984282964657,0.9999997103028909,36,-0.20072874599421903,-0.12853964396765843,-0.055141952104967265,0.08554373177975495,0.16467900987751,36,4241.138685471811,5709.369716115427,10662.040743575832,19240.642494404143,29136.229557477913,36,4241.208445708244,5709.450571170864,10662.102580412107,19240.593344778696,29136.270110169044,36,0.00010147375940094684,0.0001522670298086222,0.00023277270641306513,0.000456235507855427,0.0006340981795093911,36,0.00010149289072991784,0.00015163425634726253,0.0002323896990563837,0.0004555110013037486,0.0006351825342507764,36,2.3135273151140474,2.4559312017248462,2.645090079081223,2.8984204491715824,3.173696846111137,36,2.3135687479903755,2.4559039337649704,2.6451049618361675,2.898421518218542,3.173726274747218,36,4233.9681493573,5718.711106228813,10676.745309932468,19243.75695398821,29130.77789904479,36,0.0,0.0,0.0,0.0,0.0,36,0.0,0.0,0.0,0.0,0.0008680555555555555,36,0.0,0.0,0.0,0.0,0.0,0.0,True
ours,0.01,0.00015625,0.0001,ConvWeight_1,36,1,0,36,-0.025263858671762108,-0.017987110302405407,-0.0011242114943740282,0.01897689887290087,0.036191931055450745,36,0.9999721474854121,0.9999819823403373,0.9999905570246755,0.999994908201957,0.9999968591653462,36,-0.025208584986325104,-0.01810076397637536,-0.001035053360182587,0.01896180302717971,0.03620858685639738,36,3538.236658048773,4519.85576539975,5386.752117085211,6208.821967370285,7278.838182955772,36,3538.240006592106,4519.866158793788,5386.7482555249535,6208.827050178702,7278.842566973279,36,1.5113798771509838e-05,1.6507431009762558e-05,1.7978806961284723e-05,2.1935048966999166e-05,2.7827766705500594e-05,36,1.5112127072107379e-05,1.6516266418420005e-05,1.7981808573587015e-05,2.1924225677798032e-05,2.784811563402056e-05,36,0.08555096297301824,0.08998616122205547,0.09791962545241911,0.10614678529343075,0.1271369197484378,36,0.08555124828883158,0.08998613767179305,0.0979193873368647,0.10614657471752292,0.12713699579811263,36,3535.654547945196,4523.410713179104,5387.285196458886,6204.7734427874875,7277.641205671818,36,0.0,0.0,0.0,0.0,1.3563368055555555e-05,36,0.0,0.0,0.0,0.0,0.0,36,0.0,0.0,0.0,0.0,0.0,0.0,True
ours,0.01,0.00015625,0.0001,ConvWeight_2,36,1,0,36,0.017161273541631883,0.024947135273391718,0.03590107964316822,0.04538815328739675,0.06206055292192356,36,0.9999795991840493,0.9999848870101646,0.9999917962206567,0.999995528636036,0.9999975469881125,36,0.017139201845535034,0.024957735101884843,0.03591140428290159,0.045390903660352776,0.06208355334358102,36,23.3235600645731,25.62160671288537,28.23975904114591,32.35444655022435,33.831042368138974,36,23.311219234001534,25.601250449346256,28.21732040951727,32.351202230391664,33.811309403293286,36,1.54935938909419e-05,1.564291429056472e-05,1.770619622498632e-05,1.905708406739699e-05,1.985456861461653e-05,36,1.5493386983684368e-05,1.5643695192034296e-05,1.7705087093925927e-05,1.9057550976320223e-05,1.9853947262249307e-05,36,0.0004139517101481095,0.0004558988996023382,0.0004949536289132227,0.0005588050560833948,0.0005932331139721496,36,0.0004132449129163191,0.0004554503726244646,0.0004948190914064753,0.0005583664898860922,0.0005929584506630958,36,23.309334824959063,25.6015990692635,28.21932958609207,32.35020404591577,33.81666092259721,36,0.0,0.0,0.0,0.0,3.3908420138888887e-06,36,0.0,0.0,0.0,0.0,0.0,36,0.0,0.0,0.0,0.0,0.0,0.0,True
ours,0.01,0.00015625,0.0001,DenseWeight_0,36,1,0,36,0.9995396656037867,0.9995704002016988,0.9996321981365561,0.999708668131976,0.9997508736725087,36,0.999999999973193,0.9999999999791177,0.9999999999929544,0.999999999997315,0.9999999999983008,36,0.9995396654397758,0.9995704018054845,0.9996321986266863,0.9997086686652885,0.9997508732539127,36,0.9980981671388622,0.9986007158385533,1.0002946657908334,1.0016869802033352,1.002512771156703,36,0.022359087122245453,0.024183654668551872,0.02713534416410069,0.029407733903505862,0.030350774598480547,36,0.0005470113376453325,0.0005685866753822179,0.0006319022332603545,0.0007100978309678269,0.0007689754209590632,36,0.0005470114056659713,0.0005685866886100991,0.0006319022035463121,0.0007100978329881524,0.0007689753827680655,36,0.0005482693549937657,0.000568501325962326,0.000631342683047143,0.0007111030604323262,0.000768632987801187,36,1.5474922167123622e-05,1.5778303076565425e-05,1.698296716979067e-05,1.8302462760984245e-05,2.0319437464913256e-05,36,0.022359110511492277,0.024183631931301915,0.027135325869002344,0.029407674204349116,0.03035077892723871,36,0.0,0.0,0.0,0.0,0.0,36,0.0,0.0,0.0,0.0,0.0,36,0.0,0.0,0.0,0.0,0.0,1.0,True
ours,0.01,0.00015625,0.0003,ConvWeight_0,36,1,0,36,-0.20073221902456578,-0.12862839625264777,-0.05408352295706096,0.08564161704389604,0.16496419255248365,36,0.999730322137744,0.9999529958019479,0.9999932696928855,0.9999984282964657,0.9999997103028909,36,-0.2007583042808479,-0.12864106999655583,-0.05518912652309299,0.08544501979715945,0.1646246678192749,36,12723.555779773475,17128.270325292593,31986.245392419525,57721.832265425415,87408.76930591145,36,12723.6256184873,17128.35123817826,31986.30726031668,57721.783132983925,87408.80987002449,36,0.00010147375940094684,0.0001522670298086222,0.00023277270641306513,0.000456235507855427,0.0006340981795093911,36,0.00010149289072991784,0.00015163425634726253,0.0002323896990563837,0.0004555110013037486,0.0006351825342507764,36,6.940664796129004,7.367739061761599,7.935299979803113,8.695263482739769,9.521149361809918,36,6.94070624410985,7.367711814981101,7.93531486932701,8.695264558443908,9.521178792612943,36,12701.904525225977,17156.13328555409,32030.23590553731,57731.27081834704,87392.3333316231,36,0.0,0.0,0.0,0.0,0.0,36,0.0,0.0,0.0,0.0,0.0008680555555555555,36,0.0,0.0,0.0,0.0,0.0,0.0,True
ours,0.01,0.00015625,0.0003,ConvWeight_1,36,1,0,36,-0.025384424446914175,-0.018099764097650364,-0.0012483487964083952,0.018861258939924568,0.0360621398201814,36,0.9999721474854121,0.9999819823403373,0.9999905570246755,0.999994908201957,0.9999968591653462,36,-0.02532915194234967,-0.018213419495287993,-0.0011619011491148805,0.01884616318716402,0.03607879496492784,36,10614.796131930396,13559.610757035556,16160.204391683379,18626.451819130427,21836.576777980084,36,10614.799574865532,13559.621223694012,16160.20059225382,18626.456955688205,21836.581207701598,36,1.5113798771509838e-05,1.6507431009762558e-05,1.7978806961284723e-05,2.1935048966999166e-05,2.7827766705500594e-05,36,1.5112127072107379e-05,1.6516266418420005e-05,1.7981808573587015e-05,2.1924225677798032e-05,2.784811563402056e-05,36,0.25665440991802896,0.26995939115344325,0.29375726375908773,0.3184381392228449,0.38141184617945234,36,0.256654696398847,0.2699593690349832,0.29375702680845206,0.31843792973739926,0.38141192302746246,36,10607.043195261766,13570.255033703055,16161.811496910674,18614.296306821132,21832.97717500727,36,0.0,0.0,0.0,0.0,1.3563368055555555e-05,36,0.0,0.0,0.0,0.0,0.0,36,0.0,0.0,0.0,0.0,0.0,0.0,True
ours,0.01,0.00015625,0.0003,ConvWeight_2,36,1,0,36,-0.003828940200479386,0.0020831053827825192,0.013154181221381811,0.021909236491127155,0.03474270976136767,36,0.9999795991840493,0.9999848870101646,0.9999917962206567,0.999995528636036,0.9999975469881125,36,-0.0038513543791638166,0.0020576251832641235,0.0131693012374359,0.021922409716910222,0.03476551459944786,36,69.93127869591407,76.8149957044305,84.68022355716273,97.01808914458307,101.43548548933737,36,69.93323212655008,76.80764405402188,84.669580373836,97.02514889578083,101.42560222142775,36,1.54935938909419e-05,1.564291429056472e-05,1.770619622498632e-05,1.905708406739699e-05,1.985456861461653e-05,36,1.5493386983684368e-05,1.5643695192034296e-05,1.7705087093925927e-05,1.9057550976320223e-05,1.9853947262249307e-05,36,0.0012407060524578764,0.0013669699995056835,0.0014842729580897254,0.001675281163224842,0.0017789206425183905,36,0.001240231566273985,0.0013667413763929733,0.0014843379879172511,0.0016750425447461484,0.001778824106466375,36,69.92759982929321,76.80870245245112,84.67565355373452,97.02210943227409,101.44172266539067,36,0.0,0.0,0.0,0.0,3.3908420138888887e-06,36,0.0,0.0,0.0,0.0,0.0,36,0.0,0.0,0.0,0.0,0.0,0.0,True
ours,0.01,0.00015625,0.0003,DenseWeight_0,36,1,0,36,0.9958776735467402,0.996158900472201,0.9966847359243645,0.9973971142407909,0.9977482434049431,36,0.999999999973193,0.9999999999791177,0.9999999999929544,0.999999999997315,0.9999999999983008,36,0.9958776713636013,0.9961589025450643,0.9966847373895722,0.9973971158250565,0.9977482421481193,36,0.9959179815618087,0.997929518296653,1.003316113255171,1.007389872964369,1.0098269371142685,36,0.06707719479484156,0.07255089512547011,0.08140949353347002,0.08822543964883035,0.09104863595673088,36,0.0005470113376453325,0.0005685866753822179,0.0006319022332603545,0.0007100978309678269,0.0007689754209590632,36,0.0005470114056659713,0.0005685866886100991,0.0006319022035463121,0.0007100978329881524,0.0007689753827680655,36,0.0005499173243028691,0.0005698649701527674,0.0006333545275562175,0.0007131347295001143,0.0007695589374651196,36,4.6424823835259616e-05,4.733558605099367e-05,5.0948346387391624e-05,5.4907277114038044e-05,6.095870273549325e-05,36,0.06707721460101428,0.07255087215436332,0.08140947556636728,0.08822537685249193,0.09104863802688035,36,0.0,0.0,0.0,0.0,0.0,36,0.0,0.0,0.0,0.0,0.0,36,0.0,0.0,0.0,0.0,0.0,1.0,True
ours,0.01,0.00015625,0.0005,ConvWeight_0,36,1,0,36,-0.200738135417906,-0.12864868064983126,-0.05409296071815721,0.08562187762180307,0.1649533230015023,36,0.999730322137744,0.9999529958019479,0.9999932696928855,0.9999984282964657,0.9999997103028909,36,-0.2007642206575289,-0.12866135438647994,-0.055198564125558125,0.0854252799853967,0.16461379667615256,36,21205.973037424974,28547.170937220755,53310.450031057946,96203.02199207447,145681.3085683538,36,21206.04289183234,28547.25186167464,53310.51190517009,96202.97286307075,145681.34913474802,36,0.00010147375940094684,0.0001522670298086222,0.00023277270641306513,0.000456235507855427,0.0006340981795093911,36,0.00010149289072991784,0.00015163425634726253,0.0002323896990563837,0.0004555110013037486,0.0006351825342507764,36,11.56780228955186,12.2795469568046,13.225509864612757,14.492106527511673,15.868601833893626,36,11.567843740553366,12.279519714259932,13.225524755490346,14.492107604547476,15.868631265130732,36,21169.841001488698,28593.555421362402,53383.72646586638,96218.78462518501,145653.8882691625,36,0.0,0.0,0.0,0.0,0.0,36,0.0,0.0,0.0,0.0,0.0008680555555555555,36,0.0,0.0,0.0,0.0,0.0,0.0,True
ours,0.01,0.00015625,0.0005,ConvWeight_1,36,1,0,36,-0.025408728813885926,-0.01812232224742713,-0.0012709150838413254,0.01883815753281265,0.03603586191607137,36,0.9999721474854121,0.9999819823403373,0.9999905570246755,0.999994908201957,0.9999968591653462,36,-0.025353456180696267,-0.018235977883435485,-0.0011870660155775471,0.01882306293584327,0.03605251700192156,36,17691.461918079007,22599.39640463018,26933.59807969851,31044.04979866802,36394.38697155778,36,17691.465379930163,22599.406885650496,26933.594292912814,31044.054945968768,36394.39141033669,36,1.5113798771509838e-05,1.6507431009762558e-05,1.7978806961284723e-05,2.1935048966999166e-05,2.7827766705500594e-05,36,1.5112127072107379e-05,1.6516266418420005e-05,1.7981808573587015e-05,2.1924225677798032e-05,2.784811563402056e-05,36,0.4277591294403351,0.4499338996950538,0.4895933918044739,0.5307271037357486,0.6356880231973475,36,0.4277594161509231,0.4499338778637293,0.4895931550891435,0.5307268944731127,0.6356881002035862,36,17678.538001740148,22617.129991146783,26936.279151891118,31023.787275959185,36388.384694437875,36,0.0,0.0,0.0,0.0,1.3563368055555555e-05,36,0.0,0.0,0.0,0.0,0.0,36,0.0,0.0,0.0,0.0,0.0,0.0,True
ours,0.01,0.00015625,0.0005,ConvWeight_2,36,1,0,36,-0.008021762103183002,-0.002528423262725987,0.00805797855322515,0.017107673194762883,0.02927381099226799,36,0.9999795991840493,0.9999848870101646,0.9999917962206567,0.999995528636036,0.9999975469881125,36,-0.008044245830161027,-0.002556294211497302,0.008067608817671016,0.017120825957218103,0.029296558122897588,36,116.55155197341502,128.0256733649736,141.15559220087755,161.6535377281051,169.03823361694427,36,116.55636187023842,128.0209169474138,141.14730254063176,161.66265652471793,169.03032132038553,36,1.54935938909419e-05,1.564291429056472e-05,1.770619622498632e-05,1.905708406739699e-05,1.985456861461653e-05,36,1.5493386983684368e-05,1.5643695192034296e-05,1.7705087093925927e-05,1.9057550976320223e-05,1.9853947262249307e-05,36,0.0020683441347234413,0.0022787672136288413,0.002473623781634819,0.0027918635135887656,0.0029647067712361254,36,0.002067916064029113,0.00227858261353561,0.002473728755986924,0.002791664782372529,0.002964645977331633,36,116.54698141404444,128.02268560809802,141.15744178142674,161.65757751953112,169.05720886981095,36,0.0,0.0,0.0,0.0,3.3908420138888887e-06,36,0.0,0.0,0.0,0.0,0.0,36,0.0,0.0,0.0,0.0,0.0,0.0,True
ours,0.01,0.00015625,0.0005,DenseWeight_0,36,1,0,36,0.9886030412269745,0.9894499384260268,0.9908547707237507,0.9928464619771185,0.9937369793589608,36,0.999999999973193,0.9999999999791177,0.9999999999929544,0.999999999997315,0.9999999999983008,36,0.9886030376016953,0.9894499418269804,0.9908547697227597,0.992846464603107,0.9937369772916123,36,0.9959138780775793,1.0000977599100762,1.009351739909199,1.0161523448835603,1.020158566904386,36,0.1117969632319437,0.12092008275452024,0.13569054679673118,0.1470486798248703,0.15174356634652972,36,0.0005470113376453325,0.0005685866753822179,0.0006319022332603545,0.0007100978309678269,0.0007689754209590632,36,0.0005470114056659713,0.0005685866886100991,0.0006319022035463121,0.0007100978329881524,0.0007689753827680655,36,0.0005521925990343722,0.000573260035650432,0.0006373693272284325,0.00071616901854329,0.0007726244528603718,36,7.73762361837824e-05,7.889514849775806e-05,8.491426586863687e-05,9.151314880665647e-05,0.00010159958837493047,36,0.11179697923200765,0.1209200594061593,0.13569052905192647,0.1470486135337761,0.15174356596165056,36,0.0,0.0,0.0,0.0,0.0,36,0.0,0.0,0.0,0.0,0.0,36,0.0,0.0,0.0,0.0,0.0,1.0,True
ours,0.01,0.00015625,0.001,ConvWeight_0,36,1,0,36,-0.20074258318723937,-0.12866389315796056,-0.054100044979072254,0.08560707930277836,0.16494516555908165,36,0.999730322137744,0.9999529958019479,0.9999932696928855,0.9999984282964657,0.9999997103028909,36,-0.2007686683182408,-0.12867656687282902,-0.05520564824614081,0.08541048138565745,0.16460563784600454,36,42412.01665702463,57094.42229594613,106620.96150270983,192405.99605962553,291362.6545296092,36,42412.08652319846,57094.50322908131,106621.02338148926,192405.9469332022,291362.6950977077,36,0.00010147375940094684,0.0001522670298086222,0.00023277270641306513,0.000456235507855427,0.0006340981795093911,36,0.00010149289072991784,0.00015163425634726253,0.0002323896990563837,0.0004555110013037486,0.0006351825342507764,36,23.135646030966157,24.55906678286491,26.45103448379654,28.98421416664018,31.737232825127432,36,23.135687484232697,24.559039543496855,26.451049375689216,28.98421524467527,31.737262256691636,36,42339.68263938406,57187.11056951832,106767.45272993136,192437.56888974045,291307.77341457625,36,0.0,0.0,0.0,0.0,0.0,36,0.0,0.0,0.0,0.0,0.0008680555555555555,36,0.0,0.0,0.0,0.0,0.0,0.0,True
ours,0.01,0.00015625,0.001,ConvWeight_1,36,1,0,36,-0.025427375163443313,-0.018139300623115074,-0.001287907535851825,0.01882088939995681,0.03601545403550684,36,0.9999721474854121,0.9999819823403373,0.9999905570246755,0.999994908201957,0.9999968591653462,36,-0.02537210163660365,-0.018252956203586204,-0.0012054918734164186,0.018805798157853465,0.036032109235228746,36,35383.59191611756,45198.995288306876,53866.82692618095,62087.90619119078,72789.22665375921,36,35383.59539223791,45199.00577946194,53866.8231493545,62087.91134653341,72789.23109914886,36,1.5113798771509838e-05,1.6507431009762558e-05,1.7978806961284723e-05,2.1935048966999166e-05,2.7827766705500594e-05,36,1.5112127072107379e-05,1.6516266418420005e-05,1.7981808573587015e-05,2.1924225677798032e-05,2.784811563402056e-05,36,0.8555265151751079,0.8998757822996382,0.979177119854404,1.0614390757795502,1.2713839537331089,36,0.8555268020509497,0.8998757606853585,0.9791768833206341,1.0614388666943473,1.2713840308548734,36,35357.740177436026,45234.45229874624,53872.192853103275,62047.37621194449,72777.21762338444,36,0.0,0.0,0.0,0.0,1.3563368055555555e-05,36,0.0,0.0,0.0,0.0,0.0,36,0.0,0.0,0.0,0.0,0.0,0.0,True
ours,0.01,0.00015625,0.001,ConvWeight_2,36,1,0,36,-0.01115350755543303,-0.005735522812684255,0.004555108939398091,0.013491774198356826,0.025182083371707156,36,0.9999795991840493,0.9999848870101646,0.9999917962206567,0.999995528636036,0.9999975469881125,36,-0.011176047158452686,-0.005763351243827751,0.00456250339375177,0.01350491970024538,0.025204749253675714,36,233.12516884901157,256.1001882055414,282.4717827770098,323.09869721352595,338.0179919513559,36,233.13211374139874,256.09736313869683,282.46778089167947,323.1093559245969,338.0115587418198,36,1.54935938909419e-05,1.564291429056472e-05,1.770619622498632e-05,1.905708406739699e-05,1.985456861461653e-05,36,1.5493386983684368e-05,1.5643695192034296e-05,1.7705087093925927e-05,1.9057550976320223e-05,1.9853947262249307e-05,36,0.00414085207348183,0.0045588346687626975,0.0049467536976003125,0.005583327923802976,0.005929236136955537,36,0.0041404586228460825,0.004558759565444579,0.004946888679954729,0.005583158845528227,0.0059292023838353,36,233.11336136799815,256.1009104823779,282.4700936355888,323.09918605759196,338.06535905999834,36,0.0,0.0,0.0,0.0,3.3908420138888887e-06,36,0.0,0.0,0.0,0.0,0.0,36,0.0,0.0,0.0,0.0,0.0,0.0,True
ours,0.01,0.00015625,0.001,DenseWeight_0,36,1,0,36,0.9559645102438472,0.9596883261969753,0.96526205878283,0.9724253135523178,0.9751899050299785,36,0.999999999973193,0.9999999999791177,0.9999999999929544,0.999999999997315,0.9999999999983008,36,0.955964503205879,0.9596883198807616,0.9652620611673421,0.9724253142044776,0.975189901088131,36,1.0053993957011043,1.0177724095176028,1.0368667339844384,1.050939542639925,1.0610028776311597,36,0.22361795238679738,0.24186714945342408,0.2714410168889376,0.2941498482046888,0.3034838243356951,36,0.0005470113376453325,0.0005685866753822179,0.0006319022332603545,0.0007100978309678269,0.0007689754209590632,36,0.0005470114056659713,0.0005685866886100991,0.0006319022035463121,0.0007100978329881524,0.0007689753827680655,36,0.0005657635926770705,0.0005903573187861796,0.0006551733477255159,0.0007310480997513985,0.0007894463610681122,36,0.00015477266937513465,0.00015781486946046778,0.00016984151108245582,0.00018304194695933722,0.00020321755249219165,36,0.22361795877084217,0.2418671251006419,0.27144099965496216,0.29414977300414036,0.303483817726847,36,0.0,0.0,0.0,0.0,0.0,36,0.0,0.0,0.0,0.0,0.0,36,0.0,0.0,0.0,0.0,0.0,1.0,True
ours,0.1,0.0015625,0.0,ConvWeight_0,36,1,0,36,0.9981928959745531,0.9994935702989458,0.9998917766740221,0.9999892581901264,0.9999963569424576,36,0.9981928959745531,0.9994935702989458,0.9998917766740221,0.9999892581901264,0.9999963569424576,36,0.9999999999999998,0.9999999999999998,1.0,1.0000000000000002,1.0000000000000002,36,0.9833120754242506,0.989774248364779,0.9988437987660416,1.0058041779221298,1.0229166638010823,36,0.003689819960221763,0.0055271843269338134,0.017999774331512754,0.03331550471253389,0.06044669578969819,36,0.00010147375940094684,0.0001522670298086222,0.00023277270641306513,0.000456235507855427,0.0006340981795093911,36,0.00010183853066960176,0.00015430583343595678,0.00023143613766625677,0.00045654479294458984,0.0006366379848790464,36,0.00010183853066960176,0.00015430583343595678,0.00023143613766625677,0.00045654479294458984,0.0006366379848790464,36,0.0,0.0,0.0,0.0,0.0,36,0.0,0.0,0.0,0.0,0.0,36,0.0,0.0,0.0,0.0,0.0,36,0.0,0.0,0.0,0.0,0.0,36,0.0,0.0,0.0,0.0,0.0,1.0,True
ours,0.1,0.0015625,0.0,ConvWeight_1,36,1,0,36,0.9997416914914026,0.9998321203740221,0.9998977782219689,0.9999371538346239,0.9999563506498073,36,0.9997416914914026,0.9998321203740221,0.9998977782219689,0.9999371538346239,0.9999563506498073,36,0.9999999999999949,0.9999999999999964,0.9999999999999987,1.0000000000000002,1.0000000000000027,36,0.9931849775573798,0.9971510151467493,0.9998760828035211,1.0013032878677715,1.0019661127196002,36,0.009438845072868508,0.011230844248655773,0.014427250332594729,0.018457500609425317,0.02272793313754012,36,1.5113798771509838e-05,1.6507431009762558e-05,1.7978806961284723e-05,2.1935048966999166e-05,2.7827766705500594e-05,36,1.5084241505727434e-05,1.6526492638382498e-05,1.7988194946715578e-05,2.1876362554379668e-05,2.7863835030724587e-05,36,1.5084241505727434e-05,1.6526492638382498e-05,1.7988194946715578e-05,2.1876362554379668e-05,2.7863835030724587e-05,36,0.0,0.0,0.0,0.0,0.0,36,0.0,0.0,0.0,0.0,0.0,36,0.0,0.0,0.0,0.0,1.3563368055555555e-05,36,0.0,0.0,0.0,0.0,0.0,36,0.0,0.0,0.0,0.0,0.0,1.0,True
ours,0.1,0.0015625,0.0,ConvWeight_2,36,1,0,36,0.9998709238824124,0.9998876798875524,0.9999159578617156,0.9999447018363801,0.9999551227361454,36,0.9998709238824124,0.9998876798875524,0.9999159578617156,0.9999447018363801,0.9999551227361454,36,0.9999999999999865,0.9999999999999938,1.0000000000000013,1.000000000000008,1.0000000000000089,36,0.9991402478590315,0.9992708575543177,0.9998677630312053,1.0002897269436608,1.0004967867002221,36,0.009479422492562886,0.010518859040935337,0.012968171664627803,0.014995013105848578,0.016076570038791854,36,1.54935938909419e-05,1.564291429056472e-05,1.770619622498632e-05,1.905708406739699e-05,1.985456861461653e-05,36,1.549004731039337e-05,1.5640332059283098e-05,1.770991598692463e-05,1.904761555101858e-05,1.985312818104994e-05,36,1.549004731039337e-05,1.5640332059283098e-05,1.770991598692463e-05,1.904761555101858e-05,1.985312818104994e-05,36,0.0,0.0,0.0,0.0,0.0,36,0.0,0.0,0.0,0.0,0.0,36,0.0,0.0,0.0,0.0,3.3908420138888887e-06,36,0.0,0.0,0.0,0.0,3.3908420138888887e-06,36,0.0,0.0,0.0,0.0,3.3908420138888887e-06,1.0,True
ours,0.1,0.0015625,0.0,DenseWeight_0,36,1,0,36,0.9999999993195822,0.999999999476147,0.9999999996065942,0.9999999997199662,0.9999999997695882,36,0.9999999993195822,0.999999999476147,0.9999999996065942,0.9999999997199662,0.9999999997695882,36,0.9999999999998965,0.9999999999999452,1.0000000000000107,1.0000000000000695,1.0000000000000993,36,0.999999799371923,1.0000000295449125,1.0000002435856041,1.0000004132558102,1.0000006917808741,36,2.1468263185124215e-05,2.3667701460271408e-05,2.8050223758444225e-05,3.237031971688447e-05,3.689027870303472e-05,36,0.0005470113376453325,0.0005685866753822179,0.0006319022332603545,0.0007100978309678269,0.0007689754209590632,36,0.0005470114969407144,0.0005685868242304799,0.0006319023681070835,0.0007100979747041258,0.0007689756216408769,36,0.0005470114969407144,0.0005685868242304799,0.0006319023681070835,0.0007100979747041258,0.0007689756216408769,36,0.0,0.0,0.0,0.0,0.0,36,0.0,0.0,0.0,0.0,0.0,36,0.0,0.0,0.0,0.0,0.0,36,0.0,0.0,0.0,0.0,0.0,36,0.0,0.0,0.0,0.0,0.0,1.0,True
ours,0.1,0.0015625,1e-05,ConvWeight_0,36,1,0,36,-0.19618316895846255,-0.11603480488314276,-0.046607085066518984,0.1002973417640545,0.1730932403933596,36,0.9981928959745531,0.9994935702989458,0.9998917766740221,0.9999892581901264,0.9999963569424576,36,-0.19512306133512072,-0.11671156904017832,-0.04642883609751811,0.09949375850768329,0.17230257714231595,36,42.353927668598374,57.0220623976509,106.56421137637028,192.45538380593558,291.32356528351323,36,42.411962074699254,57.0942802645544,106.62142760940586,192.40367708343774,291.3624104447227,36,0.00010147375940094684,0.0001522670298086222,0.00023277270641306513,0.000456235507855427,0.0006340981795093911,36,0.00010183853066960176,0.00015430583343595678,0.00023143613766625677,0.00045654479294458984,0.0006366379848790464,36,0.023096587600665842,0.024588580696116795,0.026437125623790428,0.028984399313539373,0.03170750609635162,36,0.023135687502247617,0.024559039300102142,0.026451049609890746,0.028984215174132934,0.03173726275622673,36,42.24288658908981,57.05149639084243,106.69787614450256,192.2850176817376,290.31908086646723,36,0.0,0.0,0.0,0.0,0.0,36,0.0,0.0,0.0,0.0,0.0,36,0.0,0.0,0.0,0.0,0.0,0.0,True
ours,0.1,0.0015625,1e-05,ConvWeight_1,36,1,0,36,-0.007485039278145125,0.0005938219464336893,0.017785800862085543,0.03944727599771962,0.055372613464429246,36,0.9997416914914026,0.9998321203740221,0.9998977782219689,0.9999371538346239,0.9999563506498073,36,-0.007337608223852586,0.0004819861815893266,0.017746274721263833,0.039444357985666575,0.055492924646371476,36,35.39299086640159,45.19907083877496,53.88101559398156,62.091134594566114,72.79075548477061,36,35.382315763296184,45.19849552451302,53.867977266046346,62.08825148320919,72.78833595673242,36,1.5113798771509838e-05,1.6507431009762558e-05,1.7978806961284723e-05,2.1935048966999166e-05,2.7827766705500594e-05,36,1.5084241505727434e-05,1.6526492638382498e-05,1.7988194946715578e-05,2.1876362554379668e-05,2.7863835030724587e-05,36,0.0008554007617592129,0.0009000949777573305,0.000979607251034205,0.00106184029062165,0.0012714106572894617,36,0.000855511057722813,0.0008998599440363543,0.0009791955779019377,0.001061468440500803,0.001271368555793076,36,35.33647980185246,45.163158957057206,53.88896895859902,62.10815270135511,72.76541958694969,36,0.0,0.0,0.0,0.0,1.3563368055555555e-05,36,0.0,0.0,0.0,0.0,0.0,36,0.0,0.0,0.0,0.0,0.0,0.0,True
ours,0.1,0.0015625,1e-05,ConvWeight_2,36,1,0,36,0.9473424058410844,0.9509598379184563,0.9623936402197373,0.9686945310718628,0.9737257730334609,36,0.9998709238824124,0.9998876798875524,0.9999159578617156,0.9999447018363801,0.9999551227361454,36,0.9474433458192206,0.9510523082229776,0.9624959525223181,0.9687564694004192,0.9737846575937874,36,1.024760598837824,1.0315083398175773,1.0398171034841468,1.0505194536389033,1.0568845710716568,36,0.23337238991636594,0.2562570822717278,0.28252448069540004,0.3238596062741882,0.3384403227433653,36,1.54935938909419e-05,1.564291429056472e-05,1.770619622498632e-05,1.905708406739699e-05,1.985456861461653e-05,36,1.549004731039337e-05,1.5640332059283098e-05,1.770991598692463e-05,1.904761555101858e-05,1.985312818104994e-05,36,1.6193824083646912e-05,1.642292128019828e-05,1.833206606628617e-05,1.968319833608907e-05,2.0588535425264763e-05,36,4.131728391869854e-06,4.553939072968528e-06,4.948395154560299e-06,5.583768778093034e-06,5.929675624288401e-06,36,0.23311085722882297,0.2560540051927416,0.2822531649451474,0.32364306680618127,0.3382442063596368,36,0.0,0.0,0.0,0.0,3.3908420138888887e-06,36,0.0,0.0,0.0,0.0,3.3908420138888887e-06,36,0.0,0.0,0.0,0.0,3.3908420138888887e-06,1.0,True
ours,0.1,0.0015625,1e-05,DenseWeight_0,36,1,0,36,0.9999999426357112,0.9999999458258988,0.9999999538141096,0.999999963258609,0.9999999686410694,36,0.9999999993195822,0.999999999476147,0.9999999996065942,0.9999999997199662,0.9999999997695882,36,0.9999999431503411,0.9999999463167779,0.999999954275631,0.9999999635199931,0.9999999688843036,36,0.9999787136350925,0.9999829073818887,0.9999989828298448,1.0000136991742643,1.0000214334279969,36,0.00025109096353246457,0.0002712771562321957,0.00030395287205673533,0.0003292750795123753,0.0003390566160441867,36,0.0005470113376453325,0.0005685866753822179,0.0006319022332603545,0.0007100978309678269,0.0007689754209590632,36,0.0005470114969407144,0.0005685868242304799,0.0006319023681070835,0.0007100979747041258,0.0007689756216408769,36,0.0005470217639290977,0.0005685833293431024,0.0006318935275224809,0.0007101053783966626,0.0007689698852196619,36,1.7456446506458551e-07,1.780139098309271e-07,1.885243801574152e-07,2.0055568380394952e-07,2.1911869530426593e-07,36,0.0002501282980134152,0.0002703027947933421,0.00030242949243273733,0.0003277856849090477,0.00033755157113389306,36,0.0,0.0,0.0,0.0,0.0,36,0.0,0.0,0.0,0.0,0.0,36,0.0,0.0,0.0,0.0,3.985969387755102e-06,1.0,True
ours,0.1,0.0015625,3e-05,ConvWeight_0,36,1,0,36,-0.19922714533744887,-0.12359488282006786,-0.05175723129057523,0.09050053777293932,0.16765960623923273,36,0.9981928959745531,0.9994935702989458,0.9998917766740221,0.9999892581901264,0.9999963569424576,36,-0.19816888386672213,-0.1237702343424959,-0.05456389228600876,0.08969528991679326,0.16686603360736096,36,127.17019862892435,171.20525052049356,319.80314620615445,577.2655591569334,874.0478173612978,36,127.2361325908027,171.28328688005638,319.86347446651587,577.2155741513843,874.0878123544076,36,0.00010147375940094684,0.0001522670298086222,0.00023277270641306513,0.000456235507855427,0.0006340981795093911,36,0.00010183853066960176,0.00015430583343595678,0.00023143613766625677,0.00045654479294458984,0.0006366379848790464,36,0.06936645540265587,0.07370458658380133,0.07933854786768288,0.08695217666925645,0.09518180229443128,36,0.06940706247655867,0.07367711794102907,0.07935314889926608,0.0869526455206441,0.0952117883704143,36,126.7286595169215,171.1544891372801,320.09362837727133,576.8550535151494,870.9572432427383,36,0.0,0.0,0.0,0.0,0.0,36,0.0,0.0,0.0,0.0,0.0,36,0.0,0.0,0.0,0.0,0.0,0.0,True
ours,0.1,0.0015625,3e-05,ConvWeight_1,36,1,0,36,-0.019459728628253854,-0.012145558263644263,0.005082890199271611,0.024580885483700167,0.042461787940652106,36,0.9997416914914026,0.9998321203740221,0.9998977782219689,0.9999371538346239,0.9999563506498073,36,-0.019314422250648243,-0.01225834753104996,0.005042181586292796,0.024431512787148106,0.04258134384298101,36,106.14818743421604,135.5889598886057,161.60988717955618,186.2623564863141,218.36291682402984,36,106.14695523531925,135.59577094601173,161.60302810012905,186.26483774066378,218.3650788200647,36,1.5113798771509838e-05,1.6507431009762558e-05,1.7978806961284723e-05,2.1935048966999166e-05,2.7827766705500594e-05,36,1.5084241505727434e-05,1.6526492638382498e-05,1.7988194946715578e-05,2.1876362554379668e-05,2.7863835030724587e-05,36,0.0025663071021737455,0.0026996738367412645,0.0029378813335288394,0.0031846669549345334,0.003814068665147596,36,0.0025665341231293167,0.0026995807866438412,0.0029375855972216666,0.0031844035258786108,0.0038141066016907136,36,106.00951886572679,135.48949967869777,161.66686269586438,186.32443397618795,218.29631223516773,36,0.0,0.0,0.0,0.0,1.3563368055555555e-05,36,0.0,0.0,0.0,0.0,0.0,36,0.0,0.0,0.0,0.0,0.0,0.0,True
ours,0.1,0.0015625,3e-05,ConvWeight_2,36,1,0,36,0.7036311984600001,0.713306936515788,0.7643386582949496,0.7931870652975135,0.8177206170063835,36,0.9998709238824124,0.9998876798875524,0.9999159578617156,0.9999447018363801,0.9999551227361454,36,0.7037201244294968,0.7133983373824884,0.7644450379680553,0.7932058939219633,0.8177806394686118,36,1.2150734290565375,1.2600218042675682,1.312930786912144,1.3893111440774049,1.427713321735305,36,0.6994442435011208,0.7680570242999025,0.8466253386325298,0.9707370448723587,1.0144939910125836,36,1.54935938909419e-05,1.564291429056472e-05,1.770619622498632e-05,1.905708406739699e-05,1.985456861461653e-05,36,1.549004731039337e-05,1.5640332059283098e-05,1.770991598692463e-05,1.904761555101858e-05,1.985312818104994e-05,36,2.0604020958576977e-05,2.121980885330347e-05,2.3049012702487183e-05,2.5055649404325646e-05,2.5650748450731025e-05,36,1.2395662858805082e-05,1.3662191321256185e-05,1.4845049481808709e-05,1.6751237486366336e-05,1.7788962376763187e-05,36,0.6993312724949408,0.7681650171629062,0.8467761295066455,0.9708998422866759,1.0147235808153163,36,0.0,0.0,0.0,0.0,3.3908420138888887e-06,36,0.0,0.0,0.0,0.0,3.3908420138888887e-06,36,0.0,0.0,0.0,0.0,3.3908420138888887e-06,0.0,True
ours,0.1,0.0015625,3e-05,DenseWeight_0,36,1,0,36,0.9999994877433142,0.9999995163812418,0.9999995880333048,0.9999996714191334,0.9999997197048524,36,0.9999999993195822,0.999999999476147,0.9999999996065942,0.9999999997199662,0.9999999997695882,36,0.9999994883241276,0.9999995168448081,0.9999995884809969,0.9999996716914262,0.9999997199405009,36,0.9999355950319238,0.999948414790963,0.99999676641408,1.0000408234687255,1.000064034437658,36,0.0007506882429615121,0.0008112553842330688,0.0009077823760564694,0.0009838211612097961,0.0010132093210229692,36,0.0005470113376453325,0.0005685866753822179,0.0006319022332603545,0.0007100978309678269,0.0007689754209590632,36,0.0005470114969407144,0.0005685868242304799,0.0006319023681070835,0.0007100979747041258,0.0007689756216408769,36,0.000547042479423169,0.0005685765295317896,0.000631876027013616,0.0007101203422869969,0.0007689585995013954,36,5.23692865489512e-07,5.340435416832861e-07,5.655722991077521e-07,6.016672780633521e-07,6.573550225598936e-07,36,0.0007503822428789602,0.0008109104596023045,0.0009072877186506642,0.0009833545909350597,0.00101265193685138,36,0.0,0.0,0.0,0.0,0.0,36,0.0,0.0,0.0,0.0,0.0,36,0.0,0.0,0.0,0.0,0.0,1.0,True
ours,0.1,0.0015625,0.0001,ConvWeight_0,36,1,0,36,-0.20029118753348177,-0.1271548991327554,-0.05340224945521584,0.08706539889646497,0.16575419962430432,36,0.9981928959745531,0.9994935702989458,0.9998917766740221,0.9999892581901264,0.9999963569424576,36,-0.19923357416119178,-0.1273301924064161,-0.056208923969123886,0.08625958391088034,0.164959613055909,36,424.05203592217987,570.8647406514741,1066.1492219148925,1924.1066000731407,2913.586318084461,36,424.12073111803204,570.9448110974416,1066.2106388506386,1924.057217855705,2913.626715468308,36,0.00010147375940094684,0.0001522670298086222,0.00023277270641306513,0.000456235507855427,0.0006340981795093911,36,0.00010183853066960176,0.00015430583343595678,0.00023143613766625677,0.00045654479294458984,0.0006366379848790464,36,0.23131574104058655,0.24561713497014018,0.2644956583587964,0.2898414544140866,0.3173425612235198,36,0.2313568748089352,0.24559039336054947,0.26451049620166744,0.289842151801837,0.3173726275275074,36,422.4288658595142,570.5149633822082,1066.9787605823747,1922.8501783499846,2903.19080562401,36,0.0,0.0,0.0,0.0,0.0,36,0.0,0.0,0.0,0.0,0.0,36,0.0,0.0,0.0,0.0,0.0,0.0,True
ours,0.1,0.0015625,0.0001,ConvWeight_1,36,1,0,36,-0.02364924086347666,-0.0164657822521042,0.0005637936126335843,0.02053686855572337,0.03793749999879113,36,0.9997416914914026,0.9998321203740221,0.9998977782219689,0.9999371538346239,0.9999563506498073,36,-0.02350467861893916,-0.016648486217258084,0.0004188265954466854,0.020387094308861847,0.03805678789541295,36,353.82195816291534,451.9770811174982,538.6799436856311,620.8782820879399,727.8804777766951,36,353.8240315583581,451.98647713143896,538.6752478236328,620.8826408848995,727.8842432825262,36,1.5113798771509838e-05,1.6507431009762558e-05,1.7978806961284723e-05,2.1935048966999166e-05,2.7827766705500594e-05,36,1.5084241505727434e-05,1.6526492638382498e-05,1.7988194946715578e-05,2.1876362554379668e-05,2.7863835030724587e-05,36,0.00855485696460753,0.008998657112393504,0.00979219387934957,0.010614882939324013,0.012713633627169279,36,0.008555124831166123,0.00899861376261838,0.009791938735357681,0.010614657474019087,0.012713699576612158,36,353.36599003485804,451.63193184294965,538.8890271157359,621.0811652508318,727.6549982137341,36,0.0,0.0,0.0,0.0,1.3563368055555555e-05,36,0.0,0.0,0.0,0.0,0.0,36,0.0,0.0,0.0,0.0,0.0,0.0,True
ours,0.1,0.0015625,0.0001,ConvWeight_2,36,1,0,36,0.2813949395997425,0.2878657395424,0.33576737881581287,0.36588834476738297,0.3968170424128891,36,0.9998709238824124,0.9998876798875524,0.9999159578617156,0.9999447018363801,0.9999551227361454,36,0.28136769552182433,0.28793055336798035,0.3358321951429425,0.3659262182598871,0.3969274177338669,36,2.528206688093129,2.7491466436694765,2.9980768819314854,3.3744255541479893,3.5305902680686123,36,2.3311711003897795,2.5600785416470413,2.8218239149137307,3.235150034251645,3.3811887449498497,36,1.54935938909419e-05,1.564291429056472e-05,1.770619622498632e-05,1.905708406739699e-05,1.985456861461653e-05,36,1.549004731039337e-05,1.5640332059283098e-05,1.770991598692463e-05,1.904761555101858e-05,1.985312818104994e-05,36,4.501309771102049e-05,4.856546403000213e-05,5.234620440052397e-05,5.8812654394530296e-05,6.191824968685854e-05,36,4.1324505018444706e-05,4.554504939065766e-05,4.948196050234794e-05,5.583668983805777e-05,5.929582745137311e-05,36,2.3310916928935606,2.560587711302653,2.8227841829538747,3.2359927610642916,3.3823087541025894,36,0.0,0.0,0.0,0.0,3.3908420138888887e-06,36,0.0,0.0,0.0,0.0,3.3908420138888887e-06,36,0.0,0.0,0.0,0.0,0.0,0.0,True
ours,0.1,0.0015625,0.0001,DenseWeight_0,36,1,0,36,0.9999943127959144,0.9999946310174264,0.999995427188423,0.9999963522772559,0.9999968873045493,36,0.9999999993195822,0.999999999476147,0.9999999996065942,0.9999999997199662,0.9999999997695882,36,0.9999943136087295,0.9999946313856454,0.9999954275877572,0.9999963525875191,0.9999968875142728,36,0.999786749834286,0.9998299783890382,0.9999918434609256,1.0001387490126157,1.000216067176597,36,0.0025013217964509216,0.0027031862126027425,0.0030244206570438858,0.0032779313847394634,0.0033757029236140997,36,0.0005470113376453325,0.0005685866753822179,0.0006319022332603545,0.0007100978309678269,0.0007689754209590632,36,0.0005470114969407144,0.0005685868242304799,0.0006319023681070835,0.0007100979747041258,0.0007689756216408769,36,0.0005471168892697133,0.0005685547248609566,0.0006318166724550388,0.0007101743590208461,0.0007689210644057393,36,1.7456387076045736e-06,1.780168203361585e-06,1.8852329977373828e-06,2.0055619705937847e-06,2.191172609217207e-06,36,0.00250124576990712,0.0027030617665832137,0.0030242868404663876,0.0032778232725752723,0.0033754773483603145,36,0.0,0.0,0.0,0.0,0.0,36,0.0,0.0,0.0,0.0,0.0,36,0.0,0.0,0.0,0.0,3.985969387755102e-06,1.0,True
ours,0.1,0.0015625,0.0003,ConvWeight_0,36,1,0,36,-0.2005950755571969,-0.12817114017855163,-0.0538721670263254,0.08608336862662849,0.16520945397734482,36,0.9981928959745531,0.9994935702989458,0.9998917766740221,0.9999892581901264,0.9999963569424576,36,-0.19953764771414131,-0.1283464163666891,-0.05667884479089795,0.08527739297959816,0.16441457792715822,36,1272.29296459923,1712.7542264493281,3198.569378853533,5772.225406488398,8740.84017857618,36,1272.3624483419708,1712.8348778253549,3198.631106789815,5772.176196514331,8740.880690920689,36,0.00010147375940094684,0.0001522670298086222,0.00023277270641306513,0.000456235507855427,0.0006340981795093911,36,0.00010183853066960176,0.00015430583343595678,0.00023143613766625677,0.00045654479294458984,0.0006366379848790464,36,0.6940293402952391,0.7367977152173528,0.7935165814567858,0.8695256931375991,0.9520877900290358,36,0.6940706244678495,0.7367711814761251,0.7935314869445732,0.8695264558203559,0.9521178792496633,36,1267.2866052077445,1711.5448869141198,3200.9362791039393,5768.550530323233,8709.572378423412,36,0.0,0.0,0.0,0.0,0.0,36,0.0,0.0,0.0,0.0,0.0,36,0.0,0.0,0.0,0.0,0.0,0.0,True
ours,0.1,0.0015625,0.0003,ConvWeight_1,36,1,0,36,-0.024846241483607565,-0.01759267012521972,-0.0006863198152853925,0.019381268239972847,0.036644045346441126,36,0.9997416914914026,0.9998321203740221,0.9998977782219689,0.9999371538346239,0.9999563506498073,36,-0.024701880170616863,-0.017775495313207157,-0.0007352832089263575,0.019231383991392497,0.036763259869078524,36,1061.4769691485267,1355.951848152814,1616.0245589745766,1862.640735926004,2183.653883354598,36,1061.4799870406446,1355.9619823570813,1616.0204814418112,1862.6456311474858,2183.658106906939,36,1.5113798771509838e-05,1.6507431009762558e-05,1.7978806961284723e-05,2.1935048966999166e-05,2.7827766705500594e-05,36,1.5084241505727434e-05,1.6526492638382498e-05,1.7988194946715578e-05,2.1876362554379668e-05,2.7863835030724587e-05,36,0.025665190114611346,0.026995966038607315,0.029375946228430906,0.03184400759269738,0.038141118341729854,36,0.025665469646707434,0.0269959368898233,0.029375702685862655,0.03184379298053603,0.03814119229312296,36,1060.1059207612748,1354.898082169895,1616.6626711435106,1863.2410897157176,2182.97034963584,36,0.0,0.0,0.0,0.0,1.3563368055555555e-05,36,0.0,0.0,0.0,0.0,0.0,36,0.0,0.0,0.0,0.0,0.0,0.0,True
ours,0.1,0.0015625,0.0003,ConvWeight_2,36,1,0,36,0.09027922061085346,0.09840801532399276,0.1177799209222685,0.13240642437816771,0.156158179796302,36,0.9998709238824124,0.9998876798875524,0.9999159578617156,0.9999447018363801,0.9999551227361454,36,0.09033132000890942,0.09840776820904715,0.11783407698390688,0.13240119342836504,0.15625631550295455,36,7.055471320062695,7.746324224325706,8.530536558526268,9.74174548869225,10.196673287513972,36,6.993357190988944,7.680694816035629,8.467036828615637,9.70252753546276,10.142607681739488,36,1.54935938909419e-05,1.564291429056472e-05,1.770619622498632e-05,1.905708406739699e-05,1.985456861461653e-05,36,1.549004731039337e-05,1.5640332059283098e-05,1.770991598692463e-05,1.904761555101858e-05,1.985312818104994e-05,36,0.0001255375001612257,0.0001378265175091264,0.0001492627438232468,0.0001686413393060466,0.0001787795757823128,36,0.00012402319747625994,0.00013667417365341357,0.00014843395266047932,0.00016750437708282467,0.000177882357934236,36,6.993234594276921,7.682153650668795,8.470119311583755,9.70512701030852,10.146100081791522,36,0.0,0.0,0.0,0.0,3.3908420138888887e-06,36,0.0,0.0,0.0,0.0,3.3908420138888887e-06,36,0.0,0.0,0.0,0.0,0.0,0.0,True
ours,0.1,0.0015625,0.0003,DenseWeight_0,36,1,0,36,0.9999487941012485,0.9999516778714835,0.9999588493234717,0.9999671851236414,0.9999719693350221,36,0.9999999993195822,0.999999999476147,0.9999999996065942,0.9999999997199662,0.9999999997695882,36,0.999948795579928,0.9999516779694324,0.9999588495849822,0.9999671855405412,0.9999719694760157,36,0.9993792338547545,0.9995112076172432,1.0000020730356503,1.0004441620648172,1.0006755340337747,36,0.007503571388565442,0.008109547468517886,0.009072929511075179,0.009833346626823487,0.010126400188148681,36,0.0005470113376453325,0.0005685866753822179,0.0006319022332603545,0.0007100978309678269,0.0007689754209590632,36,0.0005470114969407144,0.0005685868242304799,0.0006319023681070835,0.0007100979747041258,0.0007689756216408769,36,0.0005473458149730743,0.000568509524315345,0.0006316633571697698,0.000710342771889609,0.0007688306663243557,36,5.236931810565434e-06,5.340751730071179e-06,5.655677141875496e-06,6.016767986025502e-06,6.5734665719843774e-06,36,0.007503559871563597,0.008109485058037293,0.009072897657784297,0.009833339339016523,0.010126267030756564,36,0.0,0.0,0.0,0.0,0.0,36,0.0,0.0,0.0,0.0,0.0,36,0.0,0.0,0.0,0.0,0.0,1.0,True
ours,0.1,0.0015625,0.0005,ConvWeight_0,36,1,0,36,-0.20065585104866338,-0.12837433916234875,-0.05396614835101435,0.08588693583842197,0.16510048436735705,36,0.9981928959745531,0.9994935702989458,0.9998917766740221,0.9999892581901264,0.9999963569424576,36,-0.19959846048372906,-0.12854961191574105,-0.05677282672339837,0.08508092803985115,0.1643055502543164,36,2120.5345344032035,2854.644172549548,5330.989781242637,9620.344345123884,14568.094081702993,36,2120.604175833076,2854.7249401009203,5331.051571378934,9620.295169600391,14568.134617036181,36,0.00010147375940094684,0.0001522670298086222,0.00023277270641306513,0.000456235507855427,0.0006340981795093911,36,0.00010183853066960176,0.00015430583343595678,0.00023143613766625677,0.00045654479294458984,0.0006366379848790464,36,1.1567430598763977,1.2279784635604307,1.322537556525003,1.4492099846772115,1.5868330327037257,36,1.1567843741253725,1.2279519714003777,1.3225524755408453,1.4492107604191307,1.586863126508083,36,2112.144354766466,2852.574805944366,5334.8937941736995,9614.250876535321,14515.953902002235,36,0.0,0.0,0.0,0.0,0.0,36,0.0,0.0,0.0,0.0,0.0,36,0.0,0.0,0.0,0.0,0.0,0.0,True
ours,0.1,0.0015625,0.0005,ConvWeight_1,36,1,0,36,-0.025085820346934726,-0.01781806724251109,-0.0009360935505703208,0.01915016524334908,0.03638501262868454,36,0.9997416914914026,0.9998321203740221,0.9998977782219689,0.9999371538346239,0.9999563506498073,36,-0.024941488471776695,-0.018000912927234696,-0.0009604306517570953,0.019000262851805484,0.03650421571010295,36,1769.1433594410225,2259.930265805955,2693.363805235482,3104.4004274947583,3639.4348117069585,36,1769.1465662690832,2259.9405473546576,2693.3598515872136,3104.405429993575,3639.439126784871,36,1.5113798771509838e-05,1.6507431009762558e-05,1.7978806961284723e-05,2.1935048966999166e-05,2.7827766705500594e-05,36,1.5084241505727434e-05,1.6526492638382498e-05,1.7988194946715578e-05,2.1876362554379668e-05,2.7863835030724587e-05,36,0.042775659764544005,0.044993414071410893,0.04895955673717598,0.0530729018954636,0.06356873445395982,36,0.04277594162645612,0.044993387763582623,0.048959315517280694,0.05307268945863146,0.06356881000427708,36,1766.8564614148875,2258.167292473755,2694.430449351559,3105.3978195248537,3638.2928549926773,36,0.0,0.0,0.0,0.0,1.3563368055555555e-05,36,0.0,0.0,0.0,0.0,0.0,36,0.0,0.0,0.0,0.0,0.0,0.0,True
ours,0.1,0.0015625,0.0005,ConvWeight_2,36,1,0,36,0.04861277361520546,0.056765735452893096,0.07094588085664728,0.08252429337592268,0.10271124086246769,36,0.9998709238824124,0.9998876798875524,0.9999159578617156,0.9999447018363801,0.9999551227361454,36,0.048660769640104955,0.05679677492849446,0.07103360464531801,0.08249447657380188,0.10280591990609339,36,11.689415850436108,12.841842850346831,14.154895581167288,16.184969588348718,16.93755963510378,36,11.655667289961391,12.802016511943513,14.114812846832082,16.166277530219244,16.903084435267083,36,1.54935938909419e-05,1.564291429056472e-05,1.770619622498632e-05,1.905708406739699e-05,1.985456861461653e-05,36,1.549004731039337e-05,1.5640332059283098e-05,1.770991598692463e-05,1.904761555101858e-05,1.985312818104994e-05,36,0.000207846689730729,0.00022860092676992326,0.0002478050996617651,0.00027990598321872096,0.0002970071981597888,36,0.00020679167393100365,0.00022785832075931256,0.00024737313168333953,0.0002791666826824692,0.00029646451010058,36,11.655489138460249,12.804407581457333,14.120001305954649,16.170616239569295,16.908933655566116,36,0.0,0.0,0.0,0.0,3.3908420138888887e-06,36,0.0,0.0,0.0,0.0,3.3908420138888887e-06,36,0.0,0.0,0.0,0.0,0.0,0.0,True
ours,0.1,0.0015625,0.0005,DenseWeight_0,36,1,0,36,0.9998576947565654,0.9998657649129252,0.9998856998669124,0.9999088838960828,0.9999220877623987,36,0.9999999993195822,0.999999999476147,0.9999999996065942,0.9999999997199662,0.9999999997695882,36,0.9998576969055034,0.9998657647438152,0.9998856999911238,0.9999088844168792,0.9999220878425709,36,0.9989980573509247,0.9992242819058221,1.0000482946392681,1.0007875224771827,1.0011721205316193,36,0.012505799459431326,0.01351652968614379,0.015121779750146804,0.01638888463523641,0.0168771621194624,36,0.0005470113376453325,0.0005685866753822179,0.0006319022332603545,0.0007100978309678269,0.0007689754209590632,36,0.0005470114969407144,0.0005685868242304799,0.0006319023681070835,0.0007100979747041258,0.0007689756216408769,36,0.0005475989093884716,0.0005684896583270365,0.0006315341621031102,0.0007105320327358948,0.0007687652309908274,36,8.728372973860542e-06,8.901786773148742e-06,9.426207494591288e-06,1.0028193446271296e-05,1.0955794195112823e-05,36,0.012505799765573351,0.013516478816198614,0.01512176724973456,0.016388896070647654,0.016877045296607707,36,0.0,0.0,0.0,0.0,0.0,36,0.0,0.0,0.0,0.0,0.0,36,0.0,0.0,0.0,0.0,0.0,1.0,True
ours,0.1,0.0015625,0.001,ConvWeight_0,36,1,0,36,-0.20070144164267245,-0.1285267269574941,-0.05403663926010394,0.08573961114525161,0.1650187479234095,36,0.9981928959745531,0.9994935702989458,0.9998917766740221,0.9999892581901264,0.9999963569424576,36,-0.19964407939486328,-0.12870199714342767,-0.05684331806119176,0.08493357903591896,0.16422376985374262,36,4241.138779199895,5709.369222138821,10662.040882095629,19240.641725952624,29136.228661021036,36,4241.208538886898,5709.450076823951,10662.102718887396,19240.59257626931,29136.26921358904,36,0.00010147375940094684,0.0001522670298086222,0.00023277270641306513,0.000456235507855427,0.0006340981795093911,36,0.00010183853066960176,0.00015430583343595678,0.00023143613766625677,0.00045654479294458984,0.0006366379848790464,36,2.3135274116977222,2.455930415323807,2.645090008380911,2.898420738921488,3.1736961284581486,36,2.3135687485026066,2.455903954350992,2.645104937542382,2.898421524458304,3.1737262257018632,36,4224.288772805617,5705.149584479487,10669.78756753445,19228.501715657898,29031.90749297049,36,0.0,0.0,0.0,0.0,0.0,36,0.0,0.0,0.0,0.0,0.0,36,0.0,0.0,0.0,0.0,0.0,0.0,True
ours,0.1,0.0015625,0.001,ConvWeight_1,36,1,0,36,-0.02526591978216259,-0.01798717307870516,-0.0011228798147890034,0.018976893891656247,0.03619003387047286,36,0.9997416914914026,0.9998321203740221,0.9998977782219689,0.9999371538346239,0.9999563506498073,36,-0.025121586429066912,-0.018170025987636403,-0.0011293453452319961,0.018826986290665343,0.0363092354914962,36,3538.356215722673,4519.890042350358,5386.68659774671,6208.7859867011575,7278.91871119601,36,3538.3595643346503,4519.900433770086,5386.6827374883715,6208.791069642559,7278.923094735632,36,1.5113798771509838e-05,1.6507431009762558e-05,1.7978806961284723e-05,2.1935048966999166e-05,2.7827766705500594e-05,36,1.5084241505727434e-05,1.6526492638382498e-05,1.7988194946715578e-05,2.1876362554379668e-05,2.7863835030724587e-05,36,0.08555239662560667,0.08998760019838022,0.09791792782155564,0.10614409748722163,0.12713832630703403,36,0.0855526802277897,0.08998757602293833,0.09791768834880016,0.1061438866920617,0.1271384030533497,36,3533.7793027574317,4516.353793238119,5388.824345716311,6210.775772867708,7276.630526716775,36,0.0,0.0,0.0,0.0,1.3563368055555555e-05,36,0.0,0.0,0.0,0.0,0.0,36,0.0,0.0,0.0,0.0,0.0,0.0,True
ours,0.1,0.0015625,0.001,ConvWeight_2,36,1,0,36,0.017194685298359387,0.02491212676579824,0.03591939711988905,0.04529360904275357,0.062016033841938496,36,0.9998709238824124,0.9998876798875524,0.9999159578617156,0.9999447018363801,0.9999551227361454,36,0.01723951145365919,0.02492561840738662,0.03600413131220463,0.04521474526060704,0.06210791888575328,36,23.32559633519008,25.63003327114247,28.266736443743262,32.31421320143235,33.8209556395126,36,23.313240588788318,25.609654943687445,28.246826046892664,32.31095254862228,33.80122685332279,36,1.54935938909419e-05,1.564291429056472e-05,1.770619622498632e-05,1.905708406739699e-05,1.985456861461653e-05,36,1.549004731039337e-05,1.5640332059283098e-05,1.770991598692463e-05,1.904761555101858e-05,1.985312818104994e-05,36,0.00041475389482384725,0.00045622403184788964,0.000494822540036171,0.0005587562506054961,0.0005931957231388481,36,0.0004140459945682369,0.000455876448534713,0.0004946893783250189,0.0005583162939204335,0.0005929200642318415,36,23.312918119802116,25.614369361495086,28.257352718526747,32.31962786644637,33.81296039495541,36,0.0,0.0,0.0,0.0,3.3908420138888887e-06,36,0.0,0.0,0.0,0.0,3.3908420138888887e-06,36,0.0,0.0,0.0,0.0,3.3908420138888887e-06,0.0,True
ours,0.1,0.0015625,0.001,DenseWeight_0,36,1,0,36,0.9994302056062547,0.9994630753442865,0.999542921438368,0.9996359226804221,0.9996878702745929,36,0.9999999993195822,0.999999999476147,0.9999999996065942,0.9999999997199662,0.9999999997695882,36,0.9994302094494527,0.9994630745218044,0.9995429212217339,0.9996359234489189,0.999687870237432,36,0.9981606532693026,0.9986652174063793,1.0003275458865866,1.0018118109723948,1.0025755988723561,36,0.02501234678255078,0.02703784769780481,0.03024672137418845,0.03277963370093846,0.03375569302446556,36,0.0005470113376453325,0.0005685866753822179,0.0006319022332603545,0.0007100978309678269,0.0007689754209590632,36,0.0005470114969407144,0.0005685868242304799,0.0006319023681070835,0.0007100979747041258,0.0007689756216408769,36,0.0005483372376142604,0.0005685508636577322,0.000631385110934132,0.0007111276866564785,0.0007687109172027614,36,1.7458624784544086e-05,1.780731038320363e-05,1.885381881151965e-05,2.0058583391656662e-05,2.191256375676718e-05,36,0.025012353594628108,0.027037803586959827,0.030246721111257584,0.03277965602155164,0.033755583753219874,36,0.0,0.0,0.0,0.0,0.0,36,0.0,0.0,0.0,0.0,0.0,36,0.0,0.0,0.0,0.0,0.0,1.0,True
