scheme,training_gpu,training_sigma,readout_sigma,parameter,comparisons,batches,injected_beta,checkpoint_epoch,source_bundle,cosine_defined_count,cosine_min,cosine_p10,cosine_median,cosine_p90,cosine_max,clean_eqprop_bptt_cosine_defined_count,clean_eqprop_bptt_cosine_min,clean_eqprop_bptt_cosine_p10,clean_eqprop_bptt_cosine_median,clean_eqprop_bptt_cosine_p90,clean_eqprop_bptt_cosine_max,noisy_clean_eqprop_cosine_defined_count,noisy_clean_eqprop_cosine_min,noisy_clean_eqprop_cosine_p10,noisy_clean_eqprop_cosine_median,noisy_clean_eqprop_cosine_p90,noisy_clean_eqprop_cosine_max,eqprop_over_bptt_norm_ratio_defined_count,eqprop_over_bptt_norm_ratio_min,eqprop_over_bptt_norm_ratio_p10,eqprop_over_bptt_norm_ratio_median,eqprop_over_bptt_norm_ratio_p90,eqprop_over_bptt_norm_ratio_max,relative_l2_difference_over_bptt_defined_count,relative_l2_difference_over_bptt_min,relative_l2_difference_over_bptt_p10,relative_l2_difference_over_bptt_median,relative_l2_difference_over_bptt_p90,relative_l2_difference_over_bptt_max,bptt_rms_defined_count,bptt_rms_min,bptt_rms_p10,bptt_rms_median,bptt_rms_p90,bptt_rms_max,eqprop_rms_defined_count,eqprop_rms_min,eqprop_rms_p10,eqprop_rms_median,eqprop_rms_p90,eqprop_rms_max,all_endpoint_residual_gates_passed,fraction_cosine_above_0.90,fraction_cosine_above_0.99
baseline,A100,0.0,0.0,ConvWeight_0,36,36,404.141105702,30,results/eqprop-conv3-p90-read-noise-20260919-v1/jz/a100-production/task_0/runs/000_conv3_baseline_p90_sigma0_seed0_da5e36ad,36,0.9969359223143417,0.9991684704454964,0.9999464122520553,0.9999888014491708,0.9999973795749023,36,0.9969359223143417,0.9991684704454964,0.9999464122520553,0.9999888014491708,0.9999973795749023,36,0.9999999999999994,0.9999999999999996,1.0,1.0000000000000004,1.000000000000001,36,0.9090504351261047,0.9768095500869595,0.9988313208102182,1.0079305176478583,1.0186397390143793,36,0.0035866918946705966,0.005244859213501736,0.01195936444315962,0.04724103289406194,0.10764544483312675,36,2.5837016381991243e-05,2.981264310044646e-05,4.149631363655432e-05,7.98477501795411e-05,0.00012632670038684938,36,2.59941645405825e-05,2.9535040022627615e-05,4.1316965212587904e-05,8.0926830798539e-05,0.00012630235258858592,False,1.0,1.0
baseline,A100,0.0,0.0,ConvWeight_1,36,36,404.141105702,30,results/eqprop-conv3-p90-read-noise-20260919-v1/jz/a100-production/task_0/runs/000_conv3_baseline_p90_sigma0_seed0_da5e36ad,36,0.9967859980324919,0.9989109016930422,0.9998489847222187,0.9999763000512749,0.9999935755484897,36,0.9967859980324919,0.9989109016930422,0.9998489847222187,0.9999763000512749,0.9999935755484897,36,0.9999999999999963,0.9999999999999978,1.0,1.0000000000000024,1.000000000000004,36,0.9349754597958019,0.9879958149643904,0.9985847903552554,1.0017757441956128,1.0109413705998527,36,0.003604153249782932,0.007250875312618399,0.018013414947926625,0.047355283344300156,0.10118407366516952,36,1.9976000426782195e-05,2.3089064337420396e-05,3.2698771205234105e-05,5.285879875259681e-05,7.467208504773903e-05,36,2.0003915082108512e-05,2.3040570241924592e-05,3.261435821828373e-05,5.253293034798414e-05,7.435816418057878e-05,False,1.0,1.0
baseline,A100,0.0,0.0,ConvWeight_2,36,36,404.141105702,30,results/eqprop-conv3-p90-read-noise-20260919-v1/jz/a100-production/task_0/runs/000_conv3_baseline_p90_sigma0_seed0_da5e36ad,36,0.9949121161153459,0.9976962938922008,0.9992883652089968,0.999928641778866,0.999947663148651,36,0.9949121161153459,0.9976962938922008,0.9992883652089968,0.999928641778866,0.999947663148651,36,0.9999999999999921,0.9999999999999953,1.0000000000000002,1.000000000000004,1.0000000000000062,36,0.9673138419278784,0.9945788981834864,0.9987154169950437,1.000531354563642,1.0011677560459937,36,0.010234518890149114,0.0119400822993085,0.037733710899978554,0.0676412351564669,0.10088531331296462,36,0.0001117532789694827,0.00013031388257934873,0.00018176501525201625,0.00024501332915492373,0.0003207635520116171,36,0.0001115454124668808,0.00013036542297169523,0.00018169286562125884,0.0002442720760603146,0.0003191555631640193,False,1.0,1.0
baseline,A100,0.0,0.0,DenseWeight_0,36,36,404.141105702,30,results/eqprop-conv3-p90-read-noise-20260919-v1/jz/a100-production/task_0/runs/000_conv3_baseline_p90_sigma0_seed0_da5e36ad,36,0.9999996974178884,0.9999998426415528,0.9999999642195275,0.9999999926430261,0.9999999970605478,36,0.9999996974178884,0.9999998426415528,0.9999999642195275,0.9999999926430261,0.9999999970605478,36,0.9999999999999516,0.9999999999999654,1.0000000000000033,1.0000000000000355,1.0000000000000688,36,0.9995695345893288,0.9999022677049599,0.9999823066516607,1.000069256330694,1.0001274308720471,36,8.762366110856475e-05,0.0001218089180669325,0.0002824597967505712,0.0005624636050767137,0.0008889343356825118,36,4.449234058784771e-05,4.713937789079113e-05,6.351131021193391e-05,8.827459637099301e-05,0.00010259955893598402,36,4.449097207228195e-05,4.7139238222830484e-05,6.351053203735606e-05,8.827042920005463e-05,0.00010258757649233865,False,1.0,1.0
baseline,A100,0.0001,0.0,ConvWeight_0,36,36,404.141105702,30,results/eqprop-conv3-p90-read-noise-20260919-v1/jz/a100-production/task_9/runs/000_conv3_baseline_p90_sigma1em4_seed0_8ded8dea,36,0.9984800408595843,0.9994896475795075,0.999924652350278,0.9999810836208034,0.9999951808138561,36,0.9984800408595843,0.9994896475795075,0.999924652350278,0.9999810836208034,0.9999951808138561,36,0.9999999999999992,0.9999999999999993,1.0,1.0000000000000004,1.0000000000000007,36,0.9763746080407378,0.9959557376349373,0.9997592029925576,1.0100995188179702,1.0168811840065894,36,0.004739107368842049,0.006679768318642046,0.014556168020657794,0.033637661783022556,0.05619167709336238,36,1.837331422925502e-05,3.397482424728513e-05,4.7901969902880206e-05,0.00010992014758603099,0.00013097475621831066,36,1.84928324781812e-05,3.411619420016067e-05,4.7589006437673434e-05,0.00011068174442966226,0.00013046428395709094,False,1.0,1.0
baseline,A100,0.0001,0.0,ConvWeight_1,36,36,404.141105702,30,results/eqprop-conv3-p90-read-noise-20260919-v1/jz/a100-production/task_9/runs/000_conv3_baseline_p90_sigma1em4_seed0_8ded8dea,36,0.9986795217979154,0.9993344808629898,0.999817644914667,0.9999665084591047,0.9999854114424916,36,0.9986795217979154,0.9993344808629898,0.999817644914667,0.9999665084591047,0.9999854114424916,36,0.9999999999999966,0.9999999999999976,1.0000000000000004,1.0000000000000029,1.0000000000000036,36,0.9816188065526182,0.9954024410541488,1.00045107376149,1.0029270666061287,1.0106241462595469,36,0.006150748930190335,0.008247268150341174,0.019172497720740624,0.03863921541570284,0.05140540366228476,36,1.5988319701274606e-05,2.3820397660251122e-05,3.4572000665530314e-05,5.587884985212668e-05,7.037728551748701e-05,36,1.5987194254418992e-05,2.376802121874755e-05,3.461632089956293e-05,5.6080659146227554e-05,6.908366701808847e-05,False,1.0,1.0
baseline,A100,0.0001,0.0,ConvWeight_2,36,36,404.141105702,30,results/eqprop-conv3-p90-read-noise-20260919-v1/jz/a100-production/task_9/runs/000_conv3_baseline_p90_sigma1em4_seed0_8ded8dea,36,0.9980395918062304,0.9986584315497982,0.9993623095531368,0.9998884941480473,0.9999661058397672,36,0.9980395918062304,0.9986584315497982,0.9993623095531368,0.9998884941480473,0.9999661058397672,36,0.9999999999999946,0.9999999999999976,1.0000000000000007,1.0000000000000049,1.0000000000000064,36,0.9913548454441664,0.9956944083796552,0.999088486138147,1.0004771235237675,1.0044996075526604,36,0.008238225257928892,0.014929899327473208,0.035793812427301064,0.05187229880476733,0.06294171129841103,36,0.00011468160174098512,0.00013463547393479123,0.00019379651527341664,0.00025628489429751133,0.00034033948737596684,36,0.00011448983019963287,0.00013450974678878635,0.0001934158490098307,0.00025616625948460194,0.00033739719990614846,False,1.0,1.0
baseline,A100,0.0001,0.0,DenseWeight_0,36,36,404.141105702,30,results/eqprop-conv3-p90-read-noise-20260919-v1/jz/a100-production/task_9/runs/000_conv3_baseline_p90_sigma1em4_seed0_8ded8dea,36,0.9999980932293316,0.999998749039532,0.9999994145613955,0.9999996664164923,0.9999997845143558,36,0.9999980932293316,0.999998749039532,0.9999994145613955,0.9999996664164923,0.9999997845143558,36,0.9999999999999484,0.9999999999999708,1.0,1.0000000000000222,1.0000000000000593,36,0.9991503921648811,0.9997897990040755,1.0000223396497923,1.0002337053806951,1.0003492359521404,36,0.0006658130442764842,0.000821634895134311,0.0010991001233028397,0.0016342157904027698,0.001979030406129716,36,4.454958000100036e-05,4.822355012996438e-05,6.617059319994679e-05,8.770423695713951e-05,0.00010681622831591805,36,4.455045187447003e-05,4.823515077304986e-05,6.616586546435966e-05,8.769878534118885e-05,0.00010681655593605021,False,1.0,1.0
baseline,A100,0.0001,0.0001,ConvWeight_0,144,36,404.141105702,30,results/eqprop-conv3-p90-read-noise-20260919-v1/jz/a100-production/task_9/runs/000_conv3_baseline_p90_sigma1em4_seed0_8ded8dea,144,0.16057513505871499,0.38919309598328977,0.5826599146110372,0.8404729320422615,0.8936257342421905,144,0.9984800408595843,0.999447402665674,0.999924652350278,0.9999812658218761,0.9999951808138561,144,0.158493813023019,0.39065664769104114,0.5825543547876628,0.841216147198355,0.8932875400941328,144,1.0846713418367144,1.1975394383815885,1.7546659711997623,2.3058661053596476,4.461254638528267,144,0.5414996746521652,0.6511241492507511,1.4567806122209697,2.1038303787908617,4.329917820195389,144,1.837331422925502e-05,3.325643635385108e-05,4.7901969902880206e-05,0.00011288551481280611,0.00013097475621831066,144,6.547924524166617e-05,7.71114596232686e-05,8.752409610687955e-05,0.0001326270135144061,0.0001606798863320645,False,0.0,0.0
baseline,A100,0.0001,0.0001,ConvWeight_1,144,36,404.141105702,30,results/eqprop-conv3-p90-read-noise-20260919-v1/jz/a100-production/task_9/runs/000_conv3_baseline_p90_sigma1em4_seed0_8ded8dea,144,0.5565013597170881,0.751498688885775,0.8461542520402077,0.9375794242187199,0.9593334072360955,144,0.9986795217979154,0.9992954048709246,0.999817644914667,0.9999676874269324,0.9999854114424916,144,0.5570867337965504,0.7515478938491765,0.8465931820561416,0.9377431653552414,0.9598057905941352,144,1.0135982654027194,1.0714363886205174,1.1737580141169919,1.3339041797370803,1.7289436985850108,144,0.291511390294295,0.3746952334608062,0.6300696461105946,0.8653558301348738,1.4369854816953156,144,1.5988319701274606e-05,2.3133274149217996e-05,3.4572000665530314e-05,5.899992313603541e-05,7.037728551748701e-05,144,2.5491313045584044e-05,3.130516042156536e-05,4.0350105444434276e-05,6.251068876055591e-05,7.292650845907389e-05,False,0.3055555555555556,0.0
baseline,A100,0.0001,0.0001,ConvWeight_2,144,36,404.141105702,30,results/eqprop-conv3-p90-read-noise-20260919-v1/jz/a100-production/task_9/runs/000_conv3_baseline_p90_sigma1em4_seed0_8ded8dea,144,0.9960433552808459,0.9971645664718365,0.9984101318731219,0.9989716852048971,0.9991384670984939,144,0.9980395918062304,0.998627667410535,0.9993623095531368,0.9998935642186589,0.9999661058397672,144,0.997144501110787,0.9981013780811034,0.999087683861773,0.9994630830278974,0.9997325631263696,144,0.9914456833749801,0.9971102813326802,1.0001533967987113,1.0026756967242363,1.0056565405177862,144,0.04150876841774258,0.04536313599133806,0.05641265701240242,0.07543107731935386,0.08902353178744794,144,0.00011468160174098512,0.00012896737035987917,0.00019379651527341664,0.0002632680741975371,0.00034033948737596684,144,0.00011466960740501681,0.00012906861266559526,0.0001936709787848806,0.0002643659969217678,0.00033752524031979724,False,1.0,1.0
baseline,A100,0.0001,0.0001,DenseWeight_0,144,36,404.141105702,30,results/eqprop-conv3-p90-read-noise-20260919-v1/jz/a100-production/task_9/runs/000_conv3_baseline_p90_sigma1em4_seed0_8ded8dea,144,0.9999964722891814,0.9999972807595958,0.9999986087343624,0.999999236122077,0.9999995363396189,144,0.9999980932293316,0.9999986685779787,0.9999994145613955,0.9999996780151233,0.9999997845143558,144,0.9999980350997881,0.99999855011416,0.9999992145193117,0.9999995590832399,0.9999997401681371,144,0.9989510626963929,0.9997348708481476,1.0000064557016108,1.0002312819848667,1.0005577156696865,144,0.0009690147464330635,0.001240745222630031,0.0016719627887592894,0.002370046198843436,0.0026565233016987906,144,4.454958000100036e-05,4.7723787028266014e-05,6.617059319994679e-05,8.846891038357257e-05,0.00010681622831591805,144,4.4540881205981696e-05,4.7729072830371626e-05,6.616357116698756e-05,8.8472394728926e-05,0.00010682323313885493,False,1.0,1.0
baseline,A100,0.0003,0.0,ConvWeight_0,36,36,404.141105702,30,results/eqprop-conv3-p90-read-noise-20260919-v1/jz/a100-production/task_10/runs/000_conv3_baseline_p90_sigma3em4_seed0_02c1c964,36,0.9938287866039867,0.9991343069155416,0.9998294785936915,0.9999774691365877,0.9999892534888438,36,0.9938287866039867,0.9991343069155416,0.9998294785936915,0.9999774691365877,0.9999892534888438,36,0.9999999999999994,0.9999999999999996,1.0,1.0000000000000004,1.0000000000000007,36,0.9519215123652376,0.986329612151353,1.0028727040197096,1.0190039964459718,1.0321026952718069,36,0.005912308416557745,0.008763139316392683,0.023098863570133073,0.047789272380892464,0.11734238365552394,36,2.7428445400651666e-05,3.749335298676927e-05,5.990689790752548e-05,0.0001354124312036107,0.0001742735589212447,36,2.75131989465346e-05,3.757984885334538e-05,5.9848077919726464e-05,0.0001368351300056155,0.0001744388577760759,False,1.0,1.0
baseline,A100,0.0003,0.0,ConvWeight_1,36,36,404.141105702,30,results/eqprop-conv3-p90-read-noise-20260919-v1/jz/a100-production/task_10/runs/000_conv3_baseline_p90_sigma3em4_seed0_02c1c964,36,0.9987419710894849,0.9992465420849296,0.9997755022285237,0.9999342514001501,0.9999728487801606,36,0.9987419710894849,0.9992465420849296,0.9997755022285237,0.9999342514001501,0.9999728487801606,36,0.9999999999999951,0.9999999999999978,1.0,1.000000000000002,1.0000000000000042,36,0.9617828605765456,0.9938947362343322,1.0016562365193304,1.0125459324771524,1.0260874319865,36,0.007403712114003514,0.0126829560901291,0.021268713116746975,0.03998213886042867,0.057116104698764256,36,2.2120045536471985e-05,2.914575271605485e-05,3.790076361772255e-05,6.83958177531705e-05,9.962550005149106e-05,36,2.212969731044155e-05,2.9204304749128202e-05,3.80826429627726e-05,6.846603892729278e-05,9.979109381884747e-05,False,1.0,1.0
baseline,A100,0.0003,0.0,ConvWeight_2,36,36,404.141105702,30,results/eqprop-conv3-p90-read-noise-20260919-v1/jz/a100-production/task_10/runs/000_conv3_baseline_p90_sigma3em4_seed0_02c1c964,36,0.9945259424224016,0.9976292110056285,0.9993264271594668,0.9996525218114112,0.9999170824886743,36,0.9945259424224016,0.9976292110056285,0.9993264271594668,0.9996525218114112,0.9999170824886743,36,0.9999999999999918,0.9999999999999956,1.0000000000000002,1.000000000000004,1.000000000000008,36,0.986142911967861,0.9957487862557011,0.9988028893994512,1.0014451495283576,1.003859101354955,36,0.012881214733995137,0.026424240848995313,0.03671278091803065,0.0687677034031215,0.10490594694528771,36,0.00012438772010723903,0.00014427091053255902,0.00020223093588072445,0.0002699434147676596,0.00035942976560906776,36,0.00012409628663299826,0.00014396262779078222,0.00020089687946399246,0.00026997987323217987,0.0003582219650821974,False,1.0,1.0
baseline,A100,0.0003,0.0,DenseWeight_0,36,36,404.141105702,30,results/eqprop-conv3-p90-read-noise-20260919-v1/jz/a100-production/task_10/runs/000_conv3_baseline_p90_sigma3em4_seed0_02c1c964,36,0.99999856467275,0.9999991557040236,0.9999995356474634,0.9999997711652375,0.9999998038940053,36,0.99999856467275,0.9999991557040236,0.9999995356474634,0.9999997711652375,0.9999998038940053,36,0.9999999999999438,0.9999999999999603,1.0000000000000004,1.0000000000000258,1.0000000000000326,36,0.9993380453319692,0.9997993719949952,0.9999859910057791,1.000246306596309,1.0006501065876414,36,0.0006333673207075758,0.0006872846235192304,0.0009783086809787046,0.0013176548602393421,0.0018152573750375872,36,4.8318790106194935e-05,5.1031686359501806e-05,6.855097941228624e-05,9.409719005754468e-05,0.00010907189350221674,36,4.832637632360544e-05,5.101307374747619e-05,6.853015538532225e-05,9.409399091919252e-05,0.0001090651201142429,False,1.0,1.0
baseline,A100,0.0003,0.0003,ConvWeight_0,144,36,404.141105702,30,results/eqprop-conv3-p90-read-noise-20260919-v1/jz/a100-production/task_10/runs/000_conv3_baseline_p90_sigma3em4_seed0_02c1c964,144,-0.09065277265804182,0.12620546529739207,0.27377627235940477,0.5413712757936971,0.6946232575957941,144,0.9938287866039867,0.9990897750007687,0.9998294785936915,0.9999780312589966,0.9999892534888438,144,-0.08682200779620136,0.12570556722505857,0.2710892058038299,0.5426027011708691,0.6943716404280761,144,1.4738817649125417,1.80727736432688,3.7434766103897443,5.892133408998879,8.59498709155182,144,1.1803170341711855,1.4922641213381822,3.5390681475757084,5.689907346188692,8.594907305650969,144,2.7428445400651666e-05,3.636488990724226e-05,5.990689790752548e-05,0.00013821196755517873,0.0001742735589212447,144,0.00018432695267057644,0.0002020231894828378,0.00022381435442531632,0.00025734078978587434,0.00032844452406920925,False,0.0,0.0
baseline,A100,0.0003,0.0003,ConvWeight_1,144,36,404.141105702,30,results/eqprop-conv3-p90-read-noise-20260919-v1/jz/a100-production/task_10/runs/000_conv3_baseline_p90_sigma3em4_seed0_02c1c964,144,0.309344986685245,0.4283934201986797,0.5627624404945799,0.752923306449041,0.8703094761181643,144,0.9987419710894849,0.9992347549288373,0.9997755022285237,0.9999437060857423,0.9999728487801606,144,0.3093562447262155,0.4285342649052158,0.5632573500211036,0.7526191118638564,0.8713563367825948,144,1.1403079054898968,1.2960584452647754,1.770999217240186,2.2923616044538204,3.0912105642108894,144,0.5815399166548112,0.8611899370672718,1.4512094048509225,2.042413759756413,2.9399118644331494,144,2.2120045536471985e-05,2.8924309671187134e-05,3.790076361772255e-05,7.142139266017549e-05,9.962550005149106e-05,144,6.051098930900323e-05,6.502857952294644e-05,7.02648769001057e-05,9.20208542707151e-05,0.00011790772327161565,False,0.0,0.0
baseline,A100,0.0003,0.0003,ConvWeight_2,144,36,404.141105702,30,results/eqprop-conv3-p90-read-noise-20260919-v1/jz/a100-production/task_10/runs/000_conv3_baseline_p90_sigma3em4_seed0_02c1c964,144,0.9828435894255677,0.9881270524261171,0.9927253963572003,0.9957434681264266,0.9969474289976937,144,0.9945259424224016,0.9972210308703363,0.9993264271594668,0.999653258619959,0.9999170824886743,144,0.9832018693572123,0.9886804967106886,0.9943052347268115,0.9968283427335896,0.9983832544709348,144,0.9913096849292078,0.9984011108132538,1.0053829145903146,1.011553620180232,1.0209040862181904,144,0.07808861956609318,0.09250400280773294,0.12112823103889818,0.15531922466647452,0.18787794809229502,144,0.00012438772010723903,0.00014338577440904427,0.00020223093588072445,0.0002748309836302021,0.00035942976560906776,144,0.0001253012372829596,0.00014502064147826598,0.00020203182472734678,0.0002755399120944874,0.0003589919701916594,False,1.0,0.8125
baseline,A100,0.0003,0.0003,DenseWeight_0,144,36,404.141105702,30,results/eqprop-conv3-p90-read-noise-20260919-v1/jz/a100-production/task_10/runs/000_conv3_baseline_p90_sigma3em4_seed0_02c1c964,144,0.9999860479558266,0.9999891045579469,0.9999936097557158,0.9999964421581984,0.9999974638827307,144,0.99999856467275,0.9999991450149164,0.9999995356474634,0.9999997720666515,0.9999998038940053,144,0.9999867920012819,0.9999899513359928,0.9999941151316877,0.9999969679879512,0.9999980409834449,144,0.9988454884907998,0.9995421790862598,0.9999527169759306,1.0004884373942173,1.0008835075576021,144,0.002252208140956862,0.002677016760179417,0.003594293808185646,0.0047099886437792,0.005289233543821936,144,4.8318790106194935e-05,4.9692504913035865e-05,6.855097941228624e-05,9.86814094778574e-05,0.00010907189350221674,144,4.830514186902815e-05,4.968684380397032e-05,6.853059469920359e-05,9.866845750352248e-05,0.00010908278922708678,False,1.0,1.0
baseline,A100,0.0005,0.0,ConvWeight_0,36,36,404.141105702,30,results/eqprop-conv3-p90-read-noise-20260919-v1/jz/a100-production/task_11/runs/000_conv3_baseline_p90_sigma5em4_seed0_c5078abf,36,0.9872902548990135,0.9971780811678391,0.999790256373128,0.9999607174603347,0.9999824388708711,36,0.9872902548990135,0.9971780811678391,0.999790256373128,0.9999607174603347,0.9999824388708711,36,0.9999999999999993,0.9999999999999996,1.0,1.0000000000000002,1.0000000000000004,36,0.9345209845434,0.983632218459433,0.9993164728872403,1.0161371857107668,1.1838792700861596,36,0.0070569168973899764,0.010923363136237221,0.02323829112101506,0.07591933087758566,0.2069959683795826,36,3.697733816857143e-05,4.363918418615815e-05,6.910167925110872e-05,0.00017736662247355402,0.00021198508893694934,36,3.590600749716636e-05,4.3902730391494316e-05,6.893168392246466e-05,0.00017495596144792124,0.00020985901147865178,False,1.0,0.9722222222222222
baseline,A100,0.0005,0.0,ConvWeight_1,36,36,404.141105702,30,results/eqprop-conv3-p90-read-noise-20260919-v1/jz/a100-production/task_11/runs/000_conv3_baseline_p90_sigma5em4_seed0_c5078abf,36,0.9908843989456212,0.9980447227028422,0.9996838079000815,0.9998487246687975,0.9999321796988494,36,0.9908843989456212,0.9980447227028422,0.9996838079000815,0.9998487246687975,0.9999321796988494,36,0.9999999999999962,0.9999999999999978,0.9999999999999997,1.0000000000000022,1.000000000000004,36,0.9359994393816603,0.9857722588206994,0.9996651742240894,1.0101053630445664,1.086620098617212,36,0.01166270506927972,0.01741351971620153,0.02519351095120914,0.07013917481617248,0.16526775885750883,36,2.8738591544311322e-05,3.2098930375164595e-05,4.581340281538736e-05,7.674600372959241e-05,9.953230283877489e-05,36,2.8740775385571457e-05,3.20399597384865e-05,4.5609921488131314e-05,7.569741459650252e-05,9.856673258348635e-05,False,1.0,1.0
baseline,A100,0.0005,0.0,ConvWeight_2,36,36,404.141105702,30,results/eqprop-conv3-p90-read-noise-20260919-v1/jz/a100-production/task_11/runs/000_conv3_baseline_p90_sigma5em4_seed0_c5078abf,36,0.99120694345717,0.9952584581482965,0.9985795745383255,0.9994500772460891,0.9996412872811441,36,0.99120694345717,0.9952584581482965,0.9985795745383255,0.9994500772460891,0.9996412872811441,36,0.9999999999999897,0.9999999999999954,0.9999999999999998,1.0000000000000036,1.0000000000000062,36,0.9707589336436769,0.9883032697770815,0.9973487818076892,1.0007199233618869,1.0143287132045131,36,0.02678311531999907,0.033165464009457454,0.053367390789439986,0.09818284659586635,0.13432576624956657,36,0.00011776863102737319,0.00014722239603159204,0.0002030555213167111,0.0002659042007435256,0.0003617039022957044,36,0.00011784964227918705,0.0001469282909552557,0.00020267359689733213,0.00026755885796968904,0.00035959249432792413,False,1.0,1.0
baseline,A100,0.0005,0.0,DenseWeight_0,36,36,404.141105702,30,results/eqprop-conv3-p90-read-noise-20260919-v1/jz/a100-production/task_11/runs/000_conv3_baseline_p90_sigma5em4_seed0_c5078abf,36,0.9999946687152673,0.9999980140966265,0.9999996909991855,0.9999998327286617,0.9999998999504193,36,0.9999946687152673,0.9999980140966265,0.9999996909991855,0.9999998327286617,0.9999998999504193,36,0.9999999999999515,0.9999999999999596,0.9999999999999946,1.000000000000023,1.000000000000044,36,0.998796607910252,0.999707454841892,0.9999948815003501,1.0002466940121555,1.001161592592232,36,0.0004511966441614517,0.0005806406299238057,0.0008099990737089564,0.002146713772634895,0.0033741998807231125,36,4.5754116094838505e-05,5.183189561582407e-05,6.824680219916918e-05,9.268311719789896e-05,0.0001140704517515423,36,4.574900739738086e-05,5.18316488976142e-05,6.821224145726822e-05,9.267634568293508e-05,0.00011405969758913204,False,1.0,1.0
baseline,A100,0.0005,0.0005,ConvWeight_0,144,36,404.141105702,30,results/eqprop-conv3-p90-read-noise-20260919-v1/jz/a100-production/task_11/runs/000_conv3_baseline_p90_sigma5em4_seed0_c5078abf,144,-0.16750036058907988,0.05181874024281238,0.2362149136286748,0.45451763738984086,0.5968825162793273,144,0.9872902548990135,0.9971209769501492,0.999790256373128,0.9999728060711963,0.9999824388708711,144,-0.1701166057439212,0.05358191371162953,0.23446719593903545,0.45445578089493704,0.5967426161012693,144,1.7535094816021295,2.222323808495599,4.878284515513899,8.148076455790767,10.114103833139474,144,1.5231165911766171,2.003600920834786,4.877386206410133,7.985806339049656,10.112347992001618,144,3.697733816857143e-05,4.2894919723093284e-05,6.910167925110872e-05,0.00017963629206721077,0.00021198508893694934,144,0.0003069441937408874,0.0003257707594895124,0.00036276004892984537,0.00041009696400238826,0.00048774986003960013,False,0.0,0.0
baseline,A100,0.0005,0.0005,ConvWeight_1,144,36,404.141105702,30,results/eqprop-conv3-p90-read-noise-20260919-v1/jz/a100-production/task_11/runs/000_conv3_baseline_p90_sigma5em4_seed0_c5078abf,144,0.2641703007760533,0.3311941835322059,0.457897843844667,0.6379563625557045,0.7656938811831621,144,0.9908843989456212,0.9976660730224326,0.9996838079000815,0.999849836264308,0.9999321796988494,144,0.2640189078786347,0.33181597997213863,0.4585214925331581,0.6380551950566715,0.7672832297962962,144,1.2690823553169626,1.544223983055472,2.1725666941781347,2.993790755518837,3.537706387297557,144,0.8840355225690611,1.1955891420019853,1.915771147232971,2.806933960997588,3.3730176721550276,144,2.8738591544311322e-05,3.203362103972986e-05,4.581340281538736e-05,7.689671041397845e-05,9.953230283877489e-05,144,8.871643789704754e-05,9.380682387180726e-05,0.00010210896536385207,0.00011910663690352982,0.0001379421245893806,False,0.0,0.0
baseline,A100,0.0005,0.0005,ConvWeight_2,144,36,404.141105702,30,results/eqprop-conv3-p90-read-noise-20260919-v1/jz/a100-production/task_11/runs/000_conv3_baseline_p90_sigma5em4_seed0_c5078abf,144,0.9634579032984567,0.9772554048759051,0.9859713087621036,0.9913102006953805,0.9948678502775268,144,0.99120694345717,0.9952548127809272,0.9985795745383255,0.9994796683998735,0.9996412872811441,144,0.9640883354954883,0.97933944339196,0.9879439311976423,0.9932153201010904,0.9965967490486453,144,0.9800456829471776,0.9965588645627536,1.0101887210905773,1.0223069315662947,1.04297244738698,144,0.1013635872054703,0.13247647633493373,0.1689732931159758,0.21415551277736442,0.2794126541396386,144,0.00011776863102737319,0.00014447510265980362,0.0002030555213167111,0.00026643475261281535,0.0003617039022957044,144,0.00012095402259652215,0.00014873259463833144,0.00020550390939209624,0.00027164229107280236,0.0003614548090676576,False,1.0,0.22916666666666666
baseline,A100,0.0005,0.0005,DenseWeight_0,144,36,404.141105702,30,results/eqprop-conv3-p90-read-noise-20260919-v1/jz/a100-production/task_11/runs/000_conv3_baseline_p90_sigma5em4_seed0_c5078abf,144,0.9999621309135698,0.9999737589867986,0.9999846293253722,0.9999916512536149,0.9999946852554538,144,0.9999946687152673,0.9999979729651123,0.9999996909991855,0.9999998419948043,0.9999998999504193,144,0.9999625738463823,0.9999736979644032,0.9999853658485065,0.9999925255269281,0.9999952816193699,144,0.9985220215658166,0.9993301108480603,0.9999317313004006,1.0005375135157575,1.0014287096383907,144,0.003294258601250636,0.004093736452191098,0.0055458803921378625,0.007313696517509207,0.008776958045992505,144,4.5754116094838505e-05,5.165224442341461e-05,6.824680219916918e-05,9.43990092992984e-05,0.0001140704517515423,144,4.570025075963842e-05,5.167414792498455e-05,6.823390855229515e-05,9.436822828484773e-05,0.00011409372799594508,False,1.0,1.0
baseline,RTX5090,0.0,0.0,ConvWeight_0,36,36,404.141105702,30,results/eqprop-conv3-p90-read-noise-20260919-v1/local-acceleration/fifi/production/runs/000_conv3_baseline_p90_sigma0_seed0_e6d37398,36,0.9988711874214403,0.9997049068783006,0.9999296062904723,0.9999898526730019,0.9999955842806841,36,0.9988711874214403,0.9997049068783006,0.9999296062904723,0.9999898526730019,0.9999955842806841,36,0.9999999999999992,0.9999999999999997,1.0,1.0000000000000004,1.0000000000000007,36,0.9735097721087522,0.9867722136511725,0.998476995136458,1.0085327064618674,1.0281624114369505,36,0.0031897469560020074,0.004887041596951511,0.015875995894963694,0.032794993159033003,0.049187190970769734,36,2.555678383395235e-05,2.9752311996788914e-05,4.3970173608005366e-05,8.108534226361904e-05,0.00013589227895101976,36,2.5610228027897885e-05,2.9719635008482203e-05,4.407435748547701e-05,8.031615175346955e-05,0.00013533718555229816,False,1.0,1.0
baseline,RTX5090,0.0,0.0,ConvWeight_1,36,36,404.141105702,30,results/eqprop-conv3-p90-read-noise-20260919-v1/local-acceleration/fifi/production/runs/000_conv3_baseline_p90_sigma0_seed0_e6d37398,36,0.9983897524617917,0.9994807844123763,0.9998242905581524,0.999979589458831,0.9999898112598732,36,0.9983897524617917,0.9994807844123763,0.9998242905581524,0.999979589458831,0.9999898112598732,36,0.9999999999999963,0.9999999999999978,0.9999999999999996,1.0000000000000027,1.000000000000003,36,0.9849794681429607,0.9901188521468041,0.998655553905377,1.002725271058948,1.020277610599035,36,0.004676023756530797,0.006473735867604284,0.020027034778212674,0.03507676955225898,0.05814740032884361,36,2.0597994585819833e-05,2.2413383059208072e-05,3.401586844801209e-05,4.843531676581751e-05,8.169804465420127e-05,36,2.0582930958699596e-05,2.242986907880798e-05,3.386503630951326e-05,4.8212681147497325e-05,8.103252068452952e-05,False,1.0,1.0
baseline,RTX5090,0.0,0.0,ConvWeight_2,36,36,404.141105702,30,results/eqprop-conv3-p90-read-noise-20260919-v1/local-acceleration/fifi/production/runs/000_conv3_baseline_p90_sigma0_seed0_e6d37398,36,0.9935077742491665,0.9985707563700191,0.999464902504909,0.9999282865132717,0.9999506797789246,36,0.9935077742491665,0.9985707563700191,0.999464902504909,0.9999282865132717,0.9999506797789246,36,0.9999999999999956,0.9999999999999964,1.0000000000000013,1.0000000000000053,1.0000000000000102,36,0.9899440639567344,0.9946991911143946,0.999023446625346,1.000312669904577,1.0008785071350668,36,0.009938168502845702,0.011989819621921007,0.032729123119825794,0.05345105383336134,0.11382004453308679,36,0.00011310400508694803,0.00012887832419185622,0.00018345236709660346,0.0002542709795551843,0.00032327603934204834,36,0.00011313907873722127,0.00012859462416091975,0.00018318086354524173,0.00025408629263690515,0.00032002519616610445,False,1.0,1.0
baseline,RTX5090,0.0,0.0,DenseWeight_0,36,36,404.141105702,30,results/eqprop-conv3-p90-read-noise-20260919-v1/local-acceleration/fifi/production/runs/000_conv3_baseline_p90_sigma0_seed0_e6d37398,36,0.9999996547575506,0.9999999218580242,0.9999999702688678,0.9999999919149636,0.9999999963167543,36,0.9999996547575506,0.9999999218580242,0.9999999702688678,0.9999999919149636,0.9999999963167543,36,0.9999999999999414,0.9999999999999711,1.000000000000002,1.0000000000000293,1.000000000000037,36,0.9997300681955603,0.9999003259489135,0.9999796804210646,1.000019553382065,1.0000812046314742,36,8.716375218670221e-05,0.00012884042907664885,0.00025150405497873207,0.00042501759839882916,0.000867778012347958,36,4.556204182349238e-05,4.7341338074535305e-05,6.477742434632084e-05,9.024051955624842e-05,0.00010350276856869568,36,4.556205816728971e-05,4.7337802743018756e-05,6.477534216698183e-05,9.023367710609748e-05,0.00010350004122435746,False,1.0,1.0
baseline,RTX5090,3e-05,0.0,ConvWeight_0,36,36,404.141105702,30,results/eqprop-conv3-p90-read-noise-20260919-v1/local-acceleration/fifi/production/runs/000_conv3_baseline_p90_sigma3em5_seed0_a9188a22,36,0.9981413432151426,0.999467568791706,0.9998924850217463,0.9999908347438969,0.9999969957109138,36,0.9981413432151426,0.999467568791706,0.9998924850217463,0.9999908347438969,0.9999969957109138,36,0.9999999999999993,0.9999999999999997,1.0,1.0000000000000004,1.0000000000000007,36,0.956391876436937,0.9871672612462845,1.0003679009559696,1.010662472588287,1.0928357752006648,36,0.003465208662138653,0.005353111056426196,0.016320478193894723,0.03998621793807036,0.1126094774596309,36,2.4939253319568484e-05,3.265444441687326e-05,4.2487050844694044e-05,8.674735373199491e-05,0.00013196409351929635,36,2.4602956535822943e-05,3.273105508295523e-05,4.219611643992903e-05,8.68307733058437e-05,0.00013015899340980712,False,1.0,1.0
baseline,RTX5090,3e-05,0.0,ConvWeight_1,36,36,404.141105702,30,results/eqprop-conv3-p90-read-noise-20260919-v1/local-acceleration/fifi/production/runs/000_conv3_baseline_p90_sigma3em5_seed0_a9188a22,36,0.9955312579343397,0.9989593487773631,0.9998167732786202,0.9999802247996061,0.9999872538846458,36,0.9955312579343397,0.9989593487773631,0.9998167732786202,0.9999802247996061,0.9999872538846458,36,0.9999999999999959,0.9999999999999969,1.0000000000000004,1.0000000000000027,1.0000000000000038,36,0.9800073942635837,0.9944369980735218,1.0006239481516626,1.0063272952667424,1.0478183892387996,36,0.005079383243457611,0.006587952542706827,0.020278598839872795,0.04559562916852264,0.0984517845146425,36,1.979420326760934e-05,2.306381840250195e-05,3.3782179954896656e-05,5.1385911829576454e-05,7.435618821117529e-05,36,1.9807188716021842e-05,2.3043080127204706e-05,3.378510079352446e-05,5.092782236609193e-05,7.349467562839839e-05,False,1.0,1.0
baseline,RTX5090,3e-05,0.0,ConvWeight_2,36,36,404.141105702,30,results/eqprop-conv3-p90-read-noise-20260919-v1/local-acceleration/fifi/production/runs/000_conv3_baseline_p90_sigma3em5_seed0_a9188a22,36,0.994995468429947,0.9983172776342818,0.9994600125958606,0.9998859204162669,0.9999548443939428,36,0.994995468429947,0.9983172776342818,0.9994600125958606,0.9998859204162669,0.9999548443939428,36,0.9999999999999892,0.9999999999999962,1.0000000000000002,1.0000000000000042,1.0000000000000082,36,0.9868223758744865,0.9961267179642848,0.9992931415769146,1.0008438613985513,1.0108364114756798,36,0.009503701028849294,0.015107442773115617,0.03306664723065203,0.05840280030758083,0.09996120461360146,36,0.00011589861849000907,0.00013104568018859045,0.00018465624598789537,0.00025333655918465176,0.0003251154833715762,36,0.00011581781493698967,0.00013099211860768584,0.00018422709128739,0.0002539307556800054,0.00032389598503508734,False,1.0,1.0
baseline,RTX5090,3e-05,0.0,DenseWeight_0,36,36,404.141105702,30,results/eqprop-conv3-p90-read-noise-20260919-v1/local-acceleration/fifi/production/runs/000_conv3_baseline_p90_sigma3em5_seed0_a9188a22,36,0.9999994976269626,0.9999998047840372,0.9999998753843952,0.9999999254550895,0.9999999481429288,36,0.9999994976269626,0.9999998047840372,0.9999998753843952,0.9999999254550895,0.9999999481429288,36,0.9999999999999597,0.9999999999999793,1.0000000000000022,1.000000000000033,1.000000000000066,36,0.999619601226654,0.9998456710137877,1.0000242268544144,1.0001383721484411,1.0005650246189355,36,0.00033780316878539676,0.00039807816308249895,0.0005073423427256639,0.0006819289485801015,0.0010790082553115811,36,4.3944969908874533e-05,4.791782442594262e-05,6.50828390007279e-05,8.84803679534535e-05,0.00010224371259122269,36,4.394212712252622e-05,4.791389824842882e-05,6.508511811330987e-05,8.847359818058134e-05,0.0001022150838632384,False,1.0,1.0
baseline,RTX5090,3e-05,3e-05,ConvWeight_0,144,36,404.141105702,30,results/eqprop-conv3-p90-read-noise-20260919-v1/local-acceleration/fifi/production/runs/000_conv3_baseline_p90_sigma3em5_seed0_a9188a22,144,0.6996857970772079,0.828755848880713,0.8921443657102026,0.973984584206631,0.9888984608007119,144,0.9981413432151426,0.9994004603559777,0.9998924850217463,0.9999924444372834,0.9999969957109138,144,0.7012913215432168,0.8293263989057685,0.8916678599526486,0.9739914181062154,0.9889519935195735,144,0.9673073108168639,1.009120554706854,1.1218908320396985,1.2248509305664748,1.418557952639999,144,0.14954320557285153,0.2360132477422253,0.5136158406481255,0.6719971063065393,0.9236025219967822,144,2.4939253319568484e-05,3.264086773071827e-05,4.2487050844694044e-05,9.688138562846076e-05,0.00013196409351929635,144,3.1922028068885775e-05,3.846590599411899e-05,4.718857129303665e-05,9.802324348085937e-05,0.0001332581545180253,False,0.4513888888888889,0.0
baseline,RTX5090,3e-05,3e-05,ConvWeight_1,144,36,404.141105702,30,results/eqprop-conv3-p90-read-noise-20260919-v1/local-acceleration/fifi/production/runs/000_conv3_baseline_p90_sigma3em5_seed0_a9188a22,144,0.9482431991861225,0.9587363684998551,0.9812237975882949,0.9921067767830895,0.9955525652207613,144,0.9955312579343397,0.998663841026785,0.9998167732786202,0.9999803690986346,0.9999872538846458,144,0.9482005555223191,0.958639167906781,0.9821456434786462,0.9923954452718899,0.9959629043084062,144,0.978345575331407,1.0046438492200704,1.021112408703559,1.0464955215463336,1.074288472498262,144,0.09472627362484078,0.12683565630587434,0.19795107556905023,0.295951679835888,0.33381306859753523,144,1.979420326760934e-05,2.2955193415923315e-05,3.3782179954896656e-05,5.524557913148831e-05,7.435618821117529e-05,144,2.0465552727893523e-05,2.382089650409144e-05,3.440806575766648e-05,5.551933897801222e-05,7.435363456960275e-05,False,1.0,0.18055555555555555
baseline,RTX5090,3e-05,3e-05,ConvWeight_2,144,36,404.141105702,30,results/eqprop-conv3-p90-read-noise-20260919-v1/local-acceleration/fifi/production/runs/000_conv3_baseline_p90_sigma3em5_seed0_a9188a22,144,0.9948932279385252,0.9980580063377544,0.9993938327558325,0.9997359867809514,0.9997968109626626,144,0.994995468429947,0.9981189425223124,0.9994600125958606,0.9998896364496584,0.9999548443939428,144,0.9997252278978138,0.9998092335682793,0.9999036225929887,0.9999477325566756,0.9999715192498262,144,0.9866179850916588,0.9961192119511288,0.999691210364897,1.0011119996183115,1.0112571302464803,144,0.02015780118076171,0.022986702950900485,0.03506366834171181,0.06330008415491649,0.10097835594134125,144,0.00011589861849000907,0.00013058566676836205,0.00018465624598789537,0.0002606692540711901,0.0003251154833715762,144,0.0001158594022122494,0.00013056810008326154,0.0001842476368525468,0.0002592110925762478,0.0003239293361966044,False,1.0,1.0
baseline,RTX5090,3e-05,3e-05,DenseWeight_0,144,36,404.141105702,30,results/eqprop-conv3-p90-read-noise-20260919-v1/local-acceleration/fifi/production/runs/000_conv3_baseline_p90_sigma3em5_seed0_a9188a22,144,0.9999993015202208,0.999999650560428,0.999999795223798,0.9999998819921077,0.9999999135498714,144,0.9999994976269626,0.9999997997072705,0.9999998753843952,0.9999999256612525,0.9999999481429288,144,0.9999998265492266,0.9999998639180478,0.9999999244503892,0.9999999594604417,0.9999999739721526,144,0.999556853790146,0.9998356183388666,1.0000156846760069,1.000148857082711,1.000580235553419,144,0.0004174750662657769,0.0005052036518365734,0.0006484581827479612,0.0008631728731927,0.0011832971271965552,144,4.3944969908874533e-05,4.7884213872421507e-05,6.50828390007279e-05,8.999099854946817e-05,0.00010224371259122269,144,4.393981850125192e-05,4.7879962196522e-05,6.508576505185874e-05,8.999279396109854e-05,0.0001022170690570664,False,1.0,1.0
baseline,RTX5090,0.001,0.0,ConvWeight_0,36,36,404.141105702,30,results/eqprop-conv3-p90-read-noise-1em3-20260920-v1/fifi/production/runs/000_conv3_baseline_p90_sigma1em3_seed0_8fba84f1,36,0.9958462272508357,0.9987652501974731,0.9997529745317361,0.9999609785147543,0.9999746389787728,36,0.9958462272508357,0.9987652501974731,0.9997529745317361,0.9999609785147543,0.9999746389787728,36,0.9999999999999992,0.9999999999999996,1.0,1.0000000000000007,1.000000000000001,36,0.949343037122496,0.9800396754174046,0.9995257347567937,1.018894145714937,1.064849960306829,36,0.009344554088194002,0.01165243872149856,0.025334225540516807,0.06950333014867452,0.0944685038667294,36,5.565516273587216e-05,6.308834091565522e-05,0.00010220401883056088,0.00024504328442132565,0.0002850011999775562,36,5.616047495849821e-05,6.33605340225555e-05,0.00010133210002241994,0.00024242322265487416,0.0002705639047702491,False,1.0,1.0
baseline,RTX5090,0.001,0.0,ConvWeight_1,36,36,404.141105702,30,results/eqprop-conv3-p90-read-noise-1em3-20260920-v1/fifi/production/runs/000_conv3_baseline_p90_sigma1em3_seed0_8fba84f1,36,0.9981839410521244,0.9985532006777036,0.9995444650957339,0.9998603783202589,0.9999205128042716,36,0.9981839410521244,0.9985532006777036,0.9995444650957339,0.9998603783202589,0.9999205128042716,36,0.9999999999999963,0.9999999999999969,0.9999999999999998,1.0000000000000018,1.0000000000000062,36,0.9721653526224091,0.9853703877499763,0.9967332760790486,1.009866729294965,1.0260741392634969,36,0.013924434385888843,0.016965857766862415,0.03122115993824654,0.056698494407476485,0.06398237347955635,36,3.457168765375149e-05,4.2181028472037114e-05,6.019627751359139e-05,9.884445704848674e-05,0.00013052545278428477,36,3.439074802648132e-05,4.205114817941594e-05,6.00614423493827e-05,9.846342001594959e-05,0.00012689232283223382,False,1.0,1.0
baseline,RTX5090,0.001,0.0,ConvWeight_2,36,36,404.141105702,30,results/eqprop-conv3-p90-read-noise-1em3-20260920-v1/fifi/production/runs/000_conv3_baseline_p90_sigma1em3_seed0_8fba84f1,36,0.9938652476303163,0.996286566400622,0.9986767608339188,0.9995080090704559,0.9996685490169699,36,0.9938652476303163,0.996286566400622,0.9986767608339188,0.9995080090704559,0.9996685490169699,36,0.9999999999999897,0.9999999999999956,0.9999999999999998,1.000000000000004,1.0000000000000098,36,0.9836624238330856,0.9887704073736092,0.9968463734900599,1.0004789506977212,1.003315865080813,36,0.02580807426306791,0.03135417928092889,0.051442170726032,0.08628905217374411,0.11062598734569981,36,0.00014512308609258438,0.00017182212524422143,0.00022817581496447113,0.0003156760417762806,0.0004030122590770927,36,0.00014499702302308212,0.00017230727088310665,0.00022720494080165528,0.0003106499860906029,0.0003987117091549976,False,1.0,1.0
baseline,RTX5090,0.001,0.0,DenseWeight_0,36,36,404.141105702,30,results/eqprop-conv3-p90-read-noise-1em3-20260920-v1/fifi/production/runs/000_conv3_baseline_p90_sigma1em3_seed0_8fba84f1,36,0.9999948472435287,0.9999985070474022,0.9999996790372032,0.9999998514435049,0.9999998875104794,36,0.9999948472435287,0.9999985070474022,0.9999996790372032,0.9999998514435049,0.9999998875104794,36,0.9999999999999611,0.9999999999999741,0.9999999999999991,1.0000000000000335,1.000000000000088,36,0.9994604503904113,0.9996864815514203,0.9999735189082783,1.0002373072145048,1.0005008706982215,36,0.0004749850970388465,0.0005488635284519457,0.0008479340023519428,0.001755879665019506,0.0032190669645277064,36,5.4528774512210894e-05,6.092547498287428e-05,7.914991471885425e-05,0.00010779653679724754,0.00012504584378094657,36,5.45286752714458e-05,6.093286394964511e-05,7.915374189339445e-05,0.00010778101721459953,0.00012500021599834467,False,1.0,1.0
baseline,RTX5090,0.001,0.001,ConvWeight_0,144,36,404.141105702,30,results/eqprop-conv3-p90-read-noise-1em3-20260920-v1/fifi/production/runs/000_conv3_baseline_p90_sigma1em3_seed0_8fba84f1,144,-0.08888366174514398,0.033781343083587864,0.17965806339899398,0.33112537817687016,0.47136762609563515,144,0.9958462272508357,0.9987345415913738,0.9997529745317361,0.9999609938452975,0.9999746389787728,144,-0.09008076293099508,0.0326320534891052,0.18369157867363856,0.331715247094474,0.46911022721672635,144,2.466059362849598,3.1870013267917607,6.757534162991964,11.402457447458348,14.426975811407377,144,2.3350006707869015,2.93431795049908,6.749215689697712,11.380811957753924,14.528502948494351,144,5.565516273587216e-05,6.305494225293287e-05,0.00010220401883056088,0.00025317962160817403,0.0002850011999775562,144,0.0005885642833513576,0.000639639613336591,0.0007058554345938089,0.0007729322331382805,0.0009126876418557103,False,0.0,0.0
baseline,RTX5090,0.001,0.001,ConvWeight_1,144,36,404.141105702,30,results/eqprop-conv3-p90-read-noise-1em3-20260920-v1/fifi/production/runs/000_conv3_baseline_p90_sigma1em3_seed0_8fba84f1,144,0.1798701537493745,0.2510723973630601,0.35765165348232697,0.5285362358452017,0.6545165417881083,144,0.9981839410521244,0.9985065954639328,0.9995444650957339,0.9998610200865355,0.9999205128042716,144,0.18101450717991832,0.2509381237136873,0.3592980542576781,0.5291031637981516,0.6532599347908127,144,1.4901630743708631,1.8634540974740166,2.845955543860054,3.9192919797916805,5.084318487957004,144,1.1907547964652294,1.5855880018729467,2.6223731369276906,3.7940268726580437,4.96364604213181,144,3.457168765375149e-05,4.171397248941192e-05,6.019627751359139e-05,0.00010394212700847899,0.00013052545278428477,144,0.0001483642670619387,0.00015955225832938412,0.00017265236542632882,0.0001906734634317055,0.00022555587908846888,False,0.0,0.0
baseline,RTX5090,0.001,0.001,ConvWeight_2,144,36,404.141105702,30,results/eqprop-conv3-p90-read-noise-1em3-20260920-v1/fifi/production/runs/000_conv3_baseline_p90_sigma1em3_seed0_8fba84f1,144,0.9344498509630165,0.9546938399203878,0.971670790707957,0.9833771509910525,0.9873742657951541,144,0.9938652476303163,0.9961207945931354,0.9986767608339188,0.99954102707301,0.9996685490169699,144,0.9356176810559197,0.9554922468558268,0.9742779253027379,0.9855800097852762,0.9921278240835891,144,0.9923651655916845,0.9999533358368727,1.0227158857954928,1.050047353161807,1.0730584446689926,144,0.15871211390282852,0.18221761210479684,0.24154292865785237,0.3112624832013895,0.38027984179765784,144,0.00014512308609258438,0.0001656110747752776,0.00022817581496447113,0.0003326356288918526,0.0004030122590770927,144,0.00015311090529590676,0.00017573960483615304,0.00023376785974602206,0.0003311162794597055,0.00040313927374256573,False,1.0,0.0
baseline,RTX5090,0.001,0.001,DenseWeight_0,144,36,404.141105702,30,results/eqprop-conv3-p90-read-noise-1em3-20260920-v1/fifi/production/runs/000_conv3_baseline_p90_sigma1em3_seed0_8fba84f1,144,0.9999093223054727,0.9999310981515518,0.9999602306681621,0.9999773129660349,0.9999827415212895,144,0.9999948472435287,0.9999984353848357,0.9999996790372032,0.9999998548028917,0.9999998875104794,144,0.9999095462616919,0.9999330295817607,0.9999604271986995,0.9999781735217348,0.9999857187435991,144,0.998207361311202,0.9990603872066084,0.9999396386919267,1.0008712903279602,1.0021936374662812,144,0.0059200869335758926,0.006775059799142828,0.008995182035531424,0.01175144670144884,0.013488799999252602,144,5.4528774512210894e-05,5.995521601251696e-05,7.914991471885425e-05,0.00010873729431238256,0.00012504584378094657,144,5.447819208772037e-05,6.000454137268801e-05,7.919590964594595e-05,0.0001087119764995021,0.00012506413134088132,False,1.0,1.0
baseline,V100,0.0,0.0,ConvWeight_0,36,36,404.141105702,30,results/eqprop-conv3-p90-read-noise-20260919-v1/jz/v100-production/task_0/runs/000_conv3_baseline_p90_sigma0_seed0_2e71b39b,36,0.9984171089180375,0.9994738894242887,0.9999457346205327,0.9999861685977005,0.9999980403192674,36,0.9984171089180375,0.9994738894242887,0.9999457346205327,0.9999861685977005,0.9999980403192674,36,0.9999999999999992,0.9999999999999996,1.0,1.0000000000000002,1.0000000000000004,36,0.9276168090436054,0.9899618457697873,0.9987490220230282,1.0065380364140437,1.0146247464544458,36,0.00198467825996735,0.005762668295215545,0.0137642315310344,0.03447131434994495,0.09042101018047735,36,2.6004959997303785e-05,2.874304293988468e-05,4.021885760499472e-05,7.687917998110046e-05,0.00013455834222436314,36,2.5963650994969694e-05,2.8801120124487815e-05,4.0307267724807756e-05,7.71414667924456e-05,0.00013491895451104102,False,1.0,1.0
baseline,V100,0.0,0.0,ConvWeight_1,36,36,404.141105702,30,results/eqprop-conv3-p90-read-noise-20260919-v1/jz/v100-production/task_0/runs/000_conv3_baseline_p90_sigma0_seed0_2e71b39b,36,0.9951784556899737,0.999390595767975,0.9998543084092981,0.9999606061342305,0.9999933575585632,36,0.9951784556899737,0.999390595767975,0.9998543084092981,0.9999606061342305,0.9999933575585632,36,0.9999999999999961,0.9999999999999974,1.0000000000000002,1.0000000000000029,1.0000000000000042,36,0.9402546773151346,0.9948703102280895,0.9999462346949998,1.0033329583773538,1.0082367492673576,36,0.00365720998359982,0.009214040075663406,0.017114648700168367,0.03530407747765456,0.11241202231739333,36,2.0642542383166503e-05,2.141158872159694e-05,3.215667998339267e-05,4.9264634713688476e-05,7.960036646131664e-05,36,2.074471598931057e-05,2.1414338170501715e-05,3.2207976692740314e-05,4.9153530768121926e-05,7.966155514725967e-05,False,1.0,1.0
baseline,V100,0.0,0.0,ConvWeight_2,36,36,404.141105702,30,results/eqprop-conv3-p90-read-noise-20260919-v1/jz/v100-production/task_0/runs/000_conv3_baseline_p90_sigma0_seed0_2e71b39b,36,0.993257736971292,0.9986133512542424,0.9994505462080814,0.9998705371213303,0.9999744019982676,36,0.993257736971292,0.9986133512542424,0.9994505462080814,0.9998705371213303,0.9999744019982676,36,0.9999999999999915,0.9999999999999963,1.0000000000000009,1.0000000000000049,1.0000000000000069,36,0.9729031404205241,0.9954017013314234,0.999110763353914,1.0006246508493137,1.0025982605652846,36,0.007155784188268487,0.01609139701937833,0.033177950883883006,0.05278982761391821,0.11770037190854563,36,0.00011949224183640359,0.00012860431633153623,0.00017972235597956212,0.00024833855200597817,0.0003212156197212986,36,0.00011939825617548193,0.00012847226728972974,0.0001795769391522941,0.0002449388751123463,0.0003197202533354657,False,1.0,1.0
baseline,V100,0.0,0.0,DenseWeight_0,36,36,404.141105702,30,results/eqprop-conv3-p90-read-noise-20260919-v1/jz/v100-production/task_0/runs/000_conv3_baseline_p90_sigma0_seed0_2e71b39b,36,0.9999996166738682,0.9999999198568097,0.9999999689212797,0.9999999896884159,0.9999999915945149,36,0.9999996166738682,0.9999999198568097,0.9999999689212797,0.9999999896884159,0.9999999915945149,36,0.999999999999938,0.9999999999999638,0.9999999999999998,1.000000000000036,1.0000000000000433,36,0.9995822698084121,0.9999252183878822,0.9999896223352922,1.0000624231314823,1.0001993903088169,36,0.00012997387625093525,0.0001440552398065341,0.0002500357942339968,0.0004037104707227459,0.0009699641625070008,36,4.366593472813262e-05,4.675851397053799e-05,6.384662636640316e-05,9.004970084763904e-05,0.0001026446538423685,36,4.366628768351249e-05,4.675777992680768e-05,6.385263150461305e-05,9.004919705385932e-05,0.00010264022873113996,False,1.0,1.0
baseline,V100,1e-05,0.0,ConvWeight_0,36,36,404.141105702,30,results/eqprop-conv3-p90-read-noise-20260919-v1/jz/v100-production/task_1/runs/000_conv3_baseline_p90_sigma1em5_seed0_2f3a9dc0,36,0.9903680593536472,0.9992398946767642,0.9999018522165893,0.9999890152282521,0.9999944029578576,36,0.9903680593536472,0.9992398946767642,0.9999018522165893,0.9999890152282521,0.9999944029578576,36,0.9999999999999993,0.9999999999999998,1.0,1.0000000000000004,1.0000000000000007,36,0.9435378439661171,0.9921188032696835,1.0011090242761191,1.0230608262928667,1.0853894495358323,36,0.003577921120093188,0.005309957732665162,0.014973565915808777,0.05165526236047914,0.1679290671808975,36,1.5273401685159914e-05,2.4969450973923994e-05,4.2386192720536345e-05,7.404837592039725e-05,0.000107960758103666,36,1.5266160287114323e-05,2.4289948714066742e-05,4.265657496788036e-05,7.472781161658826e-05,0.00011030352511980536,False,1.0,1.0
baseline,V100,1e-05,0.0,ConvWeight_1,36,36,404.141105702,30,results/eqprop-conv3-p90-read-noise-20260919-v1/jz/v100-production/task_1/runs/000_conv3_baseline_p90_sigma1em5_seed0_2f3a9dc0,36,0.9929089957476903,0.9990214611363053,0.9998576945406823,0.999974906733985,0.9999904783790838,36,0.9929089957476903,0.9990214611363053,0.9998576945406823,0.999974906733985,0.9999904783790838,36,0.9999999999999972,0.9999999999999982,0.9999999999999998,1.0000000000000029,1.000000000000004,36,0.984408838726179,0.9934905461939689,1.0000878567029976,1.0100032998832125,1.0279766088531375,36,0.00436401133050391,0.007206132568211992,0.017173623218492903,0.044723897344511446,0.11972940337039605,36,1.7990952677601865e-05,2.0479660545654024e-05,2.952530873187081e-05,4.532613762173232e-05,6.697502641818135e-05,36,1.8119965233373783e-05,2.0476989994110505e-05,2.968603008235696e-05,4.5407055345903e-05,6.706669633460891e-05,False,1.0,1.0
baseline,V100,1e-05,0.0,ConvWeight_2,36,36,404.141105702,30,results/eqprop-conv3-p90-read-noise-20260919-v1/jz/v100-production/task_1/runs/000_conv3_baseline_p90_sigma1em5_seed0_2f3a9dc0,36,0.9935943712057668,0.9974165926608786,0.9994978074830414,0.9998639388183379,0.9999518777481181,36,0.9935943712057668,0.9974165926608786,0.9994978074830414,0.9998639388183379,0.9999518777481181,36,0.9999999999999907,0.9999999999999958,0.9999999999999998,1.0000000000000036,1.0000000000000067,36,0.9885887949966982,0.9958427966274734,0.9992832222816844,1.0013920001673764,1.0081090867142974,36,0.009810319229320689,0.016558326798113032,0.03173015174177541,0.07193081644981003,0.11393376354051378,36,0.00011135460766974612,0.00012459724102364812,0.0001838667491440538,0.00023875296493241848,0.0003207529868411921,36,0.00011135072366293848,0.00012459190875504435,0.00018267399736113937,0.00023873086009745597,0.00032051673208633634,False,1.0,1.0
baseline,V100,1e-05,0.0,DenseWeight_0,36,36,404.141105702,30,results/eqprop-conv3-p90-read-noise-20260919-v1/jz/v100-production/task_1/runs/000_conv3_baseline_p90_sigma1em5_seed0_2f3a9dc0,36,0.9999994309414443,0.9999997886351992,0.9999999373912576,0.999999967053038,0.9999999781824775,36,0.9999994309414443,0.9999997886351992,0.9999999373912576,0.999999967053038,0.9999999781824775,36,0.999999999999962,0.9999999999999734,1.0000000000000049,1.0000000000000298,1.0000000000000393,36,0.9996990300938235,0.999896682010439,0.9999793226324032,1.0001295362469764,1.0003483274938518,36,0.00021166721305754756,0.0002649276075273701,0.0003576818923902463,0.0006844180958160814,0.0011027000740506,36,4.484996624017864e-05,4.6664735505574054e-05,6.380429459936659e-05,8.733101267076553e-05,0.0001050575386888104,36,4.4849449843391416e-05,4.665729291835214e-05,6.379261502408465e-05,8.734240643239793e-05,0.00010506354979639256,False,1.0,1.0
baseline,V100,1e-05,1e-05,ConvWeight_0,144,36,404.141105702,30,results/eqprop-conv3-p90-read-noise-20260919-v1/jz/v100-production/task_1/runs/000_conv3_baseline_p90_sigma1em5_seed0_2f3a9dc0,144,0.8807157050369376,0.9548810129070464,0.9854412402012975,0.9956146087664967,0.9979085999944332,144,0.9903680593536472,0.9990132301649759,0.9999018522165893,0.9999895807511671,0.9999944029578576,144,0.8807554047894086,0.9588710850788306,0.9853766980879262,0.9957061167568927,0.9979565755619744,144,0.9755220794970579,0.988834308488369,1.0165138195978671,1.0599160835089454,1.1790507999820434,144,0.06725391279568449,0.09546446920064833,0.1738717231638901,0.30058882196711184,0.524429211794052,144,1.5273401685159914e-05,2.4953017336835726e-05,4.2386192720536345e-05,7.618554601684959e-05,0.000107960758103666,144,1.5893121029521845e-05,2.4766182398666144e-05,4.3501431100443445e-05,7.681452418182045e-05,0.00011143052855730342,False,0.9722222222222222,0.3194444444444444
baseline,V100,1e-05,1e-05,ConvWeight_1,144,36,404.141105702,30,results/eqprop-conv3-p90-read-noise-20260919-v1/jz/v100-production/task_1/runs/000_conv3_baseline_p90_sigma1em5_seed0_2f3a9dc0,144,0.9838898232330999,0.9930018759853398,0.9968144912541305,0.9987356786577386,0.9990498210219944,144,0.9929089957476903,0.9990140317021713,0.9998576945406823,0.9999779387167763,0.9999904783790838,144,0.9913277133348966,0.9940680422668489,0.9971094702461544,0.9989004016526046,0.9994857591255691,144,0.9818199994358039,0.9946186358863667,1.0031282253760392,1.0148297350269158,1.0324926938657284,144,0.04362515082643564,0.051497205076452765,0.08052937532833084,0.1189599964659042,0.18214421038291703,144,1.7990952677601865e-05,2.0265789286254915e-05,2.952530873187081e-05,4.542190412174839e-05,6.697502641818135e-05,144,1.8174164644596018e-05,2.0421988954721114e-05,2.9725990550182938e-05,4.5505239783172754e-05,6.72665432996473e-05,False,1.0,0.9722222222222222
baseline,V100,1e-05,1e-05,ConvWeight_2,144,36,404.141105702,30,results/eqprop-conv3-p90-read-noise-20260919-v1/jz/v100-production/task_1/runs/000_conv3_baseline_p90_sigma1em5_seed0_2f3a9dc0,144,0.9935736164201693,0.9973883819376377,0.9994822403109453,0.9998573236554562,0.9999251907151349,144,0.9935943712057668,0.9973884643367709,0.9994978074830414,0.9998707447741487,0.9999518777481181,144,0.9999648907979671,0.9999744141995802,0.9999875624813332,0.9999930703079978,0.9999964556146322,144,0.9885397495477748,0.995755971531974,0.9993618853218076,1.00147698465005,1.0082095228106613,144,0.012232134319028238,0.017014737254073604,0.03222302156826166,0.072343992134426,0.11413009467101169,144,0.00011135460766974612,0.00012199969895131513,0.0001838667491440538,0.00023974765964784964,0.0003207529868411921,144,0.00011135854488516535,0.00012199997173838656,0.00018267160036965097,0.0002393479257380402,0.000320536845489315,False,1.0,1.0
baseline,V100,1e-05,1e-05,DenseWeight_0,144,36,404.141105702,30,results/eqprop-conv3-p90-read-noise-20260919-v1/jz/v100-production/task_1/runs/000_conv3_baseline_p90_sigma1em5_seed0_2f3a9dc0,144,0.9999994257058998,0.9999997743444597,0.9999999274831597,0.9999999609704867,0.9999999739270921,144,0.9999994309414443,0.9999997784870819,0.9999999373912576,0.9999999678232203,0.9999999781824775,144,0.9999999796129058,0.9999999830778648,0.9999999910427568,0.9999999953451496,0.999999997005788,144,0.999675072381124,0.9998920035864324,0.9999776385387482,1.0001798851114447,1.0003608625144667,144,0.00023333124319444896,0.00028530425857146774,0.00038690407818808614,0.0006963688492311395,0.0011058092725148175,144,4.484996624017864e-05,4.6518423883691715e-05,6.380429459936659e-05,8.874024755831777e-05,0.0001050575386888104,144,4.484890666155838e-05,4.650800605148259e-05,6.379281809104287e-05,8.875621060763943e-05,0.00010506411565720958,False,1.0,1.0
legacy,A100,0.0,0.0,ConvWeight_0,36,36,4.42250110273,30,results/eqprop-conv3-p90-read-noise-20260919-v1/jz/a100-production/task_3/runs/000_conv3_legacy_p90_sigma0_seed0_f7b6c852,36,0.9489608335723951,0.9963269676399689,0.999761623332684,0.9999792237248688,0.9999860984173544,36,0.9489608335723951,0.9963269676399689,0.999761623332684,0.9999792237248688,0.9999860984173544,36,0.9999999999999993,0.9999999999999996,0.9999999999999998,1.0000000000000004,1.0000000000000004,36,0.9033966553174797,0.9419410260279517,1.003412020046777,1.047889299129419,1.1785126811301185,36,0.007117775354975421,0.009638574322953683,0.03209810589392094,0.1183971954360408,0.3186682141124706,36,0.00010469113079032579,0.00015853276462666563,0.00029340704565129354,0.0006118895984005905,0.000930027726749408,36,0.00010670053292038826,0.00015604156025377744,0.0002864217331402549,0.0006278825689753282,0.000858992473025135,True,1.0,0.9722222222222222
legacy,A100,0.0,0.0,ConvWeight_1,36,36,4.42250110273,30,results/eqprop-conv3-p90-read-noise-20260919-v1/jz/a100-production/task_3/runs/000_conv3_legacy_p90_sigma0_seed0_f7b6c852,36,0.9909889228389978,0.9960095740341051,0.9989680861027759,0.9997413480409447,0.9998400507626417,36,0.9909889228389978,0.9960095740341051,0.9989680861027759,0.9997413480409447,0.9998400507626417,36,0.9999999999999966,0.9999999999999973,0.9999999999999998,1.0000000000000036,1.0000000000000067,36,0.9475305677165005,0.9881410532131238,0.999078550921052,1.0166838848829176,1.056770673197698,36,0.01798004009421185,0.023075180895237954,0.04537202690847208,0.09062354775544512,0.14922531115951412,36,4.349698564584595e-05,5.9141382589800276e-05,9.990776430086562e-05,0.00014795679130695722,0.00024035657798258408,36,4.349209022347372e-05,5.9226338072161816e-05,9.962586369457148e-05,0.00014573532870710263,0.00022774520479023317,True,1.0,1.0
legacy,A100,0.0,0.0,ConvWeight_2,36,36,4.42250110273,30,results/eqprop-conv3-p90-read-noise-20260919-v1/jz/a100-production/task_3/runs/000_conv3_legacy_p90_sigma0_seed0_f7b6c852,36,0.9821331396976567,0.9897048022624144,0.9971091871184371,0.9991882988835361,0.999603243702576,36,0.9821331396976567,0.9897048022624144,0.9971091871184371,0.9991882988835361,0.999603243702576,36,0.9999999999999931,0.9999999999999947,0.9999999999999981,1.0000000000000047,1.000000000000008,36,0.9498927098213683,0.979740459861096,0.9963472642488158,1.0003929704643872,1.01009485414693,36,0.028166572208380862,0.04032372786741957,0.07601653612642457,0.14317475505053096,0.1909291523739513,36,7.514407743114354e-05,8.415101027256847e-05,0.00012784591017125073,0.00017729275142706283,0.00030497256042700616,36,7.500940046782344e-05,8.399767387387935e-05,0.0001263982092337555,0.000176326906053643,0.0002896912118451699,True,1.0,0.8888888888888888
legacy,A100,0.0,0.0,DenseWeight_0,36,36,4.42250110273,30,results/eqprop-conv3-p90-read-noise-20260919-v1/jz/a100-production/task_3/runs/000_conv3_legacy_p90_sigma0_seed0_f7b6c852,36,0.9999607092805797,0.9999903316006846,0.9999993245675372,0.9999999474174774,0.999999984731161,36,0.9999607092805797,0.9999903316006846,0.9999993245675372,0.9999999474174774,0.999999984731161,36,0.9999999999999072,0.9999999999999413,1.0000000000000153,1.000000000000094,1.000000000000145,36,0.9999574385925262,0.9999872309283739,1.0000150096828015,1.0001097329960422,1.0005673968763116,36,0.0001751987852006374,0.00032226215971405706,0.001161868820991468,0.004373482589457466,0.008864530779058665,36,0.0006284518295648655,0.0006633360563993217,0.000960669464198723,0.001294117265737063,0.001835758806743705,36,0.0006284514967218557,0.0006633165836468732,0.0009606749497865241,0.0012941918413933223,0.0018356806742651076,True,1.0,1.0
legacy,A100,0.0001,0.0,ConvWeight_0,36,36,4.42250110273,30,results/eqprop-conv3-p90-read-noise-20260919-v1/jz/a100-production/task_12/runs/000_conv3_legacy_p90_sigma1em4_seed0_bd0dccfd,36,0.904482405272956,0.9527493004679818,0.998581712182832,0.999923281907648,0.9999687802592645,36,0.904482405272956,0.9527493004679818,0.998581712182832,0.999923281907648,0.9999687802592645,36,0.9999999999999991,0.9999999999999996,1.0,1.0000000000000002,1.0000000000000004,36,0.7525421477160352,0.9217265752247494,1.001038678800543,1.1083200673785139,1.367142763706464,36,0.009637210354609366,0.019968663858424527,0.08398714523621326,0.3312946785941244,0.5632568045439384,36,0.00020888592220680698,0.0002819659612277905,0.0007884242482194006,0.0017714934796237182,0.002987679237516504,36,0.00019590012366279874,0.0002895215950442764,0.0008487098954043265,0.0017380169537747903,0.0027578777827086238,True,1.0,0.75
legacy,A100,0.0001,0.0,ConvWeight_1,36,36,4.42250110273,30,results/eqprop-conv3-p90-read-noise-20260919-v1/jz/a100-production/task_12/runs/000_conv3_legacy_p90_sigma1em4_seed0_bd0dccfd,36,0.967773001605759,0.9863404531395501,0.9960505524522643,0.9980539591326463,0.9987980724773161,36,0.967773001605759,0.9863404531395501,0.9960505524522643,0.9980539591326463,0.9987980724773161,36,0.9999999999999963,0.9999999999999982,1.0000000000000004,1.0000000000000024,1.0000000000000036,36,0.8617823749134939,0.9383840115925676,0.983348926633344,1.013592143035623,1.028500980165489,36,0.049271684077287214,0.06252057081402831,0.09668225372498429,0.16557189566127883,0.2732204793012422,36,9.870327961458148e-05,0.0001211651704468512,0.00020517344067542807,0.0002777558706877692,0.0004698038779922085,36,9.845272700844967e-05,0.00011878084491961094,0.00019810015364933115,0.0002616075498835008,0.0004509854890029015,True,1.0,0.6944444444444444
legacy,A100,0.0001,0.0,ConvWeight_2,36,36,4.42250110273,30,results/eqprop-conv3-p90-read-noise-20260919-v1/jz/a100-production/task_12/runs/000_conv3_legacy_p90_sigma1em4_seed0_bd0dccfd,36,0.9100077078996472,0.9475193460168367,0.9838939599758454,0.9932297159943106,0.9954075809107077,36,0.9100077078996472,0.9475193460168367,0.9838939599758454,0.9932297159943106,0.9954075809107077,36,0.999999999999992,0.9999999999999953,0.9999999999999996,1.0000000000000062,1.0000000000000089,36,0.8397012473529734,0.8856926362988522,0.9705864234369492,0.9896980455659445,1.0479057417995121,36,0.09572786989952281,0.11709421731613949,0.18255228934405177,0.33337473032147036,0.41675612592035777,36,0.00010138523664258348,0.00011470987603949147,0.00016599563089471792,0.00026752109009218073,0.00043746295125426986,36,9.961112805777885e-05,0.00011310271991240091,0.00016145824750439522,0.00023718925984998464,0.0003673381858389234,True,1.0,0.3055555555555556
legacy,A100,0.0001,0.0,DenseWeight_0,36,36,4.42250110273,30,results/eqprop-conv3-p90-read-noise-20260919-v1/jz/a100-production/task_12/runs/000_conv3_legacy_p90_sigma1em4_seed0_bd0dccfd,36,0.996775713718712,0.9990825872367328,0.9999079353817014,0.9999874702976361,0.9999957865171891,36,0.996775713718712,0.9990825872367328,0.9999079353817014,0.9999874702976361,0.9999957865171891,36,0.9999999999999261,0.999999999999943,0.9999999999999918,1.0000000000000333,1.0000000000000755,36,0.998905125693589,0.99982107996195,1.0017166086226146,1.0070842726834457,1.0134860912612844,36,0.002903977626573324,0.005094229963433844,0.013584132906092432,0.04294680528900709,0.08031654945456236,36,0.0006991380511655495,0.0007371209447489511,0.00109059427196789,0.001465975267378886,0.0019394716233716882,36,0.0006983725828766941,0.0007412622992800494,0.0010921714521192763,0.0014817179611467414,0.0019400948832651328,True,1.0,1.0
legacy,A100,0.0001,0.0001,ConvWeight_0,144,36,4.42250110273,30,results/eqprop-conv3-p90-read-noise-20260919-v1/jz/a100-production/task_12/runs/000_conv3_legacy_p90_sigma1em4_seed0_bd0dccfd,144,-0.15217766641530883,-0.03806083067227569,0.1368918651727265,0.34368305062331406,0.44909460424630837,144,0.904482405272956,0.947987917323785,0.998581712182832,0.9999360061194862,0.9999687802592645,144,-0.14640132869753805,-0.025420424552614312,0.14567744937565086,0.34149643698251914,0.4479765603517662,144,2.1440129993296506,3.2705521371034414,7.625947296731679,22.31577668378071,29.349033760881685,144,1.996432506818971,3.196512355348887,7.509233325629703,22.285699527189923,29.403324356486205,144,0.00020888592220680698,0.00027703332399388737,0.0007884242482194006,0.0017880898790245468,0.002987679237516504,144,0.00508341385392941,0.005668141697681573,0.006210855215483619,0.006767505591341484,0.008146294004138598,True,0.0,0.0
legacy,A100,0.0001,0.0001,ConvWeight_1,144,36,4.42250110273,30,results/eqprop-conv3-p90-read-noise-20260919-v1/jz/a100-production/task_12/runs/000_conv3_legacy_p90_sigma1em4_seed0_bd0dccfd,144,0.13509012441747767,0.20927040736377156,0.3516925109212855,0.4918831185252529,0.7084368097587527,144,0.967773001605759,0.9860197302150843,0.9960505524522643,0.9980642617592937,0.9987980724773161,144,0.1353619905493176,0.2107034925368729,0.3543308633581938,0.49428156118124394,0.7151588597834065,144,1.3655618076859661,1.9299583717524433,2.8399691675329097,4.440860920525827,5.65697762273473,144,0.9643290670096417,1.6641860951696306,2.6431134117093618,4.321042987925888,5.5371274149729475,144,9.870327961458148e-05,0.00011915015160237293,0.00020517344067542807,0.00027831006592147486,0.0004698038779922085,144,0.00042294564970698806,0.0004817694268117701,0.0005411515724501104,0.0006138547165645627,0.0006996371933555817,True,0.0,0.0
legacy,A100,0.0001,0.0001,ConvWeight_2,144,36,4.42250110273,30,results/eqprop-conv3-p90-read-noise-20260919-v1/jz/a100-production/task_12/runs/000_conv3_legacy_p90_sigma1em4_seed0_bd0dccfd,144,0.9098117361043796,0.9404692677803177,0.983436541199531,0.9933042147130954,0.9947931348909005,144,0.9100077078996472,0.9405077341673828,0.9838939599758454,0.9936857412517401,0.9954075809107077,144,0.9990524614179238,0.9993262957190501,0.9997076649265282,0.9998677261518668,0.9999500917347525,144,0.8396086991817999,0.8804392558563605,0.9708493833121928,0.9929456105165402,1.048354803296676,144,0.10191560452662712,0.11671145605471803,0.1849219767442542,0.3544902865049033,0.4172126107356586,144,0.00010138523664258348,0.00011392727998458652,0.00016599563089471792,0.0002727006568101343,0.00043746295125426986,144,9.971316176643336e-05,0.00011313748755869077,0.00016151016728350523,0.00024008001098502625,0.00036739956171034563,True,1.0,0.3055555555555556
legacy,A100,0.0001,0.0001,DenseWeight_0,144,36,4.42250110273,30,results/eqprop-conv3-p90-read-noise-20260919-v1/jz/a100-production/task_12/runs/000_conv3_legacy_p90_sigma1em4_seed0_bd0dccfd,144,0.9967750309030586,0.9990566646571455,0.9999078538085334,0.9999875325238075,0.9999958059063785,144,0.996775713718712,0.999056348231589,0.9999079353817014,0.9999875183612952,0.9999957865171891,144,0.9999999672294396,0.9999999739630667,0.9999999807280975,0.9999999858683402,0.9999999896923449,144,0.9989009392187461,0.9997375530953073,1.0017134534100238,1.0077357019153068,1.0134919999462102,144,0.0028970862356271195,0.005079527597019411,0.013590650896194104,0.043435703494998,0.08032502649428411,144,0.0006991380511655495,0.0007213825165816742,0.00109059427196789,0.0015294785512258678,0.0019394716233716882,144,0.0006983696559528311,0.0007214834841820276,0.0010921728125615742,0.001550100738570891,0.0019400950984435545,True,1.0,1.0
legacy,A100,0.0003,0.0,ConvWeight_0,36,36,4.42250110273,30,results/eqprop-conv3-p90-read-noise-20260919-v1/jz/a100-production/task_13/runs/000_conv3_legacy_p90_sigma3em4_seed0_c337c160,36,-0.8756905682570812,-0.4232011666841824,0.6196090978608991,0.9311742998911074,0.9851891504410982,36,-0.8756905682570812,-0.4232011666841824,0.6196090978608991,0.9311742998911074,0.9851891504410982,36,0.9999999999999992,0.9999999999999996,1.0,1.0000000000000002,1.0000000000000007,36,0.23950504181777788,0.4325313387675802,1.1243421208174977,2.2727697041585344,4.242572163074922,36,0.32204780483915585,0.4836604860351462,1.2123523518038168,2.3733400497242423,4.143370994748327,36,0.00035195701158687926,0.0005998721177257498,0.0011011684358176294,0.0018951561217857458,0.004162837478287582,36,0.00036075168948817335,0.0006346259144426895,0.0011378436335028222,0.002999536240766454,0.0034165762690361026,True,0.19444444444444445,0.0
legacy,A100,0.0003,0.0,ConvWeight_1,36,36,4.42250110273,30,results/eqprop-conv3-p90-read-noise-20260919-v1/jz/a100-production/task_13/runs/000_conv3_legacy_p90_sigma3em4_seed0_c337c160,36,0.1917233586624366,0.42575730244637483,0.6663077470064865,0.86703376692743,0.9404681376555867,36,0.1917233586624366,0.42575730244637483,0.6663077470064865,0.86703376692743,0.9404681376555867,36,0.9999999999999969,0.9999999999999976,1.0,1.0000000000000022,1.0000000000000033,36,0.8551507664159473,0.9066456515592402,1.3080992914781695,1.9698477402680816,3.796828066322733,36,0.3402916564436785,0.5914781969446938,0.96769744661787,1.681037763036585,3.736311296845811,36,0.00020127620565094632,0.0002565694536261385,0.0003543758047149237,0.0004869014115471682,0.0007020867454330413,36,0.00023268804209344046,0.0003193661463036442,0.00046194152776892297,0.0009172897953000224,0.0012491652607800204,True,0.027777777777777776,0.0
legacy,A100,0.0003,0.0,ConvWeight_2,36,36,4.42250110273,30,results/eqprop-conv3-p90-read-noise-20260919-v1/jz/a100-production/task_13/runs/000_conv3_legacy_p90_sigma3em4_seed0_c337c160,36,0.0024469027259838684,0.014256048310147125,0.05357378785726455,0.1958745799748444,0.23108735423376392,36,0.0024469027259838684,0.014256048310147125,0.05357378785726455,0.1958745799748444,0.23108735423376392,36,0.9999999999999943,0.9999999999999983,1.0000000000000004,1.0000000000000022,1.0000000000000062,36,2.9990214621550977,3.2792610668911397,10.014363443772552,35.74567737529867,147.4577869332124,36,2.9734060160821953,3.2760491051151392,9.990639610694508,35.73913547053713,147.45873082838764,36,0.0014403319725655895,0.0020940467209570037,0.0032579340251924554,0.004199239795540422,0.007236032121332934,36,0.005884489571625811,0.010771233444043769,0.033103093527134184,0.1118916981732371,0.35501204352227045,True,0.0,0.0
legacy,A100,0.0003,0.0,DenseWeight_0,36,36,4.42250110273,30,results/eqprop-conv3-p90-read-noise-20260919-v1/jz/a100-production/task_13/runs/000_conv3_legacy_p90_sigma3em4_seed0_c337c160,36,0.007570124109078511,0.0396087026940017,0.09767662616941715,0.6294873685744647,0.8520867559839257,36,0.007570124109078511,0.0396087026940017,0.09767662616941715,0.6294873685744647,0.8520867559839257,36,0.9999999999995381,0.999999999999724,0.9999999999999217,1.0000000000001008,1.0000000000002176,36,1.198931592122766,1.718928292278639,10.932194155532343,37.02665767912485,100.26705595458228,36,0.6278929053853067,1.3377768442462123,10.88153107514659,36.99785247209542,100.24869278189111,36,0.01042141477565711,0.012661281665350093,0.016830525873202155,0.024854024609328233,0.027156826955190217,36,0.015533869984597798,0.02514201108676391,0.19344786310534956,0.7863726233622529,2.5754333981986384,True,0.0,0.0
legacy,A100,0.0003,0.0003,ConvWeight_0,144,36,4.42250110273,30,results/eqprop-conv3-p90-read-noise-20260919-v1/jz/a100-production/task_13/runs/000_conv3_legacy_p90_sigma3em4_seed0_c337c160,144,-0.27717271648712366,-0.0946208825744629,0.020100242370849543,0.19854912798371965,0.3840905053689868,144,-0.8756905682570812,-0.47536866640745007,0.6196090978608991,0.9326804586383797,0.9851891504410982,144,-0.209120398228183,-0.07033598863244453,0.07750034560725622,0.216392956194667,0.35905868449740314,144,4.258192535296949,9.202231233942788,16.999012869818014,30.447357388458148,63.178132478416046,144,4.2304589893151725,9.192091165915766,16.95762444771273,30.519304062142183,63.31262662320331,144,0.00035195701158687926,0.0005881717097435839,0.0011011684358176294,0.0018984809198803487,0.004162837478287582,144,0.015347729695199883,0.016810993510739523,0.018425226603907312,0.02033883427547937,0.02405039416611385,True,0.0,0.0
legacy,A100,0.0003,0.0003,ConvWeight_1,144,36,4.42250110273,30,results/eqprop-conv3-p90-read-noise-20260919-v1/jz/a100-production/task_13/runs/000_conv3_legacy_p90_sigma3em4_seed0_c337c160,144,-0.040334663092251775,0.07956836141466646,0.1674132688119361,0.26230745178014103,0.34578313304592256,144,0.1917233586624366,0.4082923203380998,0.6663077470064865,0.8677130572901087,0.9404681376555867,144,0.07333204731802331,0.139158564296608,0.23120521322390306,0.4471087962406895,0.6330948730360936,144,2.6379162993123932,3.990502566069496,5.546695977495208,8.017249493262364,10.946119316943275,144,2.4903384539591564,3.86503326476781,5.489478195742258,8.010672708150764,10.922322478837085,144,0.00020127620565094632,0.00025126204323503603,0.0003543758047149237,0.0004907434012441125,0.0007020867454330413,144,0.0015483857953039568,0.001726719245458503,0.0019790559433191593,0.002245173321084726,0.0026083121349245605,True,0.0,0.0
legacy,A100,0.0003,0.0003,ConvWeight_2,144,36,4.42250110273,30,results/eqprop-conv3-p90-read-noise-20260919-v1/jz/a100-production/task_13/runs/000_conv3_legacy_p90_sigma3em4_seed0_c337c160,144,0.002443590767376792,0.01196151939949365,0.05356630957703061,0.19946499353996525,0.23110109524901182,144,0.0024469027259838684,0.011959949008799986,0.05357378785726455,0.19952206045361393,0.23108735423376392,144,0.9999045913885802,0.9999916405303663,0.99999951496116,0.9999999692283649,0.9999999974923575,144,2.998956046766263,3.181290295988406,10.01459233036135,40.02536123615228,147.45813548997077,144,2.973335363844382,3.1658721531925593,9.990862008941507,40.02589337165794,147.4590774578475,144,0.0014403319725655895,0.002039470301969322,0.0032579340251924554,0.004350879674746737,0.007236032121332934,144,0.00588342946211803,0.010726295087230133,0.033103787094291584,0.13618253954630755,0.3550128826902089,True,0.0,0.0
legacy,A100,0.0003,0.0003,DenseWeight_0,144,36,4.42250110273,30,results/eqprop-conv3-p90-read-noise-20260919-v1/jz/a100-production/task_13/runs/000_conv3_legacy_p90_sigma3em4_seed0_c337c160,144,0.007570119031946877,0.03757548311951887,0.09767632719594369,0.6548388451317444,0.8521154874149636,144,0.007570124109078511,0.037575329507403825,0.09767662616941715,0.6548383076566993,0.8520867559839257,144,0.9999999653854977,0.9999999882268127,0.9999999997558736,0.9999999999703896,0.9999999999940445,144,1.1988897520603352,1.706555626374769,10.932218920273222,39.29791539138715,100.26717367499187,144,0.6278149303162172,1.3152815550454047,10.881556002261016,39.27305534461226,100.24881051672358,144,0.01042141477565711,0.012366136052731527,0.016830525873202155,0.024887917136140747,0.027156826955190217,144,0.015533327886871609,0.023531694616896377,0.19344812995936894,0.9438435475526752,2.5754364219343175,True,0.0,0.0
legacy,A100,0.0005,0.0,ConvWeight_0,36,36,4.42250110273,30,results/eqprop-conv3-p90-read-noise-20260919-v1/jz/a100-production/task_14/runs/000_conv3_legacy_p90_sigma5em4_seed0_8499672a,36,-0.9390162393781716,-0.8326754598146208,-0.16529628894867876,0.8261084422516486,0.9457788324463702,36,-0.9390162393781716,-0.8326754598146208,-0.16529628894867876,0.8261084422516486,0.9457788324463702,36,0.9999999999999993,0.9999999999999994,1.0,1.0000000000000002,1.0000000000000004,36,0.3375657134228943,1.088923300797713,3.144304823323865,9.02351749877787,12.29273734283574,36,0.42387217168918606,1.4237665534707862,3.2760927250600824,8.767361262835937,12.085159749969305,36,0.0006048484812347511,0.0006932906207196394,0.0017290898421378795,0.0033502963942678944,0.004750731681420141,36,0.0009631797141453058,0.002063314845831329,0.00605787039255574,0.010134233897385467,0.01339383132571208,True,0.08333333333333333,0.0
legacy,A100,0.0005,0.0,ConvWeight_1,36,36,4.42250110273,30,results/eqprop-conv3-p90-read-noise-20260919-v1/jz/a100-production/task_14/runs/000_conv3_legacy_p90_sigma5em4_seed0_8499672a,36,-0.21281613307374386,-0.07071288387017746,0.17104506577173417,0.5303352573106539,0.7430544007754553,36,-0.21281613307374386,-0.07071288387017746,0.17104506577173417,0.5303352573106539,0.7430544007754553,36,0.9999999999999941,0.9999999999999976,1.0,1.0000000000000027,1.0000000000000073,36,0.9818878028564427,1.4153370818017934,2.6327873534180894,5.532596798699849,7.341322008650952,36,0.8744934438568032,1.4932061791265392,2.756455337116456,5.553305043537598,7.463359745962893,36,0.00028587530049207707,0.0003649619873009742,0.0005834512895578791,0.0008156890917957652,0.0011655953227287966,36,0.0005239313295226438,0.0006903185614364055,0.0017489674236939594,0.002835785206405401,0.006069284929101942,True,0.0,0.0
legacy,A100,0.0005,0.0,ConvWeight_2,36,36,4.42250110273,30,results/eqprop-conv3-p90-read-noise-20260919-v1/jz/a100-production/task_14/runs/000_conv3_legacy_p90_sigma5em4_seed0_8499672a,36,-0.06977955572091593,-0.028377530773781127,-0.0031316461274155404,0.034587376683170606,0.11239586928437194,36,-0.06977955572091593,-0.028377530773781127,-0.0031316461274155404,0.034587376683170606,0.11239586928437194,36,0.9999999999999835,0.9999999999999971,1.0000000000000253,1.0000000000000617,1.000000000000188,36,14.29745352670476,27.999304396293063,128.30701387991297,307.47914577289487,1326.5887618733902,36,14.327657724337058,28.072215254056857,128.31837419416286,307.4814909573323,1326.5914533295795,36,0.0046749280540588625,0.0064807060344326374,0.009655451360387826,0.01574145188559706,0.024661935688871428,36,0.09670792643270053,0.21934316984273025,1.508695502531113,3.444790827156524,12.554896130419985,True,0.0,0.0
legacy,A100,0.0005,0.0,DenseWeight_0,36,36,4.42250110273,30,results/eqprop-conv3-p90-read-noise-20260919-v1/jz/a100-production/task_14/runs/000_conv3_legacy_p90_sigma5em4_seed0_8499672a,36,-0.046259935649603484,0.012949942984125891,0.0828454467682109,0.1354382644913935,0.1551263857958823,36,-0.046259935649603484,0.012949942984125891,0.0828454467682109,0.1354382644913935,0.1551263857958823,36,0.9999999999994443,0.9999999999996121,0.9999999999999472,1.0000000000003064,1.000000000000421,36,11.372475525719619,15.852900889131815,74.02194995453245,189.69527954678796,578.5661894954378,36,11.301420602760471,15.79525463650937,73.93724510717492,189.58981471188548,578.5373596501772,36,0.014224844218493559,0.02061009367807974,0.028439286233009245,0.03695707686844517,0.05594669425604263,36,0.19240153016634975,0.32362799656369734,2.3387449334048522,5.151071903784507,32.368865710584885,True,0.0,0.0
legacy,A100,0.0005,0.0005,ConvWeight_0,144,36,4.42250110273,30,results/eqprop-conv3-p90-read-noise-20260919-v1/jz/a100-production/task_14/runs/000_conv3_legacy_p90_sigma5em4_seed0_8499672a,144,-0.45303919432817297,-0.2124304717191717,0.0014406471718436237,0.2166889500803612,0.40228207152861556,144,-0.9390162393781716,-0.8674914461796963,-0.16529628894867876,0.8827043187398682,0.9457788324463702,144,-0.09395756409597274,0.02383700761751124,0.18875643532049705,0.3477950150095919,0.4833902711147281,144,6.365927355220717,8.834502862202068,18.43271957318144,44.65054695389305,58.06212104406383,144,6.22527862866408,8.80164157853976,18.619236558305126,44.68750575781432,57.92664002186462,144,0.0006048484812347511,0.0006753504957943031,0.0017290898421378795,0.0036622481084359546,0.004750731681420141,144,0.025499908685713262,0.028371104897748353,0.0312724740379965,0.03439641226961345,0.04109637486118418,True,0.0,0.0
legacy,A100,0.0005,0.0005,ConvWeight_1,144,36,4.42250110273,30,results/eqprop-conv3-p90-read-noise-20260919-v1/jz/a100-production/task_14/runs/000_conv3_legacy_p90_sigma5em4_seed0_8499672a,144,-0.17769933965656468,-0.04541254860853321,0.083345945200698,0.18473799219669013,0.5271523034316977,144,-0.21281613307374386,-0.08648131345774138,0.17104506577173417,0.5439085408400035,0.7430544007754553,144,0.11858370908894275,0.22382809072438944,0.4984340070685075,0.6670816762191748,0.9027709819745173,144,3.393531609201843,4.280789257537706,6.455284746817388,9.466828297131489,13.94229260579298,144,3.0124846843814534,4.303715494595076,6.497463270217731,9.413987301649382,13.94286156229177,144,0.00028587530049207707,0.00036382545047094236,0.0005834512895578791,0.0008267291534072403,0.0011655953227287966,144,0.002598122609039673,0.002943723331718305,0.0036200566916411883,0.004423786389582177,0.006813142997628407,True,0.0,0.0
legacy,A100,0.0005,0.0005,ConvWeight_2,144,36,4.42250110273,30,results/eqprop-conv3-p90-read-noise-20260919-v1/jz/a100-production/task_14/runs/000_conv3_legacy_p90_sigma5em4_seed0_8499672a,144,-0.06978512059471094,-0.03305698244540497,-0.003131426405088157,0.04867060527250468,0.11239885351079322,144,-0.06977955572091593,-0.03306833304506951,-0.0031316461274155404,0.04867291754170282,0.11239586928437194,144,0.9999995756777345,0.9999999213912786,0.9999999987058759,0.999999999784288,0.999999999986689,144,14.297373434217391,27.25601551108298,128.3070332498604,343.2334431118532,1326.5892900460772,144,14.327597543710219,27.315661624522424,128.3183921318069,343.22753275156185,1326.5919817476338,144,0.0046749280540588625,0.006385430567374155,0.009655451360387826,0.01576658935516894,0.024661935688871428,144,0.0967053048844736,0.19429077677431364,1.508695390060014,3.655158981200173,12.554901129070219,True,0.0,0.0
legacy,A100,0.0005,0.0005,DenseWeight_0,144,36,4.42250110273,30,results/eqprop-conv3-p90-read-noise-20260919-v1/jz/a100-production/task_14/runs/000_conv3_legacy_p90_sigma5em4_seed0_8499672a,144,-0.04626001054056855,0.0010889859112949562,0.0828454428691709,0.13622186520784946,0.15512641181518982,144,-0.046259935649603484,0.0010888682454679524,0.0828454467682109,0.13622187087900603,0.1551263857958823,144,0.9999999995388148,0.9999999997401575,0.9999999999862251,0.9999999999977521,0.9999999999998088,144,11.372445098780423,14.91773788524167,74.02194536541947,197.8670008063268,578.5661855794742,144,11.301390276644904,14.867018027259986,73.93724054633257,197.78958764660769,578.5373557337322,144,0.014224844218493559,0.020370795525782387,0.028439286233009245,0.039400361008589756,0.05594669425604263,144,0.19240149320435102,0.3147707519900863,2.338744256339236,5.782793300412462,32.36886549149967,True,0.0,0.0
legacy,RTX5090,0.0,0.0,ConvWeight_0,36,36,4.42250110273,30,results/eqprop-conv3-p90-read-noise-20260919-v1/local-acceleration/riri/production/runs/000_conv3_legacy_p90_sigma0_seed0_085d27dc,36,0.9928269083986657,0.9987407546707,0.9998189950722194,0.9999661699368474,0.9999934034570668,36,0.9928269083986657,0.9987407546707,0.9998189950722194,0.9999661699368474,0.9999934034570668,36,0.9999999999999996,0.9999999999999998,1.0,1.0000000000000004,1.0000000000000007,36,0.8570483290973971,0.9485282773828234,0.9909454395494994,1.017561764058025,1.041517316535288,36,0.005235077636771754,0.011723437418885721,0.030427905430740962,0.08899149710076476,0.18091587148898416,36,0.00011839531979807887,0.00017801194932082142,0.0003546993655661728,0.000566785175241978,0.0009801821239198531,36,0.00011748489679657473,0.00017698797881101009,0.0003433968007905455,0.000559954806006486,0.0009571398954605398,True,1.0,1.0
legacy,RTX5090,0.0,0.0,ConvWeight_1,36,36,4.42250110273,30,results/eqprop-conv3-p90-read-noise-20260919-v1/local-acceleration/riri/production/runs/000_conv3_legacy_p90_sigma0_seed0_085d27dc,36,0.992986086767963,0.9966608500106908,0.9991643005074342,0.9996812115645489,0.9999096983035226,36,0.992986086767963,0.9966608500106908,0.9991643005074342,0.9996812115645489,0.9999096983035226,36,0.9999999999999941,0.9999999999999971,1.0000000000000002,1.0000000000000022,1.0000000000000033,36,0.9402262273909366,0.9800499565085492,0.9952070919506386,1.0090017419576471,1.017391310833545,36,0.013641013574263486,0.02546062176437888,0.04252192373833978,0.08410575218160354,0.125786543520033,36,4.5074577203829115e-05,6.130732499175814e-05,9.306418431386407e-05,0.000150882571419064,0.0002477098387524174,36,4.4860129352299204e-05,6.116502722971488e-05,9.369144130034834e-05,0.0001481903234868085,0.0002387555849915854,True,1.0,1.0
legacy,RTX5090,0.0,0.0,ConvWeight_2,36,36,4.42250110273,30,results/eqprop-conv3-p90-read-noise-20260919-v1/local-acceleration/riri/production/runs/000_conv3_legacy_p90_sigma0_seed0_085d27dc,36,0.9856558262719278,0.9895335433411357,0.9975138573313762,0.9991875554861392,0.9996851953647361,36,0.9856558262719278,0.9895335433411357,0.9975138573313762,0.9991875554861392,0.9996851953647361,36,0.9999999999999927,0.9999999999999942,1.0000000000000009,1.0000000000000053,1.0000000000000082,36,0.9592199674587762,0.9858188770123495,0.9960196942305507,0.9988849019917774,1.0142800126993503,36,0.025156071740832897,0.040313952040878745,0.07072280482912835,0.145566080775491,0.16905260332673666,36,7.174299936822853e-05,8.426275501093596e-05,0.00012681382400083442,0.00017605743333755835,0.00029962606902689585,36,7.158815959562901e-05,8.405990046193282e-05,0.00012631858034289675,0.00017510361781892614,0.0002923895445178566,True,1.0,0.8888888888888888
legacy,RTX5090,0.0,0.0,DenseWeight_0,36,36,4.42250110273,30,results/eqprop-conv3-p90-read-noise-20260919-v1/local-acceleration/riri/production/runs/000_conv3_legacy_p90_sigma0_seed0_085d27dc,36,0.9999597018223563,0.9999878039642878,0.9999994079034853,0.9999999314884177,0.9999999801077338,36,0.9999597018223563,0.9999878039642878,0.9999994079034853,0.9999999314884177,0.9999999801077338,36,0.9999999999998869,0.9999999999999167,0.9999999999999986,1.0000000000000713,1.000000000000101,36,0.9998545481730563,0.9999887948292184,1.000019437839921,1.0001356506941963,1.000369515382868,36,0.00019946853064986043,0.00037016965323999384,0.0010871284756284914,0.004943085167476481,0.008986805796837081,36,0.0006084742123365995,0.0006586233528228082,0.0009158806621971645,0.0012349702453158741,0.0018892237986787492,36,0.0006084644296597378,0.0006586258274598501,0.0009159438123687718,0.0012351715657795705,0.0018892769251526444,True,1.0,1.0
legacy,RTX5090,3e-05,0.0,ConvWeight_0,36,36,4.42250110273,30,results/eqprop-conv3-p90-read-noise-20260919-v1/local-acceleration/riri/production/runs/000_conv3_legacy_p90_sigma3em5_seed0_3229d6ee,36,0.9778393997467628,0.9952220746474971,0.9994470890368987,0.9999148604474705,0.9999725692700695,36,0.9778393997467628,0.9952220746474971,0.9994470890368987,0.9999148604474705,0.9999725692700695,36,0.9999999999999994,0.9999999999999998,1.0,1.0000000000000004,1.0000000000000004,36,0.847345686795852,0.9208493038329253,0.9937248633328823,1.0405382736368511,1.150693531427403,36,0.008992223975112939,0.015453284343254369,0.043014028261566944,0.15694611489952728,0.21830617403056846,36,0.00011369985689148459,0.0001922432038964966,0.00048746132608300534,0.0009344328636491892,0.001784224623243001,36,0.00011051708321937749,0.0001927481711860192,0.0004964299766766171,0.0009553725623990962,0.0017063669394190972,True,1.0,0.9444444444444444
legacy,RTX5090,3e-05,0.0,ConvWeight_1,36,36,4.42250110273,30,results/eqprop-conv3-p90-read-noise-20260919-v1/local-acceleration/riri/production/runs/000_conv3_legacy_p90_sigma3em5_seed0_3229d6ee,36,0.9895805762430298,0.9947605007130771,0.9979612915374912,0.9993351098140258,0.9995989329861411,36,0.9895805762430298,0.9947605007130771,0.9979612915374912,0.9993351098140258,0.9995989329861411,36,0.9999999999999968,0.9999999999999982,0.9999999999999999,1.0000000000000027,1.0000000000000044,36,0.926242716736377,0.9713662507253877,0.9999310588482466,1.0087613481092375,1.0409048384904809,36,0.028483598164637244,0.03678008651201903,0.06409618912109526,0.1023634398907683,0.14435024906600316,36,5.7775953191501385e-05,7.309847439415976e-05,0.00011659806663781168,0.00019434491725409987,0.0003014049743429214,36,5.8063969088205065e-05,7.32763605956694e-05,0.00011579061178025062,0.00018686563600786015,0.0002986021354621928,True,1.0,0.9722222222222222
legacy,RTX5090,3e-05,0.0,ConvWeight_2,36,36,4.42250110273,30,results/eqprop-conv3-p90-read-noise-20260919-v1/local-acceleration/riri/production/runs/000_conv3_legacy_p90_sigma3em5_seed0_3229d6ee,36,0.9802471462612405,0.9873396524203044,0.9931846016841983,0.9979113881645771,0.9984106351888342,36,0.9802471462612405,0.9873396524203044,0.9931846016841983,0.9979113881645771,0.9984106351888342,36,0.9999999999999931,0.9999999999999953,0.9999999999999993,1.0000000000000033,1.0000000000000078,36,0.9468734197877174,0.9666749231404359,0.9909609248759053,0.9991595262209731,1.0005299959211273,36,0.05636073084943025,0.06453076243852375,0.11709680523359028,0.15887469673959415,0.19878153515462846,36,7.539882663768972e-05,9.00209850419734e-05,0.00014055708180871657,0.00018822867385595365,0.0003049715805972383,36,7.543878770826548e-05,8.946971352080701e-05,0.00013995512037949322,0.00018621719322407102,0.0002928590294038403,True,1.0,0.8333333333333334
legacy,RTX5090,3e-05,0.0,DenseWeight_0,36,36,4.42250110273,30,results/eqprop-conv3-p90-read-noise-20260919-v1/local-acceleration/riri/production/runs/000_conv3_legacy_p90_sigma3em5_seed0_3229d6ee,36,0.999868383220613,0.9999598865182461,0.9999940797568745,0.9999994760286118,0.9999997110528286,36,0.999868383220613,0.9999598865182461,0.9999940797568745,0.9999994760286118,0.9999997110528286,36,0.9999999999998989,0.9999999999999534,1.0000000000000002,1.000000000000054,1.000000000000134,36,0.9994214220393766,0.9999958985950466,1.00014662359082,1.0006112116119112,1.0012670620341046,36,0.0007603798009463979,0.0010325690193490607,0.003439063956466269,0.00893413441604914,0.0162243785475146,36,0.0006353459370997559,0.0006800982628142404,0.0009756008630655893,0.001284218287397226,0.0017872136365602077,36,0.0006353787459623844,0.0006801663214741165,0.0009756168032759084,0.001285174565390949,0.001787191556066325,True,1.0,1.0
legacy,RTX5090,3e-05,3e-05,ConvWeight_0,144,36,4.42250110273,30,results/eqprop-conv3-p90-read-noise-20260919-v1/local-acceleration/riri/production/runs/000_conv3_legacy_p90_sigma3em5_seed0_3229d6ee,144,-0.0739400214817608,0.06546119745973318,0.2539281439478537,0.515606059205497,0.7581648762068209,144,0.9778393997467628,0.995204632433659,0.9994470890368987,0.9999160634598601,0.9999725692700695,144,-0.08505255970747962,0.06258229646296407,0.2525569481694597,0.5122192476487677,0.7583045763451046,144,1.2473164257533598,2.1214003284963083,3.8822377149182588,9.82978231368885,17.772214868166714,144,0.9464176538328966,1.898263830558869,3.6724820137931316,9.740606160479391,17.855951561589066,144,0.00011369985689148459,0.0001887287849726563,0.00048746132608300534,0.0009530561817905791,0.001784224623243001,144,0.0015322429545225598,0.0017436765399355021,0.0019336030759252334,0.0021889420369876986,0.0028630136707152847,True,0.0,0.0
legacy,RTX5090,3e-05,3e-05,ConvWeight_1,144,36,4.42250110273,30,results/eqprop-conv3-p90-read-noise-20260919-v1/local-acceleration/riri/production/runs/000_conv3_legacy_p90_sigma3em5_seed0_3229d6ee,144,0.29071395078215695,0.4015163768743595,0.5947665603636962,0.7805754510931514,0.8985441122644195,144,0.9895805762430298,0.994473879632026,0.9979612915374912,0.9993399654225437,0.9995989329861411,144,0.2888406577547958,0.4012929136396489,0.600526895546399,0.7824191924834198,0.904100433145971,144,1.0951012984943485,1.2688922894072938,1.6616994066932826,2.423114866326463,3.176699078570815,144,0.4990021342551566,0.8015232000090081,1.3091096195479586,2.2362822164634792,2.977741952757477,144,5.7775953191501385e-05,7.273794352728822e-05,0.00011659806663781168,0.00019968061829264393,0.0003014049743429214,144,0.00015549931085025344,0.0001721298728327952,0.00020059198261595433,0.0002522640532670314,0.0003454227227505971,True,0.0,0.0
legacy,RTX5090,3e-05,3e-05,ConvWeight_2,144,36,4.42250110273,30,results/eqprop-conv3-p90-read-noise-20260919-v1/local-acceleration/riri/production/runs/000_conv3_legacy_p90_sigma3em5_seed0_3229d6ee,144,0.9802256429607921,0.9861530224391941,0.9931030715320202,0.9979955461326436,0.9983062353105818,144,0.9802471462612405,0.9861716979241377,0.9931846016841983,0.9981219513233958,0.9984106351888342,144,0.9997311295367928,0.999820861854772,0.999931516120056,0.999963650188986,0.9999864348957732,144,0.9467882150508591,0.9640317405383075,0.9910658135599906,0.9995728135793253,1.000967802941075,144,0.05817827035949183,0.06331543442163055,0.11773492108382193,0.1666758434445614,0.19888452594289177,144,7.539882663768972e-05,8.637519521905327e-05,0.00014055708180871657,0.00019042998742370716,0.0003049715805972383,144,7.543377105961802e-05,8.600205036451079e-05,0.00013996788962092164,0.0001882000442481772,0.0002928686528662852,True,1.0,0.8333333333333334
legacy,RTX5090,3e-05,3e-05,DenseWeight_0,144,36,4.42250110273,30,results/eqprop-conv3-p90-read-noise-20260919-v1/local-acceleration/riri/production/runs/000_conv3_legacy_p90_sigma3em5_seed0_3229d6ee,144,0.9998683484127815,0.9999537546932893,0.9999940793961799,0.9999995387569623,0.9999997100275332,144,0.999868383220613,0.9999537496554245,0.9999940797568745,0.999999541336158,0.9999997110528286,144,0.9999999981719044,0.9999999984000563,0.9999999987148149,0.9999999990207036,0.9999999991611678,144,0.999421721272455,0.9999938385895254,1.0001469622221033,1.0006621077416844,1.0012682790666885,144,0.0007617087210918477,0.000981344438597831,0.003439224020078014,0.009618648711184983,0.01622652063958608,144,0.0006353459370997559,0.0006798661057105508,0.0009756008630655893,0.0012891507910031044,0.0017872136365602077,144,0.0006353778261504142,0.0006800027010820318,0.0009756160319691648,0.0012894419232513522,0.0017871913427510797,True,1.0,1.0
legacy,V100,0.0,0.0,ConvWeight_0,36,36,4.42250110273,30,results/eqprop-conv3-p90-read-noise-20260919-v1/jz/v100-production/task_3/runs/000_conv3_legacy_p90_sigma0_seed0_02419265,36,0.924027974837382,0.9965855665982019,0.9998621480392584,0.9999652093195998,0.9999775158798536,36,0.924027974837382,0.9965855665982019,0.9998621480392584,0.9999652093195998,0.9999775158798536,36,0.9999999999999992,0.9999999999999996,0.9999999999999999,1.0000000000000004,1.0000000000000009,36,0.8000339839076511,0.9750616532400407,1.0122497289358294,1.0461887264530771,1.1529807372608079,36,0.008884213444559214,0.01205375419107809,0.03637193958007954,0.1229984607997551,0.4105910839071988,36,8.428197354038069e-05,0.00014618990398413176,0.00031027674681920485,0.0006072928510598117,0.001149169307414178,36,8.745174376144857e-05,0.00014494965583999636,0.0003183689668815108,0.0006048596236143339,0.00112023605026709,True,1.0,0.9444444444444444
legacy,V100,0.0,0.0,ConvWeight_1,36,36,4.42250110273,30,results/eqprop-conv3-p90-read-noise-20260919-v1/jz/v100-production/task_3/runs/000_conv3_legacy_p90_sigma0_seed0_02419265,36,0.9894347310132363,0.9953879699599255,0.9991172395752386,0.999616551179531,0.999830682498365,36,0.9894347310132363,0.9953879699599255,0.9991172395752386,0.999616551179531,0.999830682498365,36,0.9999999999999963,0.9999999999999987,1.0000000000000004,1.0000000000000027,1.0000000000000042,36,0.873378130428208,0.9826680507869742,1.0003114690229677,1.0175489392136992,1.0461527678991736,36,0.018594409988492305,0.02849883730241418,0.044155564294146486,0.09550478204441962,0.17677817332002066,36,3.776540649020749e-05,5.849745188060252e-05,0.0001001861872476338,0.00014647691483816332,0.00026170026557444657,36,3.7701328167210444e-05,5.87070996128987e-05,9.984517894209342e-05,0.00014617575646422526,0.0002529106655227663,True,1.0,0.9722222222222222
legacy,V100,0.0,0.0,ConvWeight_2,36,36,4.42250110273,30,results/eqprop-conv3-p90-read-noise-20260919-v1/jz/v100-production/task_3/runs/000_conv3_legacy_p90_sigma0_seed0_02419265,36,0.9817340410216033,0.9876946355457636,0.9971246458975878,0.9990625487189877,0.999429046443699,36,0.9817340410216033,0.9876946355457636,0.9971246458975878,0.9990625487189877,0.999429046443699,36,0.9999999999999932,0.9999999999999962,1.0000000000000013,1.0000000000000049,1.0000000000000113,36,0.9421387677150276,0.9856078655516922,0.99698435891395,1.0013755213989195,1.0104348791983881,36,0.03383123251341986,0.04330342968200523,0.07585246780889746,0.1574283241649348,0.19068459862231135,36,6.742743938870174e-05,8.787189343420714e-05,0.0001275366962579278,0.00017707942580693584,0.00031150310512831797,36,6.722915485101121e-05,8.784507623829198e-05,0.00012696918790473878,0.00017321417260320927,0.00030003003808010554,True,1.0,0.8611111111111112
legacy,V100,0.0,0.0,DenseWeight_0,36,36,4.42250110273,30,results/eqprop-conv3-p90-read-noise-20260919-v1/jz/v100-production/task_3/runs/000_conv3_legacy_p90_sigma0_seed0_02419265,36,0.9999673718163911,0.999982816757352,0.9999994077697434,0.9999999225635388,0.999999974572116,36,0.9999673718163911,0.999982816757352,0.9999994077697434,0.9999999225635388,0.999999974572116,36,0.9999999999998607,0.999999999999887,0.9999999999999776,1.0000000000001013,1.0000000000001579,36,0.9998264818320612,0.9999921091169715,1.0000249475183185,1.00018186194644,1.000363459150614,36,0.00022572223617199099,0.0003923592878013429,0.0010885359942589155,0.005853495313981575,0.008087780151274952,36,0.0005450065914498725,0.0006069981038746568,0.0009126550179828592,0.00126802503058219,0.0018855720913603733,36,0.0005450094699097488,0.0006070197041414512,0.0009126848269848979,0.0012682714538307562,0.0018856442497787724,True,1.0,1.0
legacy,V100,1e-05,0.0,ConvWeight_0,36,36,4.42250110273,30,results/eqprop-conv3-p90-read-noise-20260919-v1/jz/v100-production/task_4/runs/000_conv3_legacy_p90_sigma1em5_seed0_5c2c98d9,36,0.9820886568497348,0.9987160029197222,0.9997839222663873,0.9999646466228405,0.999988442533172,36,0.9820886568497348,0.9987160029197222,0.9997839222663873,0.9999646466228405,0.999988442533172,36,0.9999999999999992,0.9999999999999998,1.0,1.0000000000000002,1.0000000000000004,36,0.8853318639945592,0.9538101191649047,1.000750815121115,1.0385736633879774,1.08078182914702,36,0.0048197185832266915,0.011192257581486547,0.04181162453456247,0.08334005658251872,0.19379407419201664,36,9.568529693881638e-05,0.00017273775344488063,0.0004488283507850539,0.0007630411190275921,0.001396386578623117,36,9.916450971467421e-05,0.00017793140515350982,0.0004562072411423798,0.0007579154063887671,0.0012362655325093893,True,1.0,0.9722222222222222
legacy,V100,1e-05,0.0,ConvWeight_1,36,36,4.42250110273,30,results/eqprop-conv3-p90-read-noise-20260919-v1/jz/v100-production/task_4/runs/000_conv3_legacy_p90_sigma1em5_seed0_5c2c98d9,36,0.9925827383471197,0.9965009257781188,0.9989418521632222,0.9995707876588387,0.9998566467549569,36,0.9925827383471197,0.9965009257781188,0.9989418521632222,0.9995707876588387,0.9998566467549569,36,0.9999999999999932,0.9999999999999963,0.9999999999999991,1.0000000000000013,1.0000000000000027,36,0.9391677389409141,0.9704918758970522,0.9965164736207468,1.0101060960747499,1.047310027894989,36,0.017112043494606537,0.029501893169431154,0.047137549052060676,0.08680063557265477,0.13278806308133115,36,4.2572888138878384e-05,7.049708099391352e-05,0.00010002225393252487,0.0001494487721811364,0.0002654069429255737,36,4.259012406447632e-05,7.010566550472516e-05,9.855578402142929e-05,0.00014949014535144297,0.0002492616384866313,True,1.0,1.0
legacy,V100,1e-05,0.0,ConvWeight_2,36,36,4.42250110273,30,results/eqprop-conv3-p90-read-noise-20260919-v1/jz/v100-production/task_4/runs/000_conv3_legacy_p90_sigma1em5_seed0_5c2c98d9,36,0.9803619864392059,0.9894437451593177,0.9970806619043742,0.998671360567204,0.999324420818041,36,0.9803619864392059,0.9894437451593177,0.9970806619043742,0.998671360567204,0.999324420818041,36,0.9999999999999916,0.9999999999999933,0.9999999999999998,1.0000000000000058,1.000000000000007,36,0.9645950394977982,0.9734846710714075,0.9941564070439,0.999203173662456,1.0046835002784835,36,0.03675493036552351,0.05171799503501606,0.07644321985433702,0.14631460257145146,0.19780701686735097,36,7.354032856331547e-05,9.149008511262819e-05,0.0001297154643087559,0.00017611548277263807,0.0003143031302678309,36,7.30927935052677e-05,9.107854703941297e-05,0.00012933050059560513,0.00017537756470080922,0.000303289752778,True,1.0,0.8888888888888888
legacy,V100,1e-05,0.0,DenseWeight_0,36,36,4.42250110273,30,results/eqprop-conv3-p90-read-noise-20260919-v1/jz/v100-production/task_4/runs/000_conv3_legacy_p90_sigma1em5_seed0_5c2c98d9,36,0.9999353066379779,0.9999791624495522,0.9999989935279814,0.9999998006800914,0.999999969805395,36,0.9999353066379779,0.9999791624495522,0.9999989935279814,0.9999998006800914,0.999999969805395,36,0.9999999999999148,0.9999999999999497,0.9999999999999907,1.0000000000000366,1.0000000000000777,36,0.9996179663065864,0.9999911906715961,1.0000460068412358,1.0002024237717562,1.000703130668612,36,0.00024589916371009816,0.0006321061033975062,0.0014186947876829422,0.006447371494865798,0.011374677073787576,36,0.000603050462524851,0.000677766368763911,0.0009385041925896317,0.001205590005198698,0.0018484763747242789,36,0.0006030530951460934,0.0006777783684550147,0.0009385405742076273,0.0012059119800284243,0.0018483065194046127,True,1.0,1.0
legacy,V100,1e-05,1e-05,ConvWeight_0,144,36,4.42250110273,30,results/eqprop-conv3-p90-read-noise-20260919-v1/jz/v100-production/task_4/runs/000_conv3_legacy_p90_sigma1em5_seed0_5c2c98d9,144,0.0741395503125803,0.23490536676821194,0.6023126664625996,0.8191919311534532,0.8988034040152756,144,0.9820886568497348,0.9987069799506636,0.9997839222663873,0.9999664290082808,0.999988442533172,144,0.07681287394768424,0.24358694233671796,0.6017426824974267,0.8188761032356839,0.8968603655071903,144,0.9416309128645426,1.2214829153983628,1.727407825050791,3.753571440414536,6.44366398528225,144,0.4428082018165447,0.7390845037680644,1.3806211849942482,3.6652852992564915,6.4308583465438245,144,9.568529693881638e-05,0.00016466829823612132,0.0004488283507850539,0.0008009073910688001,0.001396386578623117,144,0.0005385673396749514,0.0006300763428063795,0.000763894534041973,0.0009710088778551621,0.0015092957752145847,True,0.0,0.0
legacy,V100,1e-05,1e-05,ConvWeight_1,144,36,4.42250110273,30,results/eqprop-conv3-p90-read-noise-20260919-v1/jz/v100-production/task_4/runs/000_conv3_legacy_p90_sigma1em5_seed0_5c2c98d9,144,0.5576186120120117,0.758599644047521,0.8697162981555213,0.9398209253034513,0.9703936556332107,144,0.9925827383471197,0.9962577036020283,0.9989418521632222,0.9995908287866486,0.9998566467549569,144,0.556441638533055,0.758937925427556,0.8707394979207039,0.9403354086303438,0.976186902989513,144,0.950137828893567,1.0524848232194757,1.1564055489760068,1.3078401151253478,1.7262898018880133,144,0.24165812765522207,0.3660290270856904,0.5744708234229685,0.8486672310102419,1.417588077553984,144,4.2572888138878384e-05,6.939753325803915e-05,0.00010002225393252487,0.00015352042340042305,0.0002654069429255737,144,7.112364889945484e-05,8.923903950886779e-05,0.00011602864178262246,0.00016325672151856898,0.000259647398650675,True,0.2777777777777778,0.0
legacy,V100,1e-05,1e-05,ConvWeight_2,144,36,4.42250110273,30,results/eqprop-conv3-p90-read-noise-20260919-v1/jz/v100-production/task_4/runs/000_conv3_legacy_p90_sigma1em5_seed0_5c2c98d9,144,0.9803568068304015,0.9885032147633614,0.9970492628777151,0.9986536509690553,0.9992939928224213,144,0.9803619864392059,0.9885057541050287,0.9970806619043742,0.9986771240591988,0.999324420818041,144,0.999952731692129,0.9999675698899871,0.9999868440150007,0.9999932367523264,0.9999978540912307,144,0.9645889247404199,0.968591653074436,0.9942198658043186,0.999564414604307,1.0047577813827029,144,0.03757154214438828,0.05214029183421372,0.0767933388315796,0.15250708172993024,0.19783221991557673,144,7.354032856331547e-05,9.047286748705396e-05,0.0001297154643087559,0.00017909082705580028,0.0003143031302678309,144,7.308934926548482e-05,9.018152039114551e-05,0.00012933235804015955,0.00017901281770703217,0.00030329347846431764,True,1.0,0.8888888888888888
legacy,V100,1e-05,1e-05,DenseWeight_0,144,36,4.42250110273,30,results/eqprop-conv3-p90-read-noise-20260919-v1/jz/v100-production/task_4/runs/000_conv3_legacy_p90_sigma1em5_seed0_5c2c98d9,144,0.9999352990115377,0.9999761538114392,0.9999989934988304,0.999999814140546,0.9999999697418211,144,0.9999353066379779,0.9999761511992511,0.9999989935279814,0.9999998143153453,0.999999969805395,144,0.9999999998314569,0.9999999998470215,0.9999999998777753,0.999999999910477,0.9999999999277803,144,0.9996183361964076,0.999989567055635,1.00004585771701,1.0002663091486164,1.0007029661595606,144,0.0002461450474048785,0.0006098616836121914,0.0014187184905049533,0.0069228587094428235,0.011375347580624567,144,0.000603050462524851,0.0006751072245470698,0.0009385041925896317,0.00124029388724957,0.0018484763747242789,144,0.0006030527564422934,0.0006751145410045354,0.0009385405747987072,0.0012408644955329282,0.0018483064322408142,True,1.0,1.0
ours,A100,0.0,0.0,ConvWeight_0,36,36,5.26875648112,30,results/eqprop-conv3-p90-read-noise-20260919-v1/jz/a100-production/task_6/runs/000_conv3_ours_p90_sigma0_seed0_03483376,36,0.9984922922753199,0.9997269761563661,0.9999952055615777,0.9999996547103815,0.9999998953532269,36,0.9984922922753199,0.9997269761563661,0.9999952055615777,0.9999996547103815,0.9999998953532269,36,0.9999999999999994,0.9999999999999998,1.0000000000000002,1.0000000000000004,1.0000000000000007,36,0.956985085113947,0.9882164077372111,0.9999669657918538,1.0097293736284523,1.092342460879673,36,0.0005565608182603502,0.0020862615511200435,0.00444755208398513,0.03000079822191391,0.10872440578749068,36,1.7063296345860065e-05,2.990748749363204e-05,6.969819489885355e-05,0.00011017946814187596,0.00015704565054807784,36,1.7089530850424103e-05,3.023364243052902e-05,7.001508485434294e-05,0.00010966826941073428,0.00015029034525652741,True,1.0,1.0
ours,A100,0.0,0.0,ConvWeight_1,36,36,5.26875648112,30,results/eqprop-conv3-p90-read-noise-20260919-v1/jz/a100-production/task_6/runs/000_conv3_ours_p90_sigma0_seed0_03483376,36,0.9921542369264224,0.9996477417455519,0.999975309500625,0.9999971588191321,0.9999998251737866,36,0.9921542369264224,0.9996477417455519,0.999975309500625,0.9999971588191321,0.9999998251737866,36,0.999999999999994,0.999999999999996,1.0,1.0000000000000027,1.0000000000000033,36,0.9837612261214875,0.99634290049417,0.9997809338720727,1.0017824995186653,1.0044311753337907,36,0.0005914421285116307,0.0025091391466392815,0.007110075282057612,0.027389616975421194,0.12530128801939622,36,1.8874906315278773e-05,2.0511701822072955e-05,3.247443796131683e-05,4.5780407338373845e-05,6.506708397432708e-05,36,1.8867636127092998e-05,2.05207832462961e-05,3.2489079356190856e-05,4.5693321739448314e-05,6.410048102999089e-05,True,1.0,1.0
ours,A100,0.0,0.0,ConvWeight_2,36,36,5.26875648112,30,results/eqprop-conv3-p90-read-noise-20260919-v1/jz/a100-production/task_6/runs/000_conv3_ours_p90_sigma0_seed0_03483376,36,0.9920853960149058,0.998744334715985,0.9998710356794104,0.9999876847918068,0.9999986815405041,36,0.9920853960149058,0.998744334715985,0.9998710356794104,0.9999876847918068,0.9999986815405041,36,0.9999999999999918,0.9999999999999932,0.9999999999999998,1.0000000000000067,1.0000000000000107,36,0.9644921630720421,0.9958830368495786,0.9999189772447283,1.0003933631127775,1.002109504999989,36,0.0016242381856274915,0.004977522192262591,0.016066135289617593,0.050116578400819754,0.12856108866287436,36,3.6274018418436866e-05,4.090711481901502e-05,6.389949559945078e-05,9.015163209566038e-05,0.00012874157603628888,36,3.6350538641660256e-05,4.083301263079427e-05,6.38964588736052e-05,9.022463875045933e-05,0.0001255361681826226,True,1.0,1.0
ours,A100,0.0,0.0,DenseWeight_0,36,36,5.26875648112,30,results/eqprop-conv3-p90-read-noise-20260919-v1/jz/a100-production/task_6/runs/000_conv3_ours_p90_sigma0_seed0_03483376,36,0.9999997388386344,0.9999999812334296,0.9999999992851463,0.9999999999518443,0.9999999999951389,36,0.9999997388386344,0.9999999812334296,0.9999999992851463,0.9999999999518443,0.9999999999951389,36,0.9999999999998814,0.9999999999999093,0.9999999999999929,1.0000000000000933,1.0000000000001759,36,0.9998749615418547,0.9999871250191982,0.9999998923316846,1.0000169851935936,1.0000475887885312,36,3.0977843313513398e-06,9.940069169717171e-06,3.781727485785705e-05,0.0001954452828495721,0.0007315580936502579,36,8.070667695467249e-05,9.167535309082807e-05,0.00012580985759004377,0.00017360552994169566,0.00023043934612008114,36,8.070761676289496e-05,9.167508786533918e-05,0.00012580788607273883,0.00017360619372509324,0.0002304105323395463,True,1.0,1.0
ours,A100,0.0001,0.0,ConvWeight_0,36,36,5.26875648112,30,results/eqprop-conv3-p90-read-noise-20260919-v1/jz/a100-production/task_15/runs/000_conv3_ours_p90_sigma1em4_seed0_5b7c67f1,36,0.8797668371609667,0.997117542197072,0.9997595181803087,0.9999823762301288,0.9999942844687405,36,0.8797668371609667,0.997117542197072,0.9997595181803087,0.9999823762301288,0.9999942844687405,36,0.9999999999999997,0.9999999999999999,1.0,1.0000000000000002,1.0000000000000007,36,0.78001400241649,0.9649275560475968,1.004396449373995,1.0573563043459815,1.1065515505682195,36,0.005874134944044171,0.008536012769696056,0.033364388259054724,0.11932128647240547,0.4857581088065833,36,7.763099907908326e-05,0.00011026954408209506,0.00018988338063337677,0.00037949219241579493,0.0005986362458004375,36,7.937795316714985e-05,0.00011045281806055845,0.00019148888404302446,0.0003833230961098544,0.0006624218660168119,True,0.9722222222222222,0.9722222222222222
ours,A100,0.0001,0.0,ConvWeight_1,36,36,5.26875648112,30,results/eqprop-conv3-p90-read-noise-20260919-v1/jz/a100-production/task_15/runs/000_conv3_ours_p90_sigma1em4_seed0_5b7c67f1,36,0.9909706941886179,0.997781493819215,0.9993478695443676,0.9998174307861971,0.9999125514525503,36,0.9909706941886179,0.997781493819215,0.9993478695443676,0.9998174307861971,0.9999125514525503,36,0.9999999999999948,0.9999999999999977,0.9999999999999998,1.0000000000000022,1.000000000000006,36,0.9305303085262926,0.9896625085914239,0.9996576767851495,1.0164170704326825,1.0320926848034984,36,0.01325370610905093,0.01927903946572823,0.03657905817836244,0.06734358319475389,0.1470718310157959,36,5.214004720483466e-05,6.813124729400418e-05,9.584945125006833e-05,0.00015161573349954828,0.00020829161444579832,36,5.2348720878670025e-05,6.801104514925866e-05,9.32601623457541e-05,0.00014828163214682504,0.0002127182221125819,True,1.0,1.0
ours,A100,0.0001,0.0,ConvWeight_2,36,36,5.26875648112,30,results/eqprop-conv3-p90-read-noise-20260919-v1/jz/a100-production/task_15/runs/000_conv3_ours_p90_sigma1em4_seed0_5b7c67f1,36,0.9865247323745036,0.9919174913918112,0.997841049306395,0.9993405793453684,0.9996210580409423,36,0.9865247323745036,0.9919174913918112,0.997841049306395,0.9993405793453684,0.9996210580409423,36,0.9999999999999901,0.9999999999999933,1.0,1.0000000000000062,1.0000000000000127,36,0.9501816150923952,0.9902066567403147,0.9965197117737945,1.000514113094733,1.0096877023415596,36,0.02753099497251793,0.036381889557119226,0.06594598189902964,0.12694814703846413,0.1640597490626611,36,6.482154981716513e-05,7.23916923831845e-05,9.421879584437574e-05,0.00013566052261725967,0.00017255435325073674,36,6.464507007827805e-05,7.229946663182181e-05,9.381590847940148e-05,0.0001348218340713803,0.00016813952710402678,True,1.0,0.9166666666666666
ours,A100,0.0001,0.0,DenseWeight_0,36,36,5.26875648112,30,results/eqprop-conv3-p90-read-noise-20260919-v1/jz/a100-production/task_15/runs/000_conv3_ours_p90_sigma1em4_seed0_5b7c67f1,36,0.9999717447717723,0.9999961473526053,0.9999993574738353,0.9999999349891937,0.9999999878435233,36,0.9999717447717723,0.9999961473526053,0.9999993574738353,0.9999999349891937,0.9999999878435233,36,0.999999999999957,0.9999999999999694,1.000000000000008,1.0000000000000413,1.0000000000000593,36,0.9994685516061798,0.9998773879661043,1.000067559918726,1.0003970340461028,1.0011317564559465,36,0.0001584536928462254,0.0003618582840261201,0.0011363958347540856,0.0028042304073602406,0.0075341131835424385,36,0.00013532419459938333,0.00016304824350852503,0.00019704316508611344,0.0002856073275697183,0.0003103201410713821,36,0.0001353268044549853,0.0001630373037752298,0.00019706536553143388,0.0002857433406379581,0.00031042840153743255,True,1.0,1.0
ours,A100,0.0001,0.0001,ConvWeight_0,144,36,5.26875648112,30,results/eqprop-conv3-p90-read-noise-20260919-v1/jz/a100-production/task_15/runs/000_conv3_ours_p90_sigma1em4_seed0_5b7c67f1,144,-0.22857450642728042,-0.11643707450823305,0.05801229332592296,0.16520548254431638,0.2311057375974765,144,0.8797668371609667,0.9970535254602011,0.9997595181803087,0.9999828958087088,0.9999942844687405,144,-0.22076565271252305,-0.11838557377511927,0.057849350417719006,0.16623398372424017,0.2343986897375851,144,8.278660315835399,12.296173941329624,26.07284867383508,47.51466593698127,72.25776173441588,144,8.260581271689963,12.283130418799736,26.01755056137658,47.59067099214418,72.26596800173027,144,7.763099907908326e-05,0.0001100398728410103,0.00018988338063337677,0.0003811684888772961,0.0005986362458004375,144,0.004226665712309086,0.0045999612235788495,0.005041408323089636,0.005542138192720326,0.00657579082003258,True,0.0,0.0
ours,A100,0.0001,0.0001,ConvWeight_1,144,36,5.26875648112,30,results/eqprop-conv3-p90-read-noise-20260919-v1/jz/a100-production/task_15/runs/000_conv3_ours_p90_sigma1em4_seed0_5b7c67f1,144,-0.025875554143884018,0.05785600699083586,0.11887041041088268,0.19061278180375416,0.30982133037207854,144,0.9909706941886179,0.9977637718295838,0.9993478695443676,0.9998313227228853,0.9999125514525503,144,-0.02611719474016619,0.0605772380224693,0.11803389626988503,0.19134249086134544,0.31327738784512527,144,3.9219413632553266,5.984814807687879,9.09415179891552,14.139917557392652,19.29541579076565,144,3.823910813674542,5.941065366789273,9.031440971018306,14.074628835232247,19.20819402109005,144,5.214004720483466e-05,6.78569453281535e-05,9.584945125006833e-05,0.00015256954600385454,0.00020829161444579832,144,0.0006708069562126793,0.0007384598795697939,0.0008762978021455939,0.0011052258520722789,0.0013093279743979743,True,0.0,0.0
ours,A100,0.0001,0.0001,ConvWeight_2,144,36,5.26875648112,30,results/eqprop-conv3-p90-read-noise-20260919-v1/jz/a100-production/task_15/runs/000_conv3_ours_p90_sigma1em4_seed0_5b7c67f1,144,0.9446521818574644,0.9609743002857258,0.978738301714515,0.9873279717708476,0.9929208274188152,144,0.9865247323745036,0.9910683919529111,0.997841049306395,0.9993618224169869,0.9996210580409423,144,0.9467263415986727,0.962268004818822,0.9807238198269447,0.9910527367315416,0.9956936057806267,144,0.963758098130103,1.0006716229954251,1.0157753744482358,1.0349123118299721,1.0500083795196629,144,0.11929146675446733,0.1592252569424636,0.2080903128691554,0.28596845547663335,0.34457536722430526,144,6.482154981716513e-05,7.224776832121537e-05,9.421879584437574e-05,0.00013947172627000725,0.00017255435325073674,144,6.693197645365158e-05,7.429427084037605e-05,9.55526264475876e-05,0.00013922699565798973,0.00016923645636956724,True,1.0,0.006944444444444444
ours,A100,0.0001,0.0001,DenseWeight_0,144,36,5.26875648112,30,results/eqprop-conv3-p90-read-noise-20260919-v1/jz/a100-production/task_15/runs/000_conv3_ours_p90_sigma1em4_seed0_5b7c67f1,144,0.9999707361030684,0.9999951867814909,0.9999987940440127,0.9999993276864212,0.9999995648307178,144,0.9999717447717723,0.9999954701419511,0.9999993574738353,0.9999999361171027,0.9999999878435233,144,0.9999985713631363,0.999999098272972,0.9999994029894206,0.999999714443791,0.9999997373590453,144,0.9994473987320074,0.9998511476403639,1.0000582107781413,1.0004164321707787,1.0011740325585454,144,0.0009329246308194159,0.0011647927836102962,0.0015643806719227403,0.0031474792602293558,0.00766705834463552,144,0.00013532419459938333,0.0001602537411900366,0.00019704316508611344,0.00029665087825444196,0.0003103201410713821,144,0.00013532561758617976,0.00016025265174141845,0.00019706145987972263,0.0002967728944465512,0.000310433761950531,True,1.0,1.0
ours,A100,0.0003,0.0,ConvWeight_0,36,36,5.26875648112,30,results/eqprop-conv3-p90-read-noise-20260919-v1/jz/a100-production/task_16/runs/000_conv3_ours_p90_sigma3em4_seed0_6ac4e8f2,36,0.9622303240083903,0.9968448399435803,0.9997439587353159,0.999972370389127,0.9999976496938825,36,0.9622303240083903,0.9968448399435803,0.9997439587353159,0.999972370389127,0.9999976496938825,36,0.9999999999999998,0.9999999999999998,1.0,1.0000000000000004,1.0000000000000004,36,0.9115313920948469,0.9567491509062025,0.9933257472110746,1.0459007757109244,1.0817839039192214,36,0.003061635318314816,0.00946898655600436,0.03849432093239938,0.10033786434411414,0.27224155561014585,36,8.137614893560863e-05,0.00011382934612555848,0.00025593873243465366,0.0005173509451871916,0.0007592334425788346,36,8.076502061387319e-05,0.00011142414951618488,0.0002524067004940369,0.0005151404514185976,0.0007717915191873605,True,1.0,0.9722222222222222
ours,A100,0.0003,0.0,ConvWeight_1,36,36,5.26875648112,30,results/eqprop-conv3-p90-read-noise-20260919-v1/jz/a100-production/task_16/runs/000_conv3_ours_p90_sigma3em4_seed0_6ac4e8f2,36,0.9935760732217548,0.9974171973460475,0.9988542399840139,0.9996747522252429,0.9998538824929367,36,0.9935760732217548,0.9974171973460475,0.9988542399840139,0.9996747522252429,0.9998538824929367,36,0.9999999999999944,0.9999999999999981,1.0,1.000000000000002,1.0000000000000053,36,0.9567015905259958,0.9797305475654006,0.9974686864264132,1.0121691513511708,1.0275258697619136,36,0.017234278132687363,0.026167341025656734,0.04996027660633332,0.07224231498737643,0.11902232645735526,36,5.473745658015898e-05,7.828484558991406e-05,0.00010087299323715537,0.00015401191612920783,0.00020024518453034754,36,5.477729289646784e-05,7.910050959379041e-05,0.00010107233184655414,0.0001524404532530066,0.00020178937337214854,True,1.0,1.0
ours,A100,0.0003,0.0,ConvWeight_2,36,36,5.26875648112,30,results/eqprop-conv3-p90-read-noise-20260919-v1/jz/a100-production/task_16/runs/000_conv3_ours_p90_sigma3em4_seed0_6ac4e8f2,36,0.9829315786258572,0.993553256821405,0.9971955302113842,0.998529302673993,0.9991823138573486,36,0.9829315786258572,0.993553256821405,0.9971955302113842,0.998529302673993,0.9991823138573486,36,0.9999999999999789,0.9999999999999905,0.9999999999999989,1.0000000000000093,1.0000000000000147,36,0.9423592392824929,0.9830654856178695,0.9944464718289985,1.0006777961132778,1.0101185824379215,36,0.04050958583857336,0.05438623603209826,0.07484132375554875,0.11329573480468855,0.18839221443540516,36,6.915288260972778e-05,7.935226177282947e-05,0.0001036189757544984,0.0001434788791276325,0.0001878406732490358,36,6.916969511593161e-05,7.921270098032823e-05,0.00010320793030431877,0.00014201628076296048,0.00018708151139541613,True,1.0,0.9722222222222222
ours,A100,0.0003,0.0,DenseWeight_0,36,36,5.26875648112,30,results/eqprop-conv3-p90-read-noise-20260919-v1/jz/a100-production/task_16/runs/000_conv3_ours_p90_sigma3em4_seed0_6ac4e8f2,36,0.9997252381810741,0.9999936002185048,0.9999988284187318,0.9999997900565538,0.9999999306997684,36,0.9997252381810741,0.9999936002185048,0.9999988284187318,0.9999997900565538,0.9999999306997684,36,0.9999999999999555,0.9999999999999674,1.0000000000000036,1.0000000000000313,1.000000000000051,36,0.9996541741020473,0.9998704380973873,1.0000261811541824,1.0003218047616689,1.0013853012071516,36,0.00037814356423542336,0.0006478306180155481,0.0015486488257832147,0.0035623427446613573,0.023499020258077607,36,0.0001739787373634989,0.00020417629570430873,0.00024375063147759676,0.00034066584403407406,0.00041568237836873837,36,0.00017398483820236146,0.0002042083753660873,0.00024377783985862523,0.0003408855379530037,0.00041565723662997516,True,1.0,1.0
ours,A100,0.0003,0.0003,ConvWeight_0,144,36,5.26875648112,30,results/eqprop-conv3-p90-read-noise-20260919-v1/jz/a100-production/task_16/runs/000_conv3_ours_p90_sigma3em4_seed0_6ac4e8f2,144,-0.2633033923700485,-0.09110748861475218,0.021539018103652906,0.15137372066501223,0.2858800104955688,144,0.9622303240083903,0.9952625443251842,0.9997439587353159,0.9999736289430949,0.9999976496938825,144,-0.2629799312044879,-0.09293037629731862,0.020205825741872185,0.15160118444234422,0.2867211284110706,144,19.635990145464223,27.95821502209719,61.07567511842639,135.96690347372925,203.80069955437475,144,19.59022039757642,27.808720975664688,61.01750873273148,135.9422079714846,203.87861832955068,144,8.137614893560863e-05,0.00011276730453810255,0.00025593873243465366,0.0005589729636018373,0.0007592334425788346,144,0.012676910192678794,0.013812930303646562,0.015124947502853819,0.01667423806500996,0.0197245094398689,True,0.0,0.0
ours,A100,0.0003,0.0003,ConvWeight_1,144,36,5.26875648112,30,results/eqprop-conv3-p90-read-noise-20260919-v1/jz/a100-production/task_16/runs/000_conv3_ours_p90_sigma3em4_seed0_6ac4e8f2,144,-0.04423416532717087,0.0027722056359368867,0.04811185081019358,0.10384693758320929,0.1479232665053137,144,0.9935760732217548,0.9973075663530985,0.9988542399840139,0.9996778239728141,0.9998538824929367,144,-0.0484147007559122,0.0032687456582941145,0.04757648182502981,0.1054672754102483,0.14808330991027874,144,9.458232772205353,13.364461740985119,22.288529180728005,32.8214439332761,56.74163025183842,144,9.4416045558248,13.32195610793282,22.249460700547502,32.791875102151536,56.7082690506337,144,5.473745658015898e-05,7.823412500207046e-05,0.00010087299323715537,0.00015733534990736026,0.00020024518453034754,144,0.00163523612450591,0.0018745777511972655,0.002258348556330745,0.0028977144517050545,0.003575294782093378,True,0.0,0.0
ours,A100,0.0003,0.0003,ConvWeight_2,144,36,5.26875648112,30,results/eqprop-conv3-p90-read-noise-20260919-v1/jz/a100-production/task_16/runs/000_conv3_ours_p90_sigma3em4_seed0_6ac4e8f2,144,0.8008154931732291,0.8606653315919514,0.9178136225015925,0.9526972721964466,0.9757023330069714,144,0.9829315786258572,0.9924897070377685,0.9971955302113842,0.9985891615683529,0.9991823138573486,144,0.8020517639549729,0.8621131991017492,0.9225488792961009,0.95641150599055,0.9787570213449306,144,0.9729328218647284,1.0259909385957444,1.0731260437989119,1.1555817626528653,1.247218039436577,144,0.2213483579093526,0.31393020858013143,0.4255985202229827,0.5825490598712679,0.7469737473326142,144,6.915288260972778e-05,7.703226301102628e-05,0.0001036189757544984,0.00014379784672256235,0.0001878406732490358,144,7.992703899173089e-05,9.10543566611709e-05,0.00011256298764981458,0.00015023341210230359,0.000193700200191889,True,0.6805555555555556,0.0
ours,A100,0.0003,0.0003,DenseWeight_0,144,36,5.26875648112,30,results/eqprop-conv3-p90-read-noise-20260919-v1/jz/a100-production/task_16/runs/000_conv3_ours_p90_sigma3em4_seed0_6ac4e8f2,144,0.9997207345363662,0.9999841284658268,0.9999947432086074,0.9999969915230328,0.9999982011762011,144,0.9997252381810741,0.9999924158840066,0.9999988284187318,0.9999998209802184,0.9999999306997684,144,0.9999907180349356,0.9999941212412282,0.9999961671060045,0.999998037053245,0.9999984367303485,144,0.999497560311797,0.9998405428830051,1.000030195405507,1.0003391035798646,1.0014180208628605,144,0.0018982517934560174,0.002455177321837652,0.0032430119942642157,0.005636153481443287,0.023690323035584538,144,0.0001739787373634989,0.00020217361676285576,0.00024375063147759676,0.0003466793854189819,0.00041568237836873837,144,0.00017396551230736612,0.00020217166574223498,0.00024377200395489843,0.0003466417511511273,0.0004156671870745695,True,1.0,1.0
ours,A100,0.0005,0.0,ConvWeight_0,36,36,5.26875648112,30,results/eqprop-conv3-p90-read-noise-20260919-v1/jz/a100-production/task_17/runs/000_conv3_ours_p90_sigma5em4_seed0_19b5049f,36,-0.682670574561251,-0.3534666033809195,0.7232916670120451,0.9141451884599243,0.9563847316601619,36,-0.682670574561251,-0.3534666033809195,0.7232916670120451,0.9141451884599243,0.9563847316601619,36,0.9999999999999994,0.9999999999999996,1.0,1.0000000000000002,1.0000000000000004,36,0.17125495928730897,0.3060785529494416,0.5272866161879921,0.9650289330287957,1.447826025789986,36,0.31024834198257495,0.5116714076797088,0.7432624521910245,1.3634640555895219,1.557988693357072,36,0.00016095275809449548,0.00023014009321744208,0.00044178060025460987,0.0007206115025963824,0.00091340819802868,36,9.580014391352351e-05,0.00015180104764223428,0.00023585735522522149,0.0004054304423237765,0.00045310760649144036,False,0.19444444444444445,0.0
ours,A100,0.0005,0.0,ConvWeight_1,36,36,5.26875648112,30,results/eqprop-conv3-p90-read-noise-20260919-v1/jz/a100-production/task_17/runs/000_conv3_ours_p90_sigma5em4_seed0_19b5049f,36,0.11460362275942584,0.29394265354658744,0.688886019436292,0.8659610558751059,0.9494807528517852,36,0.11460362275942584,0.29394265354658744,0.688886019436292,0.8659610558751059,0.9494807528517852,36,0.9999999999999969,0.9999999999999974,0.9999999999999996,1.000000000000002,1.0000000000000027,36,0.25867123888786403,0.4313467817706391,0.6389641398319336,0.8832048464713065,0.9768714142970177,36,0.3342732783980046,0.5290297870698961,0.7546914190870256,0.9608591431580513,1.1279704256712928,36,0.00010422945065066881,0.0001507289613359442,0.00020683969591292766,0.00028280466601562427,0.0003812645654222646,36,6.586048647642438e-05,9.383676825988819e-05,0.0001193430574933665,0.00018092541332558084,0.00023851133928067745,False,0.05555555555555555,0.0
ours,A100,0.0005,0.0,ConvWeight_2,36,36,5.26875648112,30,results/eqprop-conv3-p90-read-noise-20260919-v1/jz/a100-production/task_17/runs/000_conv3_ours_p90_sigma5em4_seed0_19b5049f,36,-0.503234279914921,-0.2537106324505511,0.24561394382699553,0.6645252980017514,0.8406241699141654,36,-0.503234279914921,-0.2537106324505511,0.24561394382699553,0.6645252980017514,0.8406241699141654,36,0.9999999999999947,0.9999999999999977,1.0000000000000098,1.0000000000000173,1.0000000000000315,36,0.06853822733041932,0.1286363174469175,0.2730686129976126,0.706879004240941,1.7946834100908375,36,0.7847453731588576,0.8498046145533038,0.9715195806828074,1.23955721822357,2.0996786565562755,36,0.0031568311215373034,0.004205628557215022,0.008106977528522734,0.011877975466160026,0.015494704761824745,36,0.0006725976469270479,0.0008868600167501754,0.0021507537122537057,0.004639347753307304,0.01866134369278972,False,0.0,0.0
ours,A100,0.0005,0.0,DenseWeight_0,36,36,5.26875648112,30,results/eqprop-conv3-p90-read-noise-20260919-v1/jz/a100-production/task_17/runs/000_conv3_ours_p90_sigma5em4_seed0_19b5049f,36,-0.7026012240722054,-0.5723370844711717,-0.29315566159609785,0.5736119031629336,0.6036072615877328,36,-0.7026012240722054,-0.5723370844711717,-0.29315566159609785,0.5736119031629336,0.6036072615877328,36,0.9999999999998864,0.9999999999999294,0.9999999999999898,1.0000000000000684,1.000000000000106,36,0.17419538215910566,0.3529971240921167,2.2778891058868025,7.031922301417102,22.770725513239803,36,0.8289296096960157,0.8844579689656449,2.8349334578508896,7.268005858919311,23.05911274532052,36,0.0021559511264145834,0.003254519427505718,0.006020005594833608,0.009233553937256823,0.011648157403762986,36,0.0008586994551096166,0.0018501672891597883,0.013839708964118926,0.03774913034210025,0.15445014726375228,False,0.0,0.0
ours,A100,0.0005,0.0005,ConvWeight_0,144,36,5.26875648112,30,results/eqprop-conv3-p90-read-noise-20260919-v1/jz/a100-production/task_17/runs/000_conv3_ours_p90_sigma5em4_seed0_19b5049f,144,-0.21942407806562622,-0.10482548349727687,0.020070317105842218,0.12824232678235808,0.26362132546338374,144,-0.682670574561251,-0.35351956609273794,0.7232916670120451,0.9206581797059605,0.9563847316601619,144,-0.16473186668531276,-0.11361446164547852,0.02615082171736107,0.13835528192218127,0.2650074446051839,144,24.231887216709094,33.94769491843861,57.15395730119027,109.31077163692851,166.03109409510867,144,24.34904204097777,34.098456609970306,57.05741126163596,109.41728192050672,165.99761142501188,144,0.00016095275809449548,0.00021903416450611037,0.00044178060025460987,0.0007570806623272607,0.00091340819802868,144,0.021128392878181516,0.023040626130073405,0.025175685947432875,0.027722300316246607,0.03286903570776321,False,0.0,0.0
ours,A100,0.0005,0.0005,ConvWeight_1,144,36,5.26875648112,30,results/eqprop-conv3-p90-read-noise-20260919-v1/jz/a100-production/task_17/runs/000_conv3_ours_p90_sigma5em4_seed0_19b5049f,144,-0.032322435504138027,-0.004285626359954876,0.025777305299729825,0.055125069527006965,0.11258370902952967,144,0.11460362275942584,0.2818462748562321,0.688886019436292,0.8823852571407557,0.9494807528517852,144,-0.048822494594244245,9.577222740823411e-05,0.03640872418899868,0.07987562260515763,0.13057361379818447,144,8.835013699448844,11.650250902329198,17.691123700503915,27.556419461008588,36.71610366683276,144,8.863988539729826,11.658514673741552,17.70691017829052,27.57952887734024,36.72461950045691,144,0.00010422945065066881,0.00014821146867616342,0.00020683969591292766,0.0002918753400811473,0.0003812645654222646,144,0.0025945295917498474,0.002948553589249075,0.0036535411652279066,0.004647011002566843,0.00601338781006986,False,0.0,0.0
ours,A100,0.0005,0.0005,ConvWeight_2,144,36,5.26875648112,30,results/eqprop-conv3-p90-read-noise-20260919-v1/jz/a100-production/task_17/runs/000_conv3_ours_p90_sigma5em4_seed0_19b5049f,144,-0.5034037042707029,-0.28846180219898754,0.24568675829694536,0.6645187740656923,0.8404953478875529,144,-0.503234279914921,-0.2889372139799441,0.24561394382699553,0.6647718726520733,0.8406241699141654,144,0.9952587347824999,0.997670599033748,0.9996311860599936,0.9999285204872854,0.999996116130985,144,0.06872127193711242,0.11886890479686375,0.27351645901043864,0.7628677312978756,1.7948404883952547,144,0.7844744411802451,0.8477554824852614,0.971520151104317,1.24818764201211,2.0998349872482223,144,0.0031568311215373034,0.0037932207935635048,0.008106977528522734,0.011891989047917377,0.015494704761824745,144,0.0006739085081836011,0.0008157639177231857,0.002151577054614326,0.005023398651289394,0.018662977012744053,False,0.0,0.0
ours,A100,0.0005,0.0005,DenseWeight_0,144,36,5.26875648112,30,results/eqprop-conv3-p90-read-noise-20260919-v1/jz/a100-production/task_17/runs/000_conv3_ours_p90_sigma5em4_seed0_19b5049f,144,-0.7026016529987017,-0.59890203275422,-0.29315425614206153,0.5755333225005917,0.603608530524578,144,-0.7026012240722054,-0.5989025194152435,-0.29315566159609785,0.5755680930393874,0.6036072615877328,144,0.999997332920979,0.9999994620938286,0.9999999855424568,0.9999999958175754,0.9999999993323833,144,0.17416535541452632,0.302706173129376,2.2779342271406224,7.812700484380067,22.770863934774642,144,0.8289173584151736,0.8833980501582115,2.8349447579734215,8.239072896338344,23.059250845460763,144,0.0021559511264145834,0.0028883925336033052,0.006020005594833608,0.009433668610359165,0.011648157403762986,144,0.0008585514377001456,0.00179739279267093,0.01383950206351378,0.04156321897213627,0.15445108615462896,False,0.0,0.0
ours,RTX5090,0.0,0.0,ConvWeight_0,36,36,5.26875648112,30,results/eqprop-conv3-p90-read-noise-20260919-v1/local-acceleration/loulou/production/runs/000_conv3_ours_p90_sigma0_seed0_7c8fbb04,36,0.9969910419392386,0.9997206131869485,0.999991745290111,0.9999988761607285,0.9999998884276519,36,0.9969910419392386,0.9997206131869485,0.999991745290111,0.9999988761607285,0.9999998884276519,36,0.9999999999999991,0.9999999999999998,1.0,1.0000000000000004,1.0000000000000009,36,0.995934607212929,0.9980382642856591,1.001346561330719,1.0195418961577634,1.0604489920941989,36,0.0005399379402288472,0.002010225467609722,0.004963817050469704,0.03158153019927042,0.09037278248942113,36,1.5812148408838076e-05,2.056671777160537e-05,5.4481694031461074e-05,9.479688270818196e-05,0.0001351085415567824,36,1.5841623578399284e-05,2.080263731133879e-05,5.456956426625094e-05,9.472461343849826e-05,0.00013524803359583898,True,1.0,1.0
ours,RTX5090,0.0,0.0,ConvWeight_1,36,36,5.26875648112,30,results/eqprop-conv3-p90-read-noise-20260919-v1/local-acceleration/loulou/production/runs/000_conv3_ours_p90_sigma0_seed0_7c8fbb04,36,0.9982433680278898,0.99962648504981,0.9999691860926814,0.9999941198231451,0.9999988602529645,36,0.9982433680278898,0.99962648504981,0.9999691860926814,0.9999941198231451,0.9999988602529645,36,0.9999999999999958,0.9999999999999982,1.0000000000000002,1.0000000000000027,1.0000000000000058,36,0.9967060961742461,0.9988681142294782,1.000626848253363,1.0044516309625982,1.0330681594183302,36,0.0015162718413348777,0.0034449204228896033,0.00785749458010645,0.027395637016769496,0.06825518436836767,36,1.4049554082687391e-05,1.8203454411169427e-05,2.9582375498189338e-05,4.238495979388004e-05,6.285796173276242e-05,36,1.402914706867043e-05,1.8187061132972993e-05,2.9676635065984106e-05,4.238377245669182e-05,6.289636725643383e-05,True,1.0,1.0
ours,RTX5090,0.0,0.0,ConvWeight_2,36,36,5.26875648112,30,results/eqprop-conv3-p90-read-noise-20260919-v1/local-acceleration/loulou/production/runs/000_conv3_ours_p90_sigma0_seed0_7c8fbb04,36,0.9971962343621819,0.9990936359492211,0.9999041294774644,0.9999874139777549,0.9999941672571347,36,0.9971962343621819,0.9990936359492211,0.9999041294774644,0.9999874139777549,0.9999941672571347,36,0.9999999999999937,0.9999999999999942,0.9999999999999993,1.0000000000000036,1.000000000000007,36,0.9832161781218103,0.9987159754827156,0.9998148612524879,1.0009685342678987,1.001497708959199,36,0.0034158914786784067,0.00500340572237551,0.013865237743567644,0.04272675753538299,0.07612563396364422,36,3.0024631556992266e-05,4.0565980202518384e-05,5.596578932500347e-05,8.979748040236795e-05,0.00011975100684192796,36,3.0020948273353857e-05,4.0590407301958704e-05,5.600393703796828e-05,8.95338242082726e-05,0.00011963224855677588,True,1.0,1.0
ours,RTX5090,0.0,0.0,DenseWeight_0,36,36,5.26875648112,30,results/eqprop-conv3-p90-read-noise-20260919-v1/local-acceleration/loulou/production/runs/000_conv3_ours_p90_sigma0_seed0_7c8fbb04,36,0.999999955027069,0.9999999925160419,0.9999999991246413,0.9999999999230349,0.9999999999692308,36,0.999999955027069,0.9999999925160419,0.9999999991246413,0.9999999999230349,0.9999999999692308,36,0.9999999999999241,0.9999999999999462,0.9999999999999962,1.000000000000076,1.000000000000147,36,0.9999451044791122,0.999995145401809,1.0000010055016029,1.0000101919123425,1.0000440573198337,36,7.855219533503128e-06,1.2397759441760135e-05,4.1949170138980556e-05,0.0001262578564668969,0.0003048842570257003,36,7.044289539538483e-05,8.868954984237799e-05,0.00012164634587343374,0.00017362989603962706,0.00022004135196577115,36,7.044290440721303e-05,8.868933661158442e-05,0.00012164663845432544,0.0001736283744186415,0.0002200408169463957,True,1.0,1.0
ours,RTX5090,3e-05,0.0,ConvWeight_0,36,36,5.26875648112,30,results/eqprop-conv3-p90-read-noise-20260919-v1/local-acceleration/trex/production/runs/000_conv3_ours_p90_sigma3em5_seed0_aee679dc,36,0.9681301781542766,0.9890514700180919,0.9998056602206196,0.9999898963386983,0.9999970496395846,36,0.9681301781542766,0.9890514700180919,0.9998056602206196,0.9999898963386983,0.9999970496395846,36,0.9999999999999994,0.9999999999999996,1.0,1.0000000000000002,1.0000000000000004,36,0.9065811624742899,0.9655433396169827,0.9973590896707862,1.0325068751773,1.087355042247484,36,0.004893207575780788,0.010611291066148528,0.03358564063804818,0.1478189914901503,0.2773779485918309,36,4.04959875758183e-05,6.246266880493919e-05,0.00012554452922436968,0.00032082378977208494,0.0004950636132033077,36,4.051993390058209e-05,5.899411645964226e-05,0.00012575229954359959,0.00031188966908509666,0.00048414741036268056,True,1.0,0.8888888888888888
ours,RTX5090,3e-05,0.0,ConvWeight_1,36,36,5.26875648112,30,results/eqprop-conv3-p90-read-noise-20260919-v1/local-acceleration/trex/production/runs/000_conv3_ours_p90_sigma3em5_seed0_aee679dc,36,0.9964378077276214,0.9972662270500241,0.9994842151180237,0.999900066324779,0.9999403770590696,36,0.9964378077276214,0.9972662270500241,0.9994842151180237,0.999900066324779,0.9999403770590696,36,0.9999999999999966,0.9999999999999982,0.9999999999999993,1.0000000000000018,1.0000000000000058,36,0.9363522382766992,0.9778761020067401,0.9964034967744302,1.0050969618064554,1.0118633121304688,36,0.011996905795288768,0.014877575679034456,0.03316205444316225,0.07764034003222962,0.09694748058633783,36,3.098238772542694e-05,4.5248440999319254e-05,6.855643310024466e-05,0.00011364759610420528,0.00016223309448351475,36,3.081028354502318e-05,4.5348204200742754e-05,6.845441830577483e-05,0.00011165981623535712,0.00016014113312851842,True,1.0,1.0
ours,RTX5090,3e-05,0.0,ConvWeight_2,36,36,5.26875648112,30,results/eqprop-conv3-p90-read-noise-20260919-v1/local-acceleration/trex/production/runs/000_conv3_ours_p90_sigma3em5_seed0_aee679dc,36,0.9895285052360856,0.9935561370838419,0.9980722746869541,0.9993126505307122,0.9997070038547636,36,0.9895285052360856,0.9935561370838419,0.9980722746869541,0.9993126505307122,0.9997070038547636,36,0.9999999999999581,0.9999999999999829,0.9999999999999967,1.0000000000000169,1.000000000000021,36,0.9522455197790737,0.9831912054159211,0.9948951726945519,0.9998374752886455,1.0007253728336916,36,0.02425450290364115,0.03742782384014385,0.062212938334598344,0.11448881082958734,0.14907500907204346,36,4.933831253999286e-05,6.145703641573153e-05,8.55304076479725e-05,0.00013728008560787998,0.00017369807442340314,36,4.878523290502802e-05,6.120077147900858e-05,8.530469303278065e-05,0.00013657057712762838,0.00017216239757174436,True,1.0,0.9722222222222222
ours,RTX5090,3e-05,0.0,DenseWeight_0,36,36,5.26875648112,30,results/eqprop-conv3-p90-read-noise-20260919-v1/local-acceleration/trex/production/runs/000_conv3_ours_p90_sigma3em5_seed0_aee679dc,36,0.9999479741459367,0.999995951597211,0.9999996409812836,0.9999999515341547,0.9999999908123309,36,0.9999479741459367,0.999995951597211,0.9999996409812836,0.9999999515341547,0.9999999908123309,36,0.9999999999999426,0.9999999999999767,0.9999999999999987,1.0000000000000315,1.0000000000000457,36,0.9993001946097264,0.9998839689948038,1.0000526913903018,1.0005562942248807,1.002648284753416,36,0.00013799180697172158,0.00031817368709703285,0.0008643042120921954,0.0028707616256724577,0.010220989179510502,36,0.00011087238990740407,0.00011711564212114665,0.00015870167961087975,0.00022146656734869667,0.00028753107372625654,36,0.00011086490607918141,0.00011709442337989279,0.0001587531421921394,0.00022148428495909932,0.0002873298579309917,True,1.0,1.0
ours,RTX5090,3e-05,3e-05,ConvWeight_0,144,36,5.26875648112,30,results/eqprop-conv3-p90-read-noise-20260919-v1/local-acceleration/trex/production/runs/000_conv3_ours_p90_sigma3em5_seed0_aee679dc,144,-0.12428024165358446,-0.0377329352925558,0.09241941033427108,0.27642958556675146,0.383668464996005,144,0.9681301781542766,0.9809246582424588,0.9998056602206196,0.999992253606867,0.9999970496395846,144,-0.12631938682465993,-0.03768710813145159,0.09078220718586831,0.2768975509657444,0.38390624106222826,144,2.881542795075015,4.517602921536942,11.853558933324287,25.649081484605944,42.44152148741754,144,2.764281736862989,4.377498800952714,11.689757549967876,25.588021318832215,42.53990724585217,144,4.04959875758183e-05,5.975745541310258e-05,0.00012554452922436968,0.0003613364671226935,0.0004950636132033077,144,0.0012751437833958498,0.0013992605376236611,0.0015233421880860671,0.0016742215062833458,0.0019775711071860287,True,0.0,0.0
ours,RTX5090,3e-05,3e-05,ConvWeight_1,144,36,5.26875648112,30,results/eqprop-conv3-p90-read-noise-20260919-v1/local-acceleration/trex/production/runs/000_conv3_ours_p90_sigma3em5_seed0_aee679dc,144,0.05299215156020249,0.14724691449951685,0.2233052425703963,0.361419294162406,0.5265517343820619,144,0.9964378077276214,0.9971443564712933,0.9994842151180237,0.9999044874750793,0.9999403770590696,144,0.05290309445959771,0.1473585693279099,0.22357105364982466,0.3611725419617227,0.5251026685374627,144,1.8683480744113035,2.8145714350677866,4.411700882400561,7.154162273302535,10.77858695100074,144,1.5884459981803338,2.639379397859175,4.296334981065668,7.071946615676001,10.678458726329058,144,3.098238772542694e-05,4.1220834380598103e-05,6.855643310024466e-05,0.00011789175700288816,0.00016223309448351475,144,0.0002466675075192904,0.00027369583992291276,0.000315800543139811,0.00036446690625703787,0.0004098101346438171,True,0.0,0.0
ours,RTX5090,3e-05,3e-05,ConvWeight_2,144,36,5.26875648112,30,results/eqprop-conv3-p90-read-noise-20260919-v1/local-acceleration/trex/production/runs/000_conv3_ours_p90_sigma3em5_seed0_aee679dc,144,0.9865814969055224,0.990604132950399,0.9948875605579006,0.9970892690761004,0.9979053528211301,144,0.9895285052360856,0.9931205922469621,0.9980722746869541,0.9993199467067249,0.9997070038547636,144,0.9890483432689933,0.9949347514444865,0.9976702447395481,0.9990656037257344,0.9996330155115479,144,0.9525757138257457,0.9844791345086297,0.9983874460635708,1.0042511941043453,1.0071372827804883,144,0.06470387761652173,0.07630812678539696,0.10106432782388655,0.13748846021824318,0.16370497008247561,144,4.933831253999286e-05,6.005700077250141e-05,8.55304076479725e-05,0.0001401083993616959,0.00017369807442340314,144,4.9062984855822924e-05,6.000282455163647e-05,8.557356177330449e-05,0.00013888598281429766,0.0001722768469131792,True,1.0,0.9305555555555556
ours,RTX5090,3e-05,3e-05,DenseWeight_0,144,36,5.26875648112,30,results/eqprop-conv3-p90-read-noise-20260919-v1/local-acceleration/trex/production/runs/000_conv3_ours_p90_sigma3em5_seed0_aee679dc,144,0.9999476281061104,0.9999958379302347,0.9999995489692434,0.9999998630435746,0.9999998913145894,144,0.9999479741459367,0.9999958612861571,0.9999996409812836,0.9999999569350738,0.9999999908123309,144,0.999999850078243,0.9999998727097272,0.9999999304326643,0.9999999630680025,0.9999999780246304,144,0.9992962007862306,0.9998803951269846,1.000058102647837,1.0005722952397167,1.0026635301051654,144,0.00046910143715685296,0.0005272267388080617,0.000954790175242847,0.0028871090726436876,0.01025472755131478,144,0.00011087238990740407,0.00011412350089088527,0.00015870167961087975,0.00022270708397667993,0.00028753107372625654,144,0.0001108640271728223,0.0001141098039587686,0.0001587531181562018,0.00022273804286887552,0.0002873320183902699,True,1.0,1.0
ours,V100,0.0,0.0,ConvWeight_0,36,36,5.26875648112,30,results/eqprop-conv3-p90-read-noise-20260919-v1/jz/v100-production/task_6/runs/000_conv3_ours_p90_sigma0_seed0_f48e712c,36,0.9975892201551086,0.9997340931799947,0.9999797400239946,0.9999996607632446,0.9999999556004353,36,0.9975892201551086,0.9997340931799947,0.9999797400239946,0.9999996607632446,0.9999999556004353,36,0.9999999999999992,0.9999999999999997,1.0,1.0000000000000004,1.0000000000000007,36,0.9648720687247029,0.9920544564061624,1.0006085511682765,1.0110026362276527,1.0703262126743616,36,0.0006077642135681466,0.0012857985280005726,0.008644467109321964,0.03318084310747834,0.09377626976829759,36,1.3396965148448236e-05,1.7749932691726243e-05,6.10452879981998e-05,0.00012740792640980402,0.00013795033865409722,36,1.4138816757187774e-05,1.7769519261703594e-05,6.110345347175772e-05,0.0001261952060079892,0.00013911697460942414,True,1.0,1.0
ours,V100,0.0,0.0,ConvWeight_1,36,36,5.26875648112,30,results/eqprop-conv3-p90-read-noise-20260919-v1/jz/v100-production/task_6/runs/000_conv3_ours_p90_sigma0_seed0_f48e712c,36,0.998193282073866,0.9991405017081315,0.9999531321454727,0.9999968394455072,0.999999342042776,36,0.998193282073866,0.9991405017081315,0.9999531321454727,0.9999968394455072,0.999999342042776,36,0.9999999999999973,0.9999999999999984,1.0000000000000007,1.0000000000000033,1.0000000000000062,36,0.9748038068653169,0.9960739148512008,1.0001938472592675,1.0077725459328264,1.0355463408067227,36,0.001185150719242236,0.00253097629242585,0.009765417734780818,0.04208920491982222,0.06484737012318115,36,1.464448105065722e-05,2.033752293469286e-05,3.32815567342266e-05,4.6826854417757705e-05,6.961929896843092e-05,36,1.4765579595421967e-05,2.0330330139740405e-05,3.3764961577596476e-05,4.717968103862627e-05,6.786515766572108e-05,True,1.0,1.0
ours,V100,0.0,0.0,ConvWeight_2,36,36,5.26875648112,30,results/eqprop-conv3-p90-read-noise-20260919-v1/jz/v100-production/task_6/runs/000_conv3_ours_p90_sigma0_seed0_f48e712c,36,0.995489542958517,0.9978264667698733,0.9998359040265405,0.9999867596102716,0.9999975384122194,36,0.995489542958517,0.9978264667698733,0.9998359040265405,0.9999867596102716,0.9999975384122194,36,0.9999999999999938,0.9999999999999962,1.0,1.0000000000000024,1.0000000000000049,36,0.982613114003495,0.9976970706076638,0.9999652197949468,1.0008091700175188,1.0094872950288356,36,0.0022194176109636824,0.00497570039770716,0.018113080434631536,0.06564091802648594,0.09545740853846411,36,3.8388532111450204e-05,4.068458150592226e-05,6.208273209313631e-05,8.781666520568841e-05,0.00012830544532449638,36,3.8412534409527174e-05,4.068095996760723e-05,6.198893621200765e-05,8.815338269080458e-05,0.00012743780842048967,True,1.0,1.0
ours,V100,0.0,0.0,DenseWeight_0,36,36,5.26875648112,30,results/eqprop-conv3-p90-read-noise-20260919-v1/jz/v100-production/task_6/runs/000_conv3_ours_p90_sigma0_seed0_f48e712c,36,0.9999999187564941,0.9999999614037265,0.9999999986654551,0.9999999999748074,0.9999999999905214,36,0.9999999187564941,0.9999999614037265,0.9999999986654551,0.9999999999748074,0.9999999999905214,36,0.9999999999998849,0.9999999999999496,0.999999999999992,1.0000000000000615,1.0000000000001188,36,0.9999355635833628,0.9999901660259669,1.0000001579582474,1.0000382026816153,1.000122952885822,36,4.335333783175758e-06,6.883787023918933e-06,5.198241332390443e-05,0.00029397186959028625,0.00040820174667358897,36,7.420618660506824e-05,8.882573083954497e-05,0.0001301637120712012,0.0001720655230256533,0.00022524814793216445,36,7.420618919746641e-05,8.882567433282657e-05,0.0001301641812560701,0.00017207576789149556,0.00022523363374865753,True,1.0,1.0
ours,V100,1e-05,0.0,ConvWeight_0,36,36,5.26875648112,30,results/eqprop-conv3-p90-read-noise-20260919-v1/jz/v100-production/task_7/runs/000_conv3_ours_p90_sigma1em5_seed0_fed8b205,36,0.9976105732794782,0.999119916892691,0.9999422761572696,0.9999910189440404,0.9999987895860034,36,0.9976105732794782,0.999119916892691,0.9999422761572696,0.9999910189440404,0.9999987895860034,36,0.9999999999999993,0.9999999999999997,1.0,1.0000000000000004,1.0000000000000007,36,0.9506376763729244,0.9850142439861209,0.9996370282506308,1.016800694513568,1.0361319755807576,36,0.002023840269475183,0.006204965792113127,0.015513773045625684,0.04966629181359355,0.08129266802112627,36,4.341065448535775e-05,5.755516074052582e-05,0.0001248738414216167,0.00022625988729622632,0.0003985064208967285,36,4.33712396357193e-05,5.687932380985575e-05,0.00012648172523276033,0.00022616244434035235,0.0004004986739937194,True,1.0,1.0
ours,V100,1e-05,0.0,ConvWeight_1,36,36,5.26875648112,30,results/eqprop-conv3-p90-read-noise-20260919-v1/jz/v100-production/task_7/runs/000_conv3_ours_p90_sigma1em5_seed0_fed8b205,36,0.998263906866043,0.9990779023281051,0.9997433800919548,0.9999492880353646,0.9999927608945212,36,0.998263906866043,0.9990779023281051,0.9997433800919548,0.9999492880353646,0.9999927608945212,36,0.9999999999999948,0.9999999999999968,0.9999999999999996,1.0000000000000027,1.0000000000000056,36,0.9873452413477065,0.9903867019413135,0.9990107430381567,1.0029552005694373,1.0076151660719554,36,0.003980380920185662,0.010378940543771368,0.02267162203378502,0.043070597295948046,0.05940141768987379,36,2.8084919426788404e-05,3.30428561977638e-05,4.429104472872372e-05,7.041921122678299e-05,0.00010659781014264554,36,2.8118629250196688e-05,3.305171146100917e-05,4.4146767739300364e-05,7.060957215000835e-05,0.00010600045142936164,True,1.0,1.0
ours,V100,1e-05,0.0,ConvWeight_2,36,36,5.26875648112,30,results/eqprop-conv3-p90-read-noise-20260919-v1/jz/v100-production/task_7/runs/000_conv3_ours_p90_sigma1em5_seed0_fed8b205,36,0.993739809585895,0.9966927996987487,0.9991540748691755,0.999774509173166,0.9999525917921831,36,0.993739809585895,0.9966927996987487,0.9991540748691755,0.999774509173166,0.9999525917921831,36,0.9999999999999936,0.9999999999999953,0.9999999999999991,1.000000000000004,1.0000000000000053,36,0.9905206067250886,0.9931592020383516,0.9981776613134836,1.0009844868663824,1.0035840662977076,36,0.009753990107713481,0.02105067918592214,0.041094565282732136,0.08126521088884658,0.11172034459431943,36,3.9974266434562855e-05,4.925330528885424e-05,6.648588123255806e-05,9.030252226424544e-05,0.00013286435569767553,36,3.995026959305766e-05,4.9248026913354385e-05,6.605443406054132e-05,9.011993952375149e-05,0.00013160488221779953,True,1.0,1.0
ours,V100,1e-05,0.0,DenseWeight_0,36,36,5.26875648112,30,results/eqprop-conv3-p90-read-noise-20260919-v1/jz/v100-production/task_7/runs/000_conv3_ours_p90_sigma1em5_seed0_fed8b205,36,0.9999994155128208,0.9999997589944081,0.9999999657827188,0.9999999963066408,0.9999999990435656,36,0.9999994155128208,0.9999997589944081,0.9999999657827188,0.9999999963066408,0.9999999990435656,36,0.9999999999999286,0.9999999999999424,1.0000000000000033,1.0000000000000548,1.0000000000000773,36,0.9999419077670217,0.9999658427587724,1.0000024196959578,1.0001100637957987,1.0002979816734443,36,4.378528419785014e-05,8.463700455644148e-05,0.0002617822706413727,0.0006892168868964152,0.001081943779681025,36,9.319713094091178e-05,0.00010074861082183038,0.0001410584900473851,0.00019031177622858843,0.00024002286346619468,36,9.319414833728336e-05,0.00010074832995778557,0.00014106043529575857,0.00019033118482982803,0.00024003240882901344,True,1.0,1.0
ours,V100,1e-05,1e-05,ConvWeight_0,144,36,5.26875648112,30,results/eqprop-conv3-p90-read-noise-20260919-v1/jz/v100-production/task_7/runs/000_conv3_ours_p90_sigma1em5_seed0_fed8b205,144,-0.04151099502529365,0.07405052347309099,0.25818289501843106,0.4425861485328326,0.6627937708550086,144,0.9976105732794782,0.9990105852334659,0.9999422761572696,0.9999960886298828,0.9999987895860034,144,-0.038994656583207915,0.07466324982793002,0.2582692972498693,0.44320816846465017,0.6627008867021686,144,1.491640290089441,2.3266879811226855,4.084988196200994,9.253332834064729,12.958623725165918,144,1.2051352020157908,2.1688676726116607,3.96392443540049,9.209048770422461,12.945125315538585,144,4.341065448535775e-05,5.2838055666665164e-05,0.0001248738414216167,0.0002317714663769483,0.0003985064208967285,144,0.00043439889432669545,0.0004779986453128746,0.0005268277559656183,0.0005900161742324058,0.0007778763443170111,True,0.0,0.0
ours,V100,1e-05,1e-05,ConvWeight_1,144,36,5.26875648112,30,results/eqprop-conv3-p90-read-noise-20260919-v1/jz/v100-production/task_7/runs/000_conv3_ours_p90_sigma1em5_seed0_fed8b205,144,0.22826261320325766,0.31640074498147347,0.41409171255052685,0.607427046384306,0.800485058297668,144,0.998263906866043,0.9989661135127238,0.9997433800919548,0.999970709095512,0.9999927608945212,144,0.22732723052243867,0.3162875038921637,0.41560970839777983,0.6080381419741825,0.8009635628262461,144,1.2323689429958582,1.7068708414402745,2.437850206190467,3.1535884204410194,4.171267481997257,144,0.7387471565455794,1.3617827429279035,2.2062508280492183,2.9785515075310314,4.050846472810322,144,2.8084919426788404e-05,3.221453524839152e-05,4.429104472872372e-05,7.173704312074005e-05,0.00010659781014264554,144,8.420003861111422e-05,9.717468080955333e-05,0.00010730304786597309,0.0001263466070606071,0.00014946480445570277,True,0.0,0.0
ours,V100,1e-05,1e-05,ConvWeight_2,144,36,5.26875648112,30,results/eqprop-conv3-p90-read-noise-20260919-v1/jz/v100-production/task_7/runs/000_conv3_ours_p90_sigma1em5_seed0_fed8b205,144,0.9931086477957582,0.9958771032939964,0.9979592419938075,0.9988787726749099,0.9993841261264987,144,0.993739809585895,0.9965431787615623,0.9991540748691755,0.9998347063071797,0.9999525917921831,144,0.997517571702626,0.9981602888845614,0.9991095452871926,0.9995691942749619,0.9998042769130242,144,0.990470340655381,0.9936537982070099,0.999253953850082,1.0025768424275652,1.0051745359725939,144,0.035093671889291043,0.047359713418406134,0.06386537924465205,0.09081521435016947,0.11719733900156461,144,3.9974266434562855e-05,4.8413155114057726e-05,6.648588123255806e-05,9.232162220692137e-05,0.00013286435569767553,144,3.999472125578033e-05,4.8525271359867425e-05,6.60962876266222e-05,9.207318945972446e-05,0.00013168559720626478,True,1.0,1.0
ours,V100,1e-05,1e-05,DenseWeight_0,144,36,5.26875648112,30,results/eqprop-conv3-p90-read-noise-20260919-v1/jz/v100-production/task_7/runs/000_conv3_ours_p90_sigma1em5_seed0_fed8b205,144,0.9999994094528539,0.9999996398041111,0.9999999503857879,0.9999999796029596,0.9999999892521073,144,0.9999994155128208,0.9999996470645036,0.9999999657827188,0.9999999981723253,0.9999999990435656,144,0.999999969913696,0.999999975373332,0.9999999876831205,0.9999999931017998,0.999999995616208,144,0.9999384411247504,0.9999657991189136,1.0000016672097494,1.0001182377987738,1.000301194905017,144,0.0001469616111047718,0.000202209137286492,0.00031744598847507146,0.0008771754265478112,0.0010875520294395939,144,9.319713094091178e-05,0.00010027922249401264,0.0001410584900473851,0.00019138952160634864,0.00024002286346619468,144,9.319405469572002e-05,0.00010027842480671611,0.00014106053167374435,0.00019142256223517507,0.00024003254658726131,True,1.0,1.0
