table,block,architecture,algorithm,optimizer,scheme,voltage_amp,current_amp,model_seed,shuffle_seed,split_seed,G_min,G_max,epochs,T,K,planned_action,prelaunch_dependency,source_result_or_completion_record,template_or_parent_config,cell_id,original_planned_action,training_status,paper_status,official_test_status,collected_result,source_result_sha256,best_validation_accuracy_percent,final_validation_accuracy_percent,completed_epochs,source_evidence_class,source_target,future_target_and_job,source_commit,source_archive_sha256,official_test_read,last_checked
table1,T1_BPTT,conv1,BPTT,Adam,baseline,1,1,0,0,0,0,100,10,4,4,reuse_collected_pending_paper_audit,paper_reuse_pair_audit_and_final_contract_seal,results/perfectdiode-conv123-zero-bias-ordinary-mnist-seed0-20260805-v1/runs/001_01_baseline_adam_bias_zero_seed0_40538811/result.json,configs/conv/perfectdiode_conv123_zero_bias_ordinary_mnist_seed0_20260805_v1/conv1/01_baseline_adam_bias_zero_seed0.json,T1_BPTT_conv1_baseline_gmax100_seed0,reuse_local,complete_collected_validated,reuse_and_pair_audit_pending,pending_contract_and_checkpoint_seal,bundles/table1_wide_bptt/conv1/baseline/seed0/result.json,1b5c333a290e72ea914b4ba0f4e6214040b50334db6b73d178752c88b1e4ba0e,96.16,96.00,10,ordinary_mnist_bias_ablation,jean-zay,,ac941dffa75ad142be3703c43134813168ac6f11,382df19e2baaea3b5d544a9e38fc5a348c7e1f8d6868254fcb2176d8c7ad213b,false,2026-09-11
table1,T1_BPTT,conv1,BPTT,Adam,baseline,1,1,1,1,0,0,100,10,4,4,launch_new_seed,frozen_settings_check_and_seed_assets,results/paper-training-completion-20260911-v1/production/main_initial/000_T1_BPTT_conv1_baseline_gmax100_seed1_2100331f/result.json,configs/conv/perfectdiode_conv123_zero_bias_ordinary_mnist_seed0_20260805_v1/conv1/01_baseline_adam_bias_zero_seed0.json,T1_BPTT_conv1_baseline_gmax100_seed1,launch_new_seed,complete_collected_validated,training_collected_paper_gates_pending,pending_contract_and_checkpoint_seal,bundles/table1_wide_bptt/conv1/baseline/seed1/result.json,f6772e1d2987a10654adaa38d3fa47c56ae8b475642e1ccecab2861c965215dc,96.26,96.26,10,ordinary_mnist_training_completion,main,main: tmux main/@1,022098cfe6eb151dff3f7403d3f4b358709152b9,e31766d681e85323da108150d5137f80764d63a869d2ffca95584f44e4dda6e8,false,2026-09-11T11:23:50.318878+00:00
table1,T1_BPTT,conv1,BPTT,Adam,baseline,1,1,2,2,0,0,100,10,4,4,launch_new_seed,frozen_settings_check_and_seed_assets,results/paper-training-completion-20260911-v1/production/main_initial/000_T1_BPTT_conv1_baseline_gmax100_seed2_d84ecd36/result.json,configs/conv/perfectdiode_conv123_zero_bias_ordinary_mnist_seed0_20260805_v1/conv1/01_baseline_adam_bias_zero_seed0.json,T1_BPTT_conv1_baseline_gmax100_seed2,launch_new_seed,complete_collected_validated,training_collected_paper_gates_pending,pending_contract_and_checkpoint_seal,bundles/table1_wide_bptt/conv1/baseline/seed2/result.json,5ebf19fd6228d55c36c9df4028d9e7cdfeb80f8358988203fd745e9332d72113,96.38,96.28,10,ordinary_mnist_training_completion,main,main: tmux main/@1,022098cfe6eb151dff3f7403d3f4b358709152b9,e31766d681e85323da108150d5137f80764d63a869d2ffca95584f44e4dda6e8,false,2026-09-11T11:30:39.672932+00:00
table1,T1_BPTT,conv1,BPTT,Adam,ours,4,1,0,0,0,0,100,10,4,4,reuse_collected_pending_paper_audit,paper_reuse_pair_audit_and_final_contract_seal,results/perfectdiode-conv123-zero-bias-ordinary-mnist-seed0-20260805-v1/runs/003_03_ours_adam_bias_zero_seed0_26fe23f0/result.json,configs/conv/perfectdiode_conv123_zero_bias_ordinary_mnist_seed0_20260805_v1/conv1/03_ours_adam_bias_zero_seed0.json,T1_BPTT_conv1_ours_gmax100_seed0,reuse_local,complete_collected_validated,reuse_and_pair_audit_pending,pending_contract_and_checkpoint_seal,bundles/table1_wide_bptt/conv1/ours/seed0/result.json,2e94e68a27e90826425e2ab161c6f70d555f8a7dbb2e98c955703fdc279fc5a4,96.44,96.32,10,ordinary_mnist_bias_ablation,jean-zay,,ac941dffa75ad142be3703c43134813168ac6f11,382df19e2baaea3b5d544a9e38fc5a348c7e1f8d6868254fcb2176d8c7ad213b,false,2026-09-11
table1,T1_BPTT,conv1,BPTT,Adam,ours,4,1,1,1,0,0,100,10,4,4,launch_new_seed,frozen_settings_check_and_seed_assets,results/paper-training-completion-20260911-v1/production/main_initial/000_T1_BPTT_conv1_ours_gmax100_seed1_ddebd4ae/result.json,configs/conv/perfectdiode_conv123_zero_bias_ordinary_mnist_seed0_20260805_v1/conv1/03_ours_adam_bias_zero_seed0.json,T1_BPTT_conv1_ours_gmax100_seed1,launch_new_seed,complete_collected_validated,training_collected_paper_gates_pending,pending_contract_and_checkpoint_seal,bundles/table1_wide_bptt/conv1/ours/seed1/result.json,a76de2cb1bcd41208dbf3d7a9d76c4c62f75cb604137a9ecd81a470d35b2e991,96.46000000000001,96.36,10,ordinary_mnist_training_completion,main,main: tmux main/@1,022098cfe6eb151dff3f7403d3f4b358709152b9,e31766d681e85323da108150d5137f80764d63a869d2ffca95584f44e4dda6e8,false,2026-09-11T12:02:28.748959+00:00
table1,T1_BPTT,conv1,BPTT,Adam,ours,4,1,2,2,0,0,100,10,4,4,launch_new_seed,frozen_settings_check_and_seed_assets,results/paper-training-completion-20260911-v1/production/main_initial/000_T1_BPTT_conv1_ours_gmax100_seed2_e9680882/result.json,configs/conv/perfectdiode_conv123_zero_bias_ordinary_mnist_seed0_20260805_v1/conv1/03_ours_adam_bias_zero_seed0.json,T1_BPTT_conv1_ours_gmax100_seed2,launch_new_seed,complete_collected_validated,training_collected_paper_gates_pending,pending_contract_and_checkpoint_seal,bundles/table1_wide_bptt/conv1/ours/seed2/result.json,1adcf26833a9cef5aa78024f9944b559f67fc21b048cddfddca996dc56284d9e,96.58,96.3,10,ordinary_mnist_training_completion,main,main: tmux main/@1,022098cfe6eb151dff3f7403d3f4b358709152b9,e31766d681e85323da108150d5137f80764d63a869d2ffca95584f44e4dda6e8,false,2026-09-11T12:02:28.748959+00:00
table1,T1_BPTT,conv1,BPTT,Adam,legacy,4,0.25,0,0,0,0,100,10,4,4,reuse_collected_pending_paper_audit,paper_reuse_pair_audit_and_final_contract_seal,results/perfectdiode-conv1-legacy-physical-kcl-same-weights-and-bptt-rerun-seed0-20260825-v1/same_lr_bptt/001_05_legacy_adam_bias_zero_seed0_4469a635/result.json,configs/conv/perfectdiode_conv123_zero_bias_ordinary_mnist_seed0_20260805_v1/conv1/05_legacy_adam_bias_zero_seed0.json,T1_BPTT_conv1_legacy_gmax100_seed0,retrieve_completed,complete_collected_validated,reuse_and_pair_audit_pending,pending_contract_and_checkpoint_seal,bundles/table1_wide_bptt/conv1/legacy/seed0/result.json,6a7f13f75fe6347c354bd0b534ece540b27f8ae52063323494b4a3dffe8482ea,96.50,96.44,10,ordinary_mnist_physical_kcl_same_lr_diagnostic,main,,f016bf6a751451d23d17f76c1034044e11acd3be,,false,2026-09-11
table1,T1_BPTT,conv1,BPTT,Adam,legacy,4,0.25,1,1,0,0,100,10,4,4,launch_new_seed,frozen_settings_check_and_seed_assets,results/paper-training-completion-20260911-v1/production/main_initial/000_T1_BPTT_conv1_legacy_gmax100_seed1_88b31063/result.json,configs/conv/perfectdiode_conv123_zero_bias_ordinary_mnist_seed0_20260805_v1/conv1/05_legacy_adam_bias_zero_seed0.json,T1_BPTT_conv1_legacy_gmax100_seed1,launch_new_seed,complete_collected_validated,training_collected_paper_gates_pending,pending_contract_and_checkpoint_seal,bundles/table1_wide_bptt/conv1/legacy/seed1/result.json,9b21e24ad2756e0a367cca544085a30e1cbcb36439bf03d43d566997fbeae7dd,96.52,96.52,10,ordinary_mnist_training_completion,main,main: tmux main/@1,022098cfe6eb151dff3f7403d3f4b358709152b9,e31766d681e85323da108150d5137f80764d63a869d2ffca95584f44e4dda6e8,false,2026-09-11T11:36:12.752629+00:00
table1,T1_BPTT,conv1,BPTT,Adam,legacy,4,0.25,2,2,0,0,100,10,4,4,launch_new_seed,frozen_settings_check_and_seed_assets,results/paper-training-completion-20260911-v1/production/main_initial/000_T1_BPTT_conv1_legacy_gmax100_seed2_b4e680d1/result.json,configs/conv/perfectdiode_conv123_zero_bias_ordinary_mnist_seed0_20260805_v1/conv1/05_legacy_adam_bias_zero_seed0.json,T1_BPTT_conv1_legacy_gmax100_seed2,launch_new_seed,complete_collected_validated,training_collected_paper_gates_pending,pending_contract_and_checkpoint_seal,bundles/table1_wide_bptt/conv1/legacy/seed2/result.json,59eb7e9e7fe4edec5472741a0913ffa2911391b466a49dbffb4ba993618f6ad7,96.6,96.52,10,ordinary_mnist_training_completion,main,main: tmux main/@1,022098cfe6eb151dff3f7403d3f4b358709152b9,e31766d681e85323da108150d5137f80764d63a869d2ffca95584f44e4dda6e8,false,2026-09-11T11:47:51.265060+00:00
table1,T1_BPTT,conv2,BPTT,Adam,baseline,1,1,0,0,0,0,100,30,6,6,reuse_collected_pending_paper_audit,paper_reuse_pair_audit_and_final_contract_seal,results/perfectdiode-conv123-zero-bias-ordinary-mnist-seed0-20260805-v1/runs/007_01_baseline_adam_bias_zero_seed0_9aac6b7d/result.json,configs/conv/perfectdiode_conv123_zero_bias_ordinary_mnist_seed0_20260805_v1/conv2/01_baseline_adam_bias_zero_seed0.json,T1_BPTT_conv2_baseline_gmax100_seed0,reuse_local,complete_collected_validated,reuse_and_pair_audit_pending,pending_contract_and_checkpoint_seal,bundles/table1_wide_bptt/conv2/baseline/seed0/result.json,3f5bc89c645953f6403188b0bce5a76ee81c6042ae572453217b541640af6e1b,97.36,97.36,30,ordinary_mnist_bias_ablation,jean-zay,,ac941dffa75ad142be3703c43134813168ac6f11,382df19e2baaea3b5d544a9e38fc5a348c7e1f8d6868254fcb2176d8c7ad213b,false,2026-09-11
table1,T1_BPTT,conv2,BPTT,Adam,baseline,1,1,1,1,0,0,100,30,6,6,launch_new_seed,frozen_settings_check_and_seed_assets,results/paper-training-completion-20260911-v1/collected/akib_initial/000_T1_BPTT_conv2_baseline_gmax100_seed1_b30c8cc2/result.json,configs/conv/perfectdiode_conv123_zero_bias_ordinary_mnist_seed0_20260805_v1/conv2/01_baseline_adam_bias_zero_seed0.json,T1_BPTT_conv2_baseline_gmax100_seed1,launch_new_seed,complete_collected_validated,training_collected_paper_gates_pending,pending_contract_and_checkpoint_seal,bundles/table1_wide_bptt/conv2/baseline/seed1/result.json,cf86dc9e35a3ee178f822d71bb5e17a6229da6de28a749565500f34f1abf66e0,97.32,97.24000000000001,30,ordinary_mnist_training_completion,akib,akib: nohup PID 7068,022098cfe6eb151dff3f7403d3f4b358709152b9,e31766d681e85323da108150d5137f80764d63a869d2ffca95584f44e4dda6e8,false,2026-09-11T12:30:32.819647+00:00
table1,T1_BPTT,conv2,BPTT,Adam,baseline,1,1,2,2,0,0,100,30,6,6,launch_new_seed,frozen_settings_check_and_seed_assets,results/paper-training-completion-20260911-v1/collected/akib_initial/000_T1_BPTT_conv2_baseline_gmax100_seed2_8c4ff398/result.json,configs/conv/perfectdiode_conv123_zero_bias_ordinary_mnist_seed0_20260805_v1/conv2/01_baseline_adam_bias_zero_seed0.json,T1_BPTT_conv2_baseline_gmax100_seed2,launch_new_seed,complete_collected_validated,training_collected_paper_gates_pending,pending_contract_and_checkpoint_seal,bundles/table1_wide_bptt/conv2/baseline/seed2/result.json,2e3269fbffbab69a4face305ee7667cb1d3ac5462f989bb883aee5bf3f074fb5,97.34,97.28,30,ordinary_mnist_training_completion,akib,akib: nohup PID 7068,022098cfe6eb151dff3f7403d3f4b358709152b9,e31766d681e85323da108150d5137f80764d63a869d2ffca95584f44e4dda6e8,false,2026-09-11T12:53:01.690248+00:00
table1,T1_BPTT,conv2,BPTT,Adam,ours,4,1,0,0,0,0,100,30,6,6,reuse_collected_pending_paper_audit,paper_reuse_pair_audit_and_final_contract_seal,results/perfectdiode-conv123-zero-bias-ordinary-mnist-seed0-20260805-v1/runs/009_03_ours_adam_bias_zero_seed0_e175c959/result.json,configs/conv/perfectdiode_conv123_zero_bias_ordinary_mnist_seed0_20260805_v1/conv2/03_ours_adam_bias_zero_seed0.json,T1_BPTT_conv2_ours_gmax100_seed0,reuse_local,complete_collected_validated,reuse_and_pair_audit_pending,pending_contract_and_checkpoint_seal,bundles/table1_wide_bptt/conv2/ours/seed0/result.json,ee2a9b81fa73a4a314d2c178f4705606de1741855e4ea9c17a1adb20d5257e7c,98.10,98.08,30,ordinary_mnist_bias_ablation,jean-zay,,ac941dffa75ad142be3703c43134813168ac6f11,382df19e2baaea3b5d544a9e38fc5a348c7e1f8d6868254fcb2176d8c7ad213b,false,2026-09-11
table1,T1_BPTT,conv2,BPTT,Adam,ours,4,1,1,1,0,0,100,30,6,6,launch_new_seed,frozen_settings_check_and_seed_assets,results/paper-training-completion-20260911-v1/collected/akib_initial/000_T1_BPTT_conv2_ours_gmax100_seed1_94c531fa/result.json,configs/conv/perfectdiode_conv123_zero_bias_ordinary_mnist_seed0_20260805_v1/conv2/03_ours_adam_bias_zero_seed0.json,T1_BPTT_conv2_ours_gmax100_seed1,launch_new_seed,complete_collected_validated,training_collected_paper_gates_pending,pending_contract_and_checkpoint_seal,bundles/table1_wide_bptt/conv2/ours/seed1/result.json,0e052920d67d383ccd52a25a6a49f5e3abd9310c197dc388a9d12bd7a3562be2,98.22,97.92,30,ordinary_mnist_training_completion,akib,akib: nohup PID 7068,022098cfe6eb151dff3f7403d3f4b358709152b9,e31766d681e85323da108150d5137f80764d63a869d2ffca95584f44e4dda6e8,false,2026-09-11T14:24:39.273954+00:00
table1,T1_BPTT,conv2,BPTT,Adam,ours,4,1,2,2,0,0,100,30,6,6,launch_new_seed,frozen_settings_check_and_seed_assets,results/paper-training-completion-20260911-v1/collected/akib_initial/000_T1_BPTT_conv2_ours_gmax100_seed2_e8811a4f/result.json,configs/conv/perfectdiode_conv123_zero_bias_ordinary_mnist_seed0_20260805_v1/conv2/03_ours_adam_bias_zero_seed0.json,T1_BPTT_conv2_ours_gmax100_seed2,launch_new_seed,complete_collected_validated,training_collected_paper_gates_pending,pending_contract_and_checkpoint_seal,bundles/table1_wide_bptt/conv2/ours/seed2/result.json,9ce334c8f02a1c39acb8562409e2e113aacd83ac222219b12fc05d977f766ed8,98.24000000000001,98.11999999999999,30,ordinary_mnist_training_completion,akib,akib: nohup PID 7068,022098cfe6eb151dff3f7403d3f4b358709152b9,e31766d681e85323da108150d5137f80764d63a869d2ffca95584f44e4dda6e8,false,2026-09-11T15:04:24.252231+00:00
table1,T1_BPTT,conv2,BPTT,Adam,legacy,4,0.25,0,0,0,0,100,30,6,6,reuse_collected_pending_paper_audit,paper_reuse_pair_audit_and_final_contract_seal,results/perfectdiode-conv23-legacy-adam-physical-kcl-same-lr-bptt-rerun-seed0-20260826-v1/production/000_05_legacy_adam_bias_zero_seed0_6db2f139/result.json,configs/conv/perfectdiode_conv123_zero_bias_ordinary_mnist_seed0_20260805_v1/conv2/05_legacy_adam_bias_zero_seed0.json,T1_BPTT_conv2_legacy_gmax100_seed0,reuse_local,complete_collected_validated,reuse_and_pair_audit_pending,pending_contract_and_checkpoint_seal,bundles/table1_wide_bptt/conv2/legacy/seed0/result.json,891cbd72faf46eb1ee7f16d2c49cae8d6d8370f8a56b79a5f43c7a3ba77c3b34,98.30,98.08,30,ordinary_mnist_physical_kcl_same_lr_bptt_compatibility,jean-zay,,0efbfc4a4bb018b440365e5ad0f2a12bcafb290d,09439c4189c838ebdd049e635ec20122f77419710efacf6e987da1a794ce8503,false,2026-09-11
table1,T1_BPTT,conv2,BPTT,Adam,legacy,4,0.25,1,1,0,0,100,30,6,6,launch_new_seed,frozen_settings_check_and_seed_assets,results/paper-training-completion-20260911-v1/collected/akib_initial/000_T1_BPTT_conv2_legacy_gmax100_seed1_ae196f48/result.json,configs/conv/perfectdiode_conv123_zero_bias_ordinary_mnist_seed0_20260805_v1/conv2/05_legacy_adam_bias_zero_seed0.json,T1_BPTT_conv2_legacy_gmax100_seed1,launch_new_seed,complete_collected_validated,training_collected_paper_gates_pending,pending_contract_and_checkpoint_seal,bundles/table1_wide_bptt/conv2/legacy/seed1/result.json,b750b851b3284b607a9b75311440d27b55c39a53d92fea051a9b97595efec548,98.26,98.16,30,ordinary_mnist_training_completion,akib,akib: nohup PID 7068,022098cfe6eb151dff3f7403d3f4b358709152b9,e31766d681e85323da108150d5137f80764d63a869d2ffca95584f44e4dda6e8,false,2026-09-11T13:24:32.134531+00:00
table1,T1_BPTT,conv2,BPTT,Adam,legacy,4,0.25,2,2,0,0,100,30,6,6,launch_new_seed,frozen_settings_check_and_seed_assets,results/paper-training-completion-20260911-v1/collected/akib_initial/000_T1_BPTT_conv2_legacy_gmax100_seed2_02f6f089/result.json,configs/conv/perfectdiode_conv123_zero_bias_ordinary_mnist_seed0_20260805_v1/conv2/05_legacy_adam_bias_zero_seed0.json,T1_BPTT_conv2_legacy_gmax100_seed2,launch_new_seed,complete_collected_validated,training_collected_paper_gates_pending,pending_contract_and_checkpoint_seal,bundles/table1_wide_bptt/conv2/legacy/seed2/result.json,70ea62958f99a7bee18fb4c37064e1f9a1528897e48653021644f258b716acaf,98.34,98.28,30,ordinary_mnist_training_completion,akib,akib: nohup PID 7068,022098cfe6eb151dff3f7403d3f4b358709152b9,e31766d681e85323da108150d5137f80764d63a869d2ffca95584f44e4dda6e8,false,2026-09-11T14:12:27.876351+00:00
table1,T1_BPTT,conv3,BPTT,Adam,baseline,1,1,0,0,0,0,100,30,8,8,reuse_collected_pending_paper_audit,paper_reuse_pair_audit_and_final_contract_seal,results/perfectdiode-conv123-zero-bias-ordinary-mnist-seed0-20260805-v1/runs/013_01_baseline_adam_bias_zero_seed0_0f0a2169/result.json,configs/conv/perfectdiode_conv123_zero_bias_ordinary_mnist_seed0_20260805_v1/conv3/01_baseline_adam_bias_zero_seed0.json,T1_BPTT_conv3_baseline_gmax100_seed0,reuse_local,complete_collected_validated,reuse_and_pair_audit_pending,pending_contract_and_checkpoint_seal,bundles/table1_wide_bptt/conv3/baseline/seed0/result.json,46b75bcda1cf9da284b39902b1a51a7d7cf5adbb3a8ca65885044543ff75baf9,97.80,97.70,30,ordinary_mnist_bias_ablation,jean-zay,,ac941dffa75ad142be3703c43134813168ac6f11,382df19e2baaea3b5d544a9e38fc5a348c7e1f8d6868254fcb2176d8c7ad213b,false,2026-09-11
table1,T1_BPTT,conv3,BPTT,Adam,baseline,1,1,1,1,0,0,100,30,8,8,launch_new_seed,frozen_settings_check_and_seed_assets,results/paper-training-completion-20260911-v1/collected/trex_initial/000_T1_BPTT_conv3_baseline_gmax100_seed1_38099168/result.json,configs/conv/perfectdiode_conv123_zero_bias_ordinary_mnist_seed0_20260805_v1/conv3/01_baseline_adam_bias_zero_seed0.json,T1_BPTT_conv3_baseline_gmax100_seed1,launch_new_seed,complete_collected_validated,training_collected_paper_gates_pending,pending_contract_and_checkpoint_seal,bundles/table1_wide_bptt/conv3/baseline/seed1/result.json,8f0c86443d27966514a76c69037955729a72106c668a986f8397762dcb4bc17d,97.74000000000001,97.58,30,ordinary_mnist_training_completion,trex,trex: tmux paper-conv3-bptt,022098cfe6eb151dff3f7403d3f4b358709152b9,e31766d681e85323da108150d5137f80764d63a869d2ffca95584f44e4dda6e8,false,2026-09-11T15:35:47.736572+00:00
table1,T1_BPTT,conv3,BPTT,Adam,baseline,1,1,2,2,0,0,100,30,8,8,launch_new_seed,frozen_settings_check_and_seed_assets,results/paper-training-completion-20260911-v1/collected/loulou_wide_conv3_seed2/000_T1_BPTT_conv3_baseline_gmax100_seed2_5631dd8b/result.json,configs/conv/perfectdiode_conv123_zero_bias_ordinary_mnist_seed0_20260805_v1/conv3/01_baseline_adam_bias_zero_seed0.json,T1_BPTT_conv3_baseline_gmax100_seed2,launch_new_seed,complete_collected_validated,training_collected_paper_gates_pending,pending_contract_and_checkpoint_seal,bundles/table1_wide_bptt/conv3/baseline/seed2/result.json,d29bcc9ebae1f247db7fe9b4bb7e045a8449e7d8e6532a9837b267d675937c8a,97.76,97.74000000000001,30,ordinary_mnist_training_completion,loulou,loulou: nohup PID 721734; sole campaign RTX 5090,022098cfe6eb151dff3f7403d3f4b358709152b9,82b4e032f3d2de8f8152c9e5613595597bafa49dc31868b36ea63d7c5946ed2d,false,2026-09-11T17:40:34.601084+00:00
table1,T1_BPTT,conv3,BPTT,Adam,ours,4,1,0,0,0,0,100,30,8,8,reuse_collected_pending_paper_audit,paper_reuse_pair_audit_and_final_contract_seal,results/perfectdiode-conv123-zero-bias-ordinary-mnist-seed0-20260805-v1/runs/015_03_ours_adam_bias_zero_seed0_4d28abea/result.json,configs/conv/perfectdiode_conv123_zero_bias_ordinary_mnist_seed0_20260805_v1/conv3/03_ours_adam_bias_zero_seed0.json,T1_BPTT_conv3_ours_gmax100_seed0,reuse_local,complete_collected_validated,reuse_and_pair_audit_pending,pending_contract_and_checkpoint_seal,bundles/table1_wide_bptt/conv3/ours/seed0/result.json,825eb63dff0e97fd11a2175968ae2d1c417a0c58065622811bb6bbdbb20df19c,98.66,98.66,30,ordinary_mnist_bias_ablation,jean-zay,,ac941dffa75ad142be3703c43134813168ac6f11,382df19e2baaea3b5d544a9e38fc5a348c7e1f8d6868254fcb2176d8c7ad213b,false,2026-09-11
table1,T1_BPTT,conv3,BPTT,Adam,ours,4,1,1,1,0,0,100,30,8,8,launch_new_seed,frozen_settings_check_and_seed_assets,results/paper-training-completion-20260911-v1/collected/trex_wide_seed1_remaining/000_T1_BPTT_conv3_ours_gmax100_seed1_449c6bf3/result.json,configs/conv/perfectdiode_conv123_zero_bias_ordinary_mnist_seed0_20260805_v1/conv3/03_ours_adam_bias_zero_seed0.json,T1_BPTT_conv3_ours_gmax100_seed1,launch_new_seed,complete_collected_validated,training_collected_paper_gates_pending,pending_contract_and_checkpoint_seal,bundles/table1_wide_bptt/conv3/ours/seed1/result.json,ac9bfa1b34f7d3693aad652d9d400b392d5cbc113a50b3a20fd8079e8ca37197,98.46000000000001,98.42,30,ordinary_mnist_training_completion,trex,trex: nohup PID 1136216,022098cfe6eb151dff3f7403d3f4b358709152b9,82b4e032f3d2de8f8152c9e5613595597bafa49dc31868b36ea63d7c5946ed2d,false,2026-09-12T12:38:29.537101+00:00
table1,T1_BPTT,conv3,BPTT,Adam,ours,4,1,2,2,0,0,100,30,8,8,launch_new_seed,frozen_settings_check_and_seed_assets,results/paper-training-completion-20260911-v1/collected/loulou_wide_conv3_seed2/000_T1_BPTT_conv3_ours_gmax100_seed2_bf30ac61/result.json,configs/conv/perfectdiode_conv123_zero_bias_ordinary_mnist_seed0_20260805_v1/conv3/03_ours_adam_bias_zero_seed0.json,T1_BPTT_conv3_ours_gmax100_seed2,launch_new_seed,complete_collected_validated,training_collected_paper_gates_pending,pending_contract_and_checkpoint_seal,bundles/table1_wide_bptt/conv3/ours/seed2/result.json,768858d14ff8c21dcaae15e08b01925e0af7169f7f01b82afde1c51ab83872d3,98.56,98.56,30,ordinary_mnist_training_completion,loulou,loulou: nohup PID 721734; final case active as GPU child 740842; original eight-hour limit retained,022098cfe6eb151dff3f7403d3f4b358709152b9,82b4e032f3d2de8f8152c9e5613595597bafa49dc31868b36ea63d7c5946ed2d,false,2026-09-12T09:01:49.618693+00:00
table1,T1_BPTT,conv3,BPTT,Adam,legacy,4,0.25,0,0,0,0,100,30,8,8,reuse_collected_pending_paper_audit,paper_reuse_pair_audit_and_final_contract_seal,results/perfectdiode-conv23-legacy-adam-physical-kcl-same-lr-bptt-rerun-seed0-20260826-v1/production/000_05_legacy_adam_bias_zero_seed0_06f658e1/result.json,configs/conv/perfectdiode_conv123_zero_bias_ordinary_mnist_seed0_20260805_v1/conv3/05_legacy_adam_bias_zero_seed0.json,T1_BPTT_conv3_legacy_gmax100_seed0,reuse_local,complete_collected_validated,reuse_and_pair_audit_pending,pending_contract_and_checkpoint_seal,bundles/table1_wide_bptt/conv3/legacy/seed0/result.json,9b82c5fc686ef66fa8e2c499c456df29cc9228cbf74ae34f06c408b49c47beda,98.84,98.78,30,ordinary_mnist_physical_kcl_same_lr_bptt_compatibility,jean-zay,,0efbfc4a4bb018b440365e5ad0f2a12bcafb290d,09439c4189c838ebdd049e635ec20122f77419710efacf6e987da1a794ce8503,false,2026-09-11
table1,T1_BPTT,conv3,BPTT,Adam,legacy,4,0.25,1,1,0,0,100,30,8,8,launch_new_seed,frozen_settings_check_and_seed_assets,results/paper-training-completion-20260911-v1/collected/trex_wide_seed1_remaining/000_T1_BPTT_conv3_legacy_gmax100_seed1_6d37a5e9/result.json,configs/conv/perfectdiode_conv123_zero_bias_ordinary_mnist_seed0_20260805_v1/conv3/05_legacy_adam_bias_zero_seed0.json,T1_BPTT_conv3_legacy_gmax100_seed1,launch_new_seed,complete_collected_validated,training_collected_paper_gates_pending,pending_contract_and_checkpoint_seal,bundles/table1_wide_bptt/conv3/legacy/seed1/result.json,efb9b76177c934e50140e54b06e761b202b84394e7911a10ee0e17a41fad4a05,98.96000000000001,98.82,30,ordinary_mnist_training_completion,trex,trex: nohup PID 1136216,022098cfe6eb151dff3f7403d3f4b358709152b9,82b4e032f3d2de8f8152c9e5613595597bafa49dc31868b36ea63d7c5946ed2d,false,2026-09-12T11:17:12.279188+00:00
table1,T1_BPTT,conv3,BPTT,Adam,legacy,4,0.25,2,2,0,0,100,30,8,8,launch_new_seed,frozen_settings_check_and_seed_assets,results/paper-training-completion-20260911-v1/collected/loulou_wide_conv3_seed2/000_T1_BPTT_conv3_legacy_gmax100_seed2_65ca84f3/result.json,configs/conv/perfectdiode_conv123_zero_bias_ordinary_mnist_seed0_20260805_v1/conv3/05_legacy_adam_bias_zero_seed0.json,T1_BPTT_conv3_legacy_gmax100_seed2,launch_new_seed,complete_collected_validated,training_collected_paper_gates_pending,pending_contract_and_checkpoint_seal,bundles/table1_wide_bptt/conv3/legacy/seed2/result.json,889a2c8b95aad22ae0821019e05a84743fb589bc449fa6fdbacfe6925ccb17bc,98.88,98.86,30,ordinary_mnist_training_completion,loulou,loulou: nohup PID 721734; next case requires idle GPU after current baseline completes,022098cfe6eb151dff3f7403d3f4b358709152b9,82b4e032f3d2de8f8152c9e5613595597bafa49dc31868b36ea63d7c5946ed2d,false,2026-09-11T18:57:16.198621+00:00
table2,T2_EP,conv1,EP,Adam,baseline,1,1,0,0,0,0,100,10,4,4,reuse_collected_pending_paper_audit,paper_reuse_pair_audit_and_final_contract_seal,results/perfectdiode-conv123-zero-bias-adam-centered-float64-eqprop-one-decade-ordinary-mnist-10-30-30ep-seed0-20260816-v1/production/000_00_conv1_baseline_adam_centered_float64_eqprop_beta_one_decade_sigma_0_seed0_f116e18f/result.json,configs/conv/perfectdiode_conv123_zero_bias_adam_eqprop_one_decade_ordinary_mnist_10_30_30ep_seed0_20260816_v1.json,T2_EP_conv1_baseline_gmax100_seed0,reuse_local,complete_collected_validated,reuse_and_pair_audit_pending,pending_contract_and_checkpoint_seal,bundles/table2_wide_ep/conv1/baseline/seed0/result.json,493922a5d735cb15e012fce1f24786e5edfae86b2ea7c36d944b12fb38f665fb,96.18,96.04,10,ordinary_mnist_eqprop_zero_bias_training_qualification,jean-zay,,68d2f8552c703f06756fea48f8a3f7c2d885d6d7,5ec17b492384249d784b72f39d716ec43c44aa262cacabd8535fdfab049517a8,false,2026-09-11
table2,T2_EP,conv1,EP,Adam,baseline,1,1,1,1,0,0,100,10,4,4,launch_new_seed,frozen_settings_check_and_seed_assets,results/paper-training-completion-20260911-v1/collected/jz_conv1_ep_next/task_0/000_T2_EP_conv1_baseline_gmax100_seed1_83582964/result.json,configs/conv/perfectdiode_conv123_zero_bias_adam_eqprop_one_decade_ordinary_mnist_10_30_30ep_seed0_20260816_v1.json,T2_EP_conv1_baseline_gmax100_seed1,launch_new_seed,complete_collected_validated,training_collected_paper_gates_pending,pending_contract_and_checkpoint_seal,bundles/table2_wide_ep/conv1/baseline/seed1/result.json,bb77d744ed2f2d7d6cdb26f29fadf6b4d35247e92bc0707b75f844aec569082b,96.3,96.3,10,ordinary_mnist_training_completion,jean-zay,jean-zay: Slurm 2024429_0,022098cfe6eb151dff3f7403d3f4b358709152b9,19b3501075065f7613b7bb106bbdf2c2711e9057bf33922532f0cead14f66b3c,false,2026-09-11T12:30:32.819647+00:00
table2,T2_EP,conv1,EP,Adam,baseline,1,1,2,2,0,0,100,10,4,4,launch_new_seed,frozen_settings_check_and_seed_assets,results/paper-training-completion-20260911-v1/collected/jz_conv1_ep_next/task_1/000_T2_EP_conv1_baseline_gmax100_seed2_c8bb0d75/result.json,configs/conv/perfectdiode_conv123_zero_bias_adam_eqprop_one_decade_ordinary_mnist_10_30_30ep_seed0_20260816_v1.json,T2_EP_conv1_baseline_gmax100_seed2,launch_new_seed,complete_collected_validated,training_collected_paper_gates_pending,pending_contract_and_checkpoint_seal,bundles/table2_wide_ep/conv1/baseline/seed2/result.json,04ff63f21f11c3f2ebc299aef1b06416d963cb599f25de7c5f85ecf547ae811a,96.36,96.26,10,ordinary_mnist_training_completion,jean-zay,jean-zay: Slurm 2024429_1,022098cfe6eb151dff3f7403d3f4b358709152b9,19b3501075065f7613b7bb106bbdf2c2711e9057bf33922532f0cead14f66b3c,false,2026-09-11T12:30:32.819647+00:00
table2,T2_EP,conv1,EP,Adam,ours,4,1,0,0,0,0,100,10,4,4,reuse_collected_pending_paper_audit,paper_reuse_pair_audit_and_final_contract_seal,results/perfectdiode-conv123-zero-bias-adam-centered-float64-eqprop-one-decade-ordinary-mnist-10-30-30ep-seed0-20260816-v1/production/002_02_conv1_ours_adam_centered_float64_eqprop_beta_one_decade_sigma_0_seed0_e5506571/result.json,configs/conv/perfectdiode_conv123_zero_bias_adam_eqprop_one_decade_ordinary_mnist_10_30_30ep_seed0_20260816_v1.json,T2_EP_conv1_ours_gmax100_seed0,reuse_local,complete_collected_validated,reuse_and_pair_audit_pending,pending_contract_and_checkpoint_seal,bundles/table2_wide_ep/conv1/ours/seed0/result.json,7854fb167d4ee1539285759338066bf8c29859e7dff66da471dc0b3049d68779,96.42,96.34,10,ordinary_mnist_eqprop_zero_bias_training_qualification,jean-zay,,68d2f8552c703f06756fea48f8a3f7c2d885d6d7,5ec17b492384249d784b72f39d716ec43c44aa262cacabd8535fdfab049517a8,false,2026-09-11
table2,T2_EP,conv1,EP,Adam,ours,4,1,1,1,0,0,100,10,4,4,launch_new_seed,frozen_settings_check_and_seed_assets,results/paper-training-completion-20260911-v1/collected/jz_conv1_ep_next/task_4/000_T2_EP_conv1_ours_gmax100_seed1_50b5d2c2/result.json,configs/conv/perfectdiode_conv123_zero_bias_adam_eqprop_one_decade_ordinary_mnist_10_30_30ep_seed0_20260816_v1.json,T2_EP_conv1_ours_gmax100_seed1,launch_new_seed,complete_collected_validated,training_collected_paper_gates_pending,pending_contract_and_checkpoint_seal,bundles/table2_wide_ep/conv1/ours/seed1/result.json,656445b8143dee4edea74669db914fb3c7b5d1c51af96166aada05836c3909c4,96.39999999999999,96.39999999999999,10,ordinary_mnist_training_completion,jean-zay,jean-zay: Slurm 2024429_4,022098cfe6eb151dff3f7403d3f4b358709152b9,19b3501075065f7613b7bb106bbdf2c2711e9057bf33922532f0cead14f66b3c,false,2026-09-11T12:30:32.819647+00:00
table2,T2_EP,conv1,EP,Adam,ours,4,1,2,2,0,0,100,10,4,4,launch_new_seed,frozen_settings_check_and_seed_assets,results/paper-training-completion-20260911-v1/collected/jz_conv1_ep_next/task_5/000_T2_EP_conv1_ours_gmax100_seed2_32508b25/result.json,configs/conv/perfectdiode_conv123_zero_bias_adam_eqprop_one_decade_ordinary_mnist_10_30_30ep_seed0_20260816_v1.json,T2_EP_conv1_ours_gmax100_seed2,launch_new_seed,complete_collected_validated,training_collected_paper_gates_pending,pending_contract_and_checkpoint_seal,bundles/table2_wide_ep/conv1/ours/seed2/result.json,f9d52d70563e3535ee8c51f172b0b9d1f356568302ad36d35f90bef3cfa3e860,96.54,96.32,10,ordinary_mnist_training_completion,jean-zay,jean-zay: Slurm 2024429_5,022098cfe6eb151dff3f7403d3f4b358709152b9,19b3501075065f7613b7bb106bbdf2c2711e9057bf33922532f0cead14f66b3c,false,2026-09-11T12:30:32.819647+00:00
table2,T2_EP,conv1,EP,Adam,legacy,4,0.25,0,0,0,0,100,10,4,4,launch_corrected_seed0,corrected_conv1_ep_check_and_seed_assets,results/paper-training-completion-20260911-v1/collected/jean_zay_pilot/000_T2_EP_conv1_legacy_gmax100_seed0_6c802982/result.json,configs/conv/perfectdiode_conv123_zero_bias_adam_eqprop_one_decade_ordinary_mnist_10_30_30ep_seed0_20260816_v1.json,T2_EP_conv1_legacy_gmax100_seed0,launch_corrected_seed0,complete_collected_validated,training_collected_paper_gates_pending,pending_contract_and_checkpoint_seal,bundles/table2_wide_ep/conv1/legacy/seed0/result.json,1dd241c54dea20834115af2662326968e2d4eaa89cbfc9491ca2b5888f13340a,96.48,96.44,10,ordinary_mnist_training_completion,jean-zay,jean-zay: Slurm 2023182_0,022098cfe6eb151dff3f7403d3f4b358709152b9,e31766d681e85323da108150d5137f80764d63a869d2ffca95584f44e4dda6e8,false,2026-09-11T11:36:35.027646+00:00
table2,T2_EP,conv1,EP,Adam,legacy,4,0.25,1,1,0,0,100,10,4,4,launch_new_seed,corrected_conv1_ep_check_and_seed_assets,results/paper-training-completion-20260911-v1/collected/jz_conv1_ep_next/task_2/000_T2_EP_conv1_legacy_gmax100_seed1_ce54b79c/result.json,configs/conv/perfectdiode_conv123_zero_bias_adam_eqprop_one_decade_ordinary_mnist_10_30_30ep_seed0_20260816_v1.json,T2_EP_conv1_legacy_gmax100_seed1,launch_new_seed,complete_collected_validated,training_collected_paper_gates_pending,pending_contract_and_checkpoint_seal,bundles/table2_wide_ep/conv1/legacy/seed1/result.json,592fb151ec7b6dd6f9b11213a566a7834480681ac883be8a8f28ae723830d799,96.52,96.52,10,ordinary_mnist_training_completion,jean-zay,jean-zay: Slurm 2024429_2,022098cfe6eb151dff3f7403d3f4b358709152b9,19b3501075065f7613b7bb106bbdf2c2711e9057bf33922532f0cead14f66b3c,false,2026-09-11T12:30:32.819647+00:00
table2,T2_EP,conv1,EP,Adam,legacy,4,0.25,2,2,0,0,100,10,4,4,launch_new_seed,corrected_conv1_ep_check_and_seed_assets,results/paper-training-completion-20260911-v1/collected/jz_conv1_ep_next/task_3/000_T2_EP_conv1_legacy_gmax100_seed2_7a5fdcf5/result.json,configs/conv/perfectdiode_conv123_zero_bias_adam_eqprop_one_decade_ordinary_mnist_10_30_30ep_seed0_20260816_v1.json,T2_EP_conv1_legacy_gmax100_seed2,launch_new_seed,complete_collected_validated,training_collected_paper_gates_pending,pending_contract_and_checkpoint_seal,bundles/table2_wide_ep/conv1/legacy/seed2/result.json,0961c7c61d9fd580f4311bb2f0a889a283ed586792055cb3bc9290e1dc0a1fdc,96.6,96.5,10,ordinary_mnist_training_completion,jean-zay,jean-zay: Slurm 2024429_3,022098cfe6eb151dff3f7403d3f4b358709152b9,19b3501075065f7613b7bb106bbdf2c2711e9057bf33922532f0cead14f66b3c,false,2026-09-11T12:30:32.819647+00:00
table2,T2_EP,conv2,EP,Adam,baseline,1,1,0,0,0,0,100,30,6,6,reuse_collected_pending_paper_audit,paper_reuse_pair_audit_and_final_contract_seal,results/perfectdiode-conv123-zero-bias-adam-centered-float64-eqprop-one-decade-ordinary-mnist-10-30-30ep-seed0-20260816-v1/production/006_06_conv2_baseline_adam_centered_float64_eqprop_beta_one_decade_sigma_0_seed0_93f16ccd/result.json,configs/conv/perfectdiode_conv123_zero_bias_adam_eqprop_one_decade_ordinary_mnist_10_30_30ep_seed0_20260816_v1.json,T2_EP_conv2_baseline_gmax100_seed0,reuse_local,complete_collected_validated,reuse_and_pair_audit_pending,pending_contract_and_checkpoint_seal,bundles/table2_wide_ep/conv2/baseline/seed0/result.json,c29341c871d37483dfcb74a9a4a7bc670ff2a97628461fd8c25e9ed3ae9aa55a,97.22,97.22,30,ordinary_mnist_eqprop_zero_bias_training_qualification,jean-zay,,68d2f8552c703f06756fea48f8a3f7c2d885d6d7,5ec17b492384249d784b72f39d716ec43c44aa262cacabd8535fdfab049517a8,false,2026-09-11
table2,T2_EP,conv2,EP,Adam,baseline,1,1,1,1,0,0,100,30,6,6,launch_new_seed,frozen_settings_check_and_seed_assets,results/paper-training-completion-20260911-v1/collected/jz_wide_conv23_ep_reps/task_0/000_T2_EP_conv2_baseline_gmax100_seed1_875245a4/result.json,configs/conv/perfectdiode_conv123_zero_bias_adam_eqprop_one_decade_ordinary_mnist_10_30_30ep_seed0_20260816_v1.json,T2_EP_conv2_baseline_gmax100_seed1,launch_new_seed,complete_collected_validated,training_collected_paper_gates_pending,pending_contract_and_checkpoint_seal,bundles/table2_wide_ep/conv2/baseline/seed1/result.json,15cf3fa6d24dba4cf83fd3768ca9534bc65e730e1d8685444af4abe7000ce01d,97.38,97.3,30,ordinary_mnist_training_completion,jean-zay,jean-zay: Slurm 2028114_0,022098cfe6eb151dff3f7403d3f4b358709152b9,19b3501075065f7613b7bb106bbdf2c2711e9057bf33922532f0cead14f66b3c,false,2026-09-11T14:56:11.505900+00:00
table2,T2_EP,conv2,EP,Adam,baseline,1,1,2,2,0,0,100,30,6,6,launch_new_seed,frozen_settings_check_and_seed_assets,results/paper-training-completion-20260911-v1/collected/jz_wide_conv23_ep_reps/task_3/000_T2_EP_conv2_baseline_gmax100_seed2_06670d1d/result.json,configs/conv/perfectdiode_conv123_zero_bias_adam_eqprop_one_decade_ordinary_mnist_10_30_30ep_seed0_20260816_v1.json,T2_EP_conv2_baseline_gmax100_seed2,launch_new_seed,complete_collected_validated,training_collected_paper_gates_pending,pending_contract_and_checkpoint_seal,bundles/table2_wide_ep/conv2/baseline/seed2/result.json,5ee07d1d483c12e47bc09344ef6f625c99c106f8ae50d11274e95b4056f4bcb7,97.28,97.24000000000001,30,ordinary_mnist_training_completion,jean-zay,jean-zay: Slurm 2028114_3,022098cfe6eb151dff3f7403d3f4b358709152b9,19b3501075065f7613b7bb106bbdf2c2711e9057bf33922532f0cead14f66b3c,false,2026-09-11T15:07:29.993164+00:00
table2,T2_EP,conv2,EP,Adam,ours,4,1,0,0,0,0,100,30,6,6,reuse_collected_pending_paper_audit,paper_reuse_pair_audit_and_final_contract_seal,results/perfectdiode-conv123-zero-bias-adam-centered-float64-eqprop-one-decade-ordinary-mnist-10-30-30ep-seed0-20260816-v1/production/007_07_conv2_ours_adam_centered_float64_eqprop_beta_one_decade_sigma_0_seed0_5313c3b4/result.json,configs/conv/perfectdiode_conv123_zero_bias_adam_eqprop_one_decade_ordinary_mnist_10_30_30ep_seed0_20260816_v1.json,T2_EP_conv2_ours_gmax100_seed0,reuse_local,complete_collected_validated,reuse_and_pair_audit_pending,pending_contract_and_checkpoint_seal,bundles/table2_wide_ep/conv2/ours/seed0/result.json,54303db54628d4c8fc97dd0dc53e6e00ab8cca09559b1e28b883dcc3654cedd6,98.10,98.02,30,ordinary_mnist_eqprop_zero_bias_training_qualification,jean-zay,,68d2f8552c703f06756fea48f8a3f7c2d885d6d7,5ec17b492384249d784b72f39d716ec43c44aa262cacabd8535fdfab049517a8,false,2026-09-11
table2,T2_EP,conv2,EP,Adam,ours,4,1,1,1,0,0,100,30,6,6,launch_new_seed,frozen_settings_check_and_seed_assets,results/paper-training-completion-20260911-v1/collected/jz_wide_conv23_ep_reps/task_2/000_T2_EP_conv2_ours_gmax100_seed1_63b05a7c/result.json,configs/conv/perfectdiode_conv123_zero_bias_adam_eqprop_one_decade_ordinary_mnist_10_30_30ep_seed0_20260816_v1.json,T2_EP_conv2_ours_gmax100_seed1,launch_new_seed,complete_collected_validated,training_collected_paper_gates_pending,pending_contract_and_checkpoint_seal,bundles/table2_wide_ep/conv2/ours/seed1/result.json,82b48a0ec9d1f005293b41daf2d7ab0cdedbd114aaf245f898c8f1a6c617a32f,98.14,98.1,30,ordinary_mnist_training_completion,jean-zay,jean-zay: Slurm 2028114_2,022098cfe6eb151dff3f7403d3f4b358709152b9,19b3501075065f7613b7bb106bbdf2c2711e9057bf33922532f0cead14f66b3c,false,2026-09-11T14:59:19.729322+00:00
table2,T2_EP,conv2,EP,Adam,ours,4,1,2,2,0,0,100,30,6,6,launch_new_seed,frozen_settings_check_and_seed_assets,results/paper-training-completion-20260911-v1/collected/jz_wide_conv23_ep_reps/task_5/000_T2_EP_conv2_ours_gmax100_seed2_806d5b88/result.json,configs/conv/perfectdiode_conv123_zero_bias_adam_eqprop_one_decade_ordinary_mnist_10_30_30ep_seed0_20260816_v1.json,T2_EP_conv2_ours_gmax100_seed2,launch_new_seed,complete_collected_validated,training_collected_paper_gates_pending,pending_contract_and_checkpoint_seal,bundles/table2_wide_ep/conv2/ours/seed2/result.json,d128bf25c5a165e192ccac003b543450c27b462564c4b120dbb759cd61a9288a,98.22,98.1,30,ordinary_mnist_training_completion,jean-zay,jean-zay: Slurm 2028114_5,022098cfe6eb151dff3f7403d3f4b358709152b9,19b3501075065f7613b7bb106bbdf2c2711e9057bf33922532f0cead14f66b3c,false,2026-09-11T17:06:51.506814+00:00
table2,T2_EP,conv2,EP,Adam,legacy,4,0.25,0,0,0,0,100,30,6,6,reuse_collected_pending_paper_audit,paper_reuse_pair_audit_and_final_contract_seal,results/perfectdiode-conv2-legacy-adam-clean-noisy-eqprop-physical-kcl-reruns-seed0-20260826-v1/production/clean_eqprop/008_08_conv2_legacy_adam_centered_float64_eqprop_beta_one_decade_sigma_0_seed0_83609bea/result.json,configs/conv/perfectdiode_conv123_zero_bias_adam_eqprop_one_decade_ordinary_mnist_10_30_30ep_seed0_20260816_v1.json,T2_EP_conv2_legacy_gmax100_seed0,reuse_local,complete_collected_validated,reuse_and_pair_audit_pending,pending_contract_and_checkpoint_seal,bundles/table2_wide_ep/conv2/legacy/seed0/result.json,78ab5eefd7d8febf8fa7d0159d21b95a07904b2f8bbe354f7a7af602624d845d,98.30,98.06,30,ordinary_mnist_eqprop_zero_bias_training_qualification,jean-zay,,f9ac153302792aea787f267837c6e4d8c4df838c,358522043084cd20c8d38cd36aa67727632ce8009ac80c73ae390c3331ed5d6b,false,2026-09-11
table2,T2_EP,conv2,EP,Adam,legacy,4,0.25,1,1,0,0,100,30,6,6,launch_new_seed,frozen_settings_check_and_seed_assets,results/paper-training-completion-20260911-v1/collected/jz_wide_conv23_ep_reps/task_1/000_T2_EP_conv2_legacy_gmax100_seed1_b3d5fa50/result.json,configs/conv/perfectdiode_conv123_zero_bias_adam_eqprop_one_decade_ordinary_mnist_10_30_30ep_seed0_20260816_v1.json,T2_EP_conv2_legacy_gmax100_seed1,launch_new_seed,complete_collected_validated,training_collected_paper_gates_pending,pending_contract_and_checkpoint_seal,bundles/table2_wide_ep/conv2/legacy/seed1/result.json,76ccdce5508e879087d5463e9ebcf98db23f4161844b7398d11edfebc7794aa2,98.34,98.34,30,ordinary_mnist_training_completion,jean-zay,jean-zay: Slurm 2028114_1,022098cfe6eb151dff3f7403d3f4b358709152b9,19b3501075065f7613b7bb106bbdf2c2711e9057bf33922532f0cead14f66b3c,false,2026-09-11T14:59:19.729322+00:00
table2,T2_EP,conv2,EP,Adam,legacy,4,0.25,2,2,0,0,100,30,6,6,launch_new_seed,frozen_settings_check_and_seed_assets,results/paper-training-completion-20260911-v1/collected/jz_wide_conv23_ep_reps/task_4/000_T2_EP_conv2_legacy_gmax100_seed2_b6091073/result.json,configs/conv/perfectdiode_conv123_zero_bias_adam_eqprop_one_decade_ordinary_mnist_10_30_30ep_seed0_20260816_v1.json,T2_EP_conv2_legacy_gmax100_seed2,launch_new_seed,complete_collected_validated,training_collected_paper_gates_pending,pending_contract_and_checkpoint_seal,bundles/table2_wide_ep/conv2/legacy/seed2/result.json,cce366595b5f49bdebb0ee35b53c67dd16ad46a33ad5c574cf62256d467c072b,98.38,98.26,30,ordinary_mnist_training_completion,jean-zay,jean-zay: Slurm 2028114_4,022098cfe6eb151dff3f7403d3f4b358709152b9,19b3501075065f7613b7bb106bbdf2c2711e9057bf33922532f0cead14f66b3c,false,2026-09-11T17:02:12.936419+00:00
table2,T2_EP,conv3,EP,Adam,baseline,1,1,0,0,0,0,100,30,8,8,reuse_collected_pending_paper_audit,paper_reuse_pair_audit_and_final_contract_seal,results/perfectdiode-conv123-zero-bias-adam-centered-float64-eqprop-one-decade-ordinary-mnist-10-30-30ep-seed0-20260816-v1/production/001_01_conv3_baseline_adam_centered_float64_eqprop_beta_one_decade_sigma_0_seed0_4aba36fb/result.json,configs/conv/perfectdiode_conv123_zero_bias_adam_eqprop_one_decade_ordinary_mnist_10_30_30ep_seed0_20260816_v1.json,T2_EP_conv3_baseline_gmax100_seed0,reuse_local,complete_collected_validated,reuse_and_pair_audit_pending,pending_contract_and_checkpoint_seal,bundles/table2_wide_ep/conv3/baseline/seed0/result.json,0ea541c57dee4cce1af85a4b65e52a021a4b6c167b793464af296e707deba524,97.76,97.68,30,ordinary_mnist_eqprop_zero_bias_training_qualification,jean-zay,,68d2f8552c703f06756fea48f8a3f7c2d885d6d7,5ec17b492384249d784b72f39d716ec43c44aa262cacabd8535fdfab049517a8,false,2026-09-11
table2,T2_EP,conv3,EP,Adam,baseline,1,1,1,1,0,0,100,30,8,8,launch_new_seed,frozen_settings_check_and_seed_assets,results/paper-training-completion-20260911-v1/collected/jz_wide_conv23_ep_reps/task_6/000_T2_EP_conv3_baseline_gmax100_seed1_17685f42/result.json,configs/conv/perfectdiode_conv123_zero_bias_adam_eqprop_one_decade_ordinary_mnist_10_30_30ep_seed0_20260816_v1.json,T2_EP_conv3_baseline_gmax100_seed1,launch_new_seed,complete_collected_validated,training_collected_paper_gates_pending,pending_contract_and_checkpoint_seal,bundles/table2_wide_ep/conv3/baseline/seed1/result.json,869699caa2881e1bdf95a4baf0d5c4fb1003069699d876da5da268fa8fdfefa0,97.6,97.58,30,ordinary_mnist_training_completion,jean-zay,jean-zay: Slurm 2028114_6,022098cfe6eb151dff3f7403d3f4b358709152b9,19b3501075065f7613b7bb106bbdf2c2711e9057bf33922532f0cead14f66b3c,false,2026-09-11T19:18:15.370419+00:00
table2,T2_EP,conv3,EP,Adam,baseline,1,1,2,2,0,0,100,30,8,8,launch_new_seed,frozen_settings_check_and_seed_assets,results/paper-training-completion-20260911-v1/collected/jz_wide_conv23_ep_reps/task_9/000_T2_EP_conv3_baseline_gmax100_seed2_155325cb/result.json,configs/conv/perfectdiode_conv123_zero_bias_adam_eqprop_one_decade_ordinary_mnist_10_30_30ep_seed0_20260816_v1.json,T2_EP_conv3_baseline_gmax100_seed2,launch_new_seed,complete_collected_validated,training_collected_paper_gates_pending,pending_contract_and_checkpoint_seal,bundles/table2_wide_ep/conv3/baseline/seed2/result.json,3a793410fe77c5602015c98b0fa9c9dc7a3e3706069e82e02006f695cd190c87,97.72,97.72,30,ordinary_mnist_training_completion,jean-zay,jean-zay: Slurm 2028114_9,022098cfe6eb151dff3f7403d3f4b358709152b9,19b3501075065f7613b7bb106bbdf2c2711e9057bf33922532f0cead14f66b3c,false,2026-09-12T09:01:49.618693+00:00
table2,T2_EP,conv3,EP,Adam,ours,4,1,0,0,0,0,100,30,8,8,reuse_collected_pending_paper_audit,paper_reuse_pair_audit_and_final_contract_seal,results/perfectdiode-conv123-zero-bias-adam-centered-float64-eqprop-one-decade-ordinary-mnist-10-30-30ep-seed0-20260816-v1/production/003_03_conv3_ours_adam_centered_float64_eqprop_beta_one_decade_sigma_0_seed0_a14629dd/result.json,configs/conv/perfectdiode_conv123_zero_bias_adam_eqprop_one_decade_ordinary_mnist_10_30_30ep_seed0_20260816_v1.json,T2_EP_conv3_ours_gmax100_seed0,reuse_local,complete_collected_validated,reuse_and_pair_audit_pending,pending_contract_and_checkpoint_seal,bundles/table2_wide_ep/conv3/ours/seed0/result.json,49c0cc5fdb73292736c217e7d8847b00ccdd88b59b6c83992dc45dd1fc9da36c,98.72,98.64,30,ordinary_mnist_eqprop_zero_bias_training_qualification,jean-zay,,68d2f8552c703f06756fea48f8a3f7c2d885d6d7,5ec17b492384249d784b72f39d716ec43c44aa262cacabd8535fdfab049517a8,false,2026-09-11
table2,T2_EP,conv3,EP,Adam,ours,4,1,1,1,0,0,100,30,8,8,launch_new_seed,frozen_settings_check_and_seed_assets,results/paper-training-completion-20260911-v1/collected/jz_wide_conv23_ep_reps/task_8/000_T2_EP_conv3_ours_gmax100_seed1_05652473/result.json,configs/conv/perfectdiode_conv123_zero_bias_adam_eqprop_one_decade_ordinary_mnist_10_30_30ep_seed0_20260816_v1.json,T2_EP_conv3_ours_gmax100_seed1,launch_new_seed,complete_collected_validated,training_collected_paper_gates_pending,pending_contract_and_checkpoint_seal,bundles/table2_wide_ep/conv3/ours/seed1/result.json,0f54252f419fc13a00e3133bdd8ce9f6ed2e638a7546734af315e304c61994b0,98.52,98.4,30,ordinary_mnist_training_completion,jean-zay,jean-zay: Slurm 2028114_8,022098cfe6eb151dff3f7403d3f4b358709152b9,19b3501075065f7613b7bb106bbdf2c2711e9057bf33922532f0cead14f66b3c,false,2026-09-12T09:01:49.618693+00:00
table2,T2_EP,conv3,EP,Adam,ours,4,1,2,2,0,0,100,30,8,8,launch_new_seed,frozen_settings_check_and_seed_assets,results/paper-training-completion-20260911-v1/collected/jz_wide_conv23_ep_reps/task_11/000_T2_EP_conv3_ours_gmax100_seed2_4fa4fa24/result.json,configs/conv/perfectdiode_conv123_zero_bias_adam_eqprop_one_decade_ordinary_mnist_10_30_30ep_seed0_20260816_v1.json,T2_EP_conv3_ours_gmax100_seed2,launch_new_seed,complete_collected_validated,training_collected_paper_gates_pending,pending_contract_and_checkpoint_seal,bundles/table2_wide_ep/conv3/ours/seed2/result.json,9caf0273b8c9f428f90da000499e162d8a74746f615329dd014d1cfadbb99709,98.56,98.56,30,ordinary_mnist_training_completion,jean-zay,jean-zay: Slurm 2028114_11,022098cfe6eb151dff3f7403d3f4b358709152b9,19b3501075065f7613b7bb106bbdf2c2711e9057bf33922532f0cead14f66b3c,false,2026-09-12T09:01:49.618693+00:00
table2,T2_EP,conv3,EP,Adam,legacy,4,0.25,0,0,0,0,100,30,8,8,reuse_collected_pending_paper_audit,paper_reuse_pair_audit_and_final_contract_seal,results/perfectdiode-conv3-remaining-legacy-adam-physical-kcl-reruns-seed0-20260826-v1/production/clean_eqprop/005_05_conv3_legacy_adam_centered_float64_eqprop_beta_one_decade_sigma_0_seed0_28ca8e35/result.json,configs/conv/perfectdiode_conv123_zero_bias_adam_eqprop_one_decade_ordinary_mnist_10_30_30ep_seed0_20260816_v1.json,T2_EP_conv3_legacy_gmax100_seed0,reuse_local,complete_collected_validated,reuse_and_pair_audit_pending,pending_contract_and_checkpoint_seal,bundles/table2_wide_ep/conv3/legacy/seed0/result.json,fc5e012b91072fdb6c1ad9e4514c30f754203bdbd5ae69b5958514fb4cca947f,98.84,98.78,30,ordinary_mnist_eqprop_zero_bias_training_qualification,jean-zay,,ce2e077afb1e764f5458bea55205695aa0c61741,557b2cdcb71b91ad8f2c89ff27bfb3385125f8fd141da1acbb5504092a1911ac,false,2026-09-11
table2,T2_EP,conv3,EP,Adam,legacy,4,0.25,1,1,0,0,100,30,8,8,launch_new_seed,frozen_settings_check_and_seed_assets,results/paper-training-completion-20260911-v1/collected/jz_wide_conv23_ep_reps/task_7/000_T2_EP_conv3_legacy_gmax100_seed1_9160f641/result.json,configs/conv/perfectdiode_conv123_zero_bias_adam_eqprop_one_decade_ordinary_mnist_10_30_30ep_seed0_20260816_v1.json,T2_EP_conv3_legacy_gmax100_seed1,launch_new_seed,complete_collected_validated,training_collected_paper_gates_pending,pending_contract_and_checkpoint_seal,bundles/table2_wide_ep/conv3/legacy/seed1/result.json,9a68b98a8188db1ec01f0b24f30ea5212c3f8365f031b8d317cdcf0fc382e9ac,98.98,98.86,30,ordinary_mnist_training_completion,jean-zay,jean-zay: Slurm 2028114_7,022098cfe6eb151dff3f7403d3f4b358709152b9,19b3501075065f7613b7bb106bbdf2c2711e9057bf33922532f0cead14f66b3c,false,2026-09-11T19:22:49.256775+00:00
table2,T2_EP,conv3,EP,Adam,legacy,4,0.25,2,2,0,0,100,30,8,8,launch_new_seed,frozen_settings_check_and_seed_assets,results/paper-training-completion-20260911-v1/collected/jz_wide_conv23_ep_reps/task_10/000_T2_EP_conv3_legacy_gmax100_seed2_76bad76e/result.json,configs/conv/perfectdiode_conv123_zero_bias_adam_eqprop_one_decade_ordinary_mnist_10_30_30ep_seed0_20260816_v1.json,T2_EP_conv3_legacy_gmax100_seed2,launch_new_seed,complete_collected_validated,training_collected_paper_gates_pending,pending_contract_and_checkpoint_seal,bundles/table2_wide_ep/conv3/legacy/seed2/result.json,571f82250be0c75807d4ae19e8c811adaedbfbb2ebe2a533a0a02839e53fda70,98.92,98.9,30,ordinary_mnist_training_completion,jean-zay,jean-zay: Slurm 2028114_10,022098cfe6eb151dff3f7403d3f4b358709152b9,19b3501075065f7613b7bb106bbdf2c2711e9057bf33922532f0cead14f66b3c,false,2026-09-12T09:01:49.618693+00:00
table3,T3_BPTT,conv1,BPTT,Adam,baseline,1,1,0,0,0,0.00001,0.0001,10,4,4,reuse_collected_pending_paper_audit,paper_reuse_pair_audit_and_final_contract_seal,results/perfectdiode-conv123-fixed-uniform-init-wmax-adam-10-30-30ep-seed0-20260814-v1/runs/000_00_wmax_1em4_baseline_adam_07455e5d/result.json,configs/conv/perfectdiode-conv123-fixed-uniform-init-wmax-adam-10-30-30ep-seed0-20260814-v1/conv1/00_wmax_1em4_baseline_adam.json,T3_BPTT_conv1_baseline_gmax0.0001_seed0,reuse_local,complete_collected_validated,reuse_and_pair_audit_pending,pending_contract_and_checkpoint_seal,bundles/table3_bounded_bptt/conv1/baseline/gmax_1em4/seed0/result.json,1ddbfbe7c474e9a9063d3563b1477d4a5245d332d4989caaed8450f3c2fb982c,89.68,87.26,10,ordinary_mnist_weight_ceiling_sensitivity_exploratory,jean-zay,,68d2f8552c703f06756fea48f8a3f7c2d885d6d7,b1551915cf1d8a4fa07e0c3e8c563b7ac13fadf536cbfb979825e813d1ef358d,false,2026-09-11
table3,T3_BPTT,conv1,BPTT,Adam,baseline,1,1,1,1,0,0.00001,0.0001,10,4,4,launch_new_seed,frozen_settings_check_and_seed_assets,results/paper-training-completion-20260911-v1/production/main_bounded_seed1/000_T3_BPTT_conv1_baseline_gmax0.0001_seed1_1a5f9f4f/result.json,configs/conv/perfectdiode-conv123-fixed-uniform-init-wmax-adam-10-30-30ep-seed0-20260814-v1/conv1/00_wmax_1em4_baseline_adam.json,T3_BPTT_conv1_baseline_gmax0.0001_seed1,launch_new_seed,complete_collected_validated,training_collected_paper_gates_pending,pending_contract_and_checkpoint_seal,bundles/table3_bounded_bptt/conv1/baseline/gmax_1em4/seed1/result.json,8f3b62d9b6516fd774846b8a7471cb6270fe60c6572b1ce952b94576eac95144,89.86,89.1,10,ordinary_mnist_training_completion,main,main: tmux main/@2,022098cfe6eb151dff3f7403d3f4b358709152b9,82b4e032f3d2de8f8152c9e5613595597bafa49dc31868b36ea63d7c5946ed2d,false,2026-09-11T12:39:49.457233+00:00
table3,T3_BPTT,conv1,BPTT,Adam,baseline,1,1,2,2,0,0.00001,0.0001,10,4,4,launch_new_seed,frozen_settings_check_and_seed_assets,results/paper-training-completion-20260911-v1/production/main_bounded_seed2/000_T3_BPTT_conv1_baseline_gmax0.0001_seed2_451e5a7e/result.json,configs/conv/perfectdiode-conv123-fixed-uniform-init-wmax-adam-10-30-30ep-seed0-20260814-v1/conv1/00_wmax_1em4_baseline_adam.json,T3_BPTT_conv1_baseline_gmax0.0001_seed2,launch_new_seed,complete_collected_validated,training_collected_paper_gates_pending,pending_contract_and_checkpoint_seal,bundles/table3_bounded_bptt/conv1/baseline/gmax_1em4/seed2/result.json,323156e0aad851357f88eeedcaa2d3ade067e22dbd75805a09b97baeff556a59,90.0,89.62,10,ordinary_mnist_training_completion,main,main: tmux main/@3,022098cfe6eb151dff3f7403d3f4b358709152b9,82b4e032f3d2de8f8152c9e5613595597bafa49dc31868b36ea63d7c5946ed2d,false,2026-09-11T13:42:27.731746+00:00
table3,T3_BPTT,conv1,BPTT,Adam,baseline,1,1,0,0,0,0.00001,0.0005,10,4,4,reuse_collected_pending_paper_audit,paper_reuse_pair_audit_and_final_contract_seal,results/perfectdiode-conv123-fixed-uniform-init-wmax-adam-10-30-30ep-seed0-20260814-v1/runs/003_03_wmax_5em4_baseline_adam_baf64da0/result.json,configs/conv/perfectdiode-conv123-fixed-uniform-init-wmax-adam-10-30-30ep-seed0-20260814-v1/conv1/03_wmax_5em4_baseline_adam.json,T3_BPTT_conv1_baseline_gmax0.0005_seed0,reuse_local,complete_collected_validated,reuse_and_pair_audit_pending,pending_contract_and_checkpoint_seal,bundles/table3_bounded_bptt/conv1/baseline/gmax_5em4/seed0/result.json,02d2af7a00a1cd06f145b31a5ec48a28d4209b70e2d896ea247758944747dc6d,94.44,93.80,10,ordinary_mnist_weight_ceiling_sensitivity_exploratory,jean-zay,,68d2f8552c703f06756fea48f8a3f7c2d885d6d7,b1551915cf1d8a4fa07e0c3e8c563b7ac13fadf536cbfb979825e813d1ef358d,false,2026-09-11
table3,T3_BPTT,conv1,BPTT,Adam,baseline,1,1,1,1,0,0.00001,0.0005,10,4,4,launch_new_seed,frozen_settings_check_and_seed_assets,results/paper-training-completion-20260911-v1/production/main_bounded_seed1/000_T3_BPTT_conv1_baseline_gmax0.0005_seed1_d52e9dbe/result.json,configs/conv/perfectdiode-conv123-fixed-uniform-init-wmax-adam-10-30-30ep-seed0-20260814-v1/conv1/03_wmax_5em4_baseline_adam.json,T3_BPTT_conv1_baseline_gmax0.0005_seed1,launch_new_seed,complete_collected_validated,training_collected_paper_gates_pending,pending_contract_and_checkpoint_seal,bundles/table3_bounded_bptt/conv1/baseline/gmax_5em4/seed1/result.json,d1dc814d93283241a03058f2251b7b3441d41cbb89db0559f990209ee93cac0f,94.64,94.64,10,ordinary_mnist_training_completion,main,main: tmux main/@2,022098cfe6eb151dff3f7403d3f4b358709152b9,82b4e032f3d2de8f8152c9e5613595597bafa49dc31868b36ea63d7c5946ed2d,false,2026-09-11T12:45:57.121738+00:00
table3,T3_BPTT,conv1,BPTT,Adam,baseline,1,1,2,2,0,0.00001,0.0005,10,4,4,launch_new_seed,frozen_settings_check_and_seed_assets,results/paper-training-completion-20260911-v1/production/main_bounded_seed2/000_T3_BPTT_conv1_baseline_gmax0.0005_seed2_5603e5f3/result.json,configs/conv/perfectdiode-conv123-fixed-uniform-init-wmax-adam-10-30-30ep-seed0-20260814-v1/conv1/03_wmax_5em4_baseline_adam.json,T3_BPTT_conv1_baseline_gmax0.0005_seed2,launch_new_seed,complete_collected_validated,training_collected_paper_gates_pending,pending_contract_and_checkpoint_seal,bundles/table3_bounded_bptt/conv1/baseline/gmax_5em4/seed2/result.json,4c72f89b82ef095678cfe007d60154512c87eb55bafab5fc514ffbcc2ea5007f,94.66,94.44,10,ordinary_mnist_training_completion,main,main: tmux main/@3,022098cfe6eb151dff3f7403d3f4b358709152b9,82b4e032f3d2de8f8152c9e5613595597bafa49dc31868b36ea63d7c5946ed2d,false,2026-09-11T13:42:27.731746+00:00
table3,T3_BPTT,conv1,BPTT,Adam,baseline,1,1,0,0,0,0.00001,0.001,10,4,4,reuse_collected_pending_paper_audit,paper_reuse_pair_audit_and_final_contract_seal,results/perfectdiode-conv123-fixed-uniform-init-wmax-adam-10-30-30ep-seed0-20260814-v1/runs/006_06_wmax_1em3_baseline_adam_0cdcb08c/result.json,configs/conv/perfectdiode-conv123-fixed-uniform-init-wmax-adam-10-30-30ep-seed0-20260814-v1/conv1/06_wmax_1em3_baseline_adam.json,T3_BPTT_conv1_baseline_gmax0.001_seed0,reuse_local,complete_collected_validated,reuse_and_pair_audit_pending,pending_contract_and_checkpoint_seal,bundles/table3_bounded_bptt/conv1/baseline/gmax_1em3/seed0/result.json,5e05312b98d31932d9ac14b0dafc1d617c109dd44a3fde9f36c3818133d0ac2c,94.80,94.24,10,ordinary_mnist_weight_ceiling_sensitivity_exploratory,jean-zay,,68d2f8552c703f06756fea48f8a3f7c2d885d6d7,b1551915cf1d8a4fa07e0c3e8c563b7ac13fadf536cbfb979825e813d1ef358d,false,2026-09-11
table3,T3_BPTT,conv1,BPTT,Adam,baseline,1,1,1,1,0,0.00001,0.001,10,4,4,launch_new_seed,frozen_settings_check_and_seed_assets,results/paper-training-completion-20260911-v1/production/main_bounded_seed1/000_T3_BPTT_conv1_baseline_gmax0.001_seed1_25999df1/result.json,configs/conv/perfectdiode-conv123-fixed-uniform-init-wmax-adam-10-30-30ep-seed0-20260814-v1/conv1/06_wmax_1em3_baseline_adam.json,T3_BPTT_conv1_baseline_gmax0.001_seed1,launch_new_seed,complete_collected_validated,training_collected_paper_gates_pending,pending_contract_and_checkpoint_seal,bundles/table3_bounded_bptt/conv1/baseline/gmax_1em3/seed1/result.json,456b72ed5b4bf6c2b87b7b7418032e5ede4667cffbaabbec83eb4de62c98c1b7,95.22,95.22,10,ordinary_mnist_training_completion,main,main: tmux main/@2,022098cfe6eb151dff3f7403d3f4b358709152b9,82b4e032f3d2de8f8152c9e5613595597bafa49dc31868b36ea63d7c5946ed2d,false,2026-09-11T12:53:01.690248+00:00
table3,T3_BPTT,conv1,BPTT,Adam,baseline,1,1,2,2,0,0.00001,0.001,10,4,4,launch_new_seed,frozen_settings_check_and_seed_assets,results/paper-training-completion-20260911-v1/production/main_bounded_seed2/000_T3_BPTT_conv1_baseline_gmax0.001_seed2_28fddbfb/result.json,configs/conv/perfectdiode-conv123-fixed-uniform-init-wmax-adam-10-30-30ep-seed0-20260814-v1/conv1/06_wmax_1em3_baseline_adam.json,T3_BPTT_conv1_baseline_gmax0.001_seed2,launch_new_seed,complete_collected_validated,training_collected_paper_gates_pending,pending_contract_and_checkpoint_seal,bundles/table3_bounded_bptt/conv1/baseline/gmax_1em3/seed2/result.json,d3adf32f036b9bcf867f312010755b06b5924335a76a98ac91b44868d048c3c1,94.84,94.84,10,ordinary_mnist_training_completion,main,main: tmux main/@3,022098cfe6eb151dff3f7403d3f4b358709152b9,82b4e032f3d2de8f8152c9e5613595597bafa49dc31868b36ea63d7c5946ed2d,false,2026-09-11T14:12:27.876351+00:00
table3,T3_BPTT,conv1,BPTT,Adam,ours,4,1,0,0,0,0.00001,0.0001,10,4,4,reuse_collected_pending_paper_audit,paper_reuse_pair_audit_and_final_contract_seal,results/perfectdiode-conv123-fixed-uniform-init-wmax-adam-10-30-30ep-seed0-20260814-v1/runs/001_01_wmax_1em4_ours_adam_756d4a95/result.json,configs/conv/perfectdiode-conv123-fixed-uniform-init-wmax-adam-10-30-30ep-seed0-20260814-v1/conv1/01_wmax_1em4_ours_adam.json,T3_BPTT_conv1_ours_gmax0.0001_seed0,reuse_local,complete_collected_validated,reuse_and_pair_audit_pending,pending_contract_and_checkpoint_seal,bundles/table3_bounded_bptt/conv1/ours/gmax_1em4/seed0/result.json,d026ef7c0e019ad25870c292bc73347c98569073e51d21fd7d6c45708275e418,92.92,91.52,10,ordinary_mnist_weight_ceiling_sensitivity_exploratory,jean-zay,,68d2f8552c703f06756fea48f8a3f7c2d885d6d7,b1551915cf1d8a4fa07e0c3e8c563b7ac13fadf536cbfb979825e813d1ef358d,false,2026-09-11
table3,T3_BPTT,conv1,BPTT,Adam,ours,4,1,1,1,0,0.00001,0.0001,10,4,4,launch_new_seed,frozen_settings_check_and_seed_assets,results/paper-training-completion-20260911-v1/production/main_bounded_seed1/000_T3_BPTT_conv1_ours_gmax0.0001_seed1_ab5e6a49/result.json,configs/conv/perfectdiode-conv123-fixed-uniform-init-wmax-adam-10-30-30ep-seed0-20260814-v1/conv1/01_wmax_1em4_ours_adam.json,T3_BPTT_conv1_ours_gmax0.0001_seed1,launch_new_seed,complete_collected_validated,training_collected_paper_gates_pending,pending_contract_and_checkpoint_seal,bundles/table3_bounded_bptt/conv1/ours/gmax_1em4/seed1/result.json,e8827b19f69288c473a31d40919992ba127924e43f59d3b3db09b87e464030b8,92.80000000000001,92.80000000000001,10,ordinary_mnist_training_completion,main,main: tmux main/@2,022098cfe6eb151dff3f7403d3f4b358709152b9,82b4e032f3d2de8f8152c9e5613595597bafa49dc31868b36ea63d7c5946ed2d,false,2026-09-11T13:24:10.901161+00:00
table3,T3_BPTT,conv1,BPTT,Adam,ours,4,1,2,2,0,0.00001,0.0001,10,4,4,launch_new_seed,frozen_settings_check_and_seed_assets,results/paper-training-completion-20260911-v1/production/main_bounded_seed2/000_T3_BPTT_conv1_ours_gmax0.0001_seed2_62a6e6fa/result.json,configs/conv/perfectdiode-conv123-fixed-uniform-init-wmax-adam-10-30-30ep-seed0-20260814-v1/conv1/01_wmax_1em4_ours_adam.json,T3_BPTT_conv1_ours_gmax0.0001_seed2,launch_new_seed,complete_collected_validated,training_collected_paper_gates_pending,pending_contract_and_checkpoint_seal,bundles/table3_bounded_bptt/conv1/ours/gmax_1em4/seed2/result.json,8d1e848bf93a24735e9bd815ebafa727d3c7d22bc075ecbc3b33fbd84546e077,93.4,93.4,10,ordinary_mnist_training_completion,main,main: tmux main/@3,022098cfe6eb151dff3f7403d3f4b358709152b9,82b4e032f3d2de8f8152c9e5613595597bafa49dc31868b36ea63d7c5946ed2d,false,2026-09-11T14:23:59.591478+00:00
table3,T3_BPTT,conv1,BPTT,Adam,ours,4,1,0,0,0,0.00001,0.0005,10,4,4,reuse_collected_pending_paper_audit,paper_reuse_pair_audit_and_final_contract_seal,results/perfectdiode-conv123-fixed-uniform-init-wmax-adam-10-30-30ep-seed0-20260814-v1/runs/004_04_wmax_5em4_ours_adam_a3eb101d/result.json,configs/conv/perfectdiode-conv123-fixed-uniform-init-wmax-adam-10-30-30ep-seed0-20260814-v1/conv1/04_wmax_5em4_ours_adam.json,T3_BPTT_conv1_ours_gmax0.0005_seed0,reuse_local,complete_collected_validated,reuse_and_pair_audit_pending,pending_contract_and_checkpoint_seal,bundles/table3_bounded_bptt/conv1/ours/gmax_5em4/seed0/result.json,9ebb46ebe74c67af7e9bc19b46672c3cf45f241bb1bfd9c9ef78c01b8f24c61b,95.00,94.60,10,ordinary_mnist_weight_ceiling_sensitivity_exploratory,jean-zay,,68d2f8552c703f06756fea48f8a3f7c2d885d6d7,b1551915cf1d8a4fa07e0c3e8c563b7ac13fadf536cbfb979825e813d1ef358d,false,2026-09-11
table3,T3_BPTT,conv1,BPTT,Adam,ours,4,1,1,1,0,0.00001,0.0005,10,4,4,launch_new_seed,frozen_settings_check_and_seed_assets,results/paper-training-completion-20260911-v1/production/main_bounded_seed1/000_T3_BPTT_conv1_ours_gmax0.0005_seed1_92641456/result.json,configs/conv/perfectdiode-conv123-fixed-uniform-init-wmax-adam-10-30-30ep-seed0-20260814-v1/conv1/04_wmax_5em4_ours_adam.json,T3_BPTT_conv1_ours_gmax0.0005_seed1,launch_new_seed,complete_collected_validated,training_collected_paper_gates_pending,pending_contract_and_checkpoint_seal,bundles/table3_bounded_bptt/conv1/ours/gmax_5em4/seed1/result.json,1891c16460a4f8d09005b72240904f50a5ee77765c40fa735a2dd3f57bb77324,95.42,95.42,10,ordinary_mnist_training_completion,main,main: tmux main/@2,022098cfe6eb151dff3f7403d3f4b358709152b9,82b4e032f3d2de8f8152c9e5613595597bafa49dc31868b36ea63d7c5946ed2d,false,2026-09-11T13:24:10.901161+00:00
table3,T3_BPTT,conv1,BPTT,Adam,ours,4,1,2,2,0,0.00001,0.0005,10,4,4,launch_new_seed,frozen_settings_check_and_seed_assets,results/paper-training-completion-20260911-v1/production/main_bounded_seed2/000_T3_BPTT_conv1_ours_gmax0.0005_seed2_60a29973/result.json,configs/conv/perfectdiode-conv123-fixed-uniform-init-wmax-adam-10-30-30ep-seed0-20260814-v1/conv1/04_wmax_5em4_ours_adam.json,T3_BPTT_conv1_ours_gmax0.0005_seed2,launch_new_seed,complete_collected_validated,training_collected_paper_gates_pending,pending_contract_and_checkpoint_seal,bundles/table3_bounded_bptt/conv1/ours/gmax_5em4/seed2/result.json,8c7ea8c4e5ba8b895e7928c6f1a3327db5e638af356f22ea84e8fe168b0edaeb,95.08,94.92,10,ordinary_mnist_training_completion,main,main: tmux main/@3,022098cfe6eb151dff3f7403d3f4b358709152b9,82b4e032f3d2de8f8152c9e5613595597bafa49dc31868b36ea63d7c5946ed2d,false,2026-09-11T14:23:59.591478+00:00
table3,T3_BPTT,conv1,BPTT,Adam,ours,4,1,0,0,0,0.00001,0.001,10,4,4,reuse_collected_pending_paper_audit,paper_reuse_pair_audit_and_final_contract_seal,results/perfectdiode-conv123-fixed-uniform-init-wmax-adam-10-30-30ep-seed0-20260814-v1/runs/007_07_wmax_1em3_ours_adam_95a5a2d7/result.json,configs/conv/perfectdiode-conv123-fixed-uniform-init-wmax-adam-10-30-30ep-seed0-20260814-v1/conv1/07_wmax_1em3_ours_adam.json,T3_BPTT_conv1_ours_gmax0.001_seed0,reuse_local,complete_collected_validated,reuse_and_pair_audit_pending,pending_contract_and_checkpoint_seal,bundles/table3_bounded_bptt/conv1/ours/gmax_1em3/seed0/result.json,ed0b1184f2b1817aa2b458cd4e67e9f489acb40c6d10b76b7ebc0cd52a3a9f40,95.02,94.68,10,ordinary_mnist_weight_ceiling_sensitivity_exploratory,jean-zay,,68d2f8552c703f06756fea48f8a3f7c2d885d6d7,b1551915cf1d8a4fa07e0c3e8c563b7ac13fadf536cbfb979825e813d1ef358d,false,2026-09-11
table3,T3_BPTT,conv1,BPTT,Adam,ours,4,1,1,1,0,0.00001,0.001,10,4,4,launch_new_seed,frozen_settings_check_and_seed_assets,results/paper-training-completion-20260911-v1/production/main_bounded_seed1/000_T3_BPTT_conv1_ours_gmax0.001_seed1_eff54a45/result.json,configs/conv/perfectdiode-conv123-fixed-uniform-init-wmax-adam-10-30-30ep-seed0-20260814-v1/conv1/07_wmax_1em3_ours_adam.json,T3_BPTT_conv1_ours_gmax0.001_seed1,launch_new_seed,complete_collected_validated,training_collected_paper_gates_pending,pending_contract_and_checkpoint_seal,bundles/table3_bounded_bptt/conv1/ours/gmax_1em3/seed1/result.json,dfb21de3b409114c905a73e80c6a8803d3081066cbb293e4b8beb25104772a56,95.39999999999999,95.39999999999999,10,ordinary_mnist_training_completion,main,main: tmux main/@2,022098cfe6eb151dff3f7403d3f4b358709152b9,82b4e032f3d2de8f8152c9e5613595597bafa49dc31868b36ea63d7c5946ed2d,false,2026-09-11T13:27:44.591016+00:00
table3,T3_BPTT,conv1,BPTT,Adam,ours,4,1,2,2,0,0.00001,0.001,10,4,4,launch_new_seed,frozen_settings_check_and_seed_assets,results/paper-training-completion-20260911-v1/production/main_bounded_seed2/000_T3_BPTT_conv1_ours_gmax0.001_seed2_79ea1d70/result.json,configs/conv/perfectdiode-conv123-fixed-uniform-init-wmax-adam-10-30-30ep-seed0-20260814-v1/conv1/07_wmax_1em3_ours_adam.json,T3_BPTT_conv1_ours_gmax0.001_seed2,launch_new_seed,complete_collected_validated,training_collected_paper_gates_pending,pending_contract_and_checkpoint_seal,bundles/table3_bounded_bptt/conv1/ours/gmax_1em3/seed2/result.json,b7c27b92de2c4cb433e22e0f7bd1b2b93fc6e8e5d7c30d8fc20080f12678bf4d,95.08,95.0,10,ordinary_mnist_training_completion,main,main: tmux main/@3,022098cfe6eb151dff3f7403d3f4b358709152b9,82b4e032f3d2de8f8152c9e5613595597bafa49dc31868b36ea63d7c5946ed2d,false,2026-09-11T14:28:58.430160+00:00
table3,T3_BPTT,conv1,BPTT,Adam,legacy,4,0.25,0,0,0,0.00001,0.0001,10,4,4,launch_corrected_seed0,frozen_settings_check_and_seed_assets,results/paper-training-completion-20260911-v1/production/main_initial/000_T3_BPTT_conv1_legacy_gmax0.0001_seed0_3fb714a9/result.json,configs/conv/perfectdiode-conv123-fixed-uniform-init-wmax-adam-10-30-30ep-seed0-20260814-v1/conv1/02_wmax_1em4_legacy_adam.json,T3_BPTT_conv1_legacy_gmax0.0001_seed0,launch_corrected_seed0,complete_collected_validated,training_collected_paper_gates_pending,pending_contract_and_checkpoint_seal,bundles/table3_bounded_bptt/conv1/legacy/gmax_1em4/seed0/result.json,7fc9454bc87c173e9ff4cac1e875cedf0003bc445bfdb7e7888c75a0fcbfafd9,94.98,94.22,10,ordinary_mnist_training_completion,main,main: tmux main/@1,022098cfe6eb151dff3f7403d3f4b358709152b9,e31766d681e85323da108150d5137f80764d63a869d2ffca95584f44e4dda6e8,false,2026-09-11T12:02:28.748959+00:00
table3,T3_BPTT,conv1,BPTT,Adam,legacy,4,0.25,1,1,0,0.00001,0.0001,10,4,4,launch_new_seed,frozen_settings_check_and_seed_assets,results/paper-training-completion-20260911-v1/production/main_bounded_seed1/000_T3_BPTT_conv1_legacy_gmax0.0001_seed1_20f3a5a5/result.json,configs/conv/perfectdiode-conv123-fixed-uniform-init-wmax-adam-10-30-30ep-seed0-20260814-v1/conv1/02_wmax_1em4_legacy_adam.json,T3_BPTT_conv1_legacy_gmax0.0001_seed1,launch_new_seed,complete_collected_validated,training_collected_paper_gates_pending,pending_contract_and_checkpoint_seal,bundles/table3_bounded_bptt/conv1/legacy/gmax_1em4/seed1/result.json,276eda8d94f546fb01241571b0f8103512312017fb609f8d8ceb7d3f50c09367,94.84,94.84,10,ordinary_mnist_training_completion,main,main: tmux main/@2,022098cfe6eb151dff3f7403d3f4b358709152b9,82b4e032f3d2de8f8152c9e5613595597bafa49dc31868b36ea63d7c5946ed2d,false,2026-09-11T13:06:00.443926+00:00
table3,T3_BPTT,conv1,BPTT,Adam,legacy,4,0.25,2,2,0,0.00001,0.0001,10,4,4,launch_new_seed,frozen_settings_check_and_seed_assets,results/paper-training-completion-20260911-v1/production/main_bounded_seed2/000_T3_BPTT_conv1_legacy_gmax0.0001_seed2_ff6f95c7/result.json,configs/conv/perfectdiode-conv123-fixed-uniform-init-wmax-adam-10-30-30ep-seed0-20260814-v1/conv1/02_wmax_1em4_legacy_adam.json,T3_BPTT_conv1_legacy_gmax0.0001_seed2,launch_new_seed,complete_collected_validated,training_collected_paper_gates_pending,pending_contract_and_checkpoint_seal,bundles/table3_bounded_bptt/conv1/legacy/gmax_1em4/seed2/result.json,d4bc01925cb01a1c0de328f12ae35168376203f39540db8c6089b9eed1b52934,95.0,94.74000000000001,10,ordinary_mnist_training_completion,main,main: tmux main/@3,022098cfe6eb151dff3f7403d3f4b358709152b9,82b4e032f3d2de8f8152c9e5613595597bafa49dc31868b36ea63d7c5946ed2d,false,2026-09-11T14:12:27.876351+00:00
table3,T3_BPTT,conv1,BPTT,Adam,legacy,4,0.25,0,0,0,0.00001,0.0005,10,4,4,launch_corrected_seed0,frozen_settings_check_and_seed_assets,results/paper-training-completion-20260911-v1/production/main_initial/000_T3_BPTT_conv1_legacy_gmax0.0005_seed0_edb0b40b/result.json,configs/conv/perfectdiode-conv123-fixed-uniform-init-wmax-adam-10-30-30ep-seed0-20260814-v1/conv1/05_wmax_5em4_legacy_adam.json,T3_BPTT_conv1_legacy_gmax0.0005_seed0,launch_corrected_seed0,complete_collected_validated,training_collected_paper_gates_pending,pending_contract_and_checkpoint_seal,bundles/table3_bounded_bptt/conv1/legacy/gmax_5em4/seed0/result.json,e3c61b867c92e6b9c670e6d216f899c30fe02c9f631177928f2d8703a37ddf82,96.26,96.14,10,ordinary_mnist_training_completion,main,main: tmux main/@1,022098cfe6eb151dff3f7403d3f4b358709152b9,e31766d681e85323da108150d5137f80764d63a869d2ffca95584f44e4dda6e8,false,2026-09-11T12:20:31.429201+00:00
table3,T3_BPTT,conv1,BPTT,Adam,legacy,4,0.25,1,1,0,0.00001,0.0005,10,4,4,launch_new_seed,frozen_settings_check_and_seed_assets,results/paper-training-completion-20260911-v1/production/main_bounded_seed1/000_T3_BPTT_conv1_legacy_gmax0.0005_seed1_f195c649/result.json,configs/conv/perfectdiode-conv123-fixed-uniform-init-wmax-adam-10-30-30ep-seed0-20260814-v1/conv1/05_wmax_5em4_legacy_adam.json,T3_BPTT_conv1_legacy_gmax0.0005_seed1,launch_new_seed,complete_collected_validated,training_collected_paper_gates_pending,pending_contract_and_checkpoint_seal,bundles/table3_bounded_bptt/conv1/legacy/gmax_5em4/seed1/result.json,7c5e244745439095f2bbfca88d4e081c47f32b87ca5513c8148e6866a8d5b7ba,96.46000000000001,96.34,10,ordinary_mnist_training_completion,main,main: tmux main/@2,022098cfe6eb151dff3f7403d3f4b358709152b9,82b4e032f3d2de8f8152c9e5613595597bafa49dc31868b36ea63d7c5946ed2d,false,2026-09-11T13:06:00.443926+00:00
table3,T3_BPTT,conv1,BPTT,Adam,legacy,4,0.25,2,2,0,0.00001,0.0005,10,4,4,launch_new_seed,frozen_settings_check_and_seed_assets,results/paper-training-completion-20260911-v1/production/main_bounded_seed2/000_T3_BPTT_conv1_legacy_gmax0.0005_seed2_3b9063c5/result.json,configs/conv/perfectdiode-conv123-fixed-uniform-init-wmax-adam-10-30-30ep-seed0-20260814-v1/conv1/05_wmax_5em4_legacy_adam.json,T3_BPTT_conv1_legacy_gmax0.0005_seed2,launch_new_seed,complete_collected_validated,training_collected_paper_gates_pending,pending_contract_and_checkpoint_seal,bundles/table3_bounded_bptt/conv1/legacy/gmax_5em4/seed2/result.json,9531d94951941372b0074ed8d8483341497b51f6966fc66b22dda3573eb4c3fd,96.36,96.32,10,ordinary_mnist_training_completion,main,main: tmux main/@3,022098cfe6eb151dff3f7403d3f4b358709152b9,82b4e032f3d2de8f8152c9e5613595597bafa49dc31868b36ea63d7c5946ed2d,false,2026-09-11T14:12:27.876351+00:00
table3,T3_BPTT,conv1,BPTT,Adam,legacy,4,0.25,0,0,0,0.00001,0.001,10,4,4,launch_corrected_seed0,frozen_settings_check_and_seed_assets,results/paper-training-completion-20260911-v1/production/main_initial/000_T3_BPTT_conv1_legacy_gmax0.001_seed0_eb049b61/result.json,configs/conv/perfectdiode-conv123-fixed-uniform-init-wmax-adam-10-30-30ep-seed0-20260814-v1/conv1/08_wmax_1em3_legacy_adam.json,T3_BPTT_conv1_legacy_gmax0.001_seed0,launch_corrected_seed0,complete_collected_validated,training_collected_paper_gates_pending,pending_contract_and_checkpoint_seal,bundles/table3_bounded_bptt/conv1/legacy/gmax_1em3/seed0/result.json,3cbdb86882b4fc11af5243d1a9f053de83371cc9eb19eaa87ccae67224b2c766,96.34,96.2,10,ordinary_mnist_training_completion,main,main: tmux main/@1,022098cfe6eb151dff3f7403d3f4b358709152b9,e31766d681e85323da108150d5137f80764d63a869d2ffca95584f44e4dda6e8,false,2026-09-11T12:20:31.429201+00:00
table3,T3_BPTT,conv1,BPTT,Adam,legacy,4,0.25,1,1,0,0.00001,0.001,10,4,4,launch_new_seed,frozen_settings_check_and_seed_assets,results/paper-training-completion-20260911-v1/production/main_bounded_seed1/000_T3_BPTT_conv1_legacy_gmax0.001_seed1_33c55276/result.json,configs/conv/perfectdiode-conv123-fixed-uniform-init-wmax-adam-10-30-30ep-seed0-20260814-v1/conv1/08_wmax_1em3_legacy_adam.json,T3_BPTT_conv1_legacy_gmax0.001_seed1,launch_new_seed,complete_collected_validated,training_collected_paper_gates_pending,pending_contract_and_checkpoint_seal,bundles/table3_bounded_bptt/conv1/legacy/gmax_1em3/seed1/result.json,6bb2f0a80570f056a39cb468acafb40cb534501b7dda82eb10efa7b04d76273d,96.5,96.5,10,ordinary_mnist_training_completion,main,main: tmux main/@2,022098cfe6eb151dff3f7403d3f4b358709152b9,82b4e032f3d2de8f8152c9e5613595597bafa49dc31868b36ea63d7c5946ed2d,false,2026-09-11T13:06:00.443926+00:00
table3,T3_BPTT,conv1,BPTT,Adam,legacy,4,0.25,2,2,0,0.00001,0.001,10,4,4,launch_new_seed,frozen_settings_check_and_seed_assets,results/paper-training-completion-20260911-v1/production/main_bounded_seed2/000_T3_BPTT_conv1_legacy_gmax0.001_seed2_ec09cd97/result.json,configs/conv/perfectdiode-conv123-fixed-uniform-init-wmax-adam-10-30-30ep-seed0-20260814-v1/conv1/08_wmax_1em3_legacy_adam.json,T3_BPTT_conv1_legacy_gmax0.001_seed2,launch_new_seed,complete_collected_validated,training_collected_paper_gates_pending,pending_contract_and_checkpoint_seal,bundles/table3_bounded_bptt/conv1/legacy/gmax_1em3/seed2/result.json,7fc4900d4c5515216e1377e2f786f17c35c259e500fb1deebaebf47250ac300a,96.41999999999999,96.28,10,ordinary_mnist_training_completion,main,main: tmux main/@3,022098cfe6eb151dff3f7403d3f4b358709152b9,82b4e032f3d2de8f8152c9e5613595597bafa49dc31868b36ea63d7c5946ed2d,false,2026-09-11T14:12:27.876351+00:00
table3,T3_BPTT,conv2,BPTT,Adam,baseline,1,1,0,0,0,0.00001,0.0001,30,12,6,matched_baseline_TK_replacement,same_config_smoke_and_budget,results/paper-training-completion-20260911-v1/collected/akib_baseline_tk_conv2_bptt_seed0/000_T3_BPTT_conv2_baseline_gmax0.0001_seed0_19646462/result.json,configs/conv/paper_baseline_tk_revision_20260913_v1/training/T3_BPTT_conv2_baseline_gmax0.0001_seed0.json,T3_BPTT_conv2_baseline_gmax0.0001_seed0,reuse_local,complete_collected_validated,revised_training_collected_paper_gates_pending,pending_contract_and_checkpoint_seal,baseline_tk_revision/bundles/T3_BPTT_conv2_baseline_gmax0.0001_seed0/result.json,be47eab2188eccbd79a7a2831a0f4f3db7085b8bb2e93fd8142a36e146e895ad,85.52,85.08,30,ordinary_mnist_matched_baseline_tk_revision,akibscomputer,akibscomputer: akib_baseline_tk_conv2_bptt_seed0,022098cfe6eb151dff3f7403d3f4b358709152b9,40348282a2c2a6db9d6f1d519da092c491a1bd9a03391366f84456b448f1548d,false,2026-09-14T00:27:14.465038+00:00
table3,T3_BPTT,conv2,BPTT,Adam,baseline,1,1,1,1,0,0.00001,0.0001,30,12,6,matched_baseline_TK_replacement,same_config_smoke_and_budget,results/paper-training-completion-20260911-v1/collected/jz_baseline_tk_conv2_bptt_seed1_3h/task_0/000_T3_BPTT_conv2_baseline_gmax0.0001_seed1_5bfd7eab/result.json,configs/conv/paper_baseline_tk_revision_20260913_v1/training/T3_BPTT_conv2_baseline_gmax0.0001_seed1.json,T3_BPTT_conv2_baseline_gmax0.0001_seed1,launch_new_seed,complete_collected_validated,revised_training_collected_paper_gates_pending,pending_contract_and_checkpoint_seal,baseline_tk_revision/bundles/T3_BPTT_conv2_baseline_gmax0.0001_seed1/result.json,4a76a3a5b3f60124beb170b6d334eb3a66cf86805521e370a2c71ddef9a0f9a4,85.42,85.06,30,ordinary_mnist_matched_baseline_tk_revision,jean-zay,jean-zay: array 2117432; jz_baseline_tk_conv2_bptt_seed1_3h,022098cfe6eb151dff3f7403d3f4b358709152b9,40348282a2c2a6db9d6f1d519da092c491a1bd9a03391366f84456b448f1548d,false,2026-09-14T03:22:55.509432+00:00
table3,T3_BPTT,conv2,BPTT,Adam,baseline,1,1,2,2,0,0.00001,0.0001,30,12,6,matched_baseline_TK_replacement,same_config_smoke_and_budget,results/paper-training-completion-20260911-v1/collected/jz_baseline_tk_conv2_bptt_seed2_3h/task_0/000_T3_BPTT_conv2_baseline_gmax0.0001_seed2_09dd52ac/result.json,configs/conv/paper_baseline_tk_revision_20260913_v1/training/T3_BPTT_conv2_baseline_gmax0.0001_seed2.json,T3_BPTT_conv2_baseline_gmax0.0001_seed2,launch_new_seed,complete_collected_validated,revised_training_collected_paper_gates_pending,pending_contract_and_checkpoint_seal,baseline_tk_revision/bundles/T3_BPTT_conv2_baseline_gmax0.0001_seed2/result.json,47e97fda8f70fb170bc69f48b52ed9103bfc844b2ede3cc3e32b5fe5d116ead2,85.24000000000001,85.24000000000001,30,ordinary_mnist_matched_baseline_tk_revision,jean-zay,jean-zay: array 2118922; jz_baseline_tk_conv2_bptt_seed2_3h,022098cfe6eb151dff3f7403d3f4b358709152b9,40348282a2c2a6db9d6f1d519da092c491a1bd9a03391366f84456b448f1548d,false,2026-09-14T05:44:41.775216+00:00
table3,T3_BPTT,conv2,BPTT,Adam,baseline,1,1,0,0,0,0.00001,0.0005,30,12,6,matched_baseline_TK_replacement,same_config_smoke_and_budget,results/paper-training-completion-20260911-v1/collected/akib_baseline_tk_conv2_bptt_seed0/000_T3_BPTT_conv2_baseline_gmax0.0005_seed0_db90ed86/result.json,configs/conv/paper_baseline_tk_revision_20260913_v1/training/T3_BPTT_conv2_baseline_gmax0.0005_seed0.json,T3_BPTT_conv2_baseline_gmax0.0005_seed0,reuse_local,complete_collected_validated,revised_training_collected_paper_gates_pending,pending_contract_and_checkpoint_seal,baseline_tk_revision/bundles/T3_BPTT_conv2_baseline_gmax0.0005_seed0/result.json,694b292d7b4b666da9584a8067c8d5edd6a35e9875d1cdf7719c735bebe62d65,92.38,92.16,30,ordinary_mnist_matched_baseline_tk_revision,akibscomputer,akibscomputer: akib_baseline_tk_conv2_bptt_seed0,022098cfe6eb151dff3f7403d3f4b358709152b9,40348282a2c2a6db9d6f1d519da092c491a1bd9a03391366f84456b448f1548d,false,2026-09-14T00:27:14.465038+00:00
table3,T3_BPTT,conv2,BPTT,Adam,baseline,1,1,1,1,0,0.00001,0.0005,30,12,6,matched_baseline_TK_replacement,same_config_smoke_and_budget,results/paper-training-completion-20260911-v1/collected/jz_baseline_tk_conv2_bptt_seed1_3h/task_1/000_T3_BPTT_conv2_baseline_gmax0.0005_seed1_f7c4e6fc/result.json,configs/conv/paper_baseline_tk_revision_20260913_v1/training/T3_BPTT_conv2_baseline_gmax0.0005_seed1.json,T3_BPTT_conv2_baseline_gmax0.0005_seed1,launch_new_seed,complete_collected_validated,revised_training_collected_paper_gates_pending,pending_contract_and_checkpoint_seal,baseline_tk_revision/bundles/T3_BPTT_conv2_baseline_gmax0.0005_seed1/result.json,eee41fd821f943d9b34eb4836b47c1a3207cab85da382184c28f404bca600cb5,91.52,91.46,30,ordinary_mnist_matched_baseline_tk_revision,jean-zay,jean-zay: array 2117432; jz_baseline_tk_conv2_bptt_seed1_3h,022098cfe6eb151dff3f7403d3f4b358709152b9,40348282a2c2a6db9d6f1d519da092c491a1bd9a03391366f84456b448f1548d,false,2026-09-14T03:22:55.509432+00:00
table3,T3_BPTT,conv2,BPTT,Adam,baseline,1,1,2,2,0,0.00001,0.0005,30,12,6,matched_baseline_TK_replacement,same_config_smoke_and_budget,results/paper-training-completion-20260911-v1/collected/jz_baseline_tk_conv2_bptt_seed2_3h/task_1/000_T3_BPTT_conv2_baseline_gmax0.0005_seed2_b96eac99/result.json,configs/conv/paper_baseline_tk_revision_20260913_v1/training/T3_BPTT_conv2_baseline_gmax0.0005_seed2.json,T3_BPTT_conv2_baseline_gmax0.0005_seed2,launch_new_seed,complete_collected_validated,revised_training_collected_paper_gates_pending,pending_contract_and_checkpoint_seal,baseline_tk_revision/bundles/T3_BPTT_conv2_baseline_gmax0.0005_seed2/result.json,3fc5d618233e5298b8b8a6cd9997dfac77474851aff4b03258d15cbe257a926a,92.22,92.22,30,ordinary_mnist_matched_baseline_tk_revision,jean-zay,jean-zay: array 2118922; jz_baseline_tk_conv2_bptt_seed2_3h,022098cfe6eb151dff3f7403d3f4b358709152b9,40348282a2c2a6db9d6f1d519da092c491a1bd9a03391366f84456b448f1548d,false,2026-09-14T06:11:01.482937+00:00
table3,T3_BPTT,conv2,BPTT,Adam,baseline,1,1,0,0,0,0.00001,0.001,30,12,6,matched_baseline_TK_replacement,same_config_smoke_and_budget,results/paper-training-completion-20260911-v1/collected/akib_baseline_tk_conv2_bptt_seed0/000_T3_BPTT_conv2_baseline_gmax0.001_seed0_062c8ffe/result.json,configs/conv/paper_baseline_tk_revision_20260913_v1/training/T3_BPTT_conv2_baseline_gmax0.001_seed0.json,T3_BPTT_conv2_baseline_gmax0.001_seed0,reuse_local,complete_collected_validated,revised_training_collected_paper_gates_pending,pending_contract_and_checkpoint_seal,baseline_tk_revision/bundles/T3_BPTT_conv2_baseline_gmax0.001_seed0/result.json,6f7f06f3b651566d8aa62ee455bfa69bcb28c39a26772ae4d8e7c6237741a287,93.54,93.36,30,ordinary_mnist_matched_baseline_tk_revision,akibscomputer,akibscomputer: akib_baseline_tk_conv2_bptt_seed0,022098cfe6eb151dff3f7403d3f4b358709152b9,40348282a2c2a6db9d6f1d519da092c491a1bd9a03391366f84456b448f1548d,false,2026-09-14T00:27:14.465038+00:00
table3,T3_BPTT,conv2,BPTT,Adam,baseline,1,1,1,1,0,0.00001,0.001,30,12,6,matched_baseline_TK_replacement,same_config_smoke_and_budget,results/paper-training-completion-20260911-v1/collected/jz_baseline_tk_conv2_bptt_seed1_3h/task_2/000_T3_BPTT_conv2_baseline_gmax0.001_seed1_e52436c7/result.json,configs/conv/paper_baseline_tk_revision_20260913_v1/training/T3_BPTT_conv2_baseline_gmax0.001_seed1.json,T3_BPTT_conv2_baseline_gmax0.001_seed1,launch_new_seed,complete_collected_validated,revised_training_collected_paper_gates_pending,pending_contract_and_checkpoint_seal,baseline_tk_revision/bundles/T3_BPTT_conv2_baseline_gmax0.001_seed1/result.json,be5ccb22bdbe296beed7d094ec4be17fcff869a53b0433ea69fd5787ff639f78,93.62,93.62,30,ordinary_mnist_matched_baseline_tk_revision,jean-zay,jean-zay: array 2117432; jz_baseline_tk_conv2_bptt_seed1_3h,022098cfe6eb151dff3f7403d3f4b358709152b9,40348282a2c2a6db9d6f1d519da092c491a1bd9a03391366f84456b448f1548d,false,2026-09-14T03:22:55.509432+00:00
table3,T3_BPTT,conv2,BPTT,Adam,baseline,1,1,2,2,0,0.00001,0.001,30,12,6,matched_baseline_TK_replacement,same_config_smoke_and_budget,results/paper-training-completion-20260911-v1/collected/jz_baseline_tk_conv2_bptt_seed2_3h/task_2/000_T3_BPTT_conv2_baseline_gmax0.001_seed2_1da57e7c/result.json,configs/conv/paper_baseline_tk_revision_20260913_v1/training/T3_BPTT_conv2_baseline_gmax0.001_seed2.json,T3_BPTT_conv2_baseline_gmax0.001_seed2,launch_new_seed,complete_collected_validated,revised_training_collected_paper_gates_pending,pending_contract_and_checkpoint_seal,baseline_tk_revision/bundles/T3_BPTT_conv2_baseline_gmax0.001_seed2/result.json,b0505ee5e5c2f2e06f4866f530e873fd720ea96fe6b0caee118860247cc1e2f8,93.5,93.4,30,ordinary_mnist_matched_baseline_tk_revision,jean-zay,jean-zay: array 2118922; jz_baseline_tk_conv2_bptt_seed2_3h,022098cfe6eb151dff3f7403d3f4b358709152b9,40348282a2c2a6db9d6f1d519da092c491a1bd9a03391366f84456b448f1548d,false,2026-09-14T05:42:58.811623+00:00
table3,T3_BPTT,conv2,BPTT,Adam,ours,4,1,0,0,0,0.00001,0.0001,30,6,6,reuse_collected_pending_paper_audit,paper_reuse_pair_audit_and_final_contract_seal,results/perfectdiode-conv123-fixed-uniform-init-wmax-adam-10-30-30ep-seed0-20260814-v1/runs/001_01_wmax_1em4_ours_adam_e359c047/result.json,configs/conv/perfectdiode-conv123-fixed-uniform-init-wmax-adam-10-30-30ep-seed0-20260814-v1/conv2/01_wmax_1em4_ours_adam.json,T3_BPTT_conv2_ours_gmax0.0001_seed0,reuse_local,complete_collected_validated,reuse_and_pair_audit_pending,pending_contract_and_checkpoint_seal,bundles/table3_bounded_bptt/conv2/ours/gmax_1em4/seed0/result.json,7869076978809cac3583de936d096b536c8f8a0fab1b2e5194638c87be082a87,90.30,90.30,30,ordinary_mnist_weight_ceiling_sensitivity_exploratory,jean-zay,,68d2f8552c703f06756fea48f8a3f7c2d885d6d7,b1551915cf1d8a4fa07e0c3e8c563b7ac13fadf536cbfb979825e813d1ef358d,false,2026-09-11
table3,T3_BPTT,conv2,BPTT,Adam,ours,4,1,1,1,0,0.00001,0.0001,30,6,6,launch_new_seed,frozen_settings_check_and_seed_assets,results/paper-training-completion-20260911-v1/collected/akib_bounded_seed1/000_T3_BPTT_conv2_ours_gmax0.0001_seed1_5e980f9d/result.json,configs/conv/perfectdiode-conv123-fixed-uniform-init-wmax-adam-10-30-30ep-seed0-20260814-v1/conv2/01_wmax_1em4_ours_adam.json,T3_BPTT_conv2_ours_gmax0.0001_seed1,launch_new_seed,complete_collected_validated,training_collected_paper_gates_pending,pending_contract_and_checkpoint_seal,bundles/table3_bounded_bptt/conv2/ours/gmax_1em4/seed1/result.json,3291d3cf781aecabeb660962b72e16d96328e2b1d8e2056e72fb9037e5559fec,90.28,89.9,30,ordinary_mnist_training_completion,akib,akib: nohup PID 22979; nine bounded seed-1 cases,022098cfe6eb151dff3f7403d3f4b358709152b9,82b4e032f3d2de8f8152c9e5613595597bafa49dc31868b36ea63d7c5946ed2d,false,2026-09-12T09:01:49.618693+00:00
table3,T3_BPTT,conv2,BPTT,Adam,ours,4,1,2,2,0,0.00001,0.0001,30,6,6,launch_new_seed,frozen_settings_check_and_seed_assets,results/paper-training-completion-20260911-v1/collected/akib_bounded_seed2/000_T3_BPTT_conv2_ours_gmax0.0001_seed2_0f6d5f27/result.json,configs/conv/perfectdiode-conv123-fixed-uniform-init-wmax-adam-10-30-30ep-seed0-20260814-v1/conv2/01_wmax_1em4_ours_adam.json,T3_BPTT_conv2_ours_gmax0.0001_seed2,launch_new_seed,complete_collected_validated,training_collected_paper_gates_pending,pending_contract_and_checkpoint_seal,bundles/table3_bounded_bptt/conv2/ours/gmax_1em4/seed2/result.json,cab7450fec2bdd31e3ef24ccfa975e0adffa6220aca69693c744ff28070aacf5,90.0,90.0,30,ordinary_mnist_training_completion,akib,akib: nohup PID 42601,022098cfe6eb151dff3f7403d3f4b358709152b9,82b4e032f3d2de8f8152c9e5613595597bafa49dc31868b36ea63d7c5946ed2d,false,2026-09-12T13:31:08.813741+00:00
table3,T3_BPTT,conv2,BPTT,Adam,ours,4,1,0,0,0,0.00001,0.0005,30,6,6,reuse_collected_pending_paper_audit,paper_reuse_pair_audit_and_final_contract_seal,results/perfectdiode-conv123-fixed-uniform-init-wmax-adam-10-30-30ep-seed0-20260814-v1/runs/004_04_wmax_5em4_ours_adam_19ef639f/result.json,configs/conv/perfectdiode-conv123-fixed-uniform-init-wmax-adam-10-30-30ep-seed0-20260814-v1/conv2/04_wmax_5em4_ours_adam.json,T3_BPTT_conv2_ours_gmax0.0005_seed0,reuse_local,complete_collected_validated,reuse_and_pair_audit_pending,pending_contract_and_checkpoint_seal,bundles/table3_bounded_bptt/conv2/ours/gmax_5em4/seed0/result.json,2987ec4798bf5b9e07d6a86ce065b2c1851693f8ae517ec74ddd9bcb2ac66d62,96.56,96.56,30,ordinary_mnist_weight_ceiling_sensitivity_exploratory,jean-zay,,68d2f8552c703f06756fea48f8a3f7c2d885d6d7,b1551915cf1d8a4fa07e0c3e8c563b7ac13fadf536cbfb979825e813d1ef358d,false,2026-09-11
table3,T3_BPTT,conv2,BPTT,Adam,ours,4,1,1,1,0,0.00001,0.0005,30,6,6,launch_new_seed,frozen_settings_check_and_seed_assets,results/paper-training-completion-20260911-v1/collected/akib_bounded_seed1/000_T3_BPTT_conv2_ours_gmax0.0005_seed1_5510f333/result.json,configs/conv/perfectdiode-conv123-fixed-uniform-init-wmax-adam-10-30-30ep-seed0-20260814-v1/conv2/04_wmax_5em4_ours_adam.json,T3_BPTT_conv2_ours_gmax0.0005_seed1,launch_new_seed,complete_collected_validated,training_collected_paper_gates_pending,pending_contract_and_checkpoint_seal,bundles/table3_bounded_bptt/conv2/ours/gmax_5em4/seed1/result.json,33cdfcf63ff9dd31da6258f43aa04a8268a1f9112f5a8bd5ac8b7a76dcd45eb6,96.44,96.22,30,ordinary_mnist_training_completion,akib,akib: nohup PID 22979; nine bounded seed-1 cases,022098cfe6eb151dff3f7403d3f4b358709152b9,82b4e032f3d2de8f8152c9e5613595597bafa49dc31868b36ea63d7c5946ed2d,false,2026-09-12T09:01:49.618693+00:00
table3,T3_BPTT,conv2,BPTT,Adam,ours,4,1,2,2,0,0.00001,0.0005,30,6,6,launch_new_seed,frozen_settings_check_and_seed_assets,results/paper-training-completion-20260911-v1/collected/akib_bounded_seed2/000_T3_BPTT_conv2_ours_gmax0.0005_seed2_e2dac773/result.json,configs/conv/perfectdiode-conv123-fixed-uniform-init-wmax-adam-10-30-30ep-seed0-20260814-v1/conv2/04_wmax_5em4_ours_adam.json,T3_BPTT_conv2_ours_gmax0.0005_seed2,launch_new_seed,complete_collected_validated,training_collected_paper_gates_pending,pending_contract_and_checkpoint_seal,bundles/table3_bounded_bptt/conv2/ours/gmax_5em4/seed2/result.json,45a9b6cd5f95e8e1ebb67be2197d7005ac5e000e55459d91c5a63dc04e7234f7,96.67999999999999,96.67999999999999,30,ordinary_mnist_training_completion,akib,akib: nohup PID 42601,022098cfe6eb151dff3f7403d3f4b358709152b9,82b4e032f3d2de8f8152c9e5613595597bafa49dc31868b36ea63d7c5946ed2d,false,2026-09-12T14:08:10.751508+00:00
table3,T3_BPTT,conv2,BPTT,Adam,ours,4,1,0,0,0,0.00001,0.001,30,6,6,reuse_collected_pending_paper_audit,paper_reuse_pair_audit_and_final_contract_seal,results/perfectdiode-conv123-fixed-uniform-init-wmax-adam-10-30-30ep-seed0-20260814-v1/runs/007_07_wmax_1em3_ours_adam_f1dc50f5/result.json,configs/conv/perfectdiode-conv123-fixed-uniform-init-wmax-adam-10-30-30ep-seed0-20260814-v1/conv2/07_wmax_1em3_ours_adam.json,T3_BPTT_conv2_ours_gmax0.001_seed0,reuse_local,complete_collected_validated,reuse_and_pair_audit_pending,pending_contract_and_checkpoint_seal,bundles/table3_bounded_bptt/conv2/ours/gmax_1em3/seed0/result.json,efedbd4f36f4354e72d44860ed24218b441313b3833bf65f89faef8e9316ee73,97.18,97.04,30,ordinary_mnist_weight_ceiling_sensitivity_exploratory,jean-zay,,68d2f8552c703f06756fea48f8a3f7c2d885d6d7,b1551915cf1d8a4fa07e0c3e8c563b7ac13fadf536cbfb979825e813d1ef358d,false,2026-09-11
table3,T3_BPTT,conv2,BPTT,Adam,ours,4,1,1,1,0,0.00001,0.001,30,6,6,launch_new_seed,frozen_settings_check_and_seed_assets,results/paper-training-completion-20260911-v1/collected/akib_bounded_seed1/000_T3_BPTT_conv2_ours_gmax0.001_seed1_51ba87c8/result.json,configs/conv/perfectdiode-conv123-fixed-uniform-init-wmax-adam-10-30-30ep-seed0-20260814-v1/conv2/07_wmax_1em3_ours_adam.json,T3_BPTT_conv2_ours_gmax0.001_seed1,launch_new_seed,complete_collected_validated,training_collected_paper_gates_pending,pending_contract_and_checkpoint_seal,bundles/table3_bounded_bptt/conv2/ours/gmax_1em3/seed1/result.json,8d70c1dcb8e775817e3892484a7b0bdba0fa6281f30f0636c83489c53d5d32d4,97.06,97.0,30,ordinary_mnist_training_completion,akib,akib: nohup PID 22979; nine bounded seed-1 cases,022098cfe6eb151dff3f7403d3f4b358709152b9,82b4e032f3d2de8f8152c9e5613595597bafa49dc31868b36ea63d7c5946ed2d,false,2026-09-12T09:01:49.618693+00:00
table3,T3_BPTT,conv2,BPTT,Adam,ours,4,1,2,2,0,0.00001,0.001,30,6,6,launch_new_seed,frozen_settings_check_and_seed_assets,results/paper-training-completion-20260911-v1/collected/akib_bounded_seed2/000_T3_BPTT_conv2_ours_gmax0.001_seed2_51c5020b/result.json,configs/conv/perfectdiode-conv123-fixed-uniform-init-wmax-adam-10-30-30ep-seed0-20260814-v1/conv2/07_wmax_1em3_ours_adam.json,T3_BPTT_conv2_ours_gmax0.001_seed2,launch_new_seed,complete_collected_validated,training_collected_paper_gates_pending,pending_contract_and_checkpoint_seal,bundles/table3_bounded_bptt/conv2/ours/gmax_1em3/seed2/result.json,be831463e64160d2ce65acaa42eceed6ad9e4264e750a896b124fe0ea7f82d66,97.16,97.16,30,ordinary_mnist_training_completion,akib,akib: nohup PID 42601,022098cfe6eb151dff3f7403d3f4b358709152b9,82b4e032f3d2de8f8152c9e5613595597bafa49dc31868b36ea63d7c5946ed2d,false,2026-09-12T14:47:36.607939+00:00
table3,T3_BPTT,conv2,BPTT,Adam,legacy,4,0.25,0,0,0,0.00001,0.0001,30,6,6,launch_corrected_seed0,frozen_settings_check_and_seed_assets,results/paper-training-completion-20260911-v1/collected/akib_initial/000_T3_BPTT_conv2_legacy_gmax0.0001_seed0_7b7efd9b/result.json,configs/conv/perfectdiode-conv123-fixed-uniform-init-wmax-adam-10-30-30ep-seed0-20260814-v1/conv2/02_wmax_1em4_legacy_adam.json,T3_BPTT_conv2_legacy_gmax0.0001_seed0,launch_corrected_seed0,complete_collected_validated,training_collected_paper_gates_pending,pending_contract_and_checkpoint_seal,bundles/table3_bounded_bptt/conv2/legacy/gmax_1em4/seed0/result.json,65060af6797bcffc27ed382a9132c04a218dd4f68fa3b232b0f67b05232ac14b,95.58,95.58,30,ordinary_mnist_training_completion,akib,akib: nohup PID 7068,022098cfe6eb151dff3f7403d3f4b358709152b9,e31766d681e85323da108150d5137f80764d63a869d2ffca95584f44e4dda6e8,false,2026-09-11T15:53:52.164652+00:00
table3,T3_BPTT,conv2,BPTT,Adam,legacy,4,0.25,1,1,0,0.00001,0.0001,30,6,6,launch_new_seed,frozen_settings_check_and_seed_assets,results/paper-training-completion-20260911-v1/collected/akib_bounded_seed1/000_T3_BPTT_conv2_legacy_gmax0.0001_seed1_d9fe4a16/result.json,configs/conv/perfectdiode-conv123-fixed-uniform-init-wmax-adam-10-30-30ep-seed0-20260814-v1/conv2/02_wmax_1em4_legacy_adam.json,T3_BPTT_conv2_legacy_gmax0.0001_seed1,launch_new_seed,complete_collected_validated,training_collected_paper_gates_pending,pending_contract_and_checkpoint_seal,bundles/table3_bounded_bptt/conv2/legacy/gmax_1em4/seed1/result.json,f073e3dbb702497d2998eeae26eba1f196ab886c54d9ef4e094c0320bdc5de83,95.46,95.24000000000001,30,ordinary_mnist_training_completion,akib,akib: nohup PID 22979; nine bounded seed-1 cases,022098cfe6eb151dff3f7403d3f4b358709152b9,82b4e032f3d2de8f8152c9e5613595597bafa49dc31868b36ea63d7c5946ed2d,false,2026-09-11T19:27:13.054977+00:00
table3,T3_BPTT,conv2,BPTT,Adam,legacy,4,0.25,2,2,0,0.00001,0.0001,30,6,6,launch_new_seed,frozen_settings_check_and_seed_assets,results/paper-training-completion-20260911-v1/collected/akib_bounded_seed2/000_T3_BPTT_conv2_legacy_gmax0.0001_seed2_ff5b28b9/result.json,configs/conv/perfectdiode-conv123-fixed-uniform-init-wmax-adam-10-30-30ep-seed0-20260814-v1/conv2/02_wmax_1em4_legacy_adam.json,T3_BPTT_conv2_legacy_gmax0.0001_seed2,launch_new_seed,complete_collected_validated,training_collected_paper_gates_pending,pending_contract_and_checkpoint_seal,bundles/table3_bounded_bptt/conv2/legacy/gmax_1em4/seed2/result.json,44d71edaeeb027f3eb1810af0a3b60c9fc5d5267b1390a5857e23be68811667e,95.86,95.86,30,ordinary_mnist_training_completion,akib,akib: nohup PID 42601,022098cfe6eb151dff3f7403d3f4b358709152b9,82b4e032f3d2de8f8152c9e5613595597bafa49dc31868b36ea63d7c5946ed2d,false,2026-09-12T11:38:55.417470+00:00
table3,T3_BPTT,conv2,BPTT,Adam,legacy,4,0.25,0,0,0,0.00001,0.0005,30,6,6,launch_corrected_seed0,frozen_settings_check_and_seed_assets,results/paper-training-completion-20260911-v1/collected/akib_initial/000_T3_BPTT_conv2_legacy_gmax0.0005_seed0_d81f81c6/result.json,configs/conv/perfectdiode-conv123-fixed-uniform-init-wmax-adam-10-30-30ep-seed0-20260814-v1/conv2/05_wmax_5em4_legacy_adam.json,T3_BPTT_conv2_legacy_gmax0.0005_seed0,launch_corrected_seed0,complete_collected_validated,training_collected_paper_gates_pending,pending_contract_and_checkpoint_seal,bundles/table3_bounded_bptt/conv2/legacy/gmax_5em4/seed0/result.json,37382eb479febbfc95fc08f012e8ab318ad9e3c5d78001efddc6cee4d403117b,97.64,97.54,30,ordinary_mnist_training_completion,akib,akib: nohup PID 7068,022098cfe6eb151dff3f7403d3f4b358709152b9,e31766d681e85323da108150d5137f80764d63a869d2ffca95584f44e4dda6e8,false,2026-09-11T16:17:18.246280+00:00
table3,T3_BPTT,conv2,BPTT,Adam,legacy,4,0.25,1,1,0,0.00001,0.0005,30,6,6,launch_new_seed,frozen_settings_check_and_seed_assets,results/paper-training-completion-20260911-v1/collected/akib_bounded_seed1/000_T3_BPTT_conv2_legacy_gmax0.0005_seed1_def6291b/result.json,configs/conv/perfectdiode-conv123-fixed-uniform-init-wmax-adam-10-30-30ep-seed0-20260814-v1/conv2/05_wmax_5em4_legacy_adam.json,T3_BPTT_conv2_legacy_gmax0.0005_seed1,launch_new_seed,complete_collected_validated,training_collected_paper_gates_pending,pending_contract_and_checkpoint_seal,bundles/table3_bounded_bptt/conv2/legacy/gmax_5em4/seed1/result.json,b599704fa6c740339475a05102d64cc5e2d80fd0daf421579ab562364b58776b,97.7,97.7,30,ordinary_mnist_training_completion,akib,akib: nohup PID 22979; nine bounded seed-1 cases,022098cfe6eb151dff3f7403d3f4b358709152b9,82b4e032f3d2de8f8152c9e5613595597bafa49dc31868b36ea63d7c5946ed2d,false,2026-09-12T09:01:49.618693+00:00
table3,T3_BPTT,conv2,BPTT,Adam,legacy,4,0.25,2,2,0,0.00001,0.0005,30,6,6,launch_new_seed,frozen_settings_check_and_seed_assets,results/paper-training-completion-20260911-v1/collected/akib_bounded_seed2/000_T3_BPTT_conv2_legacy_gmax0.0005_seed2_13039d64/result.json,configs/conv/perfectdiode-conv123-fixed-uniform-init-wmax-adam-10-30-30ep-seed0-20260814-v1/conv2/05_wmax_5em4_legacy_adam.json,T3_BPTT_conv2_legacy_gmax0.0005_seed2,launch_new_seed,complete_collected_validated,training_collected_paper_gates_pending,pending_contract_and_checkpoint_seal,bundles/table3_bounded_bptt/conv2/legacy/gmax_5em4/seed2/result.json,eb91be6620c813f3d6028e056e53960dee0408bbe162d325944149da63da67fa,97.7,97.64,30,ordinary_mnist_training_completion,akib,akib: nohup PID 42601,022098cfe6eb151dff3f7403d3f4b358709152b9,82b4e032f3d2de8f8152c9e5613595597bafa49dc31868b36ea63d7c5946ed2d,false,2026-09-12T12:15:52.256979+00:00
table3,T3_BPTT,conv2,BPTT,Adam,legacy,4,0.25,0,0,0,0.00001,0.001,30,6,6,launch_corrected_seed0,frozen_settings_check_and_seed_assets,results/paper-training-completion-20260911-v1/collected/akib_initial/000_T3_BPTT_conv2_legacy_gmax0.001_seed0_cff5c2da/result.json,configs/conv/perfectdiode-conv123-fixed-uniform-init-wmax-adam-10-30-30ep-seed0-20260814-v1/conv2/08_wmax_1em3_legacy_adam.json,T3_BPTT_conv2_legacy_gmax0.001_seed0,launch_corrected_seed0,complete_collected_validated,training_collected_paper_gates_pending,pending_contract_and_checkpoint_seal,bundles/table3_bounded_bptt/conv2/legacy/gmax_1em3/seed0/result.json,8e26787b1c4b2bdad01d422bcc711013b19c73d563fb8dc096b50646f88769b7,97.96000000000001,97.8,30,ordinary_mnist_training_completion,akib,akib: nohup PID 7068,022098cfe6eb151dff3f7403d3f4b358709152b9,e31766d681e85323da108150d5137f80764d63a869d2ffca95584f44e4dda6e8,false,2026-09-11T16:54:21.817541+00:00
table3,T3_BPTT,conv2,BPTT,Adam,legacy,4,0.25,1,1,0,0.00001,0.001,30,6,6,launch_new_seed,frozen_settings_check_and_seed_assets,results/paper-training-completion-20260911-v1/collected/akib_bounded_seed1/000_T3_BPTT_conv2_legacy_gmax0.001_seed1_805ca462/result.json,configs/conv/perfectdiode-conv123-fixed-uniform-init-wmax-adam-10-30-30ep-seed0-20260814-v1/conv2/08_wmax_1em3_legacy_adam.json,T3_BPTT_conv2_legacy_gmax0.001_seed1,launch_new_seed,complete_collected_validated,training_collected_paper_gates_pending,pending_contract_and_checkpoint_seal,bundles/table3_bounded_bptt/conv2/legacy/gmax_1em3/seed1/result.json,bd646456b2461edc20988ecc108987e9082b2c8e21c2d5458c603d9609786e3a,97.8,97.8,30,ordinary_mnist_training_completion,akib,akib: nohup PID 22979; nine bounded seed-1 cases,022098cfe6eb151dff3f7403d3f4b358709152b9,82b4e032f3d2de8f8152c9e5613595597bafa49dc31868b36ea63d7c5946ed2d,false,2026-09-12T09:01:49.618693+00:00
table3,T3_BPTT,conv2,BPTT,Adam,legacy,4,0.25,2,2,0,0.00001,0.001,30,6,6,launch_new_seed,frozen_settings_check_and_seed_assets,results/paper-training-completion-20260911-v1/collected/akib_bounded_seed2/000_T3_BPTT_conv2_legacy_gmax0.001_seed2_33f097bb/result.json,configs/conv/perfectdiode-conv123-fixed-uniform-init-wmax-adam-10-30-30ep-seed0-20260814-v1/conv2/08_wmax_1em3_legacy_adam.json,T3_BPTT_conv2_legacy_gmax0.001_seed2,launch_new_seed,complete_collected_validated,training_collected_paper_gates_pending,pending_contract_and_checkpoint_seal,bundles/table3_bounded_bptt/conv2/legacy/gmax_1em3/seed2/result.json,b87ca3b047a94794f54f2ae7e5898462deca4122b6ada342355238b308dfb313,97.86,97.8,30,ordinary_mnist_training_completion,akib,akib: nohup PID 42601,022098cfe6eb151dff3f7403d3f4b358709152b9,82b4e032f3d2de8f8152c9e5613595597bafa49dc31868b36ea63d7c5946ed2d,false,2026-09-12T12:53:13.934323+00:00
table3,T3_BPTT,conv3,BPTT,Adam,baseline,1,1,0,0,0,0.00001,0.0001,30,24,8,matched_baseline_TK_replacement,same_config_smoke_and_budget,results/paper-training-completion-20260911-v1/production/main_baseline_tk_conv3_bptt_seed0/000_T3_BPTT_conv3_baseline_gmax0.0001_seed0_237b7f49/result.json,configs/conv/paper_baseline_tk_revision_20260913_v1/training/T3_BPTT_conv3_baseline_gmax0.0001_seed0.json,T3_BPTT_conv3_baseline_gmax0.0001_seed0,reuse_local,complete_collected_validated,revised_training_collected_paper_gates_pending,pending_contract_and_checkpoint_seal,baseline_tk_revision/bundles/T3_BPTT_conv3_baseline_gmax0.0001_seed0/result.json,884931bde33ca67afd4810863de31b91f35ae1f470b412bbfcbd0e33f55f3514,77.68,77.68,30,ordinary_mnist_matched_baseline_tk_revision,main,main: main_baseline_tk_conv3_bptt_seed0,022098cfe6eb151dff3f7403d3f4b358709152b9,40348282a2c2a6db9d6f1d519da092c491a1bd9a03391366f84456b448f1548d,false,2026-09-14T00:09:29.172646+00:00
table3,T3_BPTT,conv3,BPTT,Adam,baseline,1,1,1,1,0,0.00001,0.0001,30,24,8,matched_baseline_TK_replacement,same_config_smoke_and_budget,results/paper-training-completion-20260911-v1/production/main_baseline_tk_conv3_bptt_seed1_gmax1em4_3h/000_T3_BPTT_conv3_baseline_gmax0.0001_seed1_be7d84ea/result.json,configs/conv/paper_baseline_tk_revision_20260913_v1/training/T3_BPTT_conv3_baseline_gmax0.0001_seed1.json,T3_BPTT_conv3_baseline_gmax0.0001_seed1,launch_new_seed,complete_collected_validated,revised_training_collected_paper_gates_pending,pending_contract_and_checkpoint_seal,baseline_tk_revision/bundles/T3_BPTT_conv3_baseline_gmax0.0001_seed1/result.json,fea3a1be3581d185d369c7ee622d1043702888108cfa8c99c3fa4e7611b43f0d,77.5,76.7,30,ordinary_mnist_matched_baseline_tk_revision,main,supervisor676117 / worker676126; single-case3h,022098cfe6eb151dff3f7403d3f4b358709152b9,40348282a2c2a6db9d6f1d519da092c491a1bd9a03391366f84456b448f1548d,false,2026-09-14T06:43:34.217285+00:00
table3,T3_BPTT,conv3,BPTT,Adam,baseline,1,1,2,2,0,0.00001,0.0001,30,24,8,matched_baseline_TK_replacement,same_config_smoke_and_budget,,configs/conv/paper_baseline_tk_revision_20260913_v1/training/T3_BPTT_conv3_baseline_gmax0.0001_seed2.json,T3_BPTT_conv3_baseline_gmax0.0001_seed2,launch_new_seed,planned_replacement,revised_operating_point_training_pending,pending_contract_and_checkpoint_seal,,,,,,,,,,,false,2026-09-13
table3,T3_BPTT,conv3,BPTT,Adam,baseline,1,1,0,0,0,0.00001,0.0005,30,24,8,matched_baseline_TK_replacement,same_config_smoke_and_budget,results/paper-training-completion-20260911-v1/production/main_baseline_tk_conv3_bptt_seed0/000_T3_BPTT_conv3_baseline_gmax0.0005_seed0_30b1655c/result.json,configs/conv/paper_baseline_tk_revision_20260913_v1/training/T3_BPTT_conv3_baseline_gmax0.0005_seed0.json,T3_BPTT_conv3_baseline_gmax0.0005_seed0,reuse_local,complete_collected_validated,revised_training_collected_paper_gates_pending,pending_contract_and_checkpoint_seal,baseline_tk_revision/bundles/T3_BPTT_conv3_baseline_gmax0.0005_seed0/result.json,0eeaae6041b2eada41415d49b4fd9b742ccd678a48a556463a7f8fe843c83819,87.12,87.12,30,ordinary_mnist_matched_baseline_tk_revision,main,main: main_baseline_tk_conv3_bptt_seed0,022098cfe6eb151dff3f7403d3f4b358709152b9,40348282a2c2a6db9d6f1d519da092c491a1bd9a03391366f84456b448f1548d,false,2026-09-14T02:17:10.061051+00:00
table3,T3_BPTT,conv3,BPTT,Adam,baseline,1,1,1,1,0,0.00001,0.0005,30,24,8,matched_baseline_TK_replacement,same_config_smoke_and_budget,results/paper-training-completion-20260911-v1/production/main_baseline_tk_conv3_bptt_seed1_gmax5em4_3h/000_T3_BPTT_conv3_baseline_gmax0.0005_seed1_675109bb/result.json,configs/conv/paper_baseline_tk_revision_20260913_v1/training/T3_BPTT_conv3_baseline_gmax0.0005_seed1.json,T3_BPTT_conv3_baseline_gmax0.0005_seed1,launch_new_seed,complete_collected_validated,revised_training_collected_paper_gates_pending,pending_contract_and_checkpoint_seal,baseline_tk_revision/bundles/T3_BPTT_conv3_baseline_gmax0.0005_seed1/result.json,c3f840ab4e76fc7b2c384dee682b85d43699ae5e63665816b2435a72266c99d1,87.36,87.36,30,ordinary_mnist_matched_baseline_tk_revision,main,main nohup 690069 / worker 690080 / GPU 690104; three-hour operational limit,022098cfe6eb151dff3f7403d3f4b358709152b9,40348282a2c2a6db9d6f1d519da092c491a1bd9a03391366f84456b448f1548d,false,2026-09-14T09:03:27.964596+00:00
table3,T3_BPTT,conv3,BPTT,Adam,baseline,1,1,2,2,0,0.00001,0.0005,30,24,8,matched_baseline_TK_replacement,same_config_smoke_and_budget,,configs/conv/paper_baseline_tk_revision_20260913_v1/training/T3_BPTT_conv3_baseline_gmax0.0005_seed2.json,T3_BPTT_conv3_baseline_gmax0.0005_seed2,launch_new_seed,planned_replacement,revised_operating_point_training_pending,pending_contract_and_checkpoint_seal,,,,,,,,,,,false,2026-09-13
table3,T3_BPTT,conv3,BPTT,Adam,baseline,1,1,0,0,0,0.00001,0.001,30,24,8,matched_baseline_TK_replacement,same_config_smoke_and_budget,results/paper-training-completion-20260911-v1/production/main_baseline_tk_conv3_bptt_seed0/000_T3_BPTT_conv3_baseline_gmax0.001_seed0_892b1f2a/result.json,configs/conv/paper_baseline_tk_revision_20260913_v1/training/T3_BPTT_conv3_baseline_gmax0.001_seed0.json,T3_BPTT_conv3_baseline_gmax0.001_seed0,reuse_local,complete_collected_validated,revised_training_collected_paper_gates_pending,pending_contract_and_checkpoint_seal,baseline_tk_revision/bundles/T3_BPTT_conv3_baseline_gmax0.001_seed0/result.json,fc963aa4edbcd592fb88795b9953845bcb8d21c79d15db1ade6f19ec825a6902,89.38000000000001,89.38000000000001,30,ordinary_mnist_matched_baseline_tk_revision,main,main: main_baseline_tk_conv3_bptt_seed0,022098cfe6eb151dff3f7403d3f4b358709152b9,40348282a2c2a6db9d6f1d519da092c491a1bd9a03391366f84456b448f1548d,false,2026-09-14T04:23:18.180996+00:00
table3,T3_BPTT,conv3,BPTT,Adam,baseline,1,1,1,1,0,0.00001,0.001,30,24,8,matched_baseline_TK_replacement,same_config_smoke_and_budget,results/paper-training-completion-20260911-v1/production/main_baseline_tk_conv3_bptt_seed1_gmax1em3_3h/000_T3_BPTT_conv3_baseline_gmax0.001_seed1_3e0eb820/result.json,configs/conv/paper_baseline_tk_revision_20260913_v1/training/T3_BPTT_conv3_baseline_gmax0.001_seed1.json,T3_BPTT_conv3_baseline_gmax0.001_seed1,launch_new_seed,complete_collected_validated,revised_training_collected_paper_gates_pending,pending_contract_and_checkpoint_seal,baseline_tk_revision/bundles/T3_BPTT_conv3_baseline_gmax0.001_seed1/result.json,4021b1d800ce674e0f6e70465ad3adb558bfb8458b9dd633157dcf90a22e9c8e,89.58,89.58,30,ordinary_mnist_matched_baseline_tk_revision,main,main supervisor736645 / worker736654 / GPU736677; three-hour cap; source v9,022098cfe6eb151dff3f7403d3f4b358709152b9,40348282a2c2a6db9d6f1d519da092c491a1bd9a03391366f84456b448f1548d,false,2026-09-14T11:15:32.829087+00:00
table3,T3_BPTT,conv3,BPTT,Adam,baseline,1,1,2,2,0,0.00001,0.001,30,24,8,matched_baseline_TK_replacement,same_config_smoke_and_budget,,configs/conv/paper_baseline_tk_revision_20260913_v1/training/T3_BPTT_conv3_baseline_gmax0.001_seed2.json,T3_BPTT_conv3_baseline_gmax0.001_seed2,launch_new_seed,planned_replacement,revised_operating_point_training_pending,pending_contract_and_checkpoint_seal,,,,,,,,,,,false,2026-09-13
table3,T3_BPTT,conv3,BPTT,Adam,ours,4,1,0,0,0,0.00001,0.0001,30,8,8,reuse_collected_pending_paper_audit,paper_reuse_pair_audit_and_final_contract_seal,results/perfectdiode-conv123-fixed-uniform-init-wmax-adam-10-30-30ep-seed0-20260814-v1/runs/001_01_wmax_1em4_ours_adam_8232a76e/result.json,configs/conv/perfectdiode-conv123-fixed-uniform-init-wmax-adam-10-30-30ep-seed0-20260814-v1/conv3/01_wmax_1em4_ours_adam.json,T3_BPTT_conv3_ours_gmax0.0001_seed0,reuse_local,complete_collected_validated,reuse_and_pair_audit_pending,pending_contract_and_checkpoint_seal,bundles/table3_bounded_bptt/conv3/ours/gmax_1em4/seed0/result.json,d42e947de3eb9b8662c2c7e2a8a823174618d4014dbbf4aad16a72af62f1cb64,84.54,84.30,30,ordinary_mnist_weight_ceiling_sensitivity_exploratory,jean-zay,,68d2f8552c703f06756fea48f8a3f7c2d885d6d7,b1551915cf1d8a4fa07e0c3e8c563b7ac13fadf536cbfb979825e813d1ef358d,false,2026-09-11
table3,T3_BPTT,conv3,BPTT,Adam,ours,4,1,1,1,0,0.00001,0.0001,30,8,8,launch_new_seed,frozen_settings_check_and_seed_assets,results/paper-training-completion-20260911-v1/production/main_conv3_bounded_seed1_gmax1em4/000_T3_BPTT_conv3_ours_gmax0.0001_seed1_6eba37a3/result.json,configs/conv/perfectdiode-conv123-fixed-uniform-init-wmax-adam-10-30-30ep-seed0-20260814-v1/conv3/01_wmax_1em4_ours_adam.json,T3_BPTT_conv3_ours_gmax0.0001_seed1,launch_new_seed,complete_collected_validated,training_collected_paper_gates_pending,pending_contract_and_checkpoint_seal,bundles/table3_bounded_bptt/conv3/ours/gmax_1em4/seed1/result.json,bbcb9cfe28309e2253b09246ebd9f1fe2a67680df4f946249c6ac33395d995e1,85.14,85.1,30,ordinary_mnist_training_completion,main,main: tmux main/@4; active three-case bounded seed-1 list,022098cfe6eb151dff3f7403d3f4b358709152b9,82b4e032f3d2de8f8152c9e5613595597bafa49dc31868b36ea63d7c5946ed2d,false,2026-09-11T18:25:30.354692+00:00
table3,T3_BPTT,conv3,BPTT,Adam,ours,4,1,2,2,0,0.00001,0.0001,30,8,8,launch_new_seed,frozen_settings_check_and_seed_assets,results/paper-training-completion-20260911-v1/collected/nomcool1_conv3_bounded_seed2_gmax1em4/000_T3_BPTT_conv3_ours_gmax0.0001_seed2_cd7ba851/result.json,configs/conv/perfectdiode-conv123-fixed-uniform-init-wmax-adam-10-30-30ep-seed0-20260814-v1/conv3/01_wmax_1em4_ours_adam.json,T3_BPTT_conv3_ours_gmax0.0001_seed2,launch_new_seed,complete_collected_validated,training_collected_paper_gates_pending,pending_contract_and_checkpoint_seal,bundles/table3_bounded_bptt/conv3/ours/gmax_1em4/seed2/result.json,7f4755540b9f1bbe7ae5bc974dda9d779d58cee1a56907acb1c406222f240943,85.72,85.72,30,ordinary_mnist_training_completion,nom-cool-1,nom-cool-1: nohup PID 1216299,022098cfe6eb151dff3f7403d3f4b358709152b9,82b4e032f3d2de8f8152c9e5613595597bafa49dc31868b36ea63d7c5946ed2d,false,2026-09-11T15:47:54.302435+00:00
table3,T3_BPTT,conv3,BPTT,Adam,ours,4,1,0,0,0,0.00001,0.0005,30,8,8,reuse_collected_pending_paper_audit,paper_reuse_pair_audit_and_final_contract_seal,results/perfectdiode-conv123-fixed-uniform-init-wmax-adam-10-30-30ep-seed0-20260814-v1/runs/004_04_wmax_5em4_ours_adam_9f6c8487/result.json,configs/conv/perfectdiode-conv123-fixed-uniform-init-wmax-adam-10-30-30ep-seed0-20260814-v1/conv3/04_wmax_5em4_ours_adam.json,T3_BPTT_conv3_ours_gmax0.0005_seed0,reuse_local,complete_collected_validated,reuse_and_pair_audit_pending,pending_contract_and_checkpoint_seal,bundles/table3_bounded_bptt/conv3/ours/gmax_5em4/seed0/result.json,41313eb0ba3b133b6d9743e36c8155fd60974a34b4e6050ee0b21a1eff8345c3,94.74,94.74,30,ordinary_mnist_weight_ceiling_sensitivity_exploratory,jean-zay,,68d2f8552c703f06756fea48f8a3f7c2d885d6d7,b1551915cf1d8a4fa07e0c3e8c563b7ac13fadf536cbfb979825e813d1ef358d,false,2026-09-11
table3,T3_BPTT,conv3,BPTT,Adam,ours,4,1,1,1,0,0.00001,0.0005,30,8,8,launch_new_seed,frozen_settings_check_and_seed_assets,results/paper-training-completion-20260911-v1/production/main_conv3_bounded_seed1_gmax5em4/000_T3_BPTT_conv3_ours_gmax0.0005_seed1_558b28ea/result.json,configs/conv/perfectdiode-conv123-fixed-uniform-init-wmax-adam-10-30-30ep-seed0-20260814-v1/conv3/04_wmax_5em4_ours_adam.json,T3_BPTT_conv3_ours_gmax0.0005_seed1,launch_new_seed,complete_collected_validated,training_collected_paper_gates_pending,pending_contract_and_checkpoint_seal,bundles/table3_bounded_bptt/conv3/ours/gmax_5em4/seed1/result.json,ffa458f917da61c2540895695062acf7ae3a368f3d4fcfea58d91c1214ae6d6e,94.38,94.38,30,ordinary_mnist_training_completion,main,main: tmux main/@5; three bounded seed-1 cases at Gmax=5e-4,022098cfe6eb151dff3f7403d3f4b358709152b9,82b4e032f3d2de8f8152c9e5613595597bafa49dc31868b36ea63d7c5946ed2d,false,2026-09-12T09:01:49.618693+00:00
table3,T3_BPTT,conv3,BPTT,Adam,ours,4,1,2,2,0,0.00001,0.0005,30,8,8,launch_new_seed,frozen_settings_check_and_seed_assets,results/paper-training-completion-20260911-v1/collected/nomcool1_conv3_bounded_seed2_remaining_ceilings/000_T3_BPTT_conv3_ours_gmax0.0005_seed2_3f21de2d/result.json,configs/conv/perfectdiode-conv123-fixed-uniform-init-wmax-adam-10-30-30ep-seed0-20260814-v1/conv3/04_wmax_5em4_ours_adam.json,T3_BPTT_conv3_ours_gmax0.0005_seed2,launch_new_seed,complete_collected_validated,training_collected_paper_gates_pending,pending_contract_and_checkpoint_seal,bundles/table3_bounded_bptt/conv3/ours/gmax_5em4/seed2/result.json,ed22b19b8c7b75e62c30c17e13b3b21ffff958aa22dcc01421845ac1b53bd1a0,94.74000000000001,94.74000000000001,30,ordinary_mnist_training_completion,nom-cool-1,nom-cool-1: nohup PID 1231687; remaining six bounded cases,022098cfe6eb151dff3f7403d3f4b358709152b9,82b4e032f3d2de8f8152c9e5613595597bafa49dc31868b36ea63d7c5946ed2d,false,2026-09-12T09:01:49.618693+00:00
table3,T3_BPTT,conv3,BPTT,Adam,ours,4,1,0,0,0,0.00001,0.001,30,8,8,reuse_collected_pending_paper_audit,paper_reuse_pair_audit_and_final_contract_seal,results/perfectdiode-conv123-fixed-uniform-init-wmax-adam-10-30-30ep-seed0-20260814-v1/runs/007_07_wmax_1em3_ours_adam_942b5248/result.json,configs/conv/perfectdiode-conv123-fixed-uniform-init-wmax-adam-10-30-30ep-seed0-20260814-v1/conv3/07_wmax_1em3_ours_adam.json,T3_BPTT_conv3_ours_gmax0.001_seed0,reuse_local,complete_collected_validated,reuse_and_pair_audit_pending,pending_contract_and_checkpoint_seal,bundles/table3_bounded_bptt/conv3/ours/gmax_1em3/seed0/result.json,b76222540c8a352d781da74f952d80170be21ad814e7425b65ca21d4198d7339,95.80,95.80,30,ordinary_mnist_weight_ceiling_sensitivity_exploratory,jean-zay,,68d2f8552c703f06756fea48f8a3f7c2d885d6d7,b1551915cf1d8a4fa07e0c3e8c563b7ac13fadf536cbfb979825e813d1ef358d,false,2026-09-11
table3,T3_BPTT,conv3,BPTT,Adam,ours,4,1,1,1,0,0.00001,0.001,30,8,8,launch_new_seed,frozen_settings_check_and_seed_assets,results/paper-training-completion-20260911-v1/production/main_conv3_bounded_seed1_gmax1em3/000_T3_BPTT_conv3_ours_gmax0.001_seed1_a6b1e26d/result.json,configs/conv/perfectdiode-conv123-fixed-uniform-init-wmax-adam-10-30-30ep-seed0-20260814-v1/conv3/07_wmax_1em3_ours_adam.json,T3_BPTT_conv3_ours_gmax0.001_seed1,launch_new_seed,complete_collected_validated,training_collected_paper_gates_pending,pending_contract_and_checkpoint_seal,bundles/table3_bounded_bptt/conv3/ours/gmax_1em3/seed1/result.json,9c8532582f715bcfcb8b36cdabf99ccf4c0a2950adb0c3fbdfd52a02dabdee4d,95.67999999999999,95.62,30,ordinary_mnist_training_completion,main,main: tmux main/@6,022098cfe6eb151dff3f7403d3f4b358709152b9,82b4e032f3d2de8f8152c9e5613595597bafa49dc31868b36ea63d7c5946ed2d,false,2026-09-12T13:00:23.436774+00:00
table3,T3_BPTT,conv3,BPTT,Adam,ours,4,1,2,2,0,0.00001,0.001,30,8,8,launch_new_seed,frozen_settings_check_and_seed_assets,results/paper-training-completion-20260911-v1/collected/nomcool1_conv3_bounded_seed2_remaining_ceilings/000_T3_BPTT_conv3_ours_gmax0.001_seed2_30f6d31d/result.json,configs/conv/perfectdiode-conv123-fixed-uniform-init-wmax-adam-10-30-30ep-seed0-20260814-v1/conv3/07_wmax_1em3_ours_adam.json,T3_BPTT_conv3_ours_gmax0.001_seed2,launch_new_seed,complete_collected_validated,training_collected_paper_gates_pending,pending_contract_and_checkpoint_seal,bundles/table3_bounded_bptt/conv3/ours/gmax_1em3/seed2/result.json,8fde573f6901542576e3d713f58e1970a9b3238e6c251b40d15a8bfa8b935265,95.72,95.7,30,ordinary_mnist_training_completion,nom-cool-1,nom-cool-1: nohup PID 1231687; remaining six bounded cases,022098cfe6eb151dff3f7403d3f4b358709152b9,82b4e032f3d2de8f8152c9e5613595597bafa49dc31868b36ea63d7c5946ed2d,false,2026-09-12T09:01:49.618693+00:00
table3,T3_BPTT,conv3,BPTT,Adam,legacy,4,0.25,0,0,0,0.00001,0.0001,30,8,8,reuse_collected_pending_paper_audit,paper_reuse_pair_audit_and_final_contract_seal,results/perfectdiode-conv3-remaining-legacy-adam-physical-kcl-reruns-seed0-20260826-v1/production/bounded_wmax_1em4/000_02_wmax_1em4_legacy_adam_c72c3716/result.json,configs/conv/perfectdiode-conv123-fixed-uniform-init-wmax-adam-10-30-30ep-seed0-20260814-v1/conv3/02_wmax_1em4_legacy_adam.json,T3_BPTT_conv3_legacy_gmax0.0001_seed0,reuse_local,complete_collected_validated,reuse_and_pair_audit_pending,pending_contract_and_checkpoint_seal,bundles/table3_bounded_bptt/conv3/legacy/gmax_1em4/seed0/result.json,9a3c7d9a83df76c71e309671e301b208006dfc89a3d908450b4a392352d00b15,93.56,93.56,30,ordinary_mnist_weight_ceiling_sensitivity_exploratory,jean-zay,,ce2e077afb1e764f5458bea55205695aa0c61741,557b2cdcb71b91ad8f2c89ff27bfb3385125f8fd141da1acbb5504092a1911ac,false,2026-09-11
table3,T3_BPTT,conv3,BPTT,Adam,legacy,4,0.25,1,1,0,0.00001,0.0001,30,8,8,launch_new_seed,frozen_settings_check_and_seed_assets,results/paper-training-completion-20260911-v1/production/main_conv3_bounded_seed1_gmax1em4/000_T3_BPTT_conv3_legacy_gmax0.0001_seed1_5de3cd6f/result.json,configs/conv/perfectdiode-conv123-fixed-uniform-init-wmax-adam-10-30-30ep-seed0-20260814-v1/conv3/02_wmax_1em4_legacy_adam.json,T3_BPTT_conv3_legacy_gmax0.0001_seed1,launch_new_seed,complete_collected_validated,training_collected_paper_gates_pending,pending_contract_and_checkpoint_seal,bundles/table3_bounded_bptt/conv3/legacy/gmax_1em4/seed1/result.json,a658382f46d4aaefbf76a2f39b4d561816e120cd837615b9959e3994fc60f892,95.02000000000001,95.02000000000001,30,ordinary_mnist_training_completion,main,main: tmux main/@4; active three-case bounded seed-1 list,022098cfe6eb151dff3f7403d3f4b358709152b9,82b4e032f3d2de8f8152c9e5613595597bafa49dc31868b36ea63d7c5946ed2d,false,2026-09-11T17:06:51.506814+00:00
table3,T3_BPTT,conv3,BPTT,Adam,legacy,4,0.25,2,2,0,0.00001,0.0001,30,8,8,launch_new_seed,frozen_settings_check_and_seed_assets,results/paper-training-completion-20260911-v1/collected/nomcool1_conv3_bounded_seed2_gmax1em4/000_T3_BPTT_conv3_legacy_gmax0.0001_seed2_bd4e1393/result.json,configs/conv/perfectdiode-conv123-fixed-uniform-init-wmax-adam-10-30-30ep-seed0-20260814-v1/conv3/02_wmax_1em4_legacy_adam.json,T3_BPTT_conv3_legacy_gmax0.0001_seed2,launch_new_seed,complete_collected_validated,training_collected_paper_gates_pending,pending_contract_and_checkpoint_seal,bundles/table3_bounded_bptt/conv3/legacy/gmax_1em4/seed2/result.json,c2ea67f4c57a9b9ebb7e9d31b3e2b799f63662067a2ebee1ea9bba66cda9992a,93.17999999999999,93.17999999999999,30,ordinary_mnist_training_completion,nom-cool-1,nom-cool-1: nohup PID 1216299,022098cfe6eb151dff3f7403d3f4b358709152b9,82b4e032f3d2de8f8152c9e5613595597bafa49dc31868b36ea63d7c5946ed2d,false,2026-09-11T14:40:41.121772+00:00
table3,T3_BPTT,conv3,BPTT,Adam,legacy,4,0.25,0,0,0,0.00001,0.0005,30,8,8,reuse_collected_pending_paper_audit,paper_reuse_pair_audit_and_final_contract_seal,results/perfectdiode-conv3-remaining-legacy-adam-physical-kcl-reruns-seed0-20260826-v1/production/bounded_wmax_5em4/000_05_wmax_5em4_legacy_adam_75f83208/result.json,configs/conv/perfectdiode-conv123-fixed-uniform-init-wmax-adam-10-30-30ep-seed0-20260814-v1/conv3/05_wmax_5em4_legacy_adam.json,T3_BPTT_conv3_legacy_gmax0.0005_seed0,reuse_local,complete_collected_validated,reuse_and_pair_audit_pending,pending_contract_and_checkpoint_seal,bundles/table3_bounded_bptt/conv3/legacy/gmax_5em4/seed0/result.json,917835781ab1f79d462c3a3cc7888e61e2c03aabef566ffe43726b3d0e156ada,97.68,97.66,30,ordinary_mnist_weight_ceiling_sensitivity_exploratory,jean-zay,,ce2e077afb1e764f5458bea55205695aa0c61741,557b2cdcb71b91ad8f2c89ff27bfb3385125f8fd141da1acbb5504092a1911ac,false,2026-09-11
table3,T3_BPTT,conv3,BPTT,Adam,legacy,4,0.25,1,1,0,0.00001,0.0005,30,8,8,launch_new_seed,frozen_settings_check_and_seed_assets,results/paper-training-completion-20260911-v1/production/main_conv3_bounded_seed1_gmax5em4/000_T3_BPTT_conv3_legacy_gmax0.0005_seed1_705ee195/result.json,configs/conv/perfectdiode-conv123-fixed-uniform-init-wmax-adam-10-30-30ep-seed0-20260814-v1/conv3/05_wmax_5em4_legacy_adam.json,T3_BPTT_conv3_legacy_gmax0.0005_seed1,launch_new_seed,complete_collected_validated,training_collected_paper_gates_pending,pending_contract_and_checkpoint_seal,bundles/table3_bounded_bptt/conv3/legacy/gmax_5em4/seed1/result.json,bf17bd4ef4eb9e6c031539c7d1f9fca0aeeddc9db80e7e96a69ef9d029b3b243,97.84,97.84,30,ordinary_mnist_training_completion,main,main: tmux main/@5; three bounded seed-1 cases at Gmax=5e-4,022098cfe6eb151dff3f7403d3f4b358709152b9,82b4e032f3d2de8f8152c9e5613595597bafa49dc31868b36ea63d7c5946ed2d,false,2026-09-12T09:01:49.618693+00:00
table3,T3_BPTT,conv3,BPTT,Adam,legacy,4,0.25,2,2,0,0.00001,0.0005,30,8,8,launch_new_seed,frozen_settings_check_and_seed_assets,results/paper-training-completion-20260911-v1/collected/nomcool1_conv3_bounded_seed2_remaining_ceilings/000_T3_BPTT_conv3_legacy_gmax0.0005_seed2_f897e87a/result.json,configs/conv/perfectdiode-conv123-fixed-uniform-init-wmax-adam-10-30-30ep-seed0-20260814-v1/conv3/05_wmax_5em4_legacy_adam.json,T3_BPTT_conv3_legacy_gmax0.0005_seed2,launch_new_seed,complete_collected_validated,training_collected_paper_gates_pending,pending_contract_and_checkpoint_seal,bundles/table3_bounded_bptt/conv3/legacy/gmax_5em4/seed2/result.json,2d6360ed95e05d6e323ba91ed62d08cab6beac847ff7380b878d78735c705c0e,97.96000000000001,97.92,30,ordinary_mnist_training_completion,nom-cool-1,nom-cool-1: nohup PID 1231687; remaining six bounded cases,022098cfe6eb151dff3f7403d3f4b358709152b9,82b4e032f3d2de8f8152c9e5613595597bafa49dc31868b36ea63d7c5946ed2d,false,2026-09-11T19:04:08.810345+00:00
table3,T3_BPTT,conv3,BPTT,Adam,legacy,4,0.25,0,0,0,0.00001,0.001,30,8,8,reuse_collected_pending_paper_audit,paper_reuse_pair_audit_and_final_contract_seal,results/perfectdiode-conv3-remaining-legacy-adam-physical-kcl-reruns-seed0-20260826-v1/production/bounded_wmax_1em3/000_08_wmax_1em3_legacy_adam_078b7ea3/result.json,configs/conv/perfectdiode-conv123-fixed-uniform-init-wmax-adam-10-30-30ep-seed0-20260814-v1/conv3/08_wmax_1em3_legacy_adam.json,T3_BPTT_conv3_legacy_gmax0.001_seed0,reuse_local,complete_collected_validated,reuse_and_pair_audit_pending,pending_contract_and_checkpoint_seal,bundles/table3_bounded_bptt/conv3/legacy/gmax_1em3/seed0/result.json,bc5dae64c2658b78c37be969640be46ab96064a313589f5c91d1ff5f5c615eb7,97.80,97.80,30,ordinary_mnist_weight_ceiling_sensitivity_exploratory,jean-zay,,ce2e077afb1e764f5458bea55205695aa0c61741,557b2cdcb71b91ad8f2c89ff27bfb3385125f8fd141da1acbb5504092a1911ac,false,2026-09-11
table3,T3_BPTT,conv3,BPTT,Adam,legacy,4,0.25,1,1,0,0.00001,0.001,30,8,8,launch_new_seed,frozen_settings_check_and_seed_assets,results/paper-training-completion-20260911-v1/production/main_conv3_bounded_seed1_gmax1em3/000_T3_BPTT_conv3_legacy_gmax0.001_seed1_8ce50ed3/result.json,configs/conv/perfectdiode-conv123-fixed-uniform-init-wmax-adam-10-30-30ep-seed0-20260814-v1/conv3/08_wmax_1em3_legacy_adam.json,T3_BPTT_conv3_legacy_gmax0.001_seed1,launch_new_seed,complete_collected_validated,training_collected_paper_gates_pending,pending_contract_and_checkpoint_seal,bundles/table3_bounded_bptt/conv3/legacy/gmax_1em3/seed1/result.json,bc2605e7089ad1e85da20d4ce712f9109afe1cad6f61dc0449bc29e399e0630e,98.14,98.14,30,ordinary_mnist_training_completion,main,main: tmux main/@6,022098cfe6eb151dff3f7403d3f4b358709152b9,82b4e032f3d2de8f8152c9e5613595597bafa49dc31868b36ea63d7c5946ed2d,false,2026-09-12T11:42:57.035341+00:00
table3,T3_BPTT,conv3,BPTT,Adam,legacy,4,0.25,2,2,0,0.00001,0.001,30,8,8,launch_new_seed,frozen_settings_check_and_seed_assets,results/paper-training-completion-20260911-v1/collected/nomcool1_conv3_bounded_seed2_remaining_ceilings/000_T3_BPTT_conv3_legacy_gmax0.001_seed2_434a75e4/result.json,configs/conv/perfectdiode-conv123-fixed-uniform-init-wmax-adam-10-30-30ep-seed0-20260814-v1/conv3/08_wmax_1em3_legacy_adam.json,T3_BPTT_conv3_legacy_gmax0.001_seed2,launch_new_seed,complete_collected_validated,training_collected_paper_gates_pending,pending_contract_and_checkpoint_seal,bundles/table3_bounded_bptt/conv3/legacy/gmax_1em3/seed2/result.json,83b726e0a9e753d27f8c086f8742b0aa776666ea79dec52f280b1eb4409611d0,98.08,98.06,30,ordinary_mnist_training_completion,nom-cool-1,nom-cool-1: nohup PID 1231687; remaining six bounded cases,022098cfe6eb151dff3f7403d3f4b358709152b9,82b4e032f3d2de8f8152c9e5613595597bafa49dc31868b36ea63d7c5946ed2d,false,2026-09-12T09:01:49.618693+00:00
table3,T3_EP,conv1,EP,Adam,baseline,1,1,0,0,0,0.00001,0.0001,10,4,4,launch_new_bounded_ep,bounded_ep_beta_check_and_seed_assets,results/paper-training-completion-20260911-v1/collected/jz_conv1_ep_next/task_6/000_T3_EP_conv1_baseline_gmax0.0001_seed0_c10c703a/result.json,configs/conv/perfectdiode-conv123-fixed-uniform-init-wmax-adam-10-30-30ep-seed0-20260814-v1/conv1/00_wmax_1em4_baseline_adam.json,T3_EP_conv1_baseline_gmax0.0001_seed0,launch_new_bounded_ep,complete_collected_validated,training_collected_paper_gates_pending,pending_contract_and_checkpoint_seal,bundles/table3_bounded_ep/conv1/baseline/gmax_1em4/seed0/result.json,67b19dcc9cd3fed75c9c319d6f307cdfb45dcbf0bef5a7715e8c017ef39ef518,89.68,87.24,10,ordinary_mnist_training_completion,jean-zay,jean-zay: Slurm 2024429_6,022098cfe6eb151dff3f7403d3f4b358709152b9,19b3501075065f7613b7bb106bbdf2c2711e9057bf33922532f0cead14f66b3c,false,2026-09-11T12:30:32.819647+00:00
table3,T3_EP,conv1,EP,Adam,baseline,1,1,1,1,0,0.00001,0.0001,10,4,4,launch_new_bounded_ep,all_three_ceiling_pilots_stable; exact_GPU_smoke_passed; full_budget_reserved,results/paper-training-completion-20260911-v1/collected/nomcool1_bounded_conv1_ep_seed1/000_T3_EP_conv1_baseline_gmax0.0001_seed1_8fcbe977/result.json,configs/conv/perfectdiode-conv123-fixed-uniform-init-wmax-adam-10-30-30ep-seed0-20260814-v1/conv1/00_wmax_1em4_baseline_adam.json,T3_EP_conv1_baseline_gmax0.0001_seed1,launch_new_bounded_ep,complete_collected_validated,training_collected_paper_gates_pending,pending_contract_and_checkpoint_seal,bundles/table3_bounded_ep/conv1/baseline/gmax_1em4/seed1/result.json,3329a49ffb877888f9d519492311ca001869d960da6f517eb3b3e3534ce1ff0e,89.92,89.05999999999999,10,ordinary_mnist_training_completion,nom-cool-1,nom-cool-1: nohup 1308963; worker 1308971,022098cfe6eb151dff3f7403d3f4b358709152b9,1f4334bf4c8468924ba6986fe0d04e39ce090f7e1e0bf2c14f0d1f14427f808b,false,2026-09-12T10:09:31.303311+00:00
table3,T3_EP,conv1,EP,Adam,baseline,1,1,2,2,0,0.00001,0.0001,10,4,4,launch_new_bounded_ep,all_three_ceiling_pilots_stable; exact_GPU_smoke_passed; full_budget_reserved,results/paper-training-completion-20260911-v1/collected/nomcool1_bounded_conv1_ep_seed2/000_T3_EP_conv1_baseline_gmax0.0001_seed2_d6b4bc78/result.json,configs/conv/perfectdiode-conv123-fixed-uniform-init-wmax-adam-10-30-30ep-seed0-20260814-v1/conv1/00_wmax_1em4_baseline_adam.json,T3_EP_conv1_baseline_gmax0.0001_seed2,launch_new_bounded_ep,complete_collected_validated,training_collected_paper_gates_pending,pending_contract_and_checkpoint_seal,bundles/table3_bounded_ep/conv1/baseline/gmax_1em4/seed2/result.json,0c39c927f72466f26683e810d6993339e49c4814c444fdf2d519278990cee369,90.0,89.60000000000001,10,ordinary_mnist_training_completion,nom-cool-1,nom-cool-1: nohup 1314774; source v5,022098cfe6eb151dff3f7403d3f4b358709152b9,1f4334bf4c8468924ba6986fe0d04e39ce090f7e1e0bf2c14f0d1f14427f808b,false,2026-09-12T11:17:12.279188+00:00
table3,T3_EP,conv1,EP,Adam,baseline,1,1,0,0,0,0.00001,0.0005,10,4,4,launch_new_bounded_ep,bounded_ep_beta_check_and_seed_assets,results/paper-training-completion-20260911-v1/collected/jz_conv1_ep_next/task_7/000_T3_EP_conv1_baseline_gmax0.0005_seed0_9b0a9a96/result.json,configs/conv/perfectdiode-conv123-fixed-uniform-init-wmax-adam-10-30-30ep-seed0-20260814-v1/conv1/03_wmax_5em4_baseline_adam.json,T3_EP_conv1_baseline_gmax0.0005_seed0,launch_new_bounded_ep,complete_collected_validated,training_collected_paper_gates_pending,pending_contract_and_checkpoint_seal,bundles/table3_bounded_ep/conv1/baseline/gmax_5em4/seed0/result.json,103e02f3e873bb8108a548b6cec45f639c9cf925302a777dc3a023b16dadb51b,94.42,93.82000000000001,10,ordinary_mnist_training_completion,jean-zay,jean-zay: Slurm 2024429_7,022098cfe6eb151dff3f7403d3f4b358709152b9,19b3501075065f7613b7bb106bbdf2c2711e9057bf33922532f0cead14f66b3c,false,2026-09-11T12:30:32.819647+00:00
table3,T3_EP,conv1,EP,Adam,baseline,1,1,1,1,0,0.00001,0.0005,10,4,4,launch_new_bounded_ep,all_three_ceiling_pilots_stable; exact_GPU_smoke_passed; full_budget_reserved,results/paper-training-completion-20260911-v1/collected/nomcool1_bounded_conv1_ep_seed1/000_T3_EP_conv1_baseline_gmax0.0005_seed1_86e5e556/result.json,configs/conv/perfectdiode-conv123-fixed-uniform-init-wmax-adam-10-30-30ep-seed0-20260814-v1/conv1/03_wmax_5em4_baseline_adam.json,T3_EP_conv1_baseline_gmax0.0005_seed1,launch_new_bounded_ep,complete_collected_validated,training_collected_paper_gates_pending,pending_contract_and_checkpoint_seal,bundles/table3_bounded_ep/conv1/baseline/gmax_5em4/seed1/result.json,5419b68528b4f93f398e5f828750b9bc2ba947714c23db1c6a2a55ff271f46d0,94.62,94.62,10,ordinary_mnist_training_completion,nom-cool-1,nom-cool-1: nohup 1308963; worker 1308971,022098cfe6eb151dff3f7403d3f4b358709152b9,1f4334bf4c8468924ba6986fe0d04e39ce090f7e1e0bf2c14f0d1f14427f808b,false,2026-09-12T10:15:46.736015+00:00
table3,T3_EP,conv1,EP,Adam,baseline,1,1,2,2,0,0.00001,0.0005,10,4,4,launch_new_bounded_ep,all_three_ceiling_pilots_stable; exact_GPU_smoke_passed; full_budget_reserved,results/paper-training-completion-20260911-v1/collected/nomcool1_bounded_conv1_ep_seed2/000_T3_EP_conv1_baseline_gmax0.0005_seed2_e28c3d39/result.json,configs/conv/perfectdiode-conv123-fixed-uniform-init-wmax-adam-10-30-30ep-seed0-20260814-v1/conv1/03_wmax_5em4_baseline_adam.json,T3_EP_conv1_baseline_gmax0.0005_seed2,launch_new_bounded_ep,complete_collected_validated,training_collected_paper_gates_pending,pending_contract_and_checkpoint_seal,bundles/table3_bounded_ep/conv1/baseline/gmax_5em4/seed2/result.json,dd306b3cea1f3c99a4ee4e618448546ef9926e0736019ec6e5e2a1378cfc8f38,94.66,94.46,10,ordinary_mnist_training_completion,nom-cool-1,nom-cool-1: nohup 1314774; source v5,022098cfe6eb151dff3f7403d3f4b358709152b9,1f4334bf4c8468924ba6986fe0d04e39ce090f7e1e0bf2c14f0d1f14427f808b,false,2026-09-12T11:23:34.631955+00:00
table3,T3_EP,conv1,EP,Adam,baseline,1,1,0,0,0,0.00001,0.001,10,4,4,launch_new_bounded_ep,bounded_ep_beta_check_and_seed_assets,results/paper-training-completion-20260911-v1/collected/jz_conv1_ep_next/task_8/000_T3_EP_conv1_baseline_gmax0.001_seed0_9390ade8/result.json,configs/conv/perfectdiode-conv123-fixed-uniform-init-wmax-adam-10-30-30ep-seed0-20260814-v1/conv1/06_wmax_1em3_baseline_adam.json,T3_EP_conv1_baseline_gmax0.001_seed0,launch_new_bounded_ep,complete_collected_validated,training_collected_paper_gates_pending,pending_contract_and_checkpoint_seal,bundles/table3_bounded_ep/conv1/baseline/gmax_1em3/seed0/result.json,8a7f02b585c8d8dc24de57d426b7868265f789903d398856dcb566c707313218,94.8,94.24,10,ordinary_mnist_training_completion,jean-zay,jean-zay: Slurm 2024429_8,022098cfe6eb151dff3f7403d3f4b358709152b9,19b3501075065f7613b7bb106bbdf2c2711e9057bf33922532f0cead14f66b3c,false,2026-09-11T12:50:21.763990+00:00
table3,T3_EP,conv1,EP,Adam,baseline,1,1,1,1,0,0.00001,0.001,10,4,4,launch_new_bounded_ep,all_three_ceiling_pilots_stable; exact_GPU_smoke_passed; full_budget_reserved,results/paper-training-completion-20260911-v1/collected/nomcool1_bounded_conv1_ep_seed1/000_T3_EP_conv1_baseline_gmax0.001_seed1_3798ffc4/result.json,configs/conv/perfectdiode-conv123-fixed-uniform-init-wmax-adam-10-30-30ep-seed0-20260814-v1/conv1/06_wmax_1em3_baseline_adam.json,T3_EP_conv1_baseline_gmax0.001_seed1,launch_new_bounded_ep,complete_collected_validated,training_collected_paper_gates_pending,pending_contract_and_checkpoint_seal,bundles/table3_bounded_ep/conv1/baseline/gmax_1em3/seed1/result.json,8f50492765477a318c40fa18c2f13c5920ed6a97eec513fb70b238b065aa4001,95.24000000000001,95.24000000000001,10,ordinary_mnist_training_completion,nom-cool-1,nom-cool-1: nohup 1308963; worker 1308971,022098cfe6eb151dff3f7403d3f4b358709152b9,1f4334bf4c8468924ba6986fe0d04e39ce090f7e1e0bf2c14f0d1f14427f808b,false,2026-09-12T10:23:15.632650+00:00
table3,T3_EP,conv1,EP,Adam,baseline,1,1,2,2,0,0.00001,0.001,10,4,4,launch_new_bounded_ep,all_three_ceiling_pilots_stable; exact_GPU_smoke_passed; full_budget_reserved,results/paper-training-completion-20260911-v1/collected/nomcool1_bounded_conv1_ep_seed2/000_T3_EP_conv1_baseline_gmax0.001_seed2_06697a9f/result.json,configs/conv/perfectdiode-conv123-fixed-uniform-init-wmax-adam-10-30-30ep-seed0-20260814-v1/conv1/06_wmax_1em3_baseline_adam.json,T3_EP_conv1_baseline_gmax0.001_seed2,launch_new_bounded_ep,complete_collected_validated,training_collected_paper_gates_pending,pending_contract_and_checkpoint_seal,bundles/table3_bounded_ep/conv1/baseline/gmax_1em3/seed2/result.json,b77d05bbb2724744a4f5d8473e106e298ad144ad14ad410abd5a13e022f40f1e,94.84,94.84,10,ordinary_mnist_training_completion,nom-cool-1,nom-cool-1: nohup 1314774; source v5,022098cfe6eb151dff3f7403d3f4b358709152b9,1f4334bf4c8468924ba6986fe0d04e39ce090f7e1e0bf2c14f0d1f14427f808b,false,2026-09-12T11:36:00.424270+00:00
table3,T3_EP,conv1,EP,Adam,ours,4,1,0,0,0,0.00001,0.0001,10,4,4,launch_new_bounded_ep,bounded_ep_beta_check_and_seed_assets,results/paper-training-completion-20260911-v1/collected/jz_conv1_ep_next/task_9/000_T3_EP_conv1_ours_gmax0.0001_seed0_5d48b6b5/result.json,configs/conv/perfectdiode-conv123-fixed-uniform-init-wmax-adam-10-30-30ep-seed0-20260814-v1/conv1/01_wmax_1em4_ours_adam.json,T3_EP_conv1_ours_gmax0.0001_seed0,launch_new_bounded_ep,complete_collected_validated,training_collected_paper_gates_pending,pending_contract_and_checkpoint_seal,bundles/table3_bounded_ep/conv1/ours/gmax_1em4/seed0/result.json,fd165e1f5cb28d5dc486933973385e9b461a53e4ef15bb3d8e6b5ab3f48c5ee9,92.92,91.5,10,ordinary_mnist_training_completion,jean-zay,jean-zay: Slurm 2024429_9,022098cfe6eb151dff3f7403d3f4b358709152b9,19b3501075065f7613b7bb106bbdf2c2711e9057bf33922532f0cead14f66b3c,false,2026-09-11T12:50:21.763990+00:00
table3,T3_EP,conv1,EP,Adam,ours,4,1,1,1,0,0.00001,0.0001,10,4,4,launch_new_bounded_ep,all_three_ceiling_pilots_stable; exact_GPU_smoke_passed; full_budget_reserved,results/paper-training-completion-20260911-v1/collected/nomcool1_bounded_conv1_ep_seed1/000_T3_EP_conv1_ours_gmax0.0001_seed1_648b600f/result.json,configs/conv/perfectdiode-conv123-fixed-uniform-init-wmax-adam-10-30-30ep-seed0-20260814-v1/conv1/01_wmax_1em4_ours_adam.json,T3_EP_conv1_ours_gmax0.0001_seed1,launch_new_bounded_ep,complete_collected_validated,training_collected_paper_gates_pending,pending_contract_and_checkpoint_seal,bundles/table3_bounded_ep/conv1/ours/gmax_1em4/seed1/result.json,87403ff8bf522efdffd23ba3149d4c036073e9f96fb131db43cafa0dfd9f161c,92.80000000000001,92.80000000000001,10,ordinary_mnist_training_completion,nom-cool-1,nom-cool-1: nohup 1308963; worker 1308971,022098cfe6eb151dff3f7403d3f4b358709152b9,1f4334bf4c8468924ba6986fe0d04e39ce090f7e1e0bf2c14f0d1f14427f808b,false,2026-09-12T10:50:31.092567+00:00
table3,T3_EP,conv1,EP,Adam,ours,4,1,2,2,0,0.00001,0.0001,10,4,4,launch_new_bounded_ep,all_three_ceiling_pilots_stable; exact_GPU_smoke_passed; full_budget_reserved,results/paper-training-completion-20260911-v1/collected/nomcool1_bounded_conv1_ep_seed2/000_T3_EP_conv1_ours_gmax0.0001_seed2_d88ff69d/result.json,configs/conv/perfectdiode-conv123-fixed-uniform-init-wmax-adam-10-30-30ep-seed0-20260814-v1/conv1/01_wmax_1em4_ours_adam.json,T3_EP_conv1_ours_gmax0.0001_seed2,launch_new_bounded_ep,complete_collected_validated,training_collected_paper_gates_pending,pending_contract_and_checkpoint_seal,bundles/table3_bounded_ep/conv1/ours/gmax_1em4/seed2/result.json,e72371026e82a605f58700892ba4bcbd2eb242cba858e2e6cf18e6a835afa3c9,93.44,93.44,10,ordinary_mnist_training_completion,nom-cool-1,nom-cool-1: nohup 1314774; source v5,022098cfe6eb151dff3f7403d3f4b358709152b9,1f4334bf4c8468924ba6986fe0d04e39ce090f7e1e0bf2c14f0d1f14427f808b,false,2026-09-12T11:56:20.231215+00:00
table3,T3_EP,conv1,EP,Adam,ours,4,1,0,0,0,0.00001,0.0005,10,4,4,launch_new_bounded_ep,bounded_ep_beta_check_and_seed_assets,results/paper-training-completion-20260911-v1/collected/jz_conv1_ep_next/task_10/000_T3_EP_conv1_ours_gmax0.0005_seed0_0a1d25e1/result.json,configs/conv/perfectdiode-conv123-fixed-uniform-init-wmax-adam-10-30-30ep-seed0-20260814-v1/conv1/04_wmax_5em4_ours_adam.json,T3_EP_conv1_ours_gmax0.0005_seed0,launch_new_bounded_ep,complete_collected_validated,training_collected_paper_gates_pending,pending_contract_and_checkpoint_seal,bundles/table3_bounded_ep/conv1/ours/gmax_5em4/seed0/result.json,64d7838cffc11b8d08be1dfd565d82afb03fc8c9e823f109258766ab8156cfa8,95.0,94.6,10,ordinary_mnist_training_completion,jean-zay,jean-zay: Slurm 2024429_10,022098cfe6eb151dff3f7403d3f4b358709152b9,19b3501075065f7613b7bb106bbdf2c2711e9057bf33922532f0cead14f66b3c,false,2026-09-11T12:50:21.763990+00:00
table3,T3_EP,conv1,EP,Adam,ours,4,1,1,1,0,0.00001,0.0005,10,4,4,launch_new_bounded_ep,all_three_ceiling_pilots_stable; exact_GPU_smoke_passed; full_budget_reserved,results/paper-training-completion-20260911-v1/collected/nomcool1_bounded_conv1_ep_seed1/000_T3_EP_conv1_ours_gmax0.0005_seed1_ef4bac27/result.json,configs/conv/perfectdiode-conv123-fixed-uniform-init-wmax-adam-10-30-30ep-seed0-20260814-v1/conv1/04_wmax_5em4_ours_adam.json,T3_EP_conv1_ours_gmax0.0005_seed1,launch_new_bounded_ep,complete_collected_validated,training_collected_paper_gates_pending,pending_contract_and_checkpoint_seal,bundles/table3_bounded_ep/conv1/ours/gmax_5em4/seed1/result.json,04fba8e3baa7f598aac4298cbc7ce940fb8cef35ebed0359f3518fb7b461a866,95.46,95.46,10,ordinary_mnist_training_completion,nom-cool-1,nom-cool-1: nohup 1308963; worker 1308971,022098cfe6eb151dff3f7403d3f4b358709152b9,1f4334bf4c8468924ba6986fe0d04e39ce090f7e1e0bf2c14f0d1f14427f808b,false,2026-09-12T10:57:14.374989+00:00
table3,T3_EP,conv1,EP,Adam,ours,4,1,2,2,0,0.00001,0.0005,10,4,4,launch_new_bounded_ep,all_three_ceiling_pilots_stable; exact_GPU_smoke_passed; full_budget_reserved,results/paper-training-completion-20260911-v1/collected/nomcool1_bounded_conv1_ep_seed2/000_T3_EP_conv1_ours_gmax0.0005_seed2_f337c900/result.json,configs/conv/perfectdiode-conv123-fixed-uniform-init-wmax-adam-10-30-30ep-seed0-20260814-v1/conv1/04_wmax_5em4_ours_adam.json,T3_EP_conv1_ours_gmax0.0005_seed2,launch_new_bounded_ep,complete_collected_validated,training_collected_paper_gates_pending,pending_contract_and_checkpoint_seal,bundles/table3_bounded_ep/conv1/ours/gmax_5em4/seed2/result.json,349078d6b20ae7985f3231b5a5aed1944a67d7cde85d065aba046106459aa37e,95.06,94.94,10,ordinary_mnist_training_completion,nom-cool-1,nom-cool-1: nohup 1314774; source v5,022098cfe6eb151dff3f7403d3f4b358709152b9,1f4334bf4c8468924ba6986fe0d04e39ce090f7e1e0bf2c14f0d1f14427f808b,false,2026-09-12T12:03:44.622236+00:00
table3,T3_EP,conv1,EP,Adam,ours,4,1,0,0,0,0.00001,0.001,10,4,4,launch_new_bounded_ep,bounded_ep_beta_check_and_seed_assets,results/paper-training-completion-20260911-v1/collected/jz_conv1_ep_next/task_11/000_T3_EP_conv1_ours_gmax0.001_seed0_daaf4eed/result.json,configs/conv/perfectdiode-conv123-fixed-uniform-init-wmax-adam-10-30-30ep-seed0-20260814-v1/conv1/07_wmax_1em3_ours_adam.json,T3_EP_conv1_ours_gmax0.001_seed0,launch_new_bounded_ep,complete_collected_validated,training_collected_paper_gates_pending,pending_contract_and_checkpoint_seal,bundles/table3_bounded_ep/conv1/ours/gmax_1em3/seed0/result.json,841da366fc716e6631f8ce7ab0fd8e97d56aa8e647079824b865f857212790eb,95.0,94.69999999999999,10,ordinary_mnist_training_completion,jean-zay,jean-zay: Slurm 2024429_11,022098cfe6eb151dff3f7403d3f4b358709152b9,19b3501075065f7613b7bb106bbdf2c2711e9057bf33922532f0cead14f66b3c,false,2026-09-11T12:50:21.763990+00:00
table3,T3_EP,conv1,EP,Adam,ours,4,1,1,1,0,0.00001,0.001,10,4,4,launch_new_bounded_ep,all_three_ceiling_pilots_stable; exact_GPU_smoke_passed; full_budget_reserved,results/paper-training-completion-20260911-v1/collected/nomcool1_bounded_conv1_ep_seed1/000_T3_EP_conv1_ours_gmax0.001_seed1_2bc8b9b4/result.json,configs/conv/perfectdiode-conv123-fixed-uniform-init-wmax-adam-10-30-30ep-seed0-20260814-v1/conv1/07_wmax_1em3_ours_adam.json,T3_EP_conv1_ours_gmax0.001_seed1,launch_new_bounded_ep,complete_collected_validated,training_collected_paper_gates_pending,pending_contract_and_checkpoint_seal,bundles/table3_bounded_ep/conv1/ours/gmax_1em3/seed1/result.json,66f6acde0505f044968e1eaf376383671f91246a5dd2b06d165f27cbd4133b6a,95.44,95.44,10,ordinary_mnist_training_completion,nom-cool-1,nom-cool-1: nohup 1308963; worker 1308971,022098cfe6eb151dff3f7403d3f4b358709152b9,1f4334bf4c8468924ba6986fe0d04e39ce090f7e1e0bf2c14f0d1f14427f808b,false,2026-09-12T11:05:33.583835+00:00
table3,T3_EP,conv1,EP,Adam,ours,4,1,2,2,0,0.00001,0.001,10,4,4,launch_new_bounded_ep,all_three_ceiling_pilots_stable; exact_GPU_smoke_passed; full_budget_reserved,results/paper-training-completion-20260911-v1/collected/nomcool1_bounded_conv1_ep_seed2/000_T3_EP_conv1_ours_gmax0.001_seed2_2d112f70/result.json,configs/conv/perfectdiode-conv123-fixed-uniform-init-wmax-adam-10-30-30ep-seed0-20260814-v1/conv1/07_wmax_1em3_ours_adam.json,T3_EP_conv1_ours_gmax0.001_seed2,launch_new_bounded_ep,complete_collected_validated,training_collected_paper_gates_pending,pending_contract_and_checkpoint_seal,bundles/table3_bounded_ep/conv1/ours/gmax_1em3/seed2/result.json,cfb5f8072fc4b8f054efffdb1e8956e1c7499b608147419bc31a35911d208ed6,95.06,95.0,10,ordinary_mnist_training_completion,nom-cool-1,nom-cool-1: nohup 1314774; source v5,022098cfe6eb151dff3f7403d3f4b358709152b9,1f4334bf4c8468924ba6986fe0d04e39ce090f7e1e0bf2c14f0d1f14427f808b,false,2026-09-12T12:10:50.177216+00:00
table3,T3_EP,conv1,EP,Adam,legacy,4,0.25,0,0,0,0.00001,0.0001,10,4,4,launch_new_bounded_ep,common_injected_beta_0.03_qualified; available_budget_and_next_single_JZ_array,results/paper-training-completion-20260911-v1/collected/jz_bounded_conv1_legacy_pilots/task_0/000_T3_EP_conv1_legacy_gmax0.0001_seed0_34dd0b8b/result.json,configs/conv/perfectdiode-conv123-fixed-uniform-init-wmax-adam-10-30-30ep-seed0-20260814-v1/conv1/02_wmax_1em4_legacy_adam.json,T3_EP_conv1_legacy_gmax0.0001_seed0,launch_new_bounded_ep,complete_collected_validated,training_collected_paper_gates_pending,pending_contract_and_checkpoint_seal,bundles/table3_bounded_ep/conv1/legacy/gmax_1em4/seed0/result.json,4f1faa3742be2856b4a5800f02b78f2be62a2474fb9ea715afa70c4b571ce33f,94.94,94.19999999999999,10,ordinary_mnist_training_completion,jean-zay,jean-zay: Slurm 2060809_0,022098cfe6eb151dff3f7403d3f4b358709152b9,2092876a731e2b85fc9c789f32c8c80e2f2157c9388303e6a805c4c259763c26,false,2026-09-12T09:29:58.674113+00:00
table3,T3_EP,conv1,EP,Adam,legacy,4,0.25,1,1,0,0.00001,0.0001,10,4,4,launch_new_bounded_ep,all_three_ceiling_pilots_stable; exact_GPU_smoke_passed; full_budget_reserved,results/paper-training-completion-20260911-v1/collected/nomcool1_bounded_conv1_ep_seed1/000_T3_EP_conv1_legacy_gmax0.0001_seed1_47c90649/result.json,configs/conv/perfectdiode-conv123-fixed-uniform-init-wmax-adam-10-30-30ep-seed0-20260814-v1/conv1/02_wmax_1em4_legacy_adam.json,T3_EP_conv1_legacy_gmax0.0001_seed1,launch_new_bounded_ep,complete_collected_validated,training_collected_paper_gates_pending,pending_contract_and_checkpoint_seal,bundles/table3_bounded_ep/conv1/legacy/gmax_1em4/seed1/result.json,cede8ec25b8f9b8e1f5d8317ac78c7ac17ad9be148e60a51c0d18fa3041bf01d,94.88,94.88,10,ordinary_mnist_training_completion,nom-cool-1,nom-cool-1: nohup 1308963; worker 1308971,022098cfe6eb151dff3f7403d3f4b358709152b9,1f4334bf4c8468924ba6986fe0d04e39ce090f7e1e0bf2c14f0d1f14427f808b,false,2026-09-12T10:30:17.416701+00:00
table3,T3_EP,conv1,EP,Adam,legacy,4,0.25,2,2,0,0.00001,0.0001,10,4,4,launch_new_bounded_ep,all_three_ceiling_pilots_stable; exact_GPU_smoke_passed; full_budget_reserved,results/paper-training-completion-20260911-v1/collected/nomcool1_bounded_conv1_ep_seed2/000_T3_EP_conv1_legacy_gmax0.0001_seed2_a00e4d0e/result.json,configs/conv/perfectdiode-conv123-fixed-uniform-init-wmax-adam-10-30-30ep-seed0-20260814-v1/conv1/02_wmax_1em4_legacy_adam.json,T3_EP_conv1_legacy_gmax0.0001_seed2,launch_new_bounded_ep,complete_collected_validated,training_collected_paper_gates_pending,pending_contract_and_checkpoint_seal,bundles/table3_bounded_ep/conv1/legacy/gmax_1em4/seed2/result.json,d0422f5352357b52b726c23662213b48c44dc254572196d56d0b166e25766264,95.0,94.74000000000001,10,ordinary_mnist_training_completion,nom-cool-1,nom-cool-1: nohup 1314774; source v5,022098cfe6eb151dff3f7403d3f4b358709152b9,1f4334bf4c8468924ba6986fe0d04e39ce090f7e1e0bf2c14f0d1f14427f808b,false,2026-09-12T11:36:00.424270+00:00
table3,T3_EP,conv1,EP,Adam,legacy,4,0.25,0,0,0,0.00001,0.0005,10,4,4,launch_new_bounded_ep,common_injected_beta_0.03_qualified; available_budget_and_next_single_JZ_array,results/paper-training-completion-20260911-v1/collected/jz_bounded_conv1_legacy_pilots/task_1/000_T3_EP_conv1_legacy_gmax0.0005_seed0_0070ab75/result.json,configs/conv/perfectdiode-conv123-fixed-uniform-init-wmax-adam-10-30-30ep-seed0-20260814-v1/conv1/05_wmax_5em4_legacy_adam.json,T3_EP_conv1_legacy_gmax0.0005_seed0,launch_new_bounded_ep,complete_collected_validated,training_collected_paper_gates_pending,pending_contract_and_checkpoint_seal,bundles/table3_bounded_ep/conv1/legacy/gmax_5em4/seed0/result.json,a0d24edf77edf239a08966496dcf6b23b897bf75b8249717c69a2533b45754b9,96.28,96.17999999999999,10,ordinary_mnist_training_completion,jean-zay,jean-zay: Slurm 2060809_1,022098cfe6eb151dff3f7403d3f4b358709152b9,2092876a731e2b85fc9c789f32c8c80e2f2157c9388303e6a805c4c259763c26,false,2026-09-12T09:29:58.674113+00:00
table3,T3_EP,conv1,EP,Adam,legacy,4,0.25,1,1,0,0.00001,0.0005,10,4,4,launch_new_bounded_ep,all_three_ceiling_pilots_stable; exact_GPU_smoke_passed; full_budget_reserved,results/paper-training-completion-20260911-v1/collected/nomcool1_bounded_conv1_ep_seed1/000_T3_EP_conv1_legacy_gmax0.0005_seed1_392b1434/result.json,configs/conv/perfectdiode-conv123-fixed-uniform-init-wmax-adam-10-30-30ep-seed0-20260814-v1/conv1/05_wmax_5em4_legacy_adam.json,T3_EP_conv1_legacy_gmax0.0005_seed1,launch_new_bounded_ep,complete_collected_validated,training_collected_paper_gates_pending,pending_contract_and_checkpoint_seal,bundles/table3_bounded_ep/conv1/legacy/gmax_5em4/seed1/result.json,d713b2c57268695586aa0825cba503e01df96b8369112870be8857ae084f2d7e,96.41999999999999,96.41999999999999,10,ordinary_mnist_training_completion,nom-cool-1,nom-cool-1: nohup 1308963; worker 1308971,022098cfe6eb151dff3f7403d3f4b358709152b9,1f4334bf4c8468924ba6986fe0d04e39ce090f7e1e0bf2c14f0d1f14427f808b,false,2026-09-12T10:39:40.408716+00:00
table3,T3_EP,conv1,EP,Adam,legacy,4,0.25,2,2,0,0.00001,0.0005,10,4,4,launch_new_bounded_ep,all_three_ceiling_pilots_stable; exact_GPU_smoke_passed; full_budget_reserved,results/paper-training-completion-20260911-v1/collected/nomcool1_bounded_conv1_ep_seed2/000_T3_EP_conv1_legacy_gmax0.0005_seed2_a9b6f551/result.json,configs/conv/perfectdiode-conv123-fixed-uniform-init-wmax-adam-10-30-30ep-seed0-20260814-v1/conv1/05_wmax_5em4_legacy_adam.json,T3_EP_conv1_legacy_gmax0.0005_seed2,launch_new_bounded_ep,complete_collected_validated,training_collected_paper_gates_pending,pending_contract_and_checkpoint_seal,bundles/table3_bounded_ep/conv1/legacy/gmax_5em4/seed2/result.json,3a60de37100a5a9e3fecbf517ff17837e94594a20af7dff3bf8429a451052876,96.39999999999999,96.32,10,ordinary_mnist_training_completion,nom-cool-1,nom-cool-1: nohup 1314774; source v5,022098cfe6eb151dff3f7403d3f4b358709152b9,1f4334bf4c8468924ba6986fe0d04e39ce090f7e1e0bf2c14f0d1f14427f808b,false,2026-09-12T11:42:40.670392+00:00
table3,T3_EP,conv1,EP,Adam,legacy,4,0.25,0,0,0,0.00001,0.001,10,4,4,launch_new_bounded_ep,common_injected_beta_0.03_qualified; available_budget_and_next_single_JZ_array,results/paper-training-completion-20260911-v1/collected/jz_bounded_conv1_legacy_pilots/task_2/000_T3_EP_conv1_legacy_gmax0.001_seed0_2e28e453/result.json,configs/conv/perfectdiode-conv123-fixed-uniform-init-wmax-adam-10-30-30ep-seed0-20260814-v1/conv1/08_wmax_1em3_legacy_adam.json,T3_EP_conv1_legacy_gmax0.001_seed0,launch_new_bounded_ep,complete_collected_validated,training_collected_paper_gates_pending,pending_contract_and_checkpoint_seal,bundles/table3_bounded_ep/conv1/legacy/gmax_1em3/seed0/result.json,63e3c46e1f689c443fa1ec49b69d9f9ccbdf069a1adfcc1be24b4b166b7256a8,96.32,96.26,10,ordinary_mnist_training_completion,jean-zay,jean-zay: Slurm 2060809_2,022098cfe6eb151dff3f7403d3f4b358709152b9,2092876a731e2b85fc9c789f32c8c80e2f2157c9388303e6a805c4c259763c26,false,2026-09-12T09:29:58.674113+00:00
table3,T3_EP,conv1,EP,Adam,legacy,4,0.25,1,1,0,0.00001,0.001,10,4,4,launch_new_bounded_ep,all_three_ceiling_pilots_stable; exact_GPU_smoke_passed; full_budget_reserved,results/paper-training-completion-20260911-v1/collected/nomcool1_bounded_conv1_ep_seed1/000_T3_EP_conv1_legacy_gmax0.001_seed1_e1a332e4/result.json,configs/conv/perfectdiode-conv123-fixed-uniform-init-wmax-adam-10-30-30ep-seed0-20260814-v1/conv1/08_wmax_1em3_legacy_adam.json,T3_EP_conv1_legacy_gmax0.001_seed1,launch_new_bounded_ep,complete_collected_validated,training_collected_paper_gates_pending,pending_contract_and_checkpoint_seal,bundles/table3_bounded_ep/conv1/legacy/gmax_1em3/seed1/result.json,f7e7b22f488ec11554cd689abdb83656bf141318ffe2f64e86d0c9535bbd75ed,96.46000000000001,96.46000000000001,10,ordinary_mnist_training_completion,nom-cool-1,nom-cool-1: nohup 1308963; worker 1308971,022098cfe6eb151dff3f7403d3f4b358709152b9,1f4334bf4c8468924ba6986fe0d04e39ce090f7e1e0bf2c14f0d1f14427f808b,false,2026-09-12T10:42:56.048048+00:00
table3,T3_EP,conv1,EP,Adam,legacy,4,0.25,2,2,0,0.00001,0.001,10,4,4,launch_new_bounded_ep,all_three_ceiling_pilots_stable; exact_GPU_smoke_passed; full_budget_reserved,results/paper-training-completion-20260911-v1/collected/nomcool1_bounded_conv1_ep_seed2/000_T3_EP_conv1_legacy_gmax0.001_seed2_6c400b29/result.json,configs/conv/perfectdiode-conv123-fixed-uniform-init-wmax-adam-10-30-30ep-seed0-20260814-v1/conv1/08_wmax_1em3_legacy_adam.json,T3_EP_conv1_legacy_gmax0.001_seed2,launch_new_bounded_ep,complete_collected_validated,training_collected_paper_gates_pending,pending_contract_and_checkpoint_seal,bundles/table3_bounded_ep/conv1/legacy/gmax_1em3/seed2/result.json,cfbef803dc39b180f4ae68c428d1e3516c2deee8537a58bd95a2f0dc09c2d9c5,96.46000000000001,96.3,10,ordinary_mnist_training_completion,nom-cool-1,nom-cool-1: nohup 1314774; source v5,022098cfe6eb151dff3f7403d3f4b358709152b9,1f4334bf4c8468924ba6986fe0d04e39ce090f7e1e0bf2c14f0d1f14427f808b,false,2026-09-12T11:49:26.483591+00:00
table3,T3_EP,conv2,EP,Adam,baseline,1,1,0,0,0,0.00001,0.0001,30,12,6,new_matched_baseline_EP,same_config_smoke_and_budget,results/paper-training-completion-20260911-v1/collected/akib_baseline_tk_conv2_ep_seed0_gmax1em4/000_T3_EP_conv2_baseline_gmax0.0001_seed0_c169302c/result.json,configs/conv/paper_baseline_tk_revision_20260913_v1/training/T3_EP_conv2_baseline_gmax0.0001_seed0.json,T3_EP_conv2_baseline_gmax0.0001_seed0,launch_new_bounded_ep,complete_collected_validated,revised_training_collected_paper_gates_pending,pending_contract_and_checkpoint_seal,baseline_tk_revision/bundles/T3_EP_conv2_baseline_gmax0.0001_seed0/result.json,9e90f0a17f99ab687b9c0ff274d75e4b2c195f3e6493222717858ea11c1c4b28,85.42,85.0,30,ordinary_mnist_matched_baseline_tk_revision,akibscomputer,akibscomputer: akib_baseline_tk_conv2_ep_seed0_gmax1em4; worker 101684,022098cfe6eb151dff3f7403d3f4b358709152b9,58e4ea46a82ede3136e4d8e102a2a7fa37154391244ab7195ae160db904ccede,false,2026-09-14T02:53:24.470835+00:00
table3,T3_EP,conv2,EP,Adam,baseline,1,1,1,1,0,0.00001,0.0001,30,12,6,new_matched_baseline_EP,all_three_full_revised_seed0_pilots_frozen_guard_exact_smokes_budget_and_idle_target,results/paper-training-completion-20260911-v1/collected/akib_baseline_tk_conv2_ep_seed1_gmax1em4/000_T3_EP_conv2_baseline_gmax0.0001_seed1_2f48af2b/result.json,configs/conv/paper_baseline_tk_revision_20260913_v1/training/T3_EP_conv2_baseline_gmax0.0001_seed1.json,T3_EP_conv2_baseline_gmax0.0001_seed1,launch_new_bounded_ep,complete_collected_validated,revised_training_collected_paper_gates_pending,pending_contract_and_checkpoint_seal,baseline_tk_revision/bundles/T3_EP_conv2_baseline_gmax0.0001_seed1/result.json,c3e3b396cb44660a879d549bc3661c04b4afb86385c90503e525db2db353ddfb,85.36,85.04,30,ordinary_mnist_matched_baseline_tk_revision,akibscomputer,akibscomputer nohup151993 / worker152002 / GPU152036; sourcev11; 8h case limit,022098cfe6eb151dff3f7403d3f4b358709152b9,7b67ca417f714cab7c759bec122d94bf8ad32e10c1144a7d80414fcb4db17345,false,2026-09-14T09:59:31.012592+00:00
table3,T3_EP,conv2,EP,Adam,baseline,1,1,2,2,0,0.00001,0.0001,30,12,6,new_matched_baseline_EP,all_three_full_revised_seed0_pilots_frozen_guard_exact_smokes_budget_and_idle_target,results/paper-training-completion-20260911-v1/collected/nom_baseline_tk_conv2_ep_seed2_gmax1em4/000_T3_EP_conv2_baseline_gmax0.0001_seed2_3cb75fc6/result.json,configs/conv/paper_baseline_tk_revision_20260913_v1/training/T3_EP_conv2_baseline_gmax0.0001_seed2.json,T3_EP_conv2_baseline_gmax0.0001_seed2,launch_new_bounded_ep,complete_collected_validated,revised_training_collected_paper_gates_pending,pending_contract_and_checkpoint_seal,baseline_tk_revision/bundles/T3_EP_conv2_baseline_gmax0.0001_seed2/result.json,efecd03f8da561eb4749239a803e631a24c1b4db5a3c9ba828483642882b94e6,85.22,85.22,30,ordinary_mnist_matched_baseline_tk_revision,nom-cool-1,nom-cool-1 supervisor1526292 / worker1526301 / GPU1526318;8h cap;sourcev11,022098cfe6eb151dff3f7403d3f4b358709152b9,7b67ca417f714cab7c759bec122d94bf8ad32e10c1144a7d80414fcb4db17345,false,2026-09-14T12:25:31.767123+00:00
table3,T3_EP,conv2,EP,Adam,baseline,1,1,0,0,0,0.00001,0.0005,30,12,6,new_matched_baseline_EP,same_config_smoke_and_budget,results/paper-training-completion-20260911-v1/collected/akib_baseline_tk_conv2_ep_seed0_gmax5em4/000_T3_EP_conv2_baseline_gmax0.0005_seed0_5d49e1fa/result.json,configs/conv/paper_baseline_tk_revision_20260913_v1/training/T3_EP_conv2_baseline_gmax0.0005_seed0.json,T3_EP_conv2_baseline_gmax0.0005_seed0,launch_new_bounded_ep,complete_collected_validated,revised_training_collected_paper_gates_pending,pending_contract_and_checkpoint_seal,baseline_tk_revision/bundles/T3_EP_conv2_baseline_gmax0.0005_seed0/result.json,708cb8e1e83fd0fe048d6114ffc9807ac70286be9532570c6213a697e3288509,92.54,92.30000000000001,30,ordinary_mnist_matched_baseline_tk_revision,akibscomputer,akibscomputer: akib_baseline_tk_conv2_ep_seed0_gmax5em4; supervisor117906,022098cfe6eb151dff3f7403d3f4b358709152b9,58e4ea46a82ede3136e4d8e102a2a7fa37154391244ab7195ae160db904ccede,false,2026-09-14T05:09:44.903511+00:00
table3,T3_EP,conv2,EP,Adam,baseline,1,1,1,1,0,0.00001,0.0005,30,12,6,new_matched_baseline_EP,all_three_full_revised_seed0_pilots_frozen_guard_exact_smokes_budget_and_idle_target,results/paper-training-completion-20260911-v1/collected/akib_baseline_tk_conv2_ep_seed1_gmax5em4/000_T3_EP_conv2_baseline_gmax0.0005_seed1_87b558cf/result.json,configs/conv/paper_baseline_tk_revision_20260913_v1/training/T3_EP_conv2_baseline_gmax0.0005_seed1.json,T3_EP_conv2_baseline_gmax0.0005_seed1,launch_new_bounded_ep,complete_collected_validated,revised_training_collected_paper_gates_pending,pending_contract_and_checkpoint_seal,baseline_tk_revision/bundles/T3_EP_conv2_baseline_gmax0.0005_seed1/result.json,99b3b42b2bc73fda71191975717c52c2dad5675865fe4532cafcb99dc17834af,91.5,91.5,30,ordinary_mnist_matched_baseline_tk_revision,akibscomputer,akibscomputer supervisor156426 / worker156435 / GPU156469;8h cap;sourcev11,022098cfe6eb151dff3f7403d3f4b358709152b9,7b67ca417f714cab7c759bec122d94bf8ad32e10c1144a7d80414fcb4db17345,false,2026-09-14T12:25:31.767123+00:00
table3,T3_EP,conv2,EP,Adam,baseline,1,1,2,2,0,0.00001,0.0005,30,12,6,new_matched_baseline_EP,all_three_full_revised_seed0_pilots_frozen_guard_exact_smokes_budget_and_idle_target,,configs/conv/paper_baseline_tk_revision_20260913_v1/training/T3_EP_conv2_baseline_gmax0.0005_seed2.json,T3_EP_conv2_baseline_gmax0.0005_seed2,launch_new_bounded_ep,qualified_stable_pilot_group_pending_admission,revised_operating_point_training_pending,pending_contract_and_checkpoint_seal,,,,,,,,nom-cool-1: whole three-ceiling seed group; cases not admitted,,,false,2026-09-14T07:39:52.639Z
table3,T3_EP,conv2,EP,Adam,baseline,1,1,0,0,0,0.00001,0.001,30,12,6,new_matched_baseline_EP,same_config_smoke_and_budget,results/paper-training-completion-20260911-v1/collected/akib_baseline_tk_conv2_ep_seed0_gmax1em3/000_T3_EP_conv2_baseline_gmax0.001_seed0_7d6209d9/result.json,configs/conv/paper_baseline_tk_revision_20260913_v1/training/T3_EP_conv2_baseline_gmax0.001_seed0.json,T3_EP_conv2_baseline_gmax0.001_seed0,launch_new_bounded_ep,complete_collected_validated,revised_training_collected_paper_gates_pending,pending_contract_and_checkpoint_seal,baseline_tk_revision/bundles/T3_EP_conv2_baseline_gmax0.001_seed0/result.json,9f29cceb5564e2d7ea5ac840afc3501038bed6d3c50eff6ce8e09f75cdd5bd4d,93.92,93.54,30,ordinary_mnist_matched_baseline_tk_revision,akibscomputer,supervisor132993 / worker133002; single-case8h,022098cfe6eb151dff3f7403d3f4b358709152b9,58e4ea46a82ede3136e4d8e102a2a7fa37154391244ab7195ae160db904ccede,false,2026-09-14T07:27:37.144091+00:00
table3,T3_EP,conv2,EP,Adam,baseline,1,1,1,1,0,0.00001,0.001,30,12,6,new_matched_baseline_EP,all_three_full_revised_seed0_pilots_frozen_guard_exact_smokes_budget_and_idle_target,,configs/conv/paper_baseline_tk_revision_20260913_v1/training/T3_EP_conv2_baseline_gmax0.001_seed1.json,T3_EP_conv2_baseline_gmax0.001_seed1,launch_new_bounded_ep,qualified_stable_pilot_group_pending_admission,revised_operating_point_training_pending,pending_contract_and_checkpoint_seal,,,,,,,,akibscomputer: whole three-ceiling seed group; cases not admitted,,,false,2026-09-14T07:39:52.639Z
table3,T3_EP,conv2,EP,Adam,baseline,1,1,2,2,0,0.00001,0.001,30,12,6,new_matched_baseline_EP,all_three_full_revised_seed0_pilots_frozen_guard_exact_smokes_budget_and_idle_target,,configs/conv/paper_baseline_tk_revision_20260913_v1/training/T3_EP_conv2_baseline_gmax0.001_seed2.json,T3_EP_conv2_baseline_gmax0.001_seed2,launch_new_bounded_ep,qualified_stable_pilot_group_pending_admission,revised_operating_point_training_pending,pending_contract_and_checkpoint_seal,,,,,,,,nom-cool-1: whole three-ceiling seed group; cases not admitted,,,false,2026-09-14T07:39:52.639Z
table3,T3_EP,conv2,EP,Adam,ours,4,1,0,0,0,0.00001,0.0001,30,6,6,launch_new_bounded_ep,common_beta_qualified; local_semantic_smoke_passed; full_budget_reserved,results/paper-training-completion-20260911-v1/collected/jz_bounded_conv2_pilots/task_3/000_T3_EP_conv2_ours_gmax0.0001_seed0_c4339e0f/result.json,configs/conv/perfectdiode-conv123-fixed-uniform-init-wmax-adam-10-30-30ep-seed0-20260814-v1/conv2/01_wmax_1em4_ours_adam.json,T3_EP_conv2_ours_gmax0.0001_seed0,launch_new_bounded_ep,complete_collected_validated,training_collected_paper_gates_pending,pending_contract_and_checkpoint_seal,bundles/table3_bounded_ep/conv2/ours/gmax_1em4/seed0/result.json,8da425b4d317788e8b6276a9fbc921819698c9e67be11bb4033fc2d69068dfaf,90.34,90.34,30,ordinary_mnist_training_completion,jean-zay,jean-zay: Slurm 2062259_3,022098cfe6eb151dff3f7403d3f4b358709152b9,2092876a731e2b85fc9c789f32c8c80e2f2157c9388303e6a805c4c259763c26,false,2026-09-13T07:28:51.357848+00:00
table3,T3_EP,conv2,EP,Adam,ours,4,1,1,1,0,0.00001,0.0001,30,6,6,launch_new_bounded_ep,qualified_common_beta; three_seed0_pilots_stable; exact_GPU_smokes_valid; full_24_GPU_hour_wave_reserved,results/paper-training-completion-20260911-v1/production/main_bounded_conv2_ours_ep_seed1/000_T3_EP_conv2_ours_gmax0.0001_seed1_d43a6601/result.json,configs/conv/perfectdiode-conv123-fixed-uniform-init-wmax-adam-10-30-30ep-seed0-20260814-v1/conv2/01_wmax_1em4_ours_adam.json,T3_EP_conv2_ours_gmax0.0001_seed1,launch_new_bounded_ep,complete_collected_validated,training_collected_paper_gates_pending,pending_contract_and_checkpoint_seal,bundles/table3_bounded_ep/conv2/ours/gmax_1em4/seed1/result.json,41102e159082917c3a5773de7b62851d655ad367f1bde55f78166e0997932d80,90.2,89.86,30,ordinary_mnist_training_completion,main,main: tmux main/@8 worker527650,022098cfe6eb151dff3f7403d3f4b358709152b9,b48c5a22ab411264f2f105e807aa07552101b79c2a75be844155a12d374f97fb,false,2026-09-13T09:29:57.540302+00:00
table3,T3_EP,conv2,EP,Adam,ours,4,1,2,2,0,0.00001,0.0001,30,6,6,launch_new_bounded_ep,qualified_common_beta; three_seed0_pilots_stable; exact_GPU_smokes_valid; full_24_GPU_hour_wave_reserved,results/paper-training-completion-20260911-v1/collected/nomcool1_bounded_conv2_ours_ep_seed2/000_T3_EP_conv2_ours_gmax0.0001_seed2_839a30ed/result.json,configs/conv/perfectdiode-conv123-fixed-uniform-init-wmax-adam-10-30-30ep-seed0-20260814-v1/conv2/01_wmax_1em4_ours_adam.json,T3_EP_conv2_ours_gmax0.0001_seed2,launch_new_bounded_ep,complete_collected_validated,training_collected_paper_gates_pending,pending_contract_and_checkpoint_seal,bundles/table3_bounded_ep/conv2/ours/gmax_1em4/seed2/result.json,7dea0729594e6549d1085a5103f5bb086f6016a79d1678e37a96b9792c570a1b,90.02,90.02,30,ordinary_mnist_training_completion,nom-cool-1,nom-cool-1: nohup1401752 worker1401760,022098cfe6eb151dff3f7403d3f4b358709152b9,b48c5a22ab411264f2f105e807aa07552101b79c2a75be844155a12d374f97fb,false,2026-09-13T09:22:47.593629+00:00
table3,T3_EP,conv2,EP,Adam,ours,4,1,0,0,0,0.00001,0.0005,30,6,6,launch_new_bounded_ep,common_beta_qualified; local_semantic_smoke_passed; full_budget_reserved,results/paper-training-completion-20260911-v1/collected/jz_bounded_conv2_pilots/task_4/000_T3_EP_conv2_ours_gmax0.0005_seed0_8aa0e269/result.json,configs/conv/perfectdiode-conv123-fixed-uniform-init-wmax-adam-10-30-30ep-seed0-20260814-v1/conv2/04_wmax_5em4_ours_adam.json,T3_EP_conv2_ours_gmax0.0005_seed0,launch_new_bounded_ep,complete_collected_validated,training_collected_paper_gates_pending,pending_contract_and_checkpoint_seal,bundles/table3_bounded_ep/conv2/ours/gmax_5em4/seed0/result.json,eda0033a61aaaa3c5051674a5515c7f91a95b5e4068422b2a467be7dd4e543ce,96.58,96.58,30,ordinary_mnist_training_completion,jean-zay,jean-zay: Slurm 2062259_4,022098cfe6eb151dff3f7403d3f4b358709152b9,2092876a731e2b85fc9c789f32c8c80e2f2157c9388303e6a805c4c259763c26,false,2026-09-12T15:28:47.110995+00:00
table3,T3_EP,conv2,EP,Adam,ours,4,1,1,1,0,0.00001,0.0005,30,6,6,launch_new_bounded_ep,qualified_common_beta; three_seed0_pilots_stable; exact_GPU_smokes_valid; full_24_GPU_hour_wave_reserved,results/paper-training-completion-20260911-v1/production/main_bounded_conv2_ours_ep_seed1/000_T3_EP_conv2_ours_gmax0.0005_seed1_b985f5b1/result.json,configs/conv/perfectdiode-conv123-fixed-uniform-init-wmax-adam-10-30-30ep-seed0-20260814-v1/conv2/04_wmax_5em4_ours_adam.json,T3_EP_conv2_ours_gmax0.0005_seed1,launch_new_bounded_ep,complete_collected_validated,training_collected_paper_gates_pending,pending_contract_and_checkpoint_seal,bundles/table3_bounded_ep/conv2/ours/gmax_5em4/seed1/result.json,c8c51314d9a7648896abe2eb354717edcc66b132b6bf3a4cbdbf099c411a72b2,96.39999999999999,96.32,30,ordinary_mnist_training_completion,main,main: tmux main/@8 worker527650,022098cfe6eb151dff3f7403d3f4b358709152b9,b48c5a22ab411264f2f105e807aa07552101b79c2a75be844155a12d374f97fb,false,2026-09-13T11:17:55.553318+00:00
table3,T3_EP,conv2,EP,Adam,ours,4,1,2,2,0,0.00001,0.0005,30,6,6,launch_new_bounded_ep,qualified_common_beta; three_seed0_pilots_stable; exact_GPU_smokes_valid; full_24_GPU_hour_wave_reserved,results/paper-training-completion-20260911-v1/collected/nomcool1_bounded_conv2_ours_ep_seed2/000_T3_EP_conv2_ours_gmax0.0005_seed2_278a8f3b/result.json,configs/conv/perfectdiode-conv123-fixed-uniform-init-wmax-adam-10-30-30ep-seed0-20260814-v1/conv2/04_wmax_5em4_ours_adam.json,T3_EP_conv2_ours_gmax0.0005_seed2,launch_new_bounded_ep,complete_collected_validated,training_collected_paper_gates_pending,pending_contract_and_checkpoint_seal,bundles/table3_bounded_ep/conv2/ours/gmax_5em4/seed2/result.json,9a588a3bd9797743fd0bdaf9cbb396e65387c96a4730b3dbc37e5723ef94dedd,96.6,96.6,30,ordinary_mnist_training_completion,nom-cool-1,nom-cool-1: nohup1401752 worker1401760,022098cfe6eb151dff3f7403d3f4b358709152b9,b48c5a22ab411264f2f105e807aa07552101b79c2a75be844155a12d374f97fb,false,2026-09-13T11:04:59.762855+00:00
table3,T3_EP,conv2,EP,Adam,ours,4,1,0,0,0,0.00001,0.001,30,6,6,launch_new_bounded_ep,common_beta_qualified; local_semantic_smoke_passed; full_budget_reserved,results/paper-training-completion-20260911-v1/collected/jz_bounded_conv2_pilots/task_5/000_T3_EP_conv2_ours_gmax0.001_seed0_1aad7fdd/result.json,configs/conv/perfectdiode-conv123-fixed-uniform-init-wmax-adam-10-30-30ep-seed0-20260814-v1/conv2/07_wmax_1em3_ours_adam.json,T3_EP_conv2_ours_gmax0.001_seed0,launch_new_bounded_ep,complete_collected_validated,training_collected_paper_gates_pending,pending_contract_and_checkpoint_seal,bundles/table3_bounded_ep/conv2/ours/gmax_1em3/seed0/result.json,d158d075d19e8a03833b57af2df48ee1f273a0345e8b7ac0dbbebe24ab9e4f26,97.2,97.08,30,ordinary_mnist_training_completion,jean-zay,jean-zay: Slurm 2062259_5,022098cfe6eb151dff3f7403d3f4b358709152b9,2092876a731e2b85fc9c789f32c8c80e2f2157c9388303e6a805c4c259763c26,false,2026-09-13T07:28:51.357848+00:00
table3,T3_EP,conv2,EP,Adam,ours,4,1,1,1,0,0.00001,0.001,30,6,6,launch_new_bounded_ep,qualified_common_beta; three_seed0_pilots_stable; exact_GPU_smokes_valid; full_24_GPU_hour_wave_reserved,results/paper-training-completion-20260911-v1/production/main_bounded_conv2_ours_ep_seed1/000_T3_EP_conv2_ours_gmax0.001_seed1_25ceef30/result.json,configs/conv/perfectdiode-conv123-fixed-uniform-init-wmax-adam-10-30-30ep-seed0-20260814-v1/conv2/07_wmax_1em3_ours_adam.json,T3_EP_conv2_ours_gmax0.001_seed1,launch_new_bounded_ep,complete_collected_validated,training_collected_paper_gates_pending,pending_contract_and_checkpoint_seal,bundles/table3_bounded_ep/conv2/ours/gmax_1em3/seed1/result.json,94a2395ace7225a149949d2bb25bfd3588419c3885ef3f0ddc8acc488381f360,97.1,96.98,30,ordinary_mnist_training_completion,main,main: tmux main/@8 worker527650,022098cfe6eb151dff3f7403d3f4b358709152b9,b48c5a22ab411264f2f105e807aa07552101b79c2a75be844155a12d374f97fb,false,2026-09-13T13:04:55.714979+00:00
table3,T3_EP,conv2,EP,Adam,ours,4,1,2,2,0,0.00001,0.001,30,6,6,launch_new_bounded_ep,qualified_common_beta; three_seed0_pilots_stable; exact_GPU_smokes_valid; full_24_GPU_hour_wave_reserved,results/paper-training-completion-20260911-v1/collected/nomcool1_bounded_conv2_ours_ep_seed2/000_T3_EP_conv2_ours_gmax0.001_seed2_0fe15b92/result.json,configs/conv/perfectdiode-conv123-fixed-uniform-init-wmax-adam-10-30-30ep-seed0-20260814-v1/conv2/07_wmax_1em3_ours_adam.json,T3_EP_conv2_ours_gmax0.001_seed2,launch_new_bounded_ep,complete_collected_validated,training_collected_paper_gates_pending,pending_contract_and_checkpoint_seal,bundles/table3_bounded_ep/conv2/ours/gmax_1em3/seed2/result.json,43797e6252cc17a934d55810a34af212d1ebc2e92c9231f02c714d232b6a1a3e,97.18,97.18,30,ordinary_mnist_training_completion,nom-cool-1,nom-cool-1: nohup1401752 worker1401760,022098cfe6eb151dff3f7403d3f4b358709152b9,b48c5a22ab411264f2f105e807aa07552101b79c2a75be844155a12d374f97fb,false,2026-09-13T12:47:14.542161+00:00
table3,T3_EP,conv2,EP,Adam,legacy,4,0.25,0,0,0,0.00001,0.0001,30,6,6,launch_new_bounded_ep,common_beta_qualified; local_semantic_smoke_passed; full_budget_reserved,results/paper-training-completion-20260911-v1/collected/jz_bounded_conv2_pilots/task_0/000_T3_EP_conv2_legacy_gmax0.0001_seed0_d4d35c43/result.json,configs/conv/perfectdiode-conv123-fixed-uniform-init-wmax-adam-10-30-30ep-seed0-20260814-v1/conv2/02_wmax_1em4_legacy_adam.json,T3_EP_conv2_legacy_gmax0.0001_seed0,launch_new_bounded_ep,complete_collected_validated,training_collected_paper_gates_pending,pending_contract_and_checkpoint_seal,bundles/table3_bounded_ep/conv2/legacy/gmax_1em4/seed0/result.json,24ab8e625af95cd5ce28a75ef11accdbcd69430c75fe738f4b723ab32d6a66b0,95.67999999999999,95.67999999999999,30,ordinary_mnist_training_completion,jean-zay,jean-zay: Slurm 2062259_0,022098cfe6eb151dff3f7403d3f4b358709152b9,2092876a731e2b85fc9c789f32c8c80e2f2157c9388303e6a805c4c259763c26,false,2026-09-12T13:03:16.685830+00:00
table3,T3_EP,conv2,EP,Adam,legacy,4,0.25,1,1,0,0.00001,0.0001,30,6,6,launch_new_bounded_ep,qualified_common_beta; all_three_ceiling_seed0_pilots_stable; full_reservation_within_300_gpu_hours,results/paper-training-completion-20260911-v1/production/main_bounded_conv2_legacy_ep_seed1/000_T3_EP_conv2_legacy_gmax0.0001_seed1_91b3b36d/result.json,configs/conv/perfectdiode-conv123-fixed-uniform-init-wmax-adam-10-30-30ep-seed0-20260814-v1/conv2/02_wmax_1em4_legacy_adam.json,T3_EP_conv2_legacy_gmax0.0001_seed1,launch_new_bounded_ep,complete_collected_validated,training_collected_paper_gates_pending,pending_contract_and_checkpoint_seal,bundles/table3_bounded_ep/conv2/legacy/gmax_1em4/seed1/result.json,56d565a35eb41ffa12692a44a3e5b01f7b64312ba2b84e372f5edb4dbf739182,95.42,95.3,30,ordinary_mnist_training_completion,main,"jean-zay: authorized qualified-group repetition, awaiting pilot and budget gates; no job",022098cfe6eb151dff3f7403d3f4b358709152b9,c3fc6d536df992b4a493c374cff3fec2f81dbf9888bf6d74c14cabbc9b23cbdf,false,2026-09-13T07:28:51.357848+00:00
table3,T3_EP,conv2,EP,Adam,legacy,4,0.25,2,2,0,0.00001,0.0001,30,6,6,launch_new_bounded_ep,qualified_common_beta; all_three_ceiling_seed0_pilots_stable; full_reservation_within_300_gpu_hours,results/paper-training-completion-20260911-v1/collected/nomcool1_bounded_conv2_legacy_ep_seed2/000_T3_EP_conv2_legacy_gmax0.0001_seed2_a276cded/result.json,configs/conv/perfectdiode-conv123-fixed-uniform-init-wmax-adam-10-30-30ep-seed0-20260814-v1/conv2/02_wmax_1em4_legacy_adam.json,T3_EP_conv2_legacy_gmax0.0001_seed2,launch_new_bounded_ep,complete_collected_validated,training_collected_paper_gates_pending,pending_contract_and_checkpoint_seal,bundles/table3_bounded_ep/conv2/legacy/gmax_1em4/seed2/result.json,21efbbe30eb12429e895bfb24999a92391f95babdede7e18ea4e70b3043ba130,95.76,95.76,30,ordinary_mnist_training_completion,nom-cool-1,"jean-zay: authorized qualified-group repetition, awaiting pilot and budget gates; no job",022098cfe6eb151dff3f7403d3f4b358709152b9,c3fc6d536df992b4a493c374cff3fec2f81dbf9888bf6d74c14cabbc9b23cbdf,false,2026-09-13T07:28:51.357848+00:00
table3,T3_EP,conv2,EP,Adam,legacy,4,0.25,0,0,0,0.00001,0.0005,30,6,6,launch_new_bounded_ep,common_beta_qualified; local_semantic_smoke_passed; full_budget_reserved,results/paper-training-completion-20260911-v1/collected/jz_bounded_conv2_pilots/task_1/000_T3_EP_conv2_legacy_gmax0.0005_seed0_163ba448/result.json,configs/conv/perfectdiode-conv123-fixed-uniform-init-wmax-adam-10-30-30ep-seed0-20260814-v1/conv2/05_wmax_5em4_legacy_adam.json,T3_EP_conv2_legacy_gmax0.0005_seed0,launch_new_bounded_ep,complete_collected_validated,training_collected_paper_gates_pending,pending_contract_and_checkpoint_seal,bundles/table3_bounded_ep/conv2/legacy/gmax_5em4/seed0/result.json,3e01e740a2e96ba7f54f03ade1b8ffb8a8ae4b4d9061892b0225d73b0d5a7a1b,97.6,97.6,30,ordinary_mnist_training_completion,jean-zay,jean-zay: Slurm 2062259_1,022098cfe6eb151dff3f7403d3f4b358709152b9,2092876a731e2b85fc9c789f32c8c80e2f2157c9388303e6a805c4c259763c26,false,2026-09-12T15:11:18.114392+00:00
table3,T3_EP,conv2,EP,Adam,legacy,4,0.25,1,1,0,0.00001,0.0005,30,6,6,launch_new_bounded_ep,qualified_common_beta; all_three_ceiling_seed0_pilots_stable; full_reservation_within_300_gpu_hours,results/paper-training-completion-20260911-v1/production/main_bounded_conv2_legacy_ep_seed1/000_T3_EP_conv2_legacy_gmax0.0005_seed1_1fce272f/result.json,configs/conv/perfectdiode-conv123-fixed-uniform-init-wmax-adam-10-30-30ep-seed0-20260814-v1/conv2/05_wmax_5em4_legacy_adam.json,T3_EP_conv2_legacy_gmax0.0005_seed1,launch_new_bounded_ep,complete_collected_validated,training_collected_paper_gates_pending,pending_contract_and_checkpoint_seal,bundles/table3_bounded_ep/conv2/legacy/gmax_5em4/seed1/result.json,8ae5dd4ac266339ff1b32465e1a7040e0650eba19acac63e9c2c23ce6090a729,97.72,97.72,30,ordinary_mnist_training_completion,main,"jean-zay: authorized qualified-group repetition, awaiting pilot and budget gates; no job",022098cfe6eb151dff3f7403d3f4b358709152b9,c3fc6d536df992b4a493c374cff3fec2f81dbf9888bf6d74c14cabbc9b23cbdf,false,2026-09-13T07:28:51.357848+00:00
table3,T3_EP,conv2,EP,Adam,legacy,4,0.25,2,2,0,0.00001,0.0005,30,6,6,launch_new_bounded_ep,qualified_common_beta; all_three_ceiling_seed0_pilots_stable; full_reservation_within_300_gpu_hours,results/paper-training-completion-20260911-v1/collected/nomcool1_bounded_conv2_legacy_ep_seed2/000_T3_EP_conv2_legacy_gmax0.0005_seed2_6d1fd451/result.json,configs/conv/perfectdiode-conv123-fixed-uniform-init-wmax-adam-10-30-30ep-seed0-20260814-v1/conv2/05_wmax_5em4_legacy_adam.json,T3_EP_conv2_legacy_gmax0.0005_seed2,launch_new_bounded_ep,complete_collected_validated,training_collected_paper_gates_pending,pending_contract_and_checkpoint_seal,bundles/table3_bounded_ep/conv2/legacy/gmax_5em4/seed2/result.json,f7cc2c3264d006f01b7844656028a00d77ffd43426fe7870502cde69067f60a2,97.76,97.76,30,ordinary_mnist_training_completion,nom-cool-1,"jean-zay: authorized qualified-group repetition, awaiting pilot and budget gates; no job",022098cfe6eb151dff3f7403d3f4b358709152b9,c3fc6d536df992b4a493c374cff3fec2f81dbf9888bf6d74c14cabbc9b23cbdf,false,2026-09-13T07:28:51.357848+00:00
table3,T3_EP,conv2,EP,Adam,legacy,4,0.25,0,0,0,0.00001,0.001,30,6,6,launch_new_bounded_ep,common_beta_qualified; local_semantic_smoke_passed; full_budget_reserved,results/paper-training-completion-20260911-v1/collected/jz_bounded_conv2_pilots/task_2/000_T3_EP_conv2_legacy_gmax0.001_seed0_20b9d406/result.json,configs/conv/perfectdiode-conv123-fixed-uniform-init-wmax-adam-10-30-30ep-seed0-20260814-v1/conv2/08_wmax_1em3_legacy_adam.json,T3_EP_conv2_legacy_gmax0.001_seed0,launch_new_bounded_ep,complete_collected_validated,training_collected_paper_gates_pending,pending_contract_and_checkpoint_seal,bundles/table3_bounded_ep/conv2/legacy/gmax_1em3/seed0/result.json,1c9c6ac0b643524d9d6466c027228f93667c1c6a7cf643cba2b5acf614efcb3b,97.86,97.76,30,ordinary_mnist_training_completion,jean-zay,jean-zay: Slurm 2062259_2,022098cfe6eb151dff3f7403d3f4b358709152b9,2092876a731e2b85fc9c789f32c8c80e2f2157c9388303e6a805c4c259763c26,false,2026-09-12T15:15:42.890304+00:00
table3,T3_EP,conv2,EP,Adam,legacy,4,0.25,1,1,0,0.00001,0.001,30,6,6,launch_new_bounded_ep,qualified_common_beta; all_three_ceiling_seed0_pilots_stable; full_reservation_within_300_gpu_hours,results/paper-training-completion-20260911-v1/production/main_bounded_conv2_legacy_ep_seed1/000_T3_EP_conv2_legacy_gmax0.001_seed1_8732e0f6/result.json,configs/conv/perfectdiode-conv123-fixed-uniform-init-wmax-adam-10-30-30ep-seed0-20260814-v1/conv2/08_wmax_1em3_legacy_adam.json,T3_EP_conv2_legacy_gmax0.001_seed1,launch_new_bounded_ep,complete_collected_validated,training_collected_paper_gates_pending,pending_contract_and_checkpoint_seal,bundles/table3_bounded_ep/conv2/legacy/gmax_1em3/seed1/result.json,f6224e2d89bd7eaf70e282581a5b5e4481a3c8d58290ea312796372ef2ce3576,97.8,97.8,30,ordinary_mnist_training_completion,main,"jean-zay: authorized qualified-group repetition, awaiting pilot and budget gates; no job",022098cfe6eb151dff3f7403d3f4b358709152b9,c3fc6d536df992b4a493c374cff3fec2f81dbf9888bf6d74c14cabbc9b23cbdf,false,2026-09-13T07:28:51.357848+00:00
table3,T3_EP,conv2,EP,Adam,legacy,4,0.25,2,2,0,0.00001,0.001,30,6,6,launch_new_bounded_ep,qualified_common_beta; all_three_ceiling_seed0_pilots_stable; full_reservation_within_300_gpu_hours,results/paper-training-completion-20260911-v1/collected/nomcool1_bounded_conv2_legacy_ep_seed2/000_T3_EP_conv2_legacy_gmax0.001_seed2_62560c53/result.json,configs/conv/perfectdiode-conv123-fixed-uniform-init-wmax-adam-10-30-30ep-seed0-20260814-v1/conv2/08_wmax_1em3_legacy_adam.json,T3_EP_conv2_legacy_gmax0.001_seed2,launch_new_bounded_ep,complete_collected_validated,training_collected_paper_gates_pending,pending_contract_and_checkpoint_seal,bundles/table3_bounded_ep/conv2/legacy/gmax_1em3/seed2/result.json,ff09207b850f060685138b1e9e5b3190315de3bb631fd4147b42f9f150900e98,97.92,97.92,30,ordinary_mnist_training_completion,nom-cool-1,"jean-zay: authorized qualified-group repetition, awaiting pilot and budget gates; no job",022098cfe6eb151dff3f7403d3f4b358709152b9,c3fc6d536df992b4a493c374cff3fec2f81dbf9888bf6d74c14cabbc9b23cbdf,false,2026-09-13T07:28:51.357848+00:00
table3,T3_EP,conv3,EP,Adam,baseline,1,1,0,0,0,0.00001,0.0001,30,24,8,new_matched_baseline_EP,source_freeze_same_config_smoke_and_budget,results/paper-training-completion-20260911-v1/production/loulou_baseline_tk_conv3_ep_seed0_gmax1em4/000_T3_EP_conv3_baseline_gmax0.0001_seed0_f42e7c28/result.json,configs/conv/paper_baseline_tk_revision_20260913_v1/training/T3_EP_conv3_baseline_gmax0.0001_seed0.json,T3_EP_conv3_baseline_gmax0.0001_seed0,launch_new_bounded_ep,complete_collected_validated,revised_training_collected_paper_gates_pending,pending_contract_and_checkpoint_seal,baseline_tk_revision/bundles/T3_EP_conv3_baseline_gmax0.0001_seed0/result.json,f678b962b1c99e0ea55fc3b93eb05cf0ff8ad5f5d262c4a4e546e2c2ab00b3eb,77.68,77.68,30,ordinary_mnist_matched_baseline_tk_revision,loulou,loulou supervisor1107229 / worker1107238 / GPU1107255;8h cap;sourcev11,022098cfe6eb151dff3f7403d3f4b358709152b9,7b67ca417f714cab7c759bec122d94bf8ad32e10c1144a7d80414fcb4db17345,false,2026-09-14T21:13:28.571907+00:00
table3,T3_EP,conv3,EP,Adam,baseline,1,1,1,1,0,0.00001,0.0001,30,24,8,new_matched_baseline_EP,all_three_full_revised_seed0_pilots_source_freeze_smoke_and_budget,,configs/conv/paper_baseline_tk_revision_20260913_v1/training/T3_EP_conv3_baseline_gmax0.0001_seed1.json,T3_EP_conv3_baseline_gmax0.0001_seed1,launch_new_bounded_ep,awaiting_all_three_full_revised_seed0_pilots,revised_operating_point_training_pending,pending_contract_and_checkpoint_seal,,,,,,,,loulou after its original wave; not admitted,,,false,2026-09-14T05:14:47.641232+00:00
table3,T3_EP,conv3,EP,Adam,baseline,1,1,2,2,0,0.00001,0.0001,30,24,8,new_matched_baseline_EP,all_three_full_revised_seed0_pilots_source_freeze_smoke_and_budget,,configs/conv/paper_baseline_tk_revision_20260913_v1/training/T3_EP_conv3_baseline_gmax0.0001_seed2.json,T3_EP_conv3_baseline_gmax0.0001_seed2,launch_new_bounded_ep,awaiting_all_three_full_revised_seed0_pilots,revised_operating_point_training_pending,pending_contract_and_checkpoint_seal,,,,,,,,loulou after its original wave; not admitted,,,false,2026-09-14T05:14:47.641232+00:00
table3,T3_EP,conv3,EP,Adam,baseline,1,1,0,0,0,0.00001,0.0005,30,24,8,new_matched_baseline_EP,source_freeze_same_config_smoke_and_budget,,configs/conv/paper_baseline_tk_revision_20260913_v1/training/T3_EP_conv3_baseline_gmax0.0005_seed0.json,T3_EP_conv3_baseline_gmax0.0005_seed0,launch_new_bounded_ep,numerically_qualified_seed0_pilot_pending,revised_operating_point_training_pending,pending_contract_and_checkpoint_seal,,,,,,,,loulou after its original wave; not admitted,,,false,2026-09-14T05:14:47.641232+00:00
table3,T3_EP,conv3,EP,Adam,baseline,1,1,1,1,0,0.00001,0.0005,30,24,8,new_matched_baseline_EP,all_three_full_revised_seed0_pilots_source_freeze_smoke_and_budget,,configs/conv/paper_baseline_tk_revision_20260913_v1/training/T3_EP_conv3_baseline_gmax0.0005_seed1.json,T3_EP_conv3_baseline_gmax0.0005_seed1,launch_new_bounded_ep,awaiting_all_three_full_revised_seed0_pilots,revised_operating_point_training_pending,pending_contract_and_checkpoint_seal,,,,,,,,loulou after its original wave; not admitted,,,false,2026-09-14T05:14:47.641232+00:00
table3,T3_EP,conv3,EP,Adam,baseline,1,1,2,2,0,0.00001,0.0005,30,24,8,new_matched_baseline_EP,all_three_full_revised_seed0_pilots_source_freeze_smoke_and_budget,,configs/conv/paper_baseline_tk_revision_20260913_v1/training/T3_EP_conv3_baseline_gmax0.0005_seed2.json,T3_EP_conv3_baseline_gmax0.0005_seed2,launch_new_bounded_ep,awaiting_all_three_full_revised_seed0_pilots,revised_operating_point_training_pending,pending_contract_and_checkpoint_seal,,,,,,,,loulou after its original wave; not admitted,,,false,2026-09-14T05:14:47.641232+00:00
table3,T3_EP,conv3,EP,Adam,baseline,1,1,0,0,0,0.00001,0.001,30,24,8,new_matched_baseline_EP,source_freeze_same_config_smoke_and_budget,,configs/conv/paper_baseline_tk_revision_20260913_v1/training/T3_EP_conv3_baseline_gmax0.001_seed0.json,T3_EP_conv3_baseline_gmax0.001_seed0,launch_new_bounded_ep,numerically_qualified_seed0_pilot_pending,revised_operating_point_training_pending,pending_contract_and_checkpoint_seal,,,,,,,,loulou after its original wave; not admitted,,,false,2026-09-14T05:14:47.641232+00:00
table3,T3_EP,conv3,EP,Adam,baseline,1,1,1,1,0,0.00001,0.001,30,24,8,new_matched_baseline_EP,all_three_full_revised_seed0_pilots_source_freeze_smoke_and_budget,,configs/conv/paper_baseline_tk_revision_20260913_v1/training/T3_EP_conv3_baseline_gmax0.001_seed1.json,T3_EP_conv3_baseline_gmax0.001_seed1,launch_new_bounded_ep,awaiting_all_three_full_revised_seed0_pilots,revised_operating_point_training_pending,pending_contract_and_checkpoint_seal,,,,,,,,loulou after its original wave; not admitted,,,false,2026-09-14T05:14:47.641232+00:00
table3,T3_EP,conv3,EP,Adam,baseline,1,1,2,2,0,0.00001,0.001,30,24,8,new_matched_baseline_EP,all_three_full_revised_seed0_pilots_source_freeze_smoke_and_budget,,configs/conv/paper_baseline_tk_revision_20260913_v1/training/T3_EP_conv3_baseline_gmax0.001_seed2.json,T3_EP_conv3_baseline_gmax0.001_seed2,launch_new_bounded_ep,awaiting_all_three_full_revised_seed0_pilots,revised_operating_point_training_pending,pending_contract_and_checkpoint_seal,,,,,,,,loulou after its original wave; not admitted,,,false,2026-09-14T05:14:47.641232+00:00
table3,T3_EP,conv3,EP,Adam,ours,4,1,0,0,0,0.00001,0.0001,30,8,8,launch_new_bounded_ep,common_beta_numerically_qualified; exact_GPU_smokes_valid; full_24_GPU_hour_wave_reserved,results/paper-training-completion-20260911-v1/collected/loulou_bounded_conv3_ours_pilots/000_T3_EP_conv3_ours_gmax0.0001_seed0_0ebd796b/result.json,configs/conv/perfectdiode-conv123-fixed-uniform-init-wmax-adam-10-30-30ep-seed0-20260814-v1/conv3/01_wmax_1em4_ours_adam.json,T3_EP_conv3_ours_gmax0.0001_seed0,launch_new_bounded_ep,complete_collected_validated,training_collected_paper_gates_pending,pending_contract_and_checkpoint_seal,bundles/table3_bounded_ep/conv3/ours/gmax_1em4/seed0/result.json,a2d059dcfd70ea810f9e2250794be6be321d1b3bd3252997865ce5825bc21817,85.2,84.64,30,ordinary_mnist_training_completion,loulou,loulou: primary5090 nohup938925 worker938933,022098cfe6eb151dff3f7403d3f4b358709152b9,2092876a731e2b85fc9c789f32c8c80e2f2157c9388303e6a805c4c259763c26,false,2026-09-13T11:52:42.641801+00:00
table3,T3_EP,conv3,EP,Adam,ours,4,1,1,1,0,0.00001,0.0001,30,8,8,launch_new_bounded_ep,all_beta_and_full_seed0_gates_passed; user_authorized_parallel_host_fallback,results/paper-training-completion-20260911-v1/collected/loulou_bounded_conv3_ours_ep_seed1/000_T3_EP_conv3_ours_gmax0.0001_seed1_25f684fd/result.json,configs/conv/perfectdiode-conv123-fixed-uniform-init-wmax-adam-10-30-30ep-seed0-20260814-v1/conv3/01_wmax_1em4_ours_adam.json,T3_EP_conv3_ours_gmax0.0001_seed1,launch_new_bounded_ep,complete_collected_validated,training_collected_paper_gates_pending,pending_contract_and_checkpoint_seal,bundles/table3_bounded_ep/conv3/ours/gmax_1em4/seed1/result.json,5e9b93e6acdf9eee603c68b2f01e7dee45c0b3762b326cbe3c8971b7a8acd48a,85.18,85.18,30,ordinary_mnist_training_completion,loulou,"loulou: nohup 1029159, worker 1029168",022098cfe6eb151dff3f7403d3f4b358709152b9,d77421a7d78fba06a64ad177599b514efa6d67302b3d25c3697f930acb3b790b,false,2026-09-14T09:47:59.711458+00:00
table3,T3_EP,conv3,EP,Adam,ours,4,1,2,2,0,0.00001,0.0001,30,8,8,launch_new_bounded_ep,common_beta_and_all_three_seed0_pilots_pass; source_v8_verified; local_smokes_pass; full_24_gpu_hours_reserved,results/paper-training-completion-20260911-v1/collected/jz_bounded_conv3_ours_ep_seed2/task_0/000_T3_EP_conv3_ours_gmax0.0001_seed2_afbd5f6f/result.json,configs/conv/perfectdiode-conv123-fixed-uniform-init-wmax-adam-10-30-30ep-seed0-20260814-v1/conv3/01_wmax_1em4_ours_adam.json,T3_EP_conv3_ours_gmax0.0001_seed2,launch_new_bounded_ep,complete_collected_validated,training_collected_paper_gates_pending,pending_contract_and_checkpoint_seal,bundles/table3_bounded_ep/conv3/ours/gmax_1em4/seed2/result.json,b361d67faece7518bf60f39e8168436afa02aad8e024eb1cd83996f11c89c64e,85.6,85.6,30,ordinary_mnist_training_completion,jean-zay,"jean-zay: Slurm2110632 tasks0/1/2, started2026-09-13T20:22:18Z; sourcev8 d77421a7",022098cfe6eb151dff3f7403d3f4b358709152b9,d77421a7d78fba06a64ad177599b514efa6d67302b3d25c3697f930acb3b790b,false,2026-09-14T00:43:58.457394+00:00
table3,T3_EP,conv3,EP,Adam,ours,4,1,0,0,0,0.00001,0.0005,30,8,8,launch_new_bounded_ep,common_beta_numerically_qualified; exact_GPU_smokes_valid; full_24_GPU_hour_wave_reserved,results/paper-training-completion-20260911-v1/collected/loulou_bounded_conv3_ours_pilots/000_T3_EP_conv3_ours_gmax0.0005_seed0_0eb0a67a/result.json,configs/conv/perfectdiode-conv123-fixed-uniform-init-wmax-adam-10-30-30ep-seed0-20260814-v1/conv3/04_wmax_5em4_ours_adam.json,T3_EP_conv3_ours_gmax0.0005_seed0,launch_new_bounded_ep,complete_collected_validated,training_collected_paper_gates_pending,pending_contract_and_checkpoint_seal,bundles/table3_bounded_ep/conv3/ours/gmax_5em4/seed0/result.json,b0c0bda44dbc5d373bb9604ca70f3807ff952bff43b3e3d1d34d1490abc13613,94.67999999999999,94.5,30,ordinary_mnist_training_completion,loulou,loulou: primary5090 nohup938925 worker938933,022098cfe6eb151dff3f7403d3f4b358709152b9,2092876a731e2b85fc9c789f32c8c80e2f2157c9388303e6a805c4c259763c26,false,2026-09-13T16:01:06.633835+00:00
table3,T3_EP,conv3,EP,Adam,ours,4,1,1,1,0,0.00001,0.0005,30,8,8,launch_new_bounded_ep,all_beta_and_full_seed0_gates_passed; user_authorized_parallel_host_fallback,results/paper-training-completion-20260911-v1/collected/loulou_bounded_conv3_ours_ep_seed1/000_T3_EP_conv3_ours_gmax0.0005_seed1_cfacdd28/result.json,configs/conv/perfectdiode-conv123-fixed-uniform-init-wmax-adam-10-30-30ep-seed0-20260814-v1/conv3/04_wmax_5em4_ours_adam.json,T3_EP_conv3_ours_gmax0.0005_seed1,launch_new_bounded_ep,complete_collected_validated,training_collected_paper_gates_pending,pending_contract_and_checkpoint_seal,bundles/table3_bounded_ep/conv3/ours/gmax_5em4/seed1/result.json,b2b15cd156c43a5a1dd70052a8d962900ebbd6b0396818234993d04f44d57bdd,94.28,94.28,30,ordinary_mnist_training_completion,loulou,"loulou: nohup 1029159, worker 1029168",022098cfe6eb151dff3f7403d3f4b358709152b9,d77421a7d78fba06a64ad177599b514efa6d67302b3d25c3697f930acb3b790b,false,2026-09-14T09:47:59.711458+00:00
table3,T3_EP,conv3,EP,Adam,ours,4,1,2,2,0,0.00001,0.0005,30,8,8,launch_new_bounded_ep,common_beta_and_all_three_seed0_pilots_pass; source_v8_verified; local_smokes_pass; full_24_gpu_hours_reserved,results/paper-training-completion-20260911-v1/collected/jz_bounded_conv3_ours_ep_seed2/task_1/000_T3_EP_conv3_ours_gmax0.0005_seed2_42293272/result.json,configs/conv/perfectdiode-conv123-fixed-uniform-init-wmax-adam-10-30-30ep-seed0-20260814-v1/conv3/04_wmax_5em4_ours_adam.json,T3_EP_conv3_ours_gmax0.0005_seed2,launch_new_bounded_ep,complete_collected_validated,training_collected_paper_gates_pending,pending_contract_and_checkpoint_seal,bundles/table3_bounded_ep/conv3/ours/gmax_5em4/seed2/result.json,b32b6a89059773b65c4ec4ee96e6d7138feb50b618041e932e39b60de047de9d,95.04,95.04,30,ordinary_mnist_training_completion,jean-zay,"jean-zay: Slurm2110632 tasks0/1/2, started2026-09-13T20:22:18Z; sourcev8 d77421a7",022098cfe6eb151dff3f7403d3f4b358709152b9,d77421a7d78fba06a64ad177599b514efa6d67302b3d25c3697f930acb3b790b,false,2026-09-14T00:43:58.457394+00:00
table3,T3_EP,conv3,EP,Adam,ours,4,1,0,0,0,0.00001,0.001,30,8,8,launch_new_bounded_ep,common_beta_numerically_qualified; exact_GPU_smokes_valid; full_24_GPU_hour_wave_reserved,results/paper-training-completion-20260911-v1/collected/loulou_bounded_conv3_ours_pilots/000_T3_EP_conv3_ours_gmax0.001_seed0_ccb1f6cf/result.json,configs/conv/perfectdiode-conv123-fixed-uniform-init-wmax-adam-10-30-30ep-seed0-20260814-v1/conv3/07_wmax_1em3_ours_adam.json,T3_EP_conv3_ours_gmax0.001_seed0,launch_new_bounded_ep,complete_collected_validated,training_collected_paper_gates_pending,pending_contract_and_checkpoint_seal,bundles/table3_bounded_ep/conv3/ours/gmax_1em3/seed0/result.json,1feeed9887ab70852fd865e0c7486a265d4fa5d91e525d8cee2807cb60c91cd9,95.72,95.72,30,ordinary_mnist_training_completion,loulou,loulou: primary5090 nohup938925 worker938933,022098cfe6eb151dff3f7403d3f4b358709152b9,2092876a731e2b85fc9c789f32c8c80e2f2157c9388303e6a805c4c259763c26,false,2026-09-13T20:09:30.747021+00:00
table3,T3_EP,conv3,EP,Adam,ours,4,1,1,1,0,0.00001,0.001,30,8,8,launch_new_bounded_ep,all_beta_and_full_seed0_gates_passed; user_authorized_parallel_host_fallback,results/paper-training-completion-20260911-v1/collected/loulou_bounded_conv3_ours_ep_seed1/000_T3_EP_conv3_ours_gmax0.001_seed1_283954ef/result.json,configs/conv/perfectdiode-conv123-fixed-uniform-init-wmax-adam-10-30-30ep-seed0-20260814-v1/conv3/07_wmax_1em3_ours_adam.json,T3_EP_conv3_ours_gmax0.001_seed1,launch_new_bounded_ep,complete_collected_validated,training_collected_paper_gates_pending,pending_contract_and_checkpoint_seal,bundles/table3_bounded_ep/conv3/ours/gmax_1em3/seed1/result.json,170996c07fd7046792210b3ce7fd27ab48ebdd6aa45429c836a1d158e7c3a7bb,95.78,95.64,30,ordinary_mnist_training_completion,loulou,loulou supervisor1029159 / worker1029168 / GPU1083205; original three-case wave,022098cfe6eb151dff3f7403d3f4b358709152b9,d77421a7d78fba06a64ad177599b514efa6d67302b3d25c3697f930acb3b790b,false,2026-09-14T09:47:59.711458+00:00
table3,T3_EP,conv3,EP,Adam,ours,4,1,2,2,0,0.00001,0.001,30,8,8,launch_new_bounded_ep,common_beta_and_all_three_seed0_pilots_pass; source_v8_verified; local_smokes_pass; full_24_gpu_hours_reserved,results/paper-training-completion-20260911-v1/collected/jz_bounded_conv3_ours_ep_seed2/task_2/000_T3_EP_conv3_ours_gmax0.001_seed2_4d77feb8/result.json,configs/conv/perfectdiode-conv123-fixed-uniform-init-wmax-adam-10-30-30ep-seed0-20260814-v1/conv3/07_wmax_1em3_ours_adam.json,T3_EP_conv3_ours_gmax0.001_seed2,launch_new_bounded_ep,complete_collected_validated,training_collected_paper_gates_pending,pending_contract_and_checkpoint_seal,bundles/table3_bounded_ep/conv3/ours/gmax_1em3/seed2/result.json,09b256cb5d6f63bdafcc1f290d24c9484205f12efb00cbc13ca95cabbe048f03,95.88,95.78,30,ordinary_mnist_training_completion,jean-zay,"jean-zay: Slurm2110632 tasks0/1/2, started2026-09-13T20:22:18Z; sourcev8 d77421a7",022098cfe6eb151dff3f7403d3f4b358709152b9,d77421a7d78fba06a64ad177599b514efa6d67302b3d25c3697f930acb3b790b,false,2026-09-14T00:46:34.865201+00:00
table3,T3_EP,conv3,EP,Adam,legacy,4,0.25,0,0,0,0.00001,0.0001,30,8,8,launch_new_bounded_ep,common_beta_qualified; exact_GPU_smoke_passed; full_budget_reserved,results/paper-training-completion-20260911-v1/collected/loulou_bounded_conv3_legacy_pilots/000_T3_EP_conv3_legacy_gmax0.0001_seed0_7b7ea2e9/result.json,configs/conv/perfectdiode-conv123-fixed-uniform-init-wmax-adam-10-30-30ep-seed0-20260814-v1/conv3/02_wmax_1em4_legacy_adam.json,T3_EP_conv3_legacy_gmax0.0001_seed0,launch_new_bounded_ep,complete_collected_validated,training_collected_paper_gates_pending,pending_contract_and_checkpoint_seal,bundles/table3_bounded_ep/conv3/legacy/gmax_1em4/seed0/result.json,05c347c9efb6e5eed09dd97a206341d02b5cbd1f158ad1bd602e01663e0af93a,93.54,93.54,30,ordinary_mnist_training_completion,loulou,loulou: nohup 822568; worker 822578,022098cfe6eb151dff3f7403d3f4b358709152b9,2092876a731e2b85fc9c789f32c8c80e2f2157c9388303e6a805c4c259763c26,false,2026-09-13T07:28:51.357848+00:00
table3,T3_EP,conv3,EP,Adam,legacy,4,0.25,1,1,0,0.00001,0.0001,30,8,8,launch_new_bounded_ep,qualified_common_beta; all_three_seed0_pilots_stable; exact_GPU_smokes_valid; full_8_GPU_hour_case_reserved; weekend_margin_passed,results/paper-training-completion-20260911-v1/collected/trex_bounded_conv3_legacy_seed1_gmax1em4/000_T3_EP_conv3_legacy_gmax0.0001_seed1_a459b29b/result.json,configs/conv/perfectdiode-conv123-fixed-uniform-init-wmax-adam-10-30-30ep-seed0-20260814-v1/conv3/02_wmax_1em4_legacy_adam.json,T3_EP_conv3_legacy_gmax0.0001_seed1,launch_new_bounded_ep,complete_collected_validated,training_collected_paper_gates_pending,pending_contract_and_checkpoint_seal,bundles/table3_bounded_ep/conv3/legacy/gmax_1em4/seed1/result.json,85225a155fa3c8c9d70cc23d99bec905411e90c91ef7e65237e1b2d45d749722,94.84,94.72,30,ordinary_mnist_training_completion,trex,trex: nohup1470669 worker1470679; extra_weekend_single_case; hard_cutoff1789336800,022098cfe6eb151dff3f7403d3f4b358709152b9,b48c5a22ab411264f2f105e807aa07552101b79c2a75be844155a12d374f97fb,false,2026-09-13T13:06:08.599763+00:00
table3,T3_EP,conv3,EP,Adam,legacy,4,0.25,2,2,0,0.00001,0.0001,30,8,8,launch_new_bounded_ep,qualified_common_beta; all_three_seed0_pilots_stable; synchronous_local_semantic_smoke_passed; full_24_GPU_hour_array_reserved,results/paper-training-completion-20260911-v1/collected/jz_bounded_conv3_legacy_ep_seed2/task_0/000_T3_EP_conv3_legacy_gmax0.0001_seed2_b6692f2c/result.json,configs/conv/perfectdiode-conv123-fixed-uniform-init-wmax-adam-10-30-30ep-seed0-20260814-v1/conv3/02_wmax_1em4_legacy_adam.json,T3_EP_conv3_legacy_gmax0.0001_seed2,launch_new_bounded_ep,complete_collected_validated,training_collected_paper_gates_pending,pending_contract_and_checkpoint_seal,bundles/table3_bounded_ep/conv3/legacy/gmax_1em4/seed2/result.json,65fa068acae13a93ce7968da30c66197924ac3f71f4f6ec9234186e38af0cf5b,93.2,93.2,30,ordinary_mnist_training_completion,jean-zay,jean-zay: Slurm2084633_0,022098cfe6eb151dff3f7403d3f4b358709152b9,b48c5a22ab411264f2f105e807aa07552101b79c2a75be844155a12d374f97fb,false,2026-09-13T12:18:35.052837+00:00
table3,T3_EP,conv3,EP,Adam,legacy,4,0.25,0,0,0,0.00001,0.0005,30,8,8,launch_new_bounded_ep,common_beta_qualified; exact_GPU_smoke_passed; full_budget_reserved,results/paper-training-completion-20260911-v1/collected/loulou_bounded_conv3_legacy_pilots/000_T3_EP_conv3_legacy_gmax0.0005_seed0_37755b3f/result.json,configs/conv/perfectdiode-conv123-fixed-uniform-init-wmax-adam-10-30-30ep-seed0-20260814-v1/conv3/05_wmax_5em4_legacy_adam.json,T3_EP_conv3_legacy_gmax0.0005_seed0,launch_new_bounded_ep,complete_collected_validated,training_collected_paper_gates_pending,pending_contract_and_checkpoint_seal,bundles/table3_bounded_ep/conv3/legacy/gmax_5em4/seed0/result.json,b0b8f539d8dc26bc9c1efdecb826a94ad022af2fb6a1742e8d3d8e71fd2a0aef,97.68,97.68,30,ordinary_mnist_training_completion,loulou,loulou: nohup 822568; worker 822578,022098cfe6eb151dff3f7403d3f4b358709152b9,2092876a731e2b85fc9c789f32c8c80e2f2157c9388303e6a805c4c259763c26,false,2026-09-13T07:28:51.357848+00:00
table3,T3_EP,conv3,EP,Adam,legacy,4,0.25,1,1,0,0.00001,0.0005,30,8,8,launch_new_bounded_ep,all_beta_and_full_seed0_gates_passed; user_authorized_parallel_host_fallback,results/paper-training-completion-20260911-v1/collected/nom_bounded_conv3_legacy_ep_seed1_remaining/000_T3_EP_conv3_legacy_gmax0.0005_seed1_1d18c669/result.json,configs/conv/perfectdiode-conv123-fixed-uniform-init-wmax-adam-10-30-30ep-seed0-20260814-v1/conv3/05_wmax_5em4_legacy_adam.json,T3_EP_conv3_legacy_gmax0.0005_seed1,launch_new_bounded_ep,complete_collected_validated,training_collected_paper_gates_pending,pending_contract_and_checkpoint_seal,bundles/table3_bounded_ep/conv3/legacy/gmax_5em4/seed1/result.json,f5d0185d60628582262bb63f1113581da8a980b6da40a8b93125fda35296b487,97.84,97.82,30,ordinary_mnist_training_completion,nom-cool-1,"nom-cool-1: nohup 1460856, worker 1460865",022098cfe6eb151dff3f7403d3f4b358709152b9,d77421a7d78fba06a64ad177599b514efa6d67302b3d25c3697f930acb3b790b,false,2026-09-14T09:56:15.595093+00:00
table3,T3_EP,conv3,EP,Adam,legacy,4,0.25,2,2,0,0.00001,0.0005,30,8,8,launch_new_bounded_ep,qualified_common_beta; all_three_seed0_pilots_stable; synchronous_local_semantic_smoke_passed; full_24_GPU_hour_array_reserved,results/paper-training-completion-20260911-v1/collected/jz_bounded_conv3_legacy_ep_seed2/task_1/000_T3_EP_conv3_legacy_gmax0.0005_seed2_aed1b6b7/result.json,configs/conv/perfectdiode-conv123-fixed-uniform-init-wmax-adam-10-30-30ep-seed0-20260814-v1/conv3/05_wmax_5em4_legacy_adam.json,T3_EP_conv3_legacy_gmax0.0005_seed2,launch_new_bounded_ep,complete_collected_validated,training_collected_paper_gates_pending,pending_contract_and_checkpoint_seal,bundles/table3_bounded_ep/conv3/legacy/gmax_5em4/seed2/result.json,ed318b34b9c77fb4a37a67199dd229bba1cd5daf465a89161193b8fdc17c80d7,98.0,97.88,30,ordinary_mnist_training_completion,jean-zay,jean-zay: Slurm2084633_1,022098cfe6eb151dff3f7403d3f4b358709152b9,b48c5a22ab411264f2f105e807aa07552101b79c2a75be844155a12d374f97fb,false,2026-09-13T13:21:50.479829+00:00
table3,T3_EP,conv3,EP,Adam,legacy,4,0.25,0,0,0,0.00001,0.001,30,8,8,launch_new_bounded_ep,common_beta_qualified; exact_GPU_smoke_passed; full_budget_reserved,results/paper-training-completion-20260911-v1/collected/loulou_bounded_conv3_legacy_pilots/000_T3_EP_conv3_legacy_gmax0.001_seed0_d25cbd11/result.json,configs/conv/perfectdiode-conv123-fixed-uniform-init-wmax-adam-10-30-30ep-seed0-20260814-v1/conv3/08_wmax_1em3_legacy_adam.json,T3_EP_conv3_legacy_gmax0.001_seed0,launch_new_bounded_ep,complete_collected_validated,training_collected_paper_gates_pending,pending_contract_and_checkpoint_seal,bundles/table3_bounded_ep/conv3/legacy/gmax_1em3/seed0/result.json,f962dff780a96a092e898f0cef52083a74808d2b0558ec3234d9c647405d34b4,97.72,97.72,30,ordinary_mnist_training_completion,loulou,loulou: nohup 822568; worker 822578,022098cfe6eb151dff3f7403d3f4b358709152b9,2092876a731e2b85fc9c789f32c8c80e2f2157c9388303e6a805c4c259763c26,false,2026-09-13T07:28:51.357848+00:00
table3,T3_EP,conv3,EP,Adam,legacy,4,0.25,1,1,0,0.00001,0.001,30,8,8,launch_new_bounded_ep,all_beta_and_full_seed0_gates_passed; user_authorized_parallel_host_fallback,results/paper-training-completion-20260911-v1/collected/nom_bounded_conv3_legacy_ep_seed1_remaining/000_T3_EP_conv3_legacy_gmax0.001_seed1_681c02f0/result.json,configs/conv/perfectdiode-conv123-fixed-uniform-init-wmax-adam-10-30-30ep-seed0-20260814-v1/conv3/08_wmax_1em3_legacy_adam.json,T3_EP_conv3_legacy_gmax0.001_seed1,launch_new_bounded_ep,complete_collected_validated,training_collected_paper_gates_pending,pending_contract_and_checkpoint_seal,bundles/table3_bounded_ep/conv3/legacy/gmax_1em3/seed1/result.json,c405d948d6abd305b20fa0a80119efef6a40af3b95924beca3ba5edf752ef62b,98.1,98.1,30,ordinary_mnist_training_completion,nom-cool-1,nom-cool-1 supervisor1460856 / worker1460865 / GPU1493315; original two-case wave,022098cfe6eb151dff3f7403d3f4b358709152b9,d77421a7d78fba06a64ad177599b514efa6d67302b3d25c3697f930acb3b790b,false,2026-09-14T09:56:15.595093+00:00
table3,T3_EP,conv3,EP,Adam,legacy,4,0.25,2,2,0,0.00001,0.001,30,8,8,launch_new_bounded_ep,qualified_common_beta; all_three_seed0_pilots_stable; synchronous_local_semantic_smoke_passed; full_24_GPU_hour_array_reserved,results/paper-training-completion-20260911-v1/collected/jz_bounded_conv3_legacy_ep_seed2/task_2/000_T3_EP_conv3_legacy_gmax0.001_seed2_89bccf48/result.json,configs/conv/perfectdiode-conv123-fixed-uniform-init-wmax-adam-10-30-30ep-seed0-20260814-v1/conv3/08_wmax_1em3_legacy_adam.json,T3_EP_conv3_legacy_gmax0.001_seed2,launch_new_bounded_ep,complete_collected_validated,training_collected_paper_gates_pending,pending_contract_and_checkpoint_seal,bundles/table3_bounded_ep/conv3/legacy/gmax_1em3/seed2/result.json,6eb3706d76a46db38ed24d2d47cd2cc46811a42448f99aaac074989d9dc32a9c,98.06,98.06,30,ordinary_mnist_training_completion,jean-zay,jean-zay: Slurm2084633_2,022098cfe6eb151dff3f7403d3f4b358709152b9,b48c5a22ab411264f2f105e807aa07552101b79c2a75be844155a12d374f97fb,false,2026-09-13T14:04:22.497642+00:00
