architecture,scheme,checkpoint_role,phase,reference_kind,state_layer_name,layer_index,layer_type,state_shape,T,K,injected_beta,base_beta,model_seed,source_checkpoint_epoch,batch_count,element_count,delta_mean,delta_rms,delta_std,reference_mean,reference_rms,reference_std,current_mean,current_rms,current_std,relative_displacement,reference_norm_zero,max_abs_delta,reference_min,reference_max,current_min,current_max,active_set_transition_count,constrained_element_count,active_set_transition_fraction,batch_p05_delta_rms,batch_median_delta_rms,batch_p95_delta_rms,batch_p05_relative,batch_median_relative,batch_p95_relative,half_span_rms
conv3,baseline,reconstructed_initialization,negative,post_T_free,Layer_1,1,ConvLayer,64x14x14,8,8,10,10.0,0,0,36,7225344,4.83334789061913e-08,5.058765969195998e-07,5.035623160322662e-07,-0.004508314883246681,6.826719199606973,6.826717710977904,-0.004508266549767757,6.8267192006006825,6.826717712003531,7.410244688967492e-08,False,3.862325535730626e-06,-81.45423947016056,102.1270560005805,-81.45423909117558,102.12705684585048,0,7225344,0.0,4.519913713618313e-07,5.044793158164326e-07,5.55715508847152e-07,6.52886470741228e-08,7.413989996298816e-08,8.184814193701441e-08,
conv3,baseline,reconstructed_initialization,negative,post_T_free,Layer_2,2,ConvLayer,128x7x7,8,8,10,10.0,0,0,36,3612672,1.7185393852903104e-09,2.2792996906931e-06,2.2792990428234825e-06,-0.002770012027422058,0.10356550182031002,0.10352845116517766,-0.0027700103088826727,0.10356545300013274,0.10352840237350999,2.2008290894469564e-05,False,1.5381179726867145e-05,-0.6677613826114186,1.2247015959344933,-0.6677617371526257,1.2246967649832745,22,3612672,6.0896754535147395e-06,2.1992726530553045e-06,2.2801618145574887e-06,2.350102005155098e-06,2.0331862290734203e-05,2.2052174560049844e-05,2.3551984926321835e-05,
conv3,baseline,reconstructed_initialization,negative,post_T_free,Layer_3,3,ConvLayer,256x7x7,8,8,10,10.0,0,0,36,7225344,-9.101702502620666e-08,0.00012006305955096405,0.00012006302505200964,0.001651818913196245,0.023221972770939844,0.023163149907822957,0.0016517278961712188,0.023222062078775144,0.023163245932888946,0.0051702351361470845,False,0.00041409002590856933,-0.05510479523879231,0.1802588818881602,-0.05510840992163148,0.1804298473715024,8317,7225344,0.0011510870624291383,0.00011965787001599659,0.00012004087647285307,0.00012053031262783398,0.004702417214936843,0.005203242543445464,0.005742234332707765,
conv3,baseline,reconstructed_initialization,negative,post_T_free,Layer_4,4,LinearLayer,20,8,8,10,10.0,0,0,36,11520,-4.921416811113017e-05,0.11277350179289496,0.11277349105440401,0.0016865544716013643,0.006000413186499233,0.0057585147757937835,0.0016373403034902342,0.11292319634370775,0.11291132533634586,18.79428937437713,False,0.36631344642440034,-0.011807429201789257,0.01828102135487951,-0.37124370726819556,0.383467737768761,0,0,,0.11244777651657209,0.1127632778729904,0.11309961606557828,14.128672450862098,18.948148959685035,25.220539954479314,
conv3,baseline,reconstructed_initialization,negative,matched_zero_K,Layer_1,1,ConvLayer,64x14x14,8,8,10,10.0,0,0,36,7225344,-1.1318369976035596e-08,4.869960063623457e-07,4.86864462364999e-07,-0.00450825523139779,6.826719202548927,6.82671771395925,-0.004508266549767757,6.8267192006006825,6.826717712003531,7.133675663421363e-08,False,3.2770314110086574e-06,-81.45423929588338,102.12705649728372,-81.45423909117558,102.12705684585048,0,7225344,0.0,4.4574331485698466e-07,4.880143362606756e-07,5.221393038117197e-07,6.552481778225255e-08,7.055591473876593e-08,7.941991252953411e-08,
conv3,baseline,reconstructed_initialization,negative,matched_zero_K,Layer_2,2,ConvLayer,128x7x7,8,8,10,10.0,0,0,36,3612672,-3.2195447990408135e-08,2.279320112949565e-06,2.279092720892486e-06,-0.002769978113434683,0.10356552299447595,0.10352847325431984,-0.0027700103088826727,0.10356545300013274,0.10352840237350999,2.2008483586484096e-05,False,1.5481054912704073e-05,-0.6677614090703836,1.2247018823907942,-0.6677617371526257,1.2246967649832745,22,3612672,6.0896754535147395e-06,2.2025376452369238e-06,2.283064551262947e-06,2.3463435169984784e-06,2.035050004364401e-05,2.2059230499666913e-05,2.3579624886231826e-05,
conv3,baseline,reconstructed_initialization,negative,matched_zero_K,Layer_3,3,ConvLayer,256x7x7,8,8,10,10.0,0,0,36,7225344,-1.6076367569912917e-07,0.00012006313920114835,0.00012006303157040014,0.001651888659846918,0.02322207831485842,0.02316325074588813,0.0016517278961712188,0.023222062078775144,0.023163245932888946,0.005170215067457038,False,0.00041398133623912065,-0.05510467526221085,0.18026002573150918,-0.05510840992163148,0.1804298473715024,8313,7225344,0.0011505334555697278,0.00011965738440673378,0.0001200410426613145,0.00012052991548326214,0.004702406939572591,0.00520323991015084,0.005742219596039108,
conv3,baseline,reconstructed_initialization,negative,matched_zero_K,Layer_4,4,LinearLayer,20,8,8,10,10.0,0,0,36,11520,-4.9283982591877704e-05,0.11277350179904881,0.11277349103006933,0.001686624286082112,0.006000528560825694,0.005758614549254262,0.0016373403034902342,0.11292319634370775,0.11291132533634586,18.793928010823567,False,0.3663132622218531,-0.011807589559502016,0.018281367792892817,-0.37124370726819556,0.383467737768761,0,0,,0.11244777643940881,0.11276327795601573,0.11309961597331582,14.128382972303953,18.94782253387271,25.220063180338194,
conv3,baseline,reconstructed_initialization,positive,post_T_free,Layer_1,1,ConvLayer,64x14x14,8,8,10,10.0,0,0,36,7225344,7.06939138938888e-08,5.157907005234744e-07,5.109231031034513e-07,-0.004508314883246681,6.826719199606973,6.826717710977904,-0.0045082441893327845,6.826719204519283,6.8267177159368995,7.555469698433905e-08,False,3.3947965658587265e-06,-81.45423947016056,102.1270560005805,-81.45423961436279,102.12705614750897,0,7225344,0.0,4.746083321665105e-07,5.150354547587391e-07,5.49476143236645e-07,6.965016153878127e-08,7.477139421649598e-08,8.238222541669992e-08,
conv3,baseline,reconstructed_initialization,positive,post_T_free,Layer_2,2,ConvLayer,128x7x7,8,8,10,10.0,0,0,36,3612672,6.548188230711863e-08,2.282626802893167e-06,2.281687367799497e-06,-0.002770012027422058,0.10356550182031002,0.10352845116517766,-0.002769946545539751,0.1035655931672703,0.10352854429684306,2.2040416574754874e-05,False,1.5576023915379877e-05,-0.6677613826114186,1.2247015959344933,-0.6677607284423218,1.224707000012457,30,3612672,8.304102891156463e-06,2.2116433619319715e-06,2.2879627248946225e-06,2.3484396918403853e-06,2.045603632402176e-05,2.2065523177090863e-05,2.3638768484875978e-05,
conv3,baseline,reconstructed_initialization,positive,post_T_free,Layer_3,3,ConvLayer,256x7x7,8,8,10,10.0,0,0,36,7225344,2.2826637159822285e-07,0.00012006246800332619,0.00012006225100968797,0.001651818913196245,0.023221972770939844,0.023163149907822957,0.0016520471795678433,0.023222715691055017,0.02316387843570361,0.005170209662530192,False,0.00041417932486369354,-0.05510479523879231,0.1802588818881602,-0.055100903101525094,0.18009019542633597,8284,7225344,0.0011465198058390022,0.00011963381763543081,0.00012005915826543046,0.00012054133333476698,0.004703511742376077,0.005203171678772521,0.005741927900406901,
conv3,baseline,reconstructed_initialization,positive,post_T_free,Layer_4,4,LinearLayer,20,8,8,10,10.0,0,0,36,11520,4.935211937708654e-05,0.11277350149678303,0.11277349069800596,0.0016865544716013643,0.006000413186499233,0.0057585147757937835,0.001735906590978451,0.11294286053574641,0.11292951949913034,18.79428932502854,False,0.36631299188489963,-0.011807429201789257,0.01828102135487951,-0.3772242323174193,0.3813305907594681,0,0,,0.11244776925392244,0.11276328095202684,0.11309961475423401,14.128673512308229,18.948148401820028,25.220538902865485,
conv3,baseline,reconstructed_initialization,positive,matched_zero_K,Layer_1,1,ConvLayer,64x14x14,8,8,10,10.0,0,0,36,7225344,1.1042065011661921e-08,4.869232673422072e-07,4.867980495847214e-07,-0.00450825523139779,6.826719202548927,6.82671771395925,-0.0045082441893327845,6.826719204519283,6.8267177159368995,7.132610158630843e-08,False,3.218959413020528e-06,-81.45423929588338,102.12705649728372,-81.45423961436279,102.12705614750897,0,7225344,0.0,4.445200475100587e-07,4.883570652914892e-07,5.230658635572592e-07,6.556118438159854e-08,7.051334442644167e-08,7.933420510989211e-08,
conv3,baseline,reconstructed_initialization,positive,matched_zero_K,Layer_2,2,ConvLayer,128x7x7,8,8,10,10.0,0,0,36,3612672,3.156789493142018e-08,2.279193158296582e-06,2.278974532730795e-06,-0.002769978113434683,0.10356552299447595,0.10352847325431984,-0.002769946545539751,0.1035655931672703,0.10352854429684306,2.2007257747524253e-05,False,1.547614872954295e-05,-0.6677614090703836,1.2247018823907942,-0.6677607284423218,1.224707000012457,30,3612672,8.304102891156463e-06,2.2039977721484653e-06,2.282330339634544e-06,2.3489074219576074e-06,2.037857458329936e-05,2.204375373068249e-05,2.356527496914436e-05,
conv3,baseline,reconstructed_initialization,positive,matched_zero_K,Layer_3,3,ConvLayer,256x7x7,8,8,10,10.0,0,0,36,7225344,1.5851972092530036e-07,0.00012006209807450622,0.00012006199342652289,0.001651888659846918,0.02322207831485842,0.02316325074588813,0.0016520471795678433,0.023222715691055017,0.02316387843570361,0.005170170233974521,False,0.00041412378159826015,-0.05510467526221085,0.18026002573150918,-0.055100903101525094,0.18009019542633597,8286,7225344,0.0011467966092687076,0.00011963340824893674,0.00012005884395996318,0.00012054140858529533,0.00470345775324906,0.005203122538737722,0.005741895972004699,
conv3,baseline,reconstructed_initialization,positive,matched_zero_K,Layer_4,4,LinearLayer,20,8,8,10,10.0,0,0,36,11520,4.928230489633904e-05,0.11277350149049778,0.11277349072225143,0.001686624286082112,0.006000528560825694,0.005758614549254262,0.001735906590978451,0.11294286053574641,0.11292951949913034,18.79392795940292,False,0.36631317608744685,-0.011807589559502016,0.018281367792892817,-0.3772242323174193,0.3813305907594681,0,0,,0.11244776933090903,0.11276328086888338,0.11309961484628643,14.12838402959774,18.947821978534662,25.220062111986422,
conv3,baseline,reconstructed_initialization,positive_minus_negative,negative_phase,Layer_1,1,ConvLayer,64x14x14,8,8,10,10.0,0,0,36,7225344,2.2360434987697514e-08,9.734102933306546e-07,9.73153436056839e-07,-0.004508266549767757,6.8267192006006825,6.826717712003531,-0.0045082441893327845,6.826719204519283,6.8267177159368995,1.425883011630249e-07,False,6.495990824029185e-06,-81.45423909117558,102.12705684585048,-81.45423961436279,102.12705614750897,0,7225344,0.0,8.890149886698359e-07,9.754846256902745e-07,1.043554362882719e-06,1.309957219822208e-07,1.4088628712526724e-07,1.5868908813042553e-07,4.867051466653273e-07
conv3,baseline,reconstructed_initialization,positive_minus_negative,negative_phase,Layer_2,2,ConvLayer,128x7x7,8,8,10,10.0,0,0,36,3612672,6.376334292182832e-08,4.556403424839425e-06,4.555957243652302e-06,-0.0027700103088826727,0.10356545300013274,0.10352840237350999,-0.002769946545539751,0.1035655931672703,0.10352854429684306,4.3995398975694965e-05,False,3.095720364224702e-05,-0.6677617371526257,1.2246967649832745,-0.6677607284423218,1.224707000012457,52,3612672,1.4393778344671202e-05,4.404463595612732e-06,4.563149650333027e-06,4.693802194903763e-06,4.071256834615103e-05,4.408469368694684e-05,4.712789860556506e-05,2.2782017124197124e-06
conv3,baseline,reconstructed_initialization,positive_minus_negative,negative_phase,Layer_3,3,ConvLayer,256x7x7,8,8,10,10.0,0,0,36,7225344,3.1928339662442953e-07,0.00024002536520385898,0.00024002515284727663,0.0016517278961712188,0.023222062078775144,0.023163245932888946,0.0016520471795678433,0.023222715691055017,0.02316387843570361,0.010336091790196402,False,0.0008279604517979766,-0.05510840992163148,0.1804298473715024,-0.055100903101525094,0.18009019542633597,16599,7225344,0.002297330064838435,0.00023919616911253794,0.00023999454609057388,0.00024098744202955328,0.00940267926530618,0.010402002785899998,0.011477873715413516,0.00012001268260192949
conv3,baseline,reconstructed_initialization,positive_minus_negative,negative_phase,Layer_4,4,LinearLayer,20,8,8,10,10.0,0,0,36,11520,9.856628748821676e-05,0.2255470032895167,0.22554698175229088,0.0016373403034902342,0.11292319634370775,0.11291132533634586,0.001735906590978451,0.11294286053574641,0.11292951949913034,1.9973487342938159,False,0.7326264383093,-0.37124370726819556,0.383467737768761,-0.3772242323174193,0.3813305907594681,0,0,,0.22489554577028853,0.2255265588248718,0.22619923081956922,1.9951052670899305,1.9973627185684413,1.9989273609717884,0.11277350164475836
conv3,baseline,best_validation,negative,post_T_free,Layer_1,1,ConvLayer,64x14x14,8,8,10,10.0,0,24,36,7225344,3.0317062474083745e-06,0.0001027855141528139,0.00010274079363567196,-2.872681586146716,49.78721267908931,49.704267893788405,-2.8726785544404687,49.787236084719794,49.704291513696106,2.06449625560147e-06,False,0.005397209415747284,-251.05605344536653,291.0429233321856,-251.05602616709027,291.04293832547535,2,7225344,2.7680342970521543e-07,8.620534689005056e-05,0.00010191011607720916,0.0001170744547901943,1.809085152987846e-06,2.0409110858371494e-06,2.354297296842544e-06,
conv3,baseline,best_validation,negative,post_T_free,Layer_2,2,ConvLayer,128x7x7,8,8,10,10.0,0,24,36,3612672,1.1568586753458409e-05,8.100650779656795e-05,8.01761941346877e-05,-0.8164320742853338,20.536632824587155,20.52039781388238,-0.8164205056985804,20.536654246925952,20.52041971343804,3.944488295061896e-06,False,0.0035232588560774047,-120.12007210519545,154.7828476480696,-120.12003237088575,154.782910278308,10,3612672,2.768034297052154e-06,6.656883787876244e-05,8.046664032823839e-05,9.396072359473116e-05,3.363317695325625e-06,3.897866199085261e-06,4.5712431295985935e-06,
conv3,baseline,best_validation,negative,post_T_free,Layer_3,3,ConvLayer,256x7x7,8,8,10,10.0,0,24,36,7225344,7.092612054109933e-06,6.738362323837981e-05,6.700930931580936e-05,-0.1978432023468349,1.4138310163025025,1.3999200726984797,-0.19783610973478077,1.413849217202352,1.3999394567868682,4.766030909026432e-05,False,0.006267994283901013,-18.52844947564269,25.480146024318675,-18.528445038365263,25.482364261713293,31,7225344,4.290453160430839e-06,5.6831364313009385e-05,6.565554641112947e-05,7.917596774392009e-05,4.066649852436576e-05,4.652263960064266e-05,5.499698801283647e-05,
conv3,baseline,best_validation,negative,post_T_free,Layer_4,4,LinearLayer,20,8,8,10,10.0,0,24,36,11520,-2.4300149209794178e-06,0.002043822224209495,0.002043820779618441,-0.16420675692752482,0.35085425129236303,0.3100561991466538,-0.1642091869424458,0.35084229670867106,0.3100413844690996,0.005825274217659116,False,0.024886919383331235,-1.515565477523839,1.134560430801881,-1.5146969436832032,1.1358379740289308,0,0,,0.001458221854134485,0.001956914423831566,0.002753913788858364,0.0034157766695313663,0.005929387622419772,0.008790451150094641,
conv3,baseline,best_validation,negative,matched_zero_K,Layer_1,1,ConvLayer,64x14x14,8,8,10,10.0,0,24,36,7225344,-2.2810186217881462e-09,4.57980686579637e-07,4.579750061236997e-07,-2.87267855215945,49.787236088376666,49.704291517490915,-2.8726785544404687,49.787236084719794,49.704291513696106,9.198757002029225e-09,False,4.399461952075967e-05,-251.05602605148056,291.04293840082056,-251.05602616709027,291.04293832547535,0,7225344,0.0,3.075156985459894e-07,4.2696709467297346e-07,6.041825150691001e-07,6.371541582540539e-09,8.558347684486346e-09,1.2374339243120021e-08,
conv3,baseline,best_validation,negative,matched_zero_K,Layer_2,2,ConvLayer,128x7x7,8,8,10,10.0,0,24,36,3612672,-1.925664174602544e-08,2.4431829365593913e-06,2.4431070470291792e-06,-0.8164204864419387,20.53665425681473,20.520419724100783,-0.8164205056985804,20.536654246925952,20.52041971343804,1.1896694106094052e-07,False,0.0002088402387128152,-120.1200320201575,154.78291096900261,-120.12003237088575,154.782910278308,3,3612672,8.304102891156462e-07,1.6304074308393253e-06,2.312843000837611e-06,3.2294711153801574e-06,8.142567806859699e-08,1.1108362630832118e-07,1.607219199344727e-07,
conv3,baseline,best_validation,negative,matched_zero_K,Layer_3,3,ConvLayer,256x7x7,8,8,10,10.0,0,24,36,7225344,-4.382474437346059e-08,4.499379786878279e-05,4.4993776525744796e-05,-0.1978360659100364,1.4138493918241881,1.3999396393369488,-0.19783610973478077,1.413849217202352,1.3999394567868682,3.1823614402613655e-05,False,0.006255858625744626,-18.5284425738692,25.48233330624668,-18.528445038365263,25.482364261713293,16,7225344,2.2144274376417234e-06,3.1409643466419454e-05,4.21930322933891e-05,6.06778018566169e-05,2.1964067538371693e-05,3.099102087567143e-05,4.369411876089716e-05,
conv3,baseline,best_validation,negative,matched_zero_K,Layer_4,4,LinearLayer,20,8,8,10,10.0,0,24,36,11520,-1.4557432191133027e-05,0.0020441787175642287,0.0020441268821945803,-0.16419462951025465,0.3508556551145632,0.31006421006923635,-0.1642091869424458,0.35084229670867106,0.3100413844690996,0.005826266978358245,False,0.0249025057450962,-1.5155954684891153,1.134649571139382,-1.5146969436832032,1.1358379740289308,0,0,,0.0014584627584145146,0.0019578789358352154,0.002754414129764029,0.003415907986219267,0.005931461723507012,0.008792191711602525,
conv3,baseline,best_validation,positive,post_T_free,Layer_1,1,ConvLayer,64x14x14,8,8,10,10.0,0,24,36,7225344,3.036274646566364e-06,0.00010280711700102205,0.0001027622710061064,-2.872681586146716,49.78721267908931,49.704267893788405,-2.8726785498720697,49.78723609203698,49.704291521289534,2.0649301591491017e-06,False,0.00539694920820466,-251.05605344536653,291.0429233321856,-251.05602593587088,291.0429384761658,2,7225344,2.7680342970521543e-07,8.620270746707293e-05,0.0001019738209483383,0.0001170600028911193,1.8084330570977794e-06,2.0408777771391823e-06,2.3543933330699744e-06,
conv3,baseline,best_validation,positive,post_T_free,Layer_2,2,ConvLayer,128x7x7,8,8,10,10.0,0,24,36,3612672,1.1607142732305048e-05,8.108191588543769e-05,8.024681502243618e-05,-0.8164320742853338,20.536632824587155,20.52039781388238,-0.8164204671426014,20.536654266705217,20.520419734766932,3.9481601768895465e-06,False,0.0035204678934661615,-120.12007210519545,154.7828476480696,-120.12003166942921,154.78291165969705,12,3612672,3.321641156462585e-06,6.663817859002952e-05,8.057286283035729e-05,9.392195575289292e-05,3.3579729375604413e-06,3.9007273489707695e-06,4.571381527906907e-06,
conv3,baseline,best_validation,positive,post_T_free,Layer_3,3,ConvLayer,256x7x7,8,8,10,10.0,0,24,36,7225344,7.180379483295197e-06,6.77910089577688e-05,6.740966582017866e-05,-0.1978432023468349,1.4138310163025025,1.3999200726984797,-0.1978360219673516,1.4138495678831573,1.3999398233551057,4.794845223798957e-05,False,0.006243722551296571,-18.52844947564269,25.480146024318675,-18.528440109373154,25.482302350780106,28,7225344,3.875248015873016e-06,5.6036649325469725e-05,6.683861635409938e-05,7.856759710210665e-05,4.082824811377631e-05,4.685453218560297e-05,5.556065017681842e-05,
conv3,baseline,best_validation,positive,post_T_free,Layer_4,4,LinearLayer,20,8,8,10,10.0,0,24,36,11520,2.6685116994993052e-05,0.0020446736257320693,0.002044499484053564,-0.16420675692752482,0.35085425129236303,0.3100561991466538,-0.16418007181052982,0.3508809222601647,0.31010050891030966,0.005827700870662289,False,0.02491809210686144,-1.515565477523839,1.134560430801881,-1.5164939932950272,1.1334611682498321,0,0,,0.0014589050737762582,0.0019589851035611513,0.0027550146773367328,0.0034164935362528646,0.005933755760983479,0.008794491528731633,
conv3,baseline,best_validation,positive,matched_zero_K,Layer_1,1,ConvLayer,64x14x14,8,8,10,10.0,0,24,36,7225344,2.287380536201649e-09,4.579751759223113e-07,4.579694636669072e-07,-2.87267855215945,49.787236088376666,49.704291517490915,-2.8726785498720697,49.78723609203698,49.704291521289534,9.198646317890907e-09,False,4.3994619517206957e-05,-251.05602605148056,291.04293840082056,-251.05602593587088,291.0429384761658,0,7225344,0.0,3.0752056076929466e-07,4.2696709469986633e-07,6.041673365188309e-07,6.371642556959188e-09,8.558208709906803e-09,1.2374030859646744e-08,
conv3,baseline,best_validation,positive,matched_zero_K,Layer_2,2,ConvLayer,128x7x7,8,8,10,10.0,0,24,36,3612672,1.929933710061539e-08,2.4431620132691696e-06,2.4430857861869976e-06,-0.8164204864419387,20.53665425681473,20.520419724100783,-0.8164204671426014,20.536654266705217,20.520419734766932,1.1896592223431179e-07,False,0.00020883976304608698,-120.1200320201575,154.78291096900261,-120.12003166942921,154.78291165969705,1,3612672,2.7680342970521543e-07,1.630415166047108e-06,2.3128430009164823e-06,3.2291123446484025e-06,8.142606077232548e-08,1.1108362630990582e-07,1.6070410078068274e-07,
conv3,baseline,best_validation,positive,matched_zero_K,Layer_3,3,ConvLayer,256x7x7,8,8,10,10.0,0,24,36,7225344,4.3942684811803454e-08,4.499280910777189e-05,4.499278764923165e-05,-0.1978360659100364,1.4138493918241881,1.3999396393369488,-0.1978360219673516,1.4138495678831573,1.3999398233551057,3.182291506291268e-05,False,0.006255858209452958,-18.5284425738692,25.48233330624668,-18.528440109373154,25.482302350780106,11,7225344,1.5224188633786849e-06,3.140964422720577e-05,4.218937452011892e-05,6.06769465397695e-05,2.1964068079959813e-05,3.09882293208595e-05,4.3693506367332034e-05,
conv3,baseline,best_validation,positive,matched_zero_K,Layer_4,4,LinearLayer,20,8,8,10,10.0,0,24,36,11520,1.4557699724839443e-05,0.002044177812822123,0.0020441259755242486,-0.16419462951025465,0.3508556551145632,0.31006421006923635,-0.16418007181052982,0.3508809222601647,0.31010050891030966,0.005826264399684957,False,0.024902505745096476,-1.5155954684891153,1.134649571139382,-1.5164939932950272,1.1334611682498321,0,0,,0.0014584627589256482,0.0019578790107442397,0.0027544115859273266,0.003415907990068608,0.005931445706237389,0.008792193483524769,
conv3,baseline,best_validation,positive_minus_negative,negative_phase,Layer_1,1,ConvLayer,64x14x14,8,8,10,10.0,0,24,36,7225344,4.568399157989795e-09,9.159550284804475e-07,9.159436357810183e-07,-2.8726785544404687,49.787236084719794,49.704291513696106,-2.8726785498720697,49.78723609203698,49.704291521289534,1.8397386569558205e-08,False,8.798923903796663e-05,-251.05602616709027,291.04293832547535,-251.05602593587088,291.0429384761658,0,7225344,0.0,6.150360958276926e-07,8.539341893728398e-07,1.2083485011461018e-06,1.2743180744462622e-08,1.711650356906621e-08,2.4748342489003192e-08,4.5797751424022374e-07
conv3,baseline,best_validation,positive_minus_negative,negative_phase,Layer_2,2,ConvLayer,128x7x7,8,8,10,10.0,0,24,36,3612672,3.855597884664083e-08,4.886338739843186e-06,4.886186623225465e-06,-0.8164205056985804,20.536654246925952,20.52041971343804,-0.8164204671426014,20.536654266705217,20.520419734766932,2.3793256102437434e-07,False,0.0004176800017589022,-120.12003237088575,154.782910278308,-120.12003166942921,154.78291165969705,4,3612672,1.1072137188208617e-06,3.2608207834009027e-06,4.625686001754093e-06,6.458569849902644e-06,1.6285164924363617e-07,2.2216725249223943e-07,3.2142534467135274e-07,2.443169369921593e-06
conv3,baseline,best_validation,positive_minus_negative,negative_phase,Layer_3,3,ConvLayer,256x7x7,8,8,10,10.0,0,24,36,7225344,8.776742918526405e-08,8.998623707548132e-05,8.99861942738057e-05,-0.19783610973478077,1.413849217202352,1.3999394567868682,-0.1978360219673516,1.4138495678831573,1.3999398233551057,6.364627569942798e-05,False,0.012511716835197584,-18.528445038365263,25.482364261713293,-18.528440109373154,25.482302350780106,27,7225344,3.736846301020408e-06,6.281928769353337e-05,8.438073701044465e-05,0.00012135420217755641,4.392814022827763e-05,6.1978037740589e-05,8.738727918787586e-05,4.499311853774066e-05
conv3,baseline,best_validation,positive_minus_negative,negative_phase,Layer_4,4,LinearLayer,20,8,8,10,10.0,0,24,36,11520,2.911513191597247e-05,0.0040883565303385895,0.0040882528576710745,-0.1642091869424458,0.35084229670867106,0.3100413844690996,-0.16418007181052982,0.3508809222601647,0.31010050891030966,0.01165297505087717,False,0.049805011490192674,-1.5146969436832032,1.1358379740289308,-1.5164939932950272,1.1334611682498321,0,0,,0.002916925517340163,0.003915757946579426,0.005508825715617888,0.006831749542668852,0.01186860825269568,0.017585485595731244,0.0020441782651692947
conv3,ours,reconstructed_initialization,negative,post_T_free,Layer_1,1,ConvLayer,64x14x14,8,8,3,0.046875,0,0,36,7225344,-8.345383045712104e-09,9.790890377386259e-07,9.790534706550856e-07,0.006727432901551168,2.392819420670006,2.392809963532854,0.006727424556168129,2.392819417818132,2.3928099607044317,4.091779886442388e-07,False,7.053910504262184e-06,-31.108228172266863,41.2888239716553,-31.108227926013846,41.28882497814924,0,7225344,0.0,9.004669642498996e-07,9.766628829370951e-07,1.0674497491712858e-06,3.7942207323053203e-07,4.0906480721034597e-07,4.493277923100142e-07,
conv3,ours,reconstructed_initialization,negative,post_T_free,Layer_2,2,ConvLayer,128x7x7,8,8,3,0.046875,0,0,36,3612672,-1.7905909183445872e-07,1.4075836284311188e-05,1.4074697330470834e-05,-0.0009257276626665655,0.0444531148034213,0.044443474706876006,-0.0009259067217584,0.044452728047146874,0.044443084136637064,0.0003166445444049706,False,9.837392339350458e-05,-0.3125533394598965,0.5612138435366167,-0.3125595954032553,0.56118109786571,447,3612672,0.0001237311330782313,1.3613288242168428e-05,1.4065985214802544e-05,1.4549395734003397e-05,0.00029300325851416484,0.0003169082618998311,0.00033824171684195735,
conv3,ours,reconstructed_initialization,negative,post_T_free,Layer_3,3,ConvLayer,256x7x7,8,8,3,0.046875,0,0,36,7225344,-3.138541441767282e-06,0.0022582453956952664,0.0022582432146995347,0.0033767146382109826,0.03894924357545823,0.03880259493065465,0.003373576096769215,0.039009561495807615,0.038863413030953725,0.05797918491845058,False,0.007829538014759939,-0.0924050209360372,0.30333113817318247,-0.09634670801237462,0.30658772435559645,95492,7225344,0.013216256554705215,0.0022493130898975445,0.002258186780638918,0.0022686384869060263,0.05249129761873499,0.058306449488300494,0.06458641551404894,
conv3,ours,reconstructed_initialization,negative,post_T_free,Layer_4,4,LinearLayer,20,8,8,3,0.046875,0,0,36,11520,-0.0009913737104385958,2.165658057858795,2.165657830948115,0.013732967843855583,0.04130631136293948,0.03895660345322385,0.012741594133416988,2.16598993084936,2.165952453845595,52.42922900643821,False,7.042786951523389,-0.07814476031912417,0.1275229328613543,-7.057210896398166,7.139124012309159,0,0,,2.158790570532326,2.1659077187863707,2.172478081199912,38.49639894061903,53.43229050374128,70.96361141827185,
conv3,ours,reconstructed_initialization,negative,matched_zero_K,Layer_1,1,ConvLayer,64x14x14,8,8,3,0.046875,0,0,36,7225344,-2.2850274066214783e-08,9.791705278307608e-07,9.789038704323675e-07,0.006727447406442191,2.3928194213756697,2.39280996419774,0.006727424556168129,2.392819417818132,2.3928099607044317,4.09212044621328e-07,False,7.096311311238779e-06,-31.108228131266156,41.28882410655544,-31.108227926013846,41.28882497814924,0,7225344,0.0,9.033892298762033e-07,9.792816299903819e-07,1.0656652228987992e-06,3.792108258493579e-07,4.081007570670753e-07,4.5023635287129424e-07,
conv3,ours,reconstructed_initialization,negative,matched_zero_K,Layer_2,2,ConvLayer,128x7x7,8,8,3,0.046875,0,0,36,3612672,-2.0662177743544367e-07,1.4076515250043353e-05,1.4074998722052963e-05,-0.0009257000999809645,0.0444531290308584,0.04444348951150259,-0.0009259067217584,0.044452728047146874,0.044443084136637064,0.000316659716805801,False,9.843407642941455e-05,-0.312553352270244,0.5612140707652787,-0.3125595954032553,0.56118109786571,443,3612672,0.00012262391935941044,1.3615625788239442e-05,1.4069928243492721e-05,1.4547334832091449e-05,0.00029307119667656826,0.0003169026639015047,0.0003382437451567024,
conv3,ours,reconstructed_initialization,negative,matched_zero_K,Layer_3,3,ConvLayer,256x7x7,8,8,3,0.046875,0,0,36,7225344,-3.351380917029174e-06,0.0022582458395233413,0.0022582433526904117,0.0033769274776862448,0.038949531161194095,0.03880286508090965,0.003373576096769215,0.039009561495807615,0.038863413030953725,0.057978768221304294,False,0.007828336581697721,-0.09240592862950904,0.30333431730731597,-0.09634670801237462,0.30658772435559645,95485,7225344,0.013215287742701247,0.0022493157087522826,0.0022581871231460537,0.002268639279663482,0.05249087845226576,0.05830605665869904,0.06458610190994468,
conv3,ours,reconstructed_initialization,negative,matched_zero_K,Layer_4,4,LinearLayer,20,8,8,3,0.046875,0,0,36,11520,-0.0009922267300501778,2.165658057868275,2.16565783056694,0.013733820863467167,0.04130766371430158,0.03895773666454484,0.012741594133416988,2.16598993084936,2.165952453845595,52.42751255182895,False,7.042787635901149,-0.07814638255028747,0.1275270550477822,-7.057210896398166,7.139124012309159,0,0,,2.158790569500373,2.1659077180335053,2.172478079749992,38.4951173979612,53.43059435733103,70.9614841542073,
conv3,ours,reconstructed_initialization,positive,post_T_free,Layer_1,1,ConvLayer,64x14x14,8,8,3,0.046875,0,0,36,7225344,3.279973012328814e-08,9.816450376108368e-07,9.810969154827776e-07,0.006727432901551168,2.392819420670006,2.392809963532854,0.006727465701281294,2.392819425111919,2.392809967882567,4.1024618453488197e-07,False,6.354280182918615e-06,-31.108228172266863,41.2888239716553,-31.10822879207727,41.288823241966625,1,7225344,1.3840171485260771e-07,9.089230173519379e-07,9.800648756748814e-07,1.0472082523220578e-06,3.783944970312456e-07,4.0897732071067125e-07,4.504436481699573e-07,
conv3,ours,reconstructed_initialization,positive,post_T_free,Layer_2,2,ConvLayer,128x7x7,8,8,3,0.046875,0,0,36,3612672,1.9095557453394482e-07,1.4085096501001968e-05,1.4083802022575164e-05,-0.0009257276626665655,0.0444531148034213,0.044443474706876006,-0.0009255367070920314,0.044453540424653264,0.04444390439745485,0.00031685285864193073,False,0.00010176919009785047,-0.3125533394598965,0.5612138435366167,-0.31254638414083313,0.5612470696818684,415,3612672,0.0001148734233276644,1.364735949551595e-05,1.4091077866319764e-05,1.448760499802573e-05,0.00029336440338054664,0.0003170530787094442,0.00033896396497280084,
conv3,ours,reconstructed_initialization,positive,post_T_free,Layer_3,3,ConvLayer,256x7x7,8,8,3,0.046875,0,0,36,7225344,3.171041294027636e-06,0.002258334698302164,0.0022583324719918094,0.0033767146382109826,0.03894924357545823,0.03880259493065465,0.00337988567950501,0.03902160455765941,0.03887495331248415,0.05798147771283373,False,0.007826319236193858,-0.0924050209360372,0.30333113817318247,-0.09680815362377089,0.30155375496372133,95655,7225344,0.01323881603422619,0.0022477698668511214,0.002258768541722825,0.0022694209348488826,0.05250661192714666,0.05831141587457016,0.06456915513633205,
conv3,ours,reconstructed_initialization,positive,post_T_free,Layer_4,4,LinearLayer,20,8,8,3,0.046875,0,0,36,11520,0.000991545990805106,2.1656582563197904,2.165658029330259,0.013732967843855583,0.04130631136293948,0.03895660345322385,0.014724513834660691,2.1661142250881738,2.1660641783709162,52.42923381105496,False,7.042789463004167,-0.07814476031912417,0.1275229328613543,-7.109350736802813,7.143628951862643,0,0,,2.158789814031464,2.165910652771014,2.1724774613808773,38.496440699388856,53.432312180253405,70.96355778107095,
conv3,ours,reconstructed_initialization,positive,matched_zero_K,Layer_1,1,ConvLayer,64x14x14,8,8,3,0.046875,0,0,36,7225344,1.829483910278546e-08,9.803040687520699e-07,9.801333409664557e-07,0.006727447406442191,2.3928194213756697,2.39280996419774,0.006727465701281294,2.392819425111919,2.392809967882567,4.0968577068322087e-07,False,6.396792421092812e-06,-31.108228131266156,41.28882410655544,-31.10822879207727,41.288823241966625,1,7225344,1.3840171485260771e-07,9.069645553494678e-07,9.798501641554862e-07,1.0446732204236886e-06,3.7752698836967096e-07,4.0950323901385397e-07,4.500593696397327e-07,
conv3,ours,reconstructed_initialization,positive,matched_zero_K,Layer_2,2,ConvLayer,128x7x7,8,8,3,0.046875,0,0,36,3612672,1.6339288893295984e-07,1.4084063584244582e-05,1.4083115770627269e-05,-0.0009257000999809645,0.0444531290308584,0.04444348951150259,-0.0009255367070920314,0.044453540424653264,0.04444390439745485,0.0003168295211450184,False,0.00010174003169074672,-0.312553352270244,0.5612140707652787,-0.31254638414083313,0.5612470696818684,417,3612672,0.00011542703018707484,1.364181716254683e-05,1.4092534227426114e-05,1.448901527824365e-05,0.0002932856632635709,0.0003169998208601356,0.0003389143917243856,
conv3,ours,reconstructed_initialization,positive,matched_zero_K,Layer_3,3,ConvLayer,256x7x7,8,8,3,0.046875,0,0,36,7225344,2.9582018187657435e-06,0.002258334141308803,0.002258332203827189,0.0033769274776862448,0.038949531161194095,0.03880286508090965,0.00337988567950501,0.03902160455765941,0.03887495331248415,0.05798103530341874,False,0.007827520669256075,-0.09240592862950904,0.30333431730731597,-0.09680815362377089,0.30155375496372133,95664,7225344,0.013240061649659863,0.0022477672025011386,0.002258768947784691,0.0022694190684758118,0.05250613990340694,0.05831099088049993,0.06456882746044686,
conv3,ours,reconstructed_initialization,positive,matched_zero_K,Layer_4,4,LinearLayer,20,8,8,3,0.046875,0,0,36,11520,0.0009906929711935224,2.1656582563092335,2.165658029710089,0.013733820863467167,0.04130766371430158,0.03895773666454484,0.014724513834660691,2.1661142250881738,2.1660641783709162,52.427517355803325,False,7.042788778626408,-0.07814638255028747,0.1275270550477822,-7.109350736802813,7.143628951862643,0,0,,2.158789815061483,2.165910653523343,2.1724774628325845,38.49515917770437,53.43061600253976,70.96143052171102,
conv3,ours,reconstructed_initialization,positive_minus_negative,negative_phase,Layer_1,1,ConvLayer,64x14x14,8,8,3,0.046875,0,0,36,7225344,4.1145113169000254e-08,1.9492386373974636e-06,1.948804337327232e-06,0.006727424556168129,2.392819417818132,2.3928099607044317,0.006727465701281294,2.392819425111919,2.392809967882567,8.146200347934559e-07,False,1.307906752678889e-05,-31.108227926013846,41.28882497814924,-31.10822879207727,41.288823241966625,1,7225344,1.3840171485260771e-07,1.8045590505168116e-06,1.9467796172223205e-06,2.0950675848362182e-06,7.526216482624863e-07,8.116501844362097e-07,8.944758053291822e-07,9.746193186987318e-07
conv3,ours,reconstructed_initialization,positive_minus_negative,negative_phase,Layer_2,2,ConvLayer,128x7x7,8,8,3,0.046875,0,0,36,3612672,3.700146663684035e-07,2.801734283051278e-05,2.8014899400661037e-05,-0.0009259067217584,0.044452728047146874,0.044443084136637064,-0.0009255367070920314,0.044453540424653264,0.04444390439745485,0.0006302727427841412,False,0.0001968793502581563,-0.3125595954032553,0.56118109786571,-0.31254638414083313,0.5612470696818684,854,3612672,0.00023639012896825397,2.709192308276879e-05,2.801154072467221e-05,2.896675509093502e-05,0.0005835816039681282,0.0006305013582424488,0.0006736797409032782,1.400867141525639e-05
conv3,ours,reconstructed_initialization,positive_minus_negative,negative_phase,Layer_3,3,ConvLayer,256x7x7,8,8,3,0.046875,0,0,36,7225344,6.309582735794918e-06,0.004494724394712382,0.004494719966092247,0.003373576096769215,0.039009561495807615,0.038863413030953725,0.00337988567950501,0.03902160455765941,0.03887495331248415,0.1152210950947355,False,0.015655857250953795,-0.09634670801237462,0.30658772435559645,-0.09680815362377089,0.30155375496372133,191143,7225344,0.026454518982071996,0.004474348775701279,0.004494422092869595,0.004517454076861558,0.10443191912612931,0.1158592779930895,0.12829544919597713,0.002247362197356191
conv3,ours,reconstructed_initialization,positive_minus_negative,negative_phase,Layer_4,4,LinearLayer,20,8,8,3,0.046875,0,0,36,11520,0.0019829197012437,4.331316314080981,4.331315860180774,0.012741594133416988,2.16598993084936,2.165952453845595,0.014724513834660691,2.1661142250881738,2.1660641783709162,1.9996936515686021,False,14.085576414527557,-7.057210896398166,7.139124012309159,-7.109350736802813,7.143628951862643,0,0,,4.317580384469857,4.331818371443726,4.344955542494389,1.999381605809266,1.9997048415364826,1.999926436036257,2.1656581570404905
conv3,ours,best_validation,negative,post_T_free,Layer_1,1,ConvLayer,64x14x14,8,8,3,0.046875,0,30,36,7225344,5.17651430894515e-09,1.3048070496402294e-07,1.3037798152877537e-07,-1.1051327341663593,18.606804716910094,18.57395659015875,-1.1051327289898447,18.606804717877417,18.57395659143578,7.012526167130699e-09,False,1.1908535327620484e-05,-167.09871540371265,161.67922437333135,-167.0987153929598,161.67922433361963,0,7225344,0.0,6.967671710022004e-08,1.2386710476532414e-07,1.9737930692863547e-07,3.5985239926053516e-09,6.410361623509544e-09,1.1208148349123973e-08,
conv3,ours,best_validation,negative,post_T_free,Layer_2,2,ConvLayer,128x7x7,8,8,3,0.046875,0,30,36,3612672,4.535207162416952e-08,2.0664955132862838e-06,2.065997796715122e-06,-0.07403795964634907,2.1816812785021575,2.1804246332992605,-0.07403791429427746,2.181681303712469,2.1804246600640647,9.472032114173179e-07,False,0.00023503333244145885,-31.25888997095114,27.315296762387792,-31.258890661070495,27.315298066564466,2,3612672,5.536068594104309e-07,1.1142878134341442e-06,2.0096692441016467e-06,3.0556823153896366e-06,4.922294342320523e-07,9.104063773242969e-07,1.4451520816080331e-06,
conv3,ours,best_validation,negative,post_T_free,Layer_3,3,ConvLayer,256x7x7,8,8,3,0.046875,0,30,36,7225344,4.953103411336179e-07,0.00016491174400451038,0.00016491100017365466,-0.023807386961302825,0.31801519707522635,0.31712280570288515,-0.023806891650961694,0.3180183504730626,0.31712600515808703,0.000518565607936971,False,0.031188136706702174,-6.29931106204694,6.757354741344006,-6.299383222814801,6.757309094534103,145,7225344,2.006824865362812e-05,9.471747137624188e-05,0.00015438062187441543,0.000224505118446453,0.00029518843561129307,0.00048242909058045247,0.0007159713832845229,
conv3,ours,best_validation,negative,post_T_free,Layer_4,4,LinearLayer,20,8,8,3,0.046875,0,30,36,11520,0.0007455454473267566,0.0778163660979298,0.07781279454352612,-0.047870752199197224,0.2820351644108117,0.27794284493060195,-0.04712520675187046,0.296103630865456,0.29232956590173986,0.27591015560237964,False,1.3316087470950375,-1.3204449714892719,1.5646667843880924,-1.4495680709281162,1.8709672960782437,0,0,,0.046485618518499625,0.07189278720802508,0.114754101907835,0.1450768550532335,0.24393724577929898,0.42684464668301414,
conv3,ours,best_validation,negative,matched_zero_K,Layer_1,1,ConvLayer,64x14x14,8,8,3,0.046875,0,30,36,7225344,5.091593801525717e-09,1.3043797901492204e-07,1.3033856697868638e-07,-1.1051327340814388,18.60680471691516,18.57395659016888,-1.1051327289898447,18.606804717877417,18.57395659143578,7.010229913164128e-09,False,1.1908724342646337e-05,-167.09871540384364,161.67922437326268,-167.0987153929598,161.67922433361963,0,7225344,0.0,6.968198255471009e-08,1.2384253431837238e-07,1.9714003068591328e-07,3.5987697733319364e-09,6.408326253037837e-09,1.1194439491268877e-08,
conv3,ours,best_validation,negative,matched_zero_K,Layer_2,2,ConvLayer,128x7x7,8,8,3,0.046875,0,30,36,3612672,4.519959720335193e-08,2.0664743427448527e-06,2.0659799625445127e-06,-0.07403795949387466,2.18168127852273,2.1804246333250217,-0.07403791429427746,2.181681303712469,2.1804246600640647,9.471935076346777e-07,False,0.00023503283487047444,-31.25888996975606,27.315296762461863,-31.258890661070495,27.315298066564466,2,3612672,5.536068594104309e-07,1.1142946130061155e-06,2.0096139432054585e-06,3.0555140679353862e-06,4.922323855779271e-07,9.104123846413124e-07,1.445072102467919e-06,
conv3,ours,best_validation,negative,matched_zero_K,Layer_3,3,ConvLayer,256x7x7,8,8,3,0.046875,0,30,36,7225344,4.94752656333802e-07,0.0001649116693546812,0.00016491092719755337,-0.023807386403618028,0.3180151976855755,0.31712280635681894,-0.023806891650961694,0.3180183504730626,0.31712600515808703,0.0005185653722050443,False,0.031188133311527033,-6.29931106081907,6.7573547492768515,-6.299383222814801,6.757309094534103,145,7225344,2.006824865362812e-05,9.471751893131184e-05,0.00015438060540523926,0.00022450508726202094,0.000295187993765394,0.00048242892258199205,0.0007159712822924746,
conv3,ours,best_validation,negative,matched_zero_K,Layer_4,4,LinearLayer,20,8,8,3,0.046875,0,30,36,11520,0.0007455415918690411,0.07781636584110371,0.07781279432362832,-0.0478707483437395,0.2820351676484394,0.27794284887993376,-0.04712520675187046,0.296103630865456,0.29232956590173986,0.2759101515244469,False,1.3316087537282306,-1.3204449765449144,1.5646670704229364,-1.4495680709281162,1.8709672960782437,0,0,,0.04648561944755793,0.07189278723639936,0.11475410168310084,0.14507685130773984,0.2439372446999952,0.42684463988132276,
conv3,ours,best_validation,positive,post_T_free,Layer_1,1,ConvLayer,64x14x14,8,8,3,0.046875,0,30,36,7225344,-5.054630942100481e-09,1.3085136344338827e-07,1.3075369983687975e-07,-1.1051327341663593,18.606804716910094,18.57395659015875,-1.10513273922099,18.606804715957598,18.573956588903823,7.032446754518196e-09,False,1.2052078876223504e-05,-167.09871540371265,161.67922437333135,-167.09871541472745,161.6792244129057,0,7225344,0.0,6.982683250876525e-08,1.2410087945659527e-07,1.9728798227724977e-07,3.6060442137459023e-09,6.3829224729301605e-09,1.1202691566604688e-08,
conv3,ours,best_validation,positive,post_T_free,Layer_2,2,ConvLayer,128x7x7,8,8,3,0.046875,0,30,36,3612672,-4.5571808229707895e-08,2.0734612320394426e-06,2.072960368908484e-06,-0.07403795964634907,2.1816812785021575,2.1804246332992605,-0.0740380052181573,2.1816812534214076,2.18042460665663,9.503960328536101e-07,False,0.00023502847861378573,-31.25888997095114,27.315296762387792,-31.25888927844163,27.31529545835926,0,3612672,0.0,1.115670922153707e-06,2.0090767626041074e-06,3.060356839440374e-06,4.928322300964774e-07,9.100844080214519e-07,1.4473676424541702e-06,
conv3,ours,best_validation,positive,post_T_free,Layer_3,3,ConvLayer,256x7x7,8,8,3,0.046875,0,30,36,7225344,-5.012582957865906e-07,0.00016526979275085794,0.00016526903259846487,-0.023807386961302825,0.31801519707522635,0.31712280570288515,-0.023807888219598613,0.31801213160563824,0.3171196939751375,0.0005196914935853315,False,0.031202021637499078,-6.29931106204694,6.757354741344006,-6.2992388988233365,6.75740040401959,153,7225344,2.117546237244898e-05,9.473384399548876e-05,0.0001544602335067861,0.00022699979216975986,0.0002951076760099485,0.0004821508808022968,0.0007239294032104058,
conv3,ours,best_validation,positive,post_T_free,Layer_4,4,LinearLayer,20,8,8,3,0.046875,0,30,36,11520,-0.0007458577921869853,0.07781818298560572,0.07781460852137631,-0.047870752199197224,0.2820351644108117,0.27794284493060195,-0.0486166099913842,0.28900083035888624,0.28488226547307466,0.2759165976631763,False,1.3316093091412253,-1.3204449714892719,1.5646667843880924,-1.3160931447705815,1.5460303895425325,0,0,,0.04648549286831922,0.07189382280091988,0.11475422428944425,0.1450767482047581,0.24393723529478295,0.42684522606068104,
conv3,ours,best_validation,positive,matched_zero_K,Layer_1,1,ConvLayer,64x14x14,8,8,3,0.046875,0,30,36,7225344,-5.139551449519914e-09,1.3089286762442517e-07,1.3079192561409528e-07,-1.1051327340814388,18.60680471691516,18.57395659016888,-1.10513273922099,18.606804715957598,18.573956588903823,7.034677346048162e-09,False,1.2052176995069885e-05,-167.09871540384364,161.67922437326268,-167.09871541472745,161.6792244129057,0,7225344,0.0,6.98205666853537e-08,1.241250067266724e-07,1.975227485919066e-07,3.605746680795786e-09,6.38490627245899e-09,1.1216142047258236e-08,
conv3,ours,best_validation,positive,matched_zero_K,Layer_2,2,ConvLayer,128x7x7,8,8,3,0.046875,0,30,36,3612672,-4.572428265052548e-08,2.0734774387065193e-06,2.0729732219208824e-06,-0.07403795949387466,2.18168127852273,2.1804246333250217,-0.0740380052181573,2.1816812534214076,2.18042460665663,9.504034613665118e-07,False,0.00023502897618477014,-31.25888996975606,27.315296762461863,-31.25888927844163,27.31529545835926,0,3612672,0.0,1.115663967926031e-06,2.0091320869773436e-06,3.0605245085789594e-06,4.928292109796356e-07,9.100725542256964e-07,1.4474473465694432e-06,
conv3,ours,best_validation,positive,matched_zero_K,Layer_3,3,ConvLayer,256x7x7,8,8,3,0.046875,0,30,36,7225344,-5.018159805864064e-07,0.00016526986655989367,0.00016526910471545094,-0.023807386403618028,0.3180151976855755,0.31712280635681894,-0.023807888219598613,0.31801213160563824,0.3171196939751375,0.00051969172468071,False,0.03120202503267422,-6.29931106081907,6.7573547492768515,-6.2992388988233365,6.75740040401959,153,7225344,2.117546237244898e-05,9.473379645280006e-05,0.00015446025008449433,0.00022699982117166748,0.00029510811329277857,0.0004821510480301192,0.000723929494072845,
conv3,ours,best_validation,positive,matched_zero_K,Layer_4,4,LinearLayer,20,8,8,3,0.046875,0,30,36,11520,-0.0007458616476447007,0.07781818324242291,0.0778146087412504,-0.0478707483437395,0.2820351676484394,0.27794284887993376,-0.0486166099913842,0.28900083035888624,0.28488226547307466,0.2759165954063726,False,1.3316093025080322,-1.3204449765449144,1.5646670704229364,-1.3160931447705815,1.5460303895425325,0,0,,0.046485491939265544,0.07189382277255763,0.11475422451419406,0.14507674907097673,0.2439372314703011,0.42684522092155797,
conv3,ours,best_validation,positive_minus_negative,negative_phase,Layer_1,1,ConvLayer,64x14x14,8,8,3,0.046875,0,30,36,7225344,-1.0231145251045632e-08,2.61290563028576e-07,2.6109017981272724e-07,-1.1051327289898447,18.606804717877417,18.57395659143578,-1.10513273922099,18.606804715957598,18.573956588903823,1.404274226501276e-08,False,2.3818001807285327e-05,-167.0987153929598,161.67922433361963,-167.09871541472745,161.6792244129057,0,7225344,0.0,1.3950150063252975e-07,2.479499457619775e-07,3.946477267876187e-07,7.204462785769282e-09,1.278892158121643e-08,2.2409721866535405e-08,1.30645281514288e-07
conv3,ours,best_validation,positive_minus_negative,negative_phase,Layer_2,2,ConvLayer,128x7x7,8,8,3,0.046875,0,30,36,3612672,-9.092387985387741e-08,4.138863360362144e-06,4.137864517335064e-06,-0.07403791429427746,2.181681303712469,2.1804246600640647,-0.0740380052181573,2.1816812534214076,2.18042460665663,1.8970980561272747e-06,False,0.0004700618110552446,-31.258890661070495,27.315298066564466,-31.25888927844163,27.31529545835926,2,3612672,5.536068594104309e-07,2.2299221007980483e-06,4.0182999967524225e-06,6.115600520082574e-06,9.850455003619977e-07,1.820464305049915e-06,2.8923113895544216e-06,2.069431680181072e-06
conv3,ours,best_validation,positive_minus_negative,negative_phase,Layer_3,3,ConvLayer,256x7x7,8,8,3,0.046875,0,30,36,7225344,-9.965686369202084e-07,0.00032998073477979545,0.00032997922991722615,-0.023806891650961694,0.3180183504730626,0.31712600515808703,-0.023807888219598613,0.31801213160563824,0.3171196939751375,0.0010376153900834289,False,0.06239015834420125,-6.299383222814801,6.757309094534103,-6.2992388988233365,6.75740040401959,298,7225344,4.12437110260771e-05,0.00018944495374685513,0.0003087113587655231,0.00045133510417719365,0.0005902622011073925,0.0009644605356166015,0.0014393511032810761,0.00016499036738989772
conv3,ours,best_validation,positive_minus_negative,negative_phase,Layer_4,4,LinearLayer,20,8,8,3,0.046875,0,30,36,11520,-0.0014914032395137423,0.15563454854491302,0.15562740252653467,-0.04712520675187046,0.296103630865456,0.29232956590173986,-0.0486166099913842,0.28900083035888624,0.28488226547307466,0.5256083759933038,False,2.663218056236263,-1.4495680709281162,1.8709672960782437,-1.3160931447705815,1.5460303895425325,0,0,,0.0929711113745417,0.14378660981314895,0.2295083261311085,0.2868228199616596,0.46619895561953106,0.7697999103535919,0.07781727427245651
conv3,legacy,reconstructed_initialization,negative,post_T_free,Layer_1,1,ConvLayer,64x14x14,8,8,0.001,2.44140625e-07,0,0,36,7225344,5.959158796809365e-08,1.544797740579811e-07,1.425231322854148e-07,-0.004508314883246681,6.826719199606973,6.826717710977904,-0.004508255291658702,6.826719202543644,6.826717713953928,2.262869901941694e-08,False,1.2187309756939158e-06,-81.45423947016056,102.1270560005805,-81.45423929384805,102.12705649973225,0,7225344,0.0,1.1710001309390032e-07,1.5165634929561208e-07,1.9505863881524765e-07,1.758731998291088e-08,2.2260336835358163e-08,2.7914970030494575e-08,
conv3,legacy,reconstructed_initialization,negative,post_T_free,Layer_2,2,ConvLayer,128x7x7,8,8,0.001,2.44140625e-07,0,0,36,3612672,1.34960337747223e-07,3.581208938680585e-07,3.317171714880204e-07,-0.011080048109688233,0.4142620072812401,0.4141138046607106,-0.011079913149350485,0.414262090976761,0.41411389199716664,8.644792126083923e-07,False,2.2709665016412695e-06,-2.6710455304456744,4.898806383737973,-2.671045650932262,4.898807398106224,0,3612672,0.0,2.721771592332244e-07,3.488529891131417e-07,4.513869544765492e-07,6.792871366744245e-07,8.45454658606039e-07,1.0560955233411505e-06,
conv3,legacy,reconstructed_initialization,negative,post_T_free,Layer_3,3,ConvLayer,256x7x7,8,8,0.001,2.44140625e-07,0,0,36,7225344,1.1013736875653006e-06,1.261148827241932e-05,1.2563304200954016e-05,0.02642910261113992,0.3715515643350375,0.3706103985251673,0.026430203984827483,0.3715532368611049,0.3706119967557509,3.394276725759448e-05,False,5.8378010924897694e-05,-0.881676723820677,2.884142110210563,-0.8816753532282898,2.8841798548561224,52,7225344,7.196889172335601e-06,1.2412804775622962e-05,1.2582412859961336e-05,1.2860724650655605e-05,3.104639551255666e-05,3.4035200626097795e-05,3.7260627116179155e-05,
conv3,legacy,reconstructed_initialization,negative,post_T_free,Layer_4,4,LinearLayer,20,8,8,0.001,2.44140625e-07,0,0,36,11520,-2.175911299974203e-05,0.04601386958889244,0.04601386444414989,0.10793948618248732,0.3840264439359509,0.36854494565080215,0.10791772706948759,0.3867478404450319,0.37138612827224904,0.11981953408543597,False,0.15502609797550226,-0.7556754689145124,1.1699853667122886,-0.8804674605865737,1.28127944448444,0,0,,0.04560846846361106,0.04602596398042789,0.04635870944824176,0.09039943732399242,0.12097777229195047,0.15972772758971585,
conv3,legacy,reconstructed_initialization,negative,matched_zero_K,Layer_1,1,ConvLayer,64x14x14,8,8,0.001,2.44140625e-07,0,0,36,7225344,-6.026091413324231e-11,3.110496006010327e-09,3.1099122215319873e-09,-0.00450825523139779,6.826719202548927,6.82671771395925,-0.004508255291658702,6.826719202543644,6.826717713953928,4.5563555695229787e-10,False,2.154102152207571e-08,-81.45423929588338,102.12705649728372,-81.45423929384805,102.12705649973225,0,7225344,0.0,2.827098535327957e-09,3.1215377560815804e-09,3.3426343390937868e-09,4.166783626016796e-10,4.513367984380311e-10,5.050737774220981e-10,
conv3,legacy,reconstructed_initialization,negative,matched_zero_K,Layer_2,2,ConvLayer,128x7x7,8,8,0.001,2.44140625e-07,0,0,36,3612672,-6.956117555707865e-10,5.8177163757091417e-08,5.817300496884223e-08,-0.011079912453738731,0.4142620919779038,0.41411389301727936,-0.011079913149350485,0.414262090976761,0.41411389199716664,1.4043564420611894e-07,False,3.8640393379418825e-07,-2.6710456362815345,4.898807529563177,-2.671045650932262,4.898807398106224,0,3612672,0.0,5.590178715128518e-08,5.8374875313435014e-08,6.003512141317826e-08,1.2988289770204965e-07,1.405179320710728e-07,1.4989350133417048e-07,
conv3,legacy,reconstructed_initialization,negative,matched_zero_K,Layer_3,3,ConvLayer,256x7x7,8,8,0.001,2.44140625e-07,0,0,36,7225344,-1.4572723201459433e-08,1.2251009374309555e-05,1.2251000707091609e-05,0.026430218557550688,0.37155325303773473,0.37061201193421006,0.026430203984827483,0.3715532368611049,0.3706119967557509,3.297241855413213e-05,False,4.441993134080002e-05,-0.8816748041953736,2.884160411704147,-0.8816753532282898,2.8841798548561224,47,7225344,6.504880598072562e-06,1.2160693123847763e-05,1.2251062678605594e-05,1.2336077195002173e-05,2.98717348940471e-05,3.3190689175636494e-05,3.662596255937147e-05,
conv3,legacy,reconstructed_initialization,negative,matched_zero_K,Layer_4,4,LinearLayer,20,8,8,0.001,2.44140625e-07,0,0,36,11520,-2.6227239767586737e-05,0.046013869203172374,0.04601386172859814,0.10794395430925517,0.3840338278928444,0.3685513311522728,0.10791772706948759,0.3867478404450319,0.37138612827224904,0.11981722926765571,False,0.15502645479438146,-0.755685731808129,1.1700075387451403,-0.8804674605865737,1.28127944448444,0,0,,0.04560846390996933,0.04602595681254591,0.046358698167041516,0.09039758338338745,0.12097568471646311,0.15972471393886103,
conv3,legacy,reconstructed_initialization,positive,post_T_free,Layer_1,1,ConvLayer,64x14x14,8,8,0.001,2.44140625e-07,0,0,36,7225344,5.971197902560307e-08,1.5459581039112672e-07,1.4259854189764755e-07,-0.004508314883246681,6.826719199606973,6.826717710977904,-0.00450825517126765,6.826719202554211,6.826717713964576,2.2645696398355905e-08,False,1.2181675419498106e-06,-81.45423947016056,102.1270560005805,-81.4542392979187,102.12705649483517,0,7225344,0.0,1.1752257963483081e-07,1.525373305129573e-07,1.9517269476448397e-07,1.771226649020417e-08,2.22934698291091e-08,2.7893511035340416e-08,
conv3,legacy,reconstructed_initialization,positive,post_T_free,Layer_2,2,ConvLayer,128x7x7,8,8,0.001,2.44140625e-07,0,0,36,3612672,1.3635030546501478e-07,3.593256546621852e-07,3.324507787598115e-07,-0.011080048109688233,0.4142620072812401,0.4141138046607106,-0.011079911759382768,0.4142620929791233,0.41411389403743515,8.673874223233826e-07,False,2.3086096681002033e-06,-2.6710455304456744,4.898806383737973,-2.6710456216308063,4.89880766102014,0,3612672,0.0,2.749729716209501e-07,3.570828722257553e-07,4.5226407283528826e-07,6.892068637622883e-07,8.662908009085861e-07,1.051190566538226e-06,
conv3,legacy,reconstructed_initialization,positive,post_T_free,Layer_3,3,ConvLayer,256x7x7,8,8,0.001,2.44140625e-07,0,0,36,7225344,1.1305133728772928e-06,1.2615617530559347e-05,1.2564861526937013e-05,0.02642910261113992,0.3715515643350375,0.3706103985251673,0.026430233124512797,0.3715532696195753,0.3706120275193194,3.3953880810964704e-05,False,6.049923131046242e-05,-0.881676723820677,2.884142110210563,-0.8816742551624572,2.8841409686784516,48,7225344,6.64328231292517e-06,1.2430297138297951e-05,1.2598071042770203e-05,1.2863500099511694e-05,3.107944020409863e-05,3.4072176642993874e-05,3.727244994037444e-05,
conv3,legacy,reconstructed_initialization,positive,post_T_free,Layer_4,4,LinearLayer,20,8,8,0.001,2.44140625e-07,0,0,36,11520,3.069533076425758e-05,0.04601387011170128,0.04601385987344667,0.10793948618248732,0.3840264439359509,0.36854494565080215,0.10797018151325159,0.386813420478824,0.37143917694088624,0.11981953544682357,False,0.15502681161326054,-0.7556754689145124,1.1699853667122886,-0.8857525706694425,1.2901280576195011,0,0,,0.0456084606782102,0.04602595111302568,0.046358688391402766,0.0903994385421278,0.12097776915883426,0.15972774188230254,
conv3,legacy,reconstructed_initialization,positive,matched_zero_K,Layer_1,1,ConvLayer,64x14x14,8,8,0.001,2.44140625e-07,0,0,36,7225344,6.013014337617498e-11,3.11014850286815e-09,3.1095671846336676e-09,-0.00450825523139779,6.826719202548927,6.82671771395925,-0.00450825517126765,6.826719202554211,6.826717713964576,4.5558465356344205e-10,False,2.0939511125028787e-08,-81.45423929588338,102.12705649728372,-81.4542392979187,102.12705649483517,0,7225344,0.0,2.827436321516114e-09,3.121391884015427e-09,3.340128300507782e-09,4.1668044366505257e-10,4.5126934300196106e-10,5.050164367440956e-10,
conv3,legacy,reconstructed_initialization,positive,matched_zero_K,Layer_2,2,ConvLayer,128x7x7,8,8,0.001,2.44140625e-07,0,0,36,3612672,6.943559622209814e-10,5.817448151928736e-08,5.8170337542734226e-08,-0.011079912453738731,0.4142620919779038,0.41411389301727936,-0.011079911759382768,0.4142620929791233,0.41411389403743515,1.4042916946982035e-07,False,3.8640393335009904e-07,-2.6710456362815345,4.898807529563177,-2.6710456216308063,4.89880766102014,0,3612672,0.0,5.590368174317376e-08,5.837154909930853e-08,6.003588945585573e-08,1.2984017143806714e-07,1.4052186201196685e-07,1.4987752401111694e-07,
conv3,legacy,reconstructed_initialization,positive,matched_zero_K,Layer_3,3,ConvLayer,256x7x7,8,8,0.001,2.44140625e-07,0,0,36,7225344,1.456696211053261e-08,1.22509828940815e-05,1.225097423369637e-05,0.026430218557550688,0.37155325303773473,0.37061201193421006,0.026430233124512797,0.3715532696195753,0.3706120275193194,3.297234728513411e-05,False,4.4419931340411445e-05,-0.8816748041953736,2.884160411704147,-0.8816742551624572,2.8841409686784516,51,7225344,7.058487457482993e-06,1.2160815732854053e-05,1.2251053865824573e-05,1.2336117986706363e-05,2.9871554993601334e-05,3.319045219538503e-05,3.662581029795037e-05,
conv3,legacy,reconstructed_initialization,positive,matched_zero_K,Layer_4,4,LinearLayer,20,8,8,0.001,2.44140625e-07,0,0,36,11520,2.6227203996412876e-05,0.04601386916541717,0.046013861690863335,0.10794395430925517,0.3840338278928444,0.3685513311522728,0.10797018151325159,0.386813420478824,0.37143917694088624,0.11981722916934354,False,0.15502645479438135,-0.755685731808129,1.1700075387451403,-0.8857525706694425,1.2901280576195011,0,0,,0.045608463809698366,0.046025957142282,0.046358698004396785,0.09039758327874897,0.1209756846471115,0.15972471373358377,
conv3,legacy,reconstructed_initialization,positive_minus_negative,negative_phase,Layer_1,1,ConvLayer,64x14x14,8,8,0.001,2.44140625e-07,0,0,36,7225344,1.2039105750941729e-10,6.22062573167581e-09,6.21946062668291e-09,-0.004508255291658702,6.826719202543644,6.826717713953928,-0.00450825517126765,6.826719202554211,6.826717713964576,9.112174599708155e-10,False,4.2480532647104496e-08,-81.45423929384805,102.12705649973225,-81.4542392979187,102.12705649483517,0,7225344,0.0,5.654499177545082e-09,6.242508956036817e-09,6.682825025229144e-09,8.333526216234579e-10,9.026052038354133e-10,1.0100880667074682e-09,3.110312865837905e-09
conv3,legacy,reconstructed_initialization,positive_minus_negative,negative_phase,Layer_2,2,ConvLayer,128x7x7,8,8,0.001,2.44140625e-07,0,0,36,3612672,1.389967717791768e-09,1.1635135035233345e-07,1.1634304757292092e-07,-0.011079913149350485,0.414262090976761,0.41411389199716664,-0.011079911759382768,0.4142620929791233,0.41411389403743515,2.808641024284804e-07,False,7.728078671442873e-07,-2.671045650932262,4.898807398106224,-2.6710456216308063,4.89880766102014,0,3612672,0.0,1.1180505330667513e-07,1.1674622050160944e-07,1.2007077193601636e-07,2.597218112328711e-07,2.8103965694515515e-07,2.997703821390691e-07,5.817567517616672e-08
conv3,legacy,reconstructed_initialization,positive_minus_negative,negative_phase,Layer_3,3,ConvLayer,256x7x7,8,8,0.001,2.44140625e-07,0,0,36,7225344,2.9139685311992043e-08,2.4501936585564632e-05,2.450191925792285e-05,0.026430203984827483,0.3715532368611049,0.3706119967557509,0.026430233124512797,0.3715532696195753,0.3706120275193194,6.594461884535813e-05,False,8.883986268121147e-05,-0.8816753532282898,2.8841798548561224,-0.8816742551624572,2.8841409686784516,98,7225344,1.3563368055555555e-05,2.4321458993249587e-05,2.45020963050341e-05,2.4672173588421764e-05,5.974327411818235e-05,6.638105038771778e-05,7.325132891847841e-05,1.2250968292782316e-05
conv3,legacy,reconstructed_initialization,positive_minus_negative,negative_phase,Layer_4,4,LinearLayer,20,8,8,0.001,2.44140625e-07,0,0,36,11520,5.245444376399964e-05,0.09202773836858948,0.0920277234194614,0.10791772706948759,0.3867478404450319,0.37138612827224904,0.10797018151325159,0.386813420478824,0.37143917694088624,0.23795281768785803,False,0.3100529095887628,-0.8804674605865737,1.28127944448444,-0.8857525706694425,1.2901280576195011,0,0,,0.09121692771966769,0.09205191395482781,0.09271739617143825,0.18005577118298602,0.24017855687087422,0.31569918924313883,0.04601386918429474
conv3,legacy,best_validation,negative,post_T_free,Layer_1,1,ConvLayer,64x14x14,8,8,0.001,2.44140625e-07,0,27,36,7225344,5.4839492048432005e-11,3.487542314252983e-10,3.4441565592887975e-10,-1.1918087610150112,24.851043594333323,24.822448702829927,-1.1918087609601717,24.851043594330644,24.822448702829877,1.4033786150728223e-11,False,3.656532499007881e-08,-212.7469034572582,192.5928171651406,-212.74690345724233,192.59281716501644,0,7225344,0.0,1.9336716778522175e-10,2.6563533601334224e-10,5.241723324959473e-10,7.919041007112453e-12,1.0805481422678606e-11,2.112270562554415e-11,
conv3,legacy,best_validation,negative,post_T_free,Layer_2,2,ConvLayer,128x7x7,8,8,0.001,2.44140625e-07,0,27,36,3612672,6.649181649597699e-11,6.482221041888553e-09,6.481880010787131e-09,-0.07911287201308483,4.530963059641786,4.530272331915631,-0.079112871946593,4.53096305960047,4.53027233187547,1.4306497220485025e-09,False,7.632941415591787e-07,-56.17016178233269,54.979760902044234,-56.1701617700945,54.9797609035413,0,3612672,0.0,3.353918361460509e-09,5.822519846762174e-09,9.595590631188331e-09,7.449256471377791e-10,1.3520052558160867e-09,2.1042429428606995e-09,
conv3,legacy,best_validation,negative,post_T_free,Layer_3,3,ConvLayer,256x7x7,8,8,0.001,2.44140625e-07,0,27,36,7225344,7.099909819665948e-10,8.633853619875564e-07,8.633850700627091e-07,-0.03500706074203901,0.486814839532758,0.48555452184848213,-0.03500706003204803,0.48681483034140177,0.4855545126844568,1.7735395305866775e-06,False,0.00016615179066370445,-9.600793199420844,9.032977413774885,-9.600810875130867,9.03297938324303,0,7225344,0.0,4.833892892357827e-07,7.705998534329256e-07,1.2859424000776646e-06,9.67720601774602e-07,1.6042700960341206e-06,2.6205848110629324e-06,
conv3,legacy,best_validation,negative,post_T_free,Layer_4,4,LinearLayer,20,8,8,0.001,2.44140625e-07,0,27,36,11520,1.8448158132491656e-05,0.007874015396143932,0.007873993784870116,-0.1173215456653888,0.3928826597485358,0.3749565831583276,-0.1173030975072563,0.39277795069996907,0.3748526402084831,0.020041646534320678,False,0.12346047111094627,-1.7140163897326208,2.200320067573239,-1.7165819565012224,2.235423654468757,0,0,,0.004792466962510494,0.0071184441414478584,0.01165784890123487,0.010833794461570529,0.017713608613808045,0.03323191306696284,
conv3,legacy,best_validation,negative,matched_zero_K,Layer_1,1,ConvLayer,64x14x14,8,8,0.001,2.44140625e-07,0,27,36,7225344,6.652755411706153e-13,2.4021865898166415e-10,2.4021773775348766e-10,-1.191808760960837,24.851043594331664,24.82244870283087,-1.1918087609601717,24.851043594330644,24.822448702829877,9.66634089509449e-12,False,2.732582515818649e-08,-212.74690345729488,192.59281716522588,-212.74690345724233,192.59281716501644,0,7225344,0.0,1.16564142940165e-10,2.027908786368304e-10,4.124220040400625e-10,4.848277071848201e-12,8.246986777744796e-12,1.6755258425300006e-11,
conv3,legacy,best_validation,negative,matched_zero_K,Layer_2,2,ConvLayer,128x7x7,8,8,0.001,2.44140625e-07,0,27,36,3612672,1.3074858401337447e-11,6.4684172092200846e-09,6.468403994851616e-09,-0.07911287195966787,4.530963059654975,4.530272331929756,-0.079112871946593,4.53096305960047,4.53027233187547,1.4276031660502312e-09,False,7.633158871644952e-07,-56.17016178240903,54.97976090243299,-56.1701617700945,54.9797609035413,0,3612672,0.0,3.35330942598074e-09,5.862483570472633e-09,9.599238100148032e-09,7.448377306593105e-10,1.3625232495598921e-09,2.1017836977716603e-09,
conv3,legacy,best_validation,negative,matched_zero_K,Layer_3,3,ConvLayer,256x7x7,8,8,0.001,2.44140625e-07,0,27,36,7225344,3.0803480803649134e-10,8.633697748709499e-07,8.633697199203084e-07,-0.035007060340082836,0.48681484009448006,0.48555452244064207,-0.03500706003204803,0.48681483034140177,0.4855545126844568,1.773507509967011e-06,False,0.00016614844765183712,-9.600793196839316,9.032977417687828,-9.600810875130867,9.03297938324303,0,7225344,0.0,4.833827396624898e-07,7.706617002532351e-07,1.285949537491321e-06,9.677079723269399e-07,1.604349304118252e-06,2.6205990711288223e-06,
conv3,legacy,best_validation,negative,matched_zero_K,Layer_4,4,LinearLayer,20,8,8,0.001,2.44140625e-07,0,27,36,11520,1.8445710141176864e-05,0.007874015368814389,0.00787399376327557,-0.11732154321739749,0.39288266191368637,0.3749565861929516,-0.1173030975072563,0.39277795069996907,0.3748526402084831,0.020041646354310886,False,0.12346047604523136,-1.7140163927593648,2.200320252055275,-1.7165819565012224,2.235423654468757,0,0,,0.004792466955489093,0.007118444101855394,0.011657848882795224,0.01083379364062959,0.017713608959366748,0.03323191290443062,
conv3,legacy,best_validation,positive,post_T_free,Layer_1,1,ConvLayer,64x14x14,8,8,0.001,2.44140625e-07,0,27,36,7225344,5.3509843312510126e-11,3.386023963667671e-10,3.3434754297584997e-10,-1.1918087610150112,24.851043594333323,24.822448702829927,-1.1918087609615011,24.851043594332683,24.82244870283186,1.3625278756662642e-11,False,2.841240132056555e-08,-212.7469034572582,192.5928171651406,-212.74690345734737,192.5928171654353,0,7225344,0.0,1.7640315343464364e-10,2.5774264441399545e-10,5.623351094752673e-10,7.133301939686646e-12,1.0473729372965147e-11,2.2485483499266874e-11,
conv3,legacy,best_validation,positive,post_T_free,Layer_2,2,ConvLayer,128x7x7,8,8,0.001,2.44140625e-07,0,27,36,3612672,4.0357408667083055e-11,6.469193895438119e-09,6.469068011417062e-09,-0.07911287201308483,4.530963059641786,4.530272331915631,-0.07911287197272741,4.530963059709479,4.5302723319840394,1.4277745835229937e-09,False,7.633376312154994e-07,-56.17016178233269,54.979760902044234,-56.17016179472354,54.979760901324646,0,3612672,0.0,3.361950597564281e-09,5.915195368889787e-09,9.605650993024232e-09,7.468072333357867e-10,1.3662571957425214e-09,2.1053011506394835e-09,
conv3,legacy,best_validation,positive,post_T_free,Layer_3,3,ConvLayer,256x7x7,8,8,0.001,2.44140625e-07,0,27,36,7225344,9.429577927518325e-11,8.633681904410466e-07,8.633681852916248e-07,-0.03500706074203901,0.486814839532758,0.48555452184848213,-0.035007060647743234,0.4868148498490859,0.48555453219838585,1.773504257326466e-06,False,0.0001661451046499618,-9.600793199420844,9.032977413774885,-9.600775518547787,9.032975452132623,1,7225344,1.3840171485260771e-07,4.833829163213753e-07,7.707281116675706e-07,1.2859593849879366e-06,9.67708867549324e-07,1.6044379602270077e-06,2.620618888104172e-06,
conv3,legacy,best_validation,positive,post_T_free,Layer_4,4,LinearLayer,20,8,8,0.001,2.44140625e-07,0,27,36,11520,-1.8443260682447243e-05,0.007874015342995628,0.00787399374319449,-0.1173215456653888,0.3928826597485358,0.3749565831583276,-0.11733998892607125,0.39314507976676627,0.37522577302691573,0.020041646399042875,False,0.12346048097951612,-1.7140163897326208,2.200320067573239,-1.711450829017506,2.1652168496417943,0,0,,0.0047924669484692185,0.007118444062268059,0.011657848864357067,0.010833792937277941,0.01771360944499023,0.03323191296019918,
conv3,legacy,best_validation,positive,matched_zero_K,Layer_1,1,ConvLayer,64x14x14,8,8,0.001,2.44140625e-07,0,27,36,7225344,-6.643731947512673e-13,2.402182527460198e-10,2.4021733401361513e-10,-1.191808760960837,24.851043594331664,24.82244870283087,-1.1918087609615011,24.851043594332683,24.82244870283186,9.666324548270147e-12,False,2.732582515818649e-08,-212.74690345729488,192.59281716522588,-212.74690345734737,192.5928171654353,0,7225344,0.0,1.165641396767279e-10,2.0279089812287563e-10,4.124220127935143e-10,4.8482769416756e-12,8.246987187776094e-12,1.675525877629803e-11,
conv3,legacy,best_validation,positive,matched_zero_K,Layer_2,2,ConvLayer,128x7x7,8,8,0.001,2.44140625e-07,0,27,36,3612672,-1.3059549427556488e-11,6.468410295078607e-09,6.468397111622604e-09,-0.07911287195966787,4.530963059654975,4.530272331929756,-0.07911287197272741,4.530963059709479,4.5302723319840394,1.4276016400741005e-09,False,7.633158856101829e-07,-56.17016178240903,54.97976090243299,-56.17016179472354,54.979760901324646,0,3612672,0.0,3.353309423927765e-09,5.862342784851176e-09,9.599238128995448e-09,7.448377301010521e-10,1.3624895627585018e-09,2.1017836975843713e-09,
conv3,legacy,best_validation,positive,matched_zero_K,Layer_3,3,ConvLayer,256x7x7,8,8,0.001,2.44140625e-07,0,27,36,7225344,-3.0766039465492015e-10,8.633703437667601e-07,8.633702889496575e-07,-0.035007060340082836,0.48681484009448006,0.48555452244064207,-0.035007060647743234,0.4868148498490859,0.48555453219838585,1.773508678575203e-06,False,0.00016614844766182912,-9.600793196839316,9.032977417687828,-9.600775518547787,9.032975452132623,1,7225344,1.3840171485260771e-07,4.833827396467933e-07,7.706617002773624e-07,1.2859495374948153e-06,9.677079722959817e-07,1.6043493041295687e-06,2.6205990711359637e-06,
conv3,legacy,best_validation,positive,matched_zero_K,Layer_4,4,LinearLayer,20,8,8,0.001,2.44140625e-07,0,27,36,11520,-1.844570867376203e-05,0.007874015370319393,0.007873993764784017,-0.11732154321739749,0.39288266191368637,0.3749565861929516,-0.11733998892607125,0.39314507976676627,0.37522577302691573,0.02004164635814156,False,0.12346047604523103,-1.7140163927593648,2.200320252055275,-1.711450829017506,2.1652168496417943,0,0,,0.004792466955489086,0.007118444101855355,0.011657848882795233,0.010833793640629582,0.01771360895936678,0.03323191290443065,
conv3,legacy,best_validation,positive_minus_negative,negative_phase,Layer_1,1,ConvLayer,64x14x14,8,8,0.001,2.44140625e-07,0,27,36,7225344,-1.3296487359218825e-12,4.804368986343621e-10,4.804350586745762e-10,-1.1918087609601717,24.851043594330644,24.822448702829877,-1.1918087609615011,24.851043594332683,24.82244870283186,1.9332664916493322e-11,False,5.465165031637298e-08,-212.74690345724233,192.59281716501644,-212.74690345734737,192.5928171654353,0,7225344,0.0,2.331282825835534e-10,4.0558177674019146e-10,8.248440168235302e-10,9.696554012139085e-12,1.6493973964713334e-11,3.351051720119136e-11,2.4021844931718106e-10
conv3,legacy,best_validation,positive_minus_negative,negative_phase,Layer_2,2,ConvLayer,128x7x7,8,8,0.001,2.44140625e-07,0,27,36,3612672,-2.6134407828893935e-11,1.2936826520311631e-08,1.2936800122494194e-08,-0.079112871946593,4.53096305960047,4.53027233187547,-0.07911287197272741,4.530963059709479,4.5302723319840394,2.855204588989161e-09,False,1.526631772774678e-06,-56.1701617700945,54.9797609035413,-56.17016179472354,54.979760901324646,0,3612672,0.0,6.7066188499045345e-09,1.1724806327612103e-08,1.9198476229142037e-08,1.4896754607840285e-09,2.7250080186259663e-09,4.203567395374802e-09,6.468413260155816e-09
conv3,legacy,best_validation,positive_minus_negative,negative_phase,Layer_3,3,ConvLayer,256x7x7,8,8,0.001,2.44140625e-07,0,27,36,7225344,-6.156952026914115e-10,1.7267398335528848e-06,1.726739723785163e-06,-0.03500706003204803,0.48681483034140177,0.4855545126844568,-0.035007060647743234,0.4868148498490859,0.48555453219838585,3.5470156739923623e-06,False,0.00033229689531366624,-9.600810875130867,9.03297938324303,-9.600775518547787,9.032975452132623,1,7225344,1.3840171485260771e-07,9.66765479309283e-07,1.5413234005305977e-06,2.5718990749861366e-06,1.9354159301094838e-06,3.208698782699237e-06,5.241198135934003e-06,8.633699167764424e-07
conv3,legacy,best_validation,positive_minus_negative,negative_phase,Layer_4,4,LinearLayer,20,8,8,0.001,2.44140625e-07,0,27,36,11520,-3.68914188149389e-05,0.01574803073913378,0.015747987528059587,-0.1173030975072563,0.39277795069996907,0.3748526402084831,-0.11733998892607125,0.39314507976676627,0.37522577302691573,0.04009397857254776,False,0.2469209520904624,-1.7165819565012224,2.235423654468757,-1.711450829017506,2.1652168496417943,0,0,,0.009584933910978177,0.01423688820371075,0.023315697765590455,0.021667742612438978,0.03544247045650501,0.06651735342607153,0.00787401536956689
conv2,baseline,reconstructed_initialization,negative,post_T_free,Layer_1,1,ConvLayer,64x14x14,6,6,100,100.0,0,0,36,7225344,1.591237456006151e-06,0.00018845706558441038,0.00018845034765700317,-0.0010809581401316276,1.8994430154087107,1.899442707826281,-0.0010793669026756155,1.8994426680032985,1.8994423613257072,9.921701470146991e-05,False,0.0016662219760532615,-22.584509930706588,28.467506340835737,-22.584061243097516,28.467942106909966,467,7225344,6.46336008361678e-05,0.00018331404040911145,0.00018852946170962864,0.00019325540389471146,9.304948111385767e-05,9.9577550089794e-05,0.00010490582537075628,
conv2,baseline,reconstructed_initialization,negative,post_T_free,Layer_2,2,ConvLayer,128x7x7,6,6,100,100.0,0,0,36,3612672,-7.7163831514325e-08,0.0034041182313275914,0.0034041182304530245,0.0009634893651285521,0.10207192906822764,0.10206738162582882,0.0009634122012970375,0.10212263791171168,0.10211809345545463,0.033350190031699964,False,0.013015685601459145,-0.6436306642367778,1.04859375079202,-0.6382528424617661,1.0527983847501943,37865,3612672,0.010481161865787982,0.0033857399423295837,0.0034031855498257487,0.0034226249604700242,0.031314579193864246,0.03357876317319654,0.03554965955377215,
conv2,baseline,reconstructed_initialization,negative,post_T_free,Layer_3,3,LinearLayer,20,6,6,100,100.0,0,0,36,11520,-0.002920486611275123,1.589139636572703,1.589136952966728,0.001371874127282979,0.012276781758359175,0.012199890643824318,-0.0015486124839921447,1.589135791127365,1.5891350365659207,129.44268847091539,False,5.21192590810134,-0.029289591647440206,0.03988382510553152,-5.217145260264881,5.089456935635983,0,0,,1.5824226569949316,1.5889455879448153,1.595148627509409,101.55615290029908,131.97565307291086,167.65402297480622,
conv2,baseline,reconstructed_initialization,negative,matched_zero_K,Layer_1,1,ConvLayer,64x14x14,6,6,100,100.0,0,0,36,7225344,1.2961012265241247e-06,0.00018853696753973865,0.00018853251244995136,-0.0010806630039021418,1.899443189678196,1.8994428822637313,-0.0010793669026756155,1.8994426680032985,1.8994423613257072,9.92590715870163e-05,False,0.0016635618667302232,-22.5845063230558,28.467513669644653,-22.584061243097516,28.467942106909966,464,7225344,6.421839569160997e-05,0.00018342120290864439,0.00018867681741465057,0.0001933606487497836,9.310428643521891e-05,9.96242371879415e-05,0.00010492762458958859,
conv2,baseline,reconstructed_initialization,negative,matched_zero_K,Layer_2,2,ConvLayer,128x7x7,6,6,100,100.0,0,0,36,3612672,-2.627416823199813e-07,0.003404124733411196,0.003404124723271557,0.0009636749429793577,0.10207262286991715,0.10206807370646616,0.0009634122012970375,0.10212263791171168,0.10211809345545463,0.033350027046424216,False,0.01301559876780456,-0.6436306213043976,1.0485976588925867,-0.6382528424617661,1.0527983847501943,37863,3612672,0.010480608258928572,0.0033857405731594556,0.0034031914422755867,0.003422630048133106,0.03131442598536203,0.03357862975004455,0.03554945564011732,
conv2,baseline,reconstructed_initialization,negative,matched_zero_K,Layer_3,3,LinearLayer,20,6,6,100,100.0,0,0,36,11520,-0.002921467709513202,1.5891396495335972,1.5891369641242967,0.0013728552255210596,0.012279585708481793,0.012202601923430504,-0.0015486124839921447,1.589135791127365,1.5891350365659207,129.4131322717135,False,5.2119285990897675,-0.029296002285928997,0.03989179644080979,-5.217145260264881,5.089456935635983,0,0,,1.5824226726800688,1.5889455964414392,1.595148647439093,101.5329673024253,131.94554624869753,167.61569995904966,
conv2,baseline,reconstructed_initialization,positive,post_T_free,Layer_1,1,ConvLayer,64x14x14,6,6,100,100.0,0,0,36,7225344,4.8594834923538544e-08,0.00018847485123677,0.00018847484497211983,-0.0010809581401316276,1.8994430154087107,1.899442707826281,-0.0010809095452966992,1.899443702287941,1.8994433947332767,9.922637831607447e-05,False,0.0016500404532937551,-22.584509930706588,28.467506340835737,-22.584981128825298,28.467086125031,410,7225344,5.674470308956916e-05,0.00018306499837935167,0.0001885453052994977,0.0001927565460253136,9.323763104282566e-05,9.967130298934118e-05,0.00010467410514452378,
conv2,baseline,reconstructed_initialization,positive,post_T_free,Layer_2,2,ConvLayer,128x7x7,6,6,100,100.0,0,0,36,3612672,3.532087921728421e-06,0.003403730848729811,0.003403729016086603,0.0009634893651285521,0.10207192906822764,0.10206738162582882,0.0009670214530502802,0.10213704644977592,0.10213246852491632,0.03334639483941432,False,0.013027842373974786,-0.6436306642367778,1.04859375079202,-0.6490105016768065,1.0443992317584192,37184,3612672,0.01029265873015873,0.0033865343817833186,0.0034027031954828556,0.0034215453072245143,0.03132368678545386,0.03355069385274272,0.03553930651158099,
conv2,baseline,reconstructed_initialization,positive,post_T_free,Layer_3,3,LinearLayer,20,6,6,100,100.0,0,0,36,11520,0.002927040204035485,1.5891396884437627,1.5891369927802899,0.001371874127282979,0.012276781758359175,0.012199890643824318,0.004298914331318463,1.5892384461780247,1.589232631852843,129.4426926960503,False,5.211948666342297,-0.029289591647440206,0.03988382510553152,-5.080327116749735,5.23623919803143,0,0,,1.582422773565038,1.588946119701032,1.5951486111232729,101.55614868595848,131.9756355889121,167.6541046061469,
conv2,baseline,reconstructed_initialization,positive,matched_zero_K,Layer_1,1,ConvLayer,64x14x14,6,6,100,100.0,0,0,36,7225344,-2.465413945584879e-07,0.00018833229704652958,0.00018833213567568074,-0.0010806630039021418,1.899443189678196,1.8994428822637313,-0.0010809095452966992,1.899443702287941,1.8994433947332767,9.915131869694764e-05,False,0.0016564472880040704,-22.5845063230558,28.467513669644653,-22.584981128825298,28.467086125031,413,7225344,5.7159908234126984e-05,0.00018290073762136866,0.00018839867856540628,0.00019260371162691225,9.3146723685167e-05,9.958485392886558e-05,0.00010461941332107755,
conv2,baseline,reconstructed_initialization,positive,matched_zero_K,Layer_2,2,ConvLayer,128x7x7,6,6,100,100.0,0,0,36,3612672,3.346510070922765e-06,0.0034037229052533715,0.003403721260123513,0.0009636749429793577,0.10207262286991715,0.10206807370646616,0.0009670214530502802,0.10213704644977592,0.10213246852491632,0.0333460903575597,False,0.013027929207629373,-0.6436306213043976,1.0485976588925867,-0.6490105016768065,1.0443992317584192,37186,3612672,0.01029321233701814,0.0033865271688591704,0.0034026968865884296,0.003421535050771015,0.03132339027480695,0.03355035938169221,0.03553903634915332,
conv2,baseline,reconstructed_initialization,positive,matched_zero_K,Layer_3,3,LinearLayer,20,6,6,100,100.0,0,0,36,11520,0.0029260591057974033,1.589139675468466,1.5891369816117584,0.0013728552255210596,0.012279585708481793,0.012202601923430504,0.004298914331318463,1.5892384461780247,1.589232631852843,129.41313438374476,False,5.21194597535387,-0.029296002285928997,0.03989179644080979,-5.080327116749735,5.23623919803143,0,0,,1.5824227578660732,1.5889461111921976,1.59514859117334,101.53296093023691,131.9455266909491,167.61578102808934,
conv2,baseline,reconstructed_initialization,positive_minus_negative,negative_phase,Layer_1,1,ConvLayer,64x14x14,6,6,100,100.0,0,0,36,7225344,-1.5426426210826126e-06,0.0003755377493326385,0.00037553458086781735,-0.0010793669026756155,1.8994426680032985,1.8994423613257072,-0.0010809095452966992,1.899443702287941,1.8994433947332767,0.0001977094416476414,False,0.003309704986206974,-22.584061243097516,28.467942106909966,-22.584981128825298,28.467086125031,873,7225344,0.00012082469706632653,0.00036490954241427394,0.0003756819024404123,0.00038472492217359424,0.00018557667312771786,0.00019849378389561785,0.0002088733177954404,0.00018776887466631924
conv2,baseline,reconstructed_initialization,positive_minus_negative,negative_phase,Layer_2,2,ConvLayer,128x7x7,6,6,100,100.0,0,0,36,3612672,3.609251753242745e-06,0.0067814566758737,0.006781455715409027,0.0009634122012970375,0.10212263791171168,0.10211809345545463,0.0009670214530502802,0.10213704644977592,0.10213246852491632,0.06640502844958322,False,0.026043527975433932,-0.6382528424617661,1.0527983847501943,-0.6490105016768065,1.0443992317584192,75045,3612672,0.02077271338222789,0.006745854153857763,0.006779544979686497,0.006818532378418359,0.06234922962004139,0.06683951833996854,0.07076922453747184,0.00339072833793685
conv2,baseline,reconstructed_initialization,positive_minus_negative,negative_phase,Layer_3,3,LinearLayer,20,6,6,100,100.0,0,0,36,11520,0.005847526815310607,3.1782793249679235,3.178273945705232,-0.0015486124839921447,1.589135791127365,1.5891350365659207,0.004298914331318463,1.5892384461780247,1.589232631852843,2.000004872279158,False,10.423874574443637,-5.217145260264881,5.089456935635983,-5.080327116749735,5.23623919803143,0,0,,3.164845430516681,3.177891707598433,3.190297238577619,1.9998157335659386,2.0000210057844425,2.00013974081691,1.5891396624839618
conv2,baseline,best_validation,negative,post_T_free,Layer_1,1,ConvLayer,64x14x14,6,6,100,100.0,0,30,36,7225344,1.3888660538230863e-09,7.314788358497588e-05,7.314788357179061e-05,-0.6504063042562958,10.771527330485206,10.751872984311776,-0.6504063028674297,10.771526957288764,10.75187261051715,6.790855311479854e-06,False,0.01329254895959986,-78.14369646903181,79.9591558964245,-78.14372749071927,79.959161412941,218,7225344,3.017157383786848e-05,5.3111958107585836e-05,7.180202092731713e-05,9.73770095481397e-05,4.8611504418370255e-06,6.318975585350827e-06,9.188916319211034e-06,
conv2,baseline,best_validation,negative,post_T_free,Layer_2,2,ConvLayer,128x7x7,6,6,100,100.0,0,30,36,3612672,5.020217515959179e-07,0.0015384266961538603,0.0015384266142436053,-0.13468751501707327,1.3350163341777983,1.3282047605019538,-0.13468701299532168,1.3350012396003794,1.3281896394208725,0.0011523654480986836,False,0.15730289348077497,-17.44708864320782,17.515166795299454,-17.447453970544206,17.515846469509786,456,3612672,0.00012622236394557824,0.0011440242056102938,0.0014938236742629185,0.002033260976394048,0.0008338227229328155,0.0011238659227497407,0.0015353840712733224,
conv2,baseline,best_validation,negative,post_T_free,Layer_3,3,LinearLayer,20,6,6,100,100.0,0,30,36,11520,3.59292620518732e-05,0.08789329571350572,0.08789328836987437,-0.06463029918250718,0.20853472353066937,0.1982666269082932,-0.06459436992045531,0.22264003326840984,0.21306372705915483,0.4214803857381535,False,0.8608738626954088,-1.062264187427447,0.9837244400756641,-1.3060582810290768,1.1432152260149557,0,0,,0.06620190467027878,0.08371365486422894,0.1119916238435944,0.30457854809304563,0.4079039264150578,0.5427802861662993,
conv2,baseline,best_validation,negative,matched_zero_K,Layer_1,1,ConvLayer,64x14x14,6,6,100,100.0,0,30,36,7225344,-2.713250943288613e-09,7.314882605258495e-05,7.314882600226473e-05,-0.6504063001541789,10.771527332941858,10.751872987021066,-0.6504063028674297,10.771526957288764,10.75187261051715,6.790942806121715e-06,False,0.013292406107422217,-78.14369647229432,79.95915590106229,-78.14372749071927,79.959161412941,218,7225344,3.017157383786848e-05,5.3113440305441275e-05,7.18027344725169e-05,9.737715961425829e-05,4.861289481643803e-06,6.318905725140999e-06,9.188852682014917e-06,
conv2,baseline,best_validation,negative,matched_zero_K,Layer_2,2,ConvLayer,128x7x7,6,6,100,100.0,0,30,36,3612672,5.000522827736067e-07,0.0015384273766970529,0.0015384272954282535,-0.13468751304760446,1.3350163366655312,1.3282047632021603,-0.13468701299532168,1.3350012396003794,1.3281896394208725,0.0011523659557152546,False,0.15730338618795403,-17.4470886427492,17.51516681003243,-17.447453970544206,17.515846469509786,456,3612672,0.00012622236394557824,0.0011440257704545178,0.0014938255427854679,0.002033260620629828,0.0008338238625202869,0.0011238661926740883,0.0015353838002250186,
conv2,baseline,best_validation,negative,matched_zero_K,Layer_3,3,LinearLayer,20,6,6,100,100.0,0,30,36,11520,3.5876249411258e-05,0.08789330296705293,0.08789329564507685,-0.06463024616986657,0.20853478568370082,0.1982667095610594,-0.06459436992045531,0.22264003326840984,0.21306372705915483,0.42148029490085553,False,0.8608740007268312,-1.062266012345935,0.9837249124525017,-1.3060582810290768,1.1432152260149557,0,0,,0.06620191752416762,0.08371365774488643,0.11199162728968277,0.3045784678461691,0.40790382657943525,0.5427801639455283,
conv2,baseline,best_validation,positive,post_T_free,Layer_1,1,ConvLayer,64x14x14,6,6,100,100.0,0,30,36,7225344,3.792608376672041e-08,7.313131784561123e-05,7.313130801132977e-05,-0.6504063042562958,10.771527330485206,10.751872984311776,-0.650406266330212,10.771527718079112,10.75187337490844,6.789317392217675e-06,False,0.01328989256302604,-78.14369646903181,79.9591558964245,-78.14366545386936,79.95915038917745,224,7225344,3.1001984126984125e-05,5.2989039400533546e-05,7.159359438990716e-05,9.7577897701066e-05,4.856624743811172e-06,6.314455467200472e-06,9.206690447690396e-06,
conv2,baseline,best_validation,positive,post_T_free,Layer_2,2,ConvLayer,128x7x7,6,6,100,100.0,0,30,36,3612672,-4.7697063273249e-07,0.0015377557530683503,0.0015377556790965932,-0.13468751501707327,1.3350163341777983,1.3282047605019538,-0.134687991987706,1.33503322001027,1.3282216845637287,0.0011518628751575643,False,0.1573020377154326,-17.44708864320782,17.515166795299454,-17.446723314954205,17.51448715074431,426,3612672,0.00011791826105442176,0.001142719262129273,0.0014902411372100682,0.0020349003177023346,0.0008328702168886687,0.00111983554925514,0.001536619571900207,
conv2,baseline,best_validation,positive,post_T_free,Layer_3,3,LinearLayer,20,6,6,100,100.0,0,30,36,11520,-3.675728439875152e-05,0.08789176339402915,0.08789175570788223,-0.06463029918250718,0.20853472353066937,0.1982666269082932,-0.06466705646690593,0.229903658409286,0.22062154010404256,0.42147303770780814,False,0.8609713981098328,-1.062264187427447,0.9837244400756641,-1.0838877391363284,1.0422393412916184,0,0,,0.06619672268239754,0.08370177465705372,0.11199152951462096,0.3045898388872752,0.407888300492919,0.5427505911646116,
conv2,baseline,best_validation,positive,matched_zero_K,Layer_1,1,ConvLayer,64x14x14,6,6,100,100.0,0,30,36,7225344,3.3823966769608764e-08,7.313035203320635e-05,7.313034421114098e-05,-0.6504063001541789,10.771527332941858,10.751872987021066,-0.650406266330212,10.771527718079112,10.75187337490844,6.789227727209732e-06,False,0.013290035415203683,-78.14369647229432,79.95915590106229,-78.14366545386936,79.95915038917745,224,7225344,3.1001984126984125e-05,5.298751810620946e-05,7.15928591165182e-05,9.757771794612327e-05,4.856479710553264e-06,6.314334785794565e-06,9.2067509716287e-06,
conv2,baseline,best_validation,positive,matched_zero_K,Layer_2,2,ConvLayer,128x7x7,6,6,100,100.0,0,30,36,3612672,-4.789401015548019e-07,0.0015377550687116193,0.0015377549941276913,-0.13468751304760446,1.3350163366655312,1.3282047632021603,-0.134687991987706,1.33503322001027,1.3282216845637287,0.0011518623603906362,False,0.15730154500825355,-17.4470886427492,17.51516681003243,-17.446723314954205,17.51448715074431,426,3612672,0.00011791826105442176,0.0011427176929089582,0.001490239268471812,0.0020349006686539075,0.0008328690710591273,0.0011198352749603926,0.0015366198333786553,
conv2,baseline,best_validation,positive,matched_zero_K,Layer_3,3,LinearLayer,20,6,6,100,100.0,0,30,36,11520,-3.6810297039366704e-05,0.0878917561387595,0.08789174843042549,-0.06463024616986657,0.20853478568370082,0.1982667095610594,-0.06466705646690593,0.229903658409286,0.22062154010404256,0.42147287729765637,False,0.8609712600784104,-1.062266012345935,0.9837249124525017,-1.0838877391363284,1.0422393412916184,0,0,,0.0661967098199088,0.08370177178579358,0.11199152606410084,0.30458966455311703,0.40788819898236567,0.5427503707272056,
conv2,baseline,best_validation,positive_minus_negative,negative_phase,Layer_1,1,ConvLayer,64x14x14,6,6,100,100.0,0,30,36,7225344,3.6537217712897344e-08,0.00014619515402672197,0.0001461951494610156,-0.6504063028674297,10.771526957288764,10.75187261051715,-0.650406266330212,10.771527718079112,10.75187337490844,1.3572370436096451e-05,False,0.0265824415226259,-78.14372749071927,79.959161412941,-78.14366545386936,79.95915038917745,442,7225344,6.11735579648526e-05,0.0001060637530431436,0.0001432923083362863,0.00019487926920181548,9.712983823184072e-06,1.2623523497160059e-05,1.8389049525938536e-05,7.309757701336098e-05
conv2,baseline,best_validation,positive_minus_negative,negative_phase,Layer_2,2,ConvLayer,128x7x7,6,6,100,100.0,0,30,36,3612672,-9.789923843284084e-07,0.0030742892262774395,0.0030742890703997646,-0.13468701299532168,1.3350012396003794,1.3281896394208725,-0.134687991987706,1.33503322001027,1.3282216845637287,0.0023028362334687425,False,0.3146049311962076,-17.447453970544206,17.515846469509786,-17.446723314954205,17.51448715074431,882,3612672,0.000244140625,0.002285852566943499,0.0029815734867721213,0.004065752615508927,0.0016660670712914359,0.002242109871936189,0.0030701538445755327,0.0015371446131387198
conv2,baseline,best_validation,positive_minus_negative,negative_phase,Layer_3,3,LinearLayer,20,6,6,100,100.0,0,30,36,11520,-7.268654645062469e-05,0.1757850552329753,0.17578504020514982,-0.06459436992045531,0.22264003326840984,0.21306372705915483,-0.06466705646690593,0.229903658409286,0.22062154010404256,0.7895482795812052,False,1.7218452608052415,-1.3060582810290768,1.1432152260149557,-1.0838877391363284,1.0422393412916184,0,0,,0.1323986257904639,0.16741542002715143,0.2239831519850301,0.5900195223411868,0.7699650529925399,0.9767136535280392,0.08789252761648765
conv2,ours,reconstructed_initialization,negative,post_T_free,Layer_1,1,ConvLayer,64x14x14,6,6,10,0.625,0,0,36,7225344,8.681797583376344e-07,9.88770613876992e-05,9.887324983317808e-05,0.001988108192494793,0.6664772183844299,0.6664742531045457,0.0019889763722531297,0.666477353184291,0.6664743853146412,0.00014835775126324882,False,0.0008383457191681876,-8.61419976972198,11.537286524360798,-8.613917963025226,11.537570235746031,547,7225344,7.570573802437642e-05,9.621567040483402e-05,9.875853712911518e-05,0.00010131604007749,0.00013885630917369646,0.0001490879285058228,0.00015742917804498522,
conv2,ours,reconstructed_initialization,negative,post_T_free,Layer_2,2,ConvLayer,128x7x7,6,6,10,0.625,0,0,36,3612672,-1.1399728805614424e-06,0.005275832027791607,0.005275831904632058,0.003686125710675781,0.13549308594284823,0.13544293564287932,0.0036849857377952194,0.1355982216897389,0.13554814128394319,0.038938016586447695,False,0.02051829349603547,-0.8316029141754843,1.3320300163264898,-0.8236696417616186,1.3387581905828227,43834,3612672,0.012133401537698412,0.005250509902501957,0.0052743237993730235,0.005299501282617139,0.03639068244316661,0.03919468963531805,0.041651174314141934,
conv2,ours,reconstructed_initialization,negative,post_T_free,Layer_3,3,LinearLayer,20,6,6,10,0.625,0,0,36,11520,-0.004447221949957598,2.544590969767681,2.5445870835245854,0.016694845446648048,0.06906361687528295,0.06701541099932465,0.01224762349669045,2.5454432280985193,2.545413762670284,36.8441602814225,False,8.513089215044442,-0.15032742593815981,0.22735913615814654,-8.511612416617808,8.48083608501914,0,0,,2.530880298468294,2.5447293129423416,2.5553135479199325,27.823336978842455,36.78461171845787,48.69549947273905,
conv2,ours,reconstructed_initialization,negative,matched_zero_K,Layer_1,1,ConvLayer,64x14x14,6,6,10,0.625,0,0,36,7225344,4.728657311776025e-07,9.891268896103699e-05,9.891155865470488e-05,0.001988503506521953,0.6664774397669035,0.6664744733086564,0.0019889763722531297,0.666477353184291,0.6664743853146412,0.00014841115851668005,False,0.000835995903410991,-8.614194570577604,11.537297954524314,-8.613917963025226,11.537570235746031,543,7225344,7.515213116496599e-05,9.628187618955252e-05,9.884043492182072e-05,0.00010135961824562645,0.00013894678050000442,0.00014911289474858614,0.00015734984454924154,
conv2,ours,reconstructed_initialization,negative,matched_zero_K,Layer_2,2,ConvLayer,128x7x7,6,6,10,0.625,0,0,36,3612672,-2.1161256713847236e-06,0.005275851053602466,0.005275850629217094,0.0036871018634666046,0.13549627665855837,0.1354461009707589,0.0036849857377952194,0.1355982216897389,0.13554814128394319,0.03893724007558717,False,0.020519467891438298,-0.8316014739322944,1.3320479882580607,-0.8236696417616186,1.3387581905828227,43835,3612672,0.012133678341128117,0.005250522305682138,0.005274319301641946,0.0052994976883874514,0.03638994739017323,0.03919385951056456,0.041650432359184364,
conv2,ours,reconstructed_initialization,negative,matched_zero_K,Layer_3,3,LinearLayer,20,6,6,10,0.625,0,0,36,11520,-0.0044642849079168795,2.5445911544036988,2.544587238282431,0.01671190840460733,0.06911528175407865,0.06706440404135186,0.01224762349669045,2.5454432280985193,2.545413762670284,36.81662130030363,False,8.513125424786518,-0.15044206317735132,0.22750374234433848,-8.511612416617808,8.48083608501914,0,0,,2.530880455662169,2.544729482479797,2.5553135710150294,27.803077222738565,36.75679268760173,48.65795616679321,
conv2,ours,reconstructed_initialization,positive,post_T_free,Layer_1,1,ConvLayer,64x14x14,6,6,10,0.625,0,0,36,7225344,1.282308481421297e-07,9.909338325240892e-05,9.909330028442075e-05,0.001988108192494793,0.6664772183844299,0.6664742531045457,0.0019882364233429336,0.6664775208953252,0.6664745552342591,0.0001486823262955869,False,0.0008589655496040738,-8.61419976972198,11.537286524360798,-8.614477188216703,11.537026582416848,566,7225344,7.833537060657596e-05,9.628348138269817e-05,9.901144234591149e-05,0.00010124056167493302,0.00013901781045811085,0.00014946402130531643,0.00015658479658632273,
conv2,ours,reconstructed_initialization,positive,post_T_free,Layer_2,2,ConvLayer,128x7x7,6,6,10,0.625,0,0,36,3612672,5.1011700683840666e-06,0.005275841695070508,0.0052758392289292124,0.003686125710675781,0.13549308594284823,0.13544293564287932,0.003691226880744165,0.13560245202410118,0.13555220337221943,0.03893808793532011,False,0.020528786200031006,-0.8316029141754843,1.3320300163264898,-0.8395304881401734,1.3253481899695336,44880,3612672,0.012422937925170068,0.005250129994044298,0.005276336913810552,0.005297390452380294,0.03638431922748162,0.039171937531318854,0.04164405191837995,
conv2,ours,reconstructed_initialization,positive,post_T_free,Layer_3,3,LinearLayer,20,6,6,10,0.625,0,0,36,11520,0.004501854813413142,2.544593210335784,2.544589228026836,0.016694845446648048,0.06906361687528295,0.06701541099932465,0.02119670026006119,2.5456195298624418,2.545531278675468,36.84419272351291,False,8.513524085133154,-0.15032742593815981,0.22735913615814654,-8.216132075453936,8.65456323703687,0,0,,2.530884099985262,2.5447261587055374,2.5553149160872755,27.82333382680961,36.78471216310887,48.69557740983227,
conv2,ours,reconstructed_initialization,positive,matched_zero_K,Layer_1,1,ConvLayer,64x14x14,6,6,10,0.625,0,0,36,7225344,-2.6708317901790217e-07,9.88862977523134e-05,9.888593706758645e-05,0.001988503506521953,0.6664774397669035,0.6664744733086564,0.0019882364233429336,0.6664775208953252,0.6664745552342591,0.00014837156046406956,False,0.0008661677562890047,-8.614194570577604,11.537297954524314,-8.614477188216703,11.537026582416848,568,7225344,7.861217403628118e-05,9.607077972600449e-05,9.880452497384686e-05,0.0001009968663146125,0.0001386354994537517,0.00014921801540437386,0.00015637559282177582,
conv2,ours,reconstructed_initialization,positive,matched_zero_K,Layer_2,2,ConvLayer,128x7x7,6,6,10,0.625,0,0,36,3612672,4.125017277560785e-06,0.00527580007933677,0.005275798466712155,0.0036871018634666046,0.13549627665855837,0.1354461009707589,0.003691226880744165,0.13560245202410118,0.13555220337221943,0.03893686387140686,False,0.020527611804628178,-0.8316014739322944,1.3320479882580607,-0.8395304881401734,1.3253481899695336,44879,3612672,0.012422661121740362,0.005250090689721436,0.005276302918221032,0.005297361498508787,0.036383120925023896,0.03917075191018264,0.041642720435529634,
conv2,ours,reconstructed_initialization,positive,matched_zero_K,Layer_3,3,LinearLayer,20,6,6,10,0.625,0,0,36,11520,0.004484791855453857,2.5445930233191305,2.544589071140251,0.01671190840460733,0.06911528175407865,0.06706440404135186,0.02119670026006119,2.5456195298624418,2.545531278675468,36.81664834085652,False,8.513487875391078,-0.15044206317735132,0.22750374234433848,-8.216132075453936,8.65456323703687,0,0,,2.5308839408826973,2.544725987260189,2.555314891619572,27.803067548442193,36.756886240326196,48.65803000974913,
conv2,ours,reconstructed_initialization,positive_minus_negative,negative_phase,Layer_1,1,ConvLayer,64x14x14,6,6,10,0.625,0,0,36,7225344,-7.399489101955046e-07,0.0001970219752548388,0.00019702058574912575,0.0019889763722531297,0.666477353184291,0.6664743853146412,0.0019882364233429336,0.6664775208953252,0.6664745552342591,0.00029561690928207613,False,0.0016973112687722614,-8.613917963025226,11.537570235746031,-8.614477188216703,11.537026582416848,1095,7225344,0.00015154987776360543,0.00019154501006776362,0.00019672818142634367,0.00020145074217053764,0.00027644449975515017,0.0002971933508232331,0.0003125056182394294,9.85109876274194e-05
conv2,ours,reconstructed_initialization,positive_minus_negative,negative_phase,Layer_2,2,ConvLayer,128x7x7,6,6,10,0.625,0,0,36,3612672,6.241142948945508e-06,0.010507001958502326,0.010507000104887523,0.0036849857377952194,0.1355982216897389,0.13554814128394319,0.003691226880744165,0.13560245202410118,0.13555220337221943,0.07748628136542457,False,0.041047079696066475,-0.8236696417616186,1.3387581905828227,-0.8395304881401734,1.3253481899695336,88710,3612672,0.02455523224914966,0.010455230081751692,0.010506293907686546,0.010548506191716425,0.07242542499081583,0.07796575730846393,0.0828629898662593,0.005253500979251163
conv2,ours,reconstructed_initialization,positive_minus_negative,negative_phase,Layer_3,3,LinearLayer,20,6,6,10,0.625,0,0,36,11520,0.008949076763370738,5.08918417647409,5.089176308215244,0.01224762349669045,2.5454432280985193,2.545413762670284,0.02119670026006119,2.5456195298624418,2.545531278675468,1.999331244278341,False,17.026613300177594,-8.511612416617808,8.48083608501914,-8.216132075453936,8.65456323703687,0,0,,5.061764395333062,5.089455468682525,5.110628461461001,1.998889314367669,1.9993153045791838,1.9997559767383328,2.544592088237045
conv2,ours,best_validation,negative,post_T_free,Layer_1,1,ConvLayer,64x14x14,6,6,10,0.625,0,20,36,7225344,-1.0168571442689555e-08,1.6478832029596374e-05,1.64788288922425e-05,-0.15809308008478973,2.7963748747517507,2.791902401261938,-0.15809309025336116,2.7963748564520303,2.7919023823571005,5.892926652425057e-06,False,0.0025369851628297135,-29.702947353716628,28.13639608183696,-29.7029494912179,28.13636318620395,57,7225344,7.88889774659864e-06,1.2274315104824193e-05,1.5106687535923387e-05,2.2509854582888288e-05,4.314883435990304e-06,5.551947979638559e-06,8.070622106889255e-06,
conv2,ours,best_validation,negative,post_T_free,Layer_2,2,ConvLayer,128x7x7,6,6,10,0.625,0,20,36,3612672,-3.766165596970129e-07,0.0007425958922633826,0.0007425957967605368,-0.016341372378346385,0.4751929964735399,0.47491193230565804,-0.016341748994906084,0.47519129615660904,0.4749102180231392,0.0015627248250169286,False,0.1023666422037795,-7.804213647055994,7.406860373269304,-7.804834591032915,7.406208557110362,759,3612672,0.0002100938031462585,0.0005345588246716573,0.0006773596800281492,0.001007747705571407,0.0011069413053196428,0.0014304483248111257,0.0021205321775332755,
conv2,ours,best_validation,negative,post_T_free,Layer_3,3,LinearLayer,20,6,6,10,0.625,0,20,36,11520,-0.0023513048409169496,0.2750196110317439,0.2750095595022049,0.004950642477472117,0.19051811513995798,0.19045378267585691,0.002599337636555168,0.3326174741281457,0.332607317326662,1.443535229338741,False,2.9296462439197546,-1.0295482159412108,1.1630549538739825,-2.9771170956738,2.443569533667599,0,0,,0.20593956220731424,0.2533661263399917,0.36275998927539876,1.073200600284629,1.3710605995368508,1.992943946869651,
conv2,ours,best_validation,negative,matched_zero_K,Layer_1,1,ConvLayer,64x14x14,6,6,10,0.625,0,20,36,7225344,-8.131759654040425e-09,1.6478990056534498e-05,1.647898805017613e-05,-0.15809308212160153,2.79637487520617,2.791902401601749,-0.15809309025336116,2.7963748564520303,2.7919023823571005,5.89298316282417e-06,False,0.0025369614008906582,-29.702947357474873,28.13639609018752,-29.7029494912179,28.13636318620395,57,7225344,7.88889774659864e-06,1.2274782504409791e-05,1.51078278039691e-05,2.2509276112804926e-05,4.315068114361711e-06,5.5520494208512025e-06,8.070414458873934e-06,
conv2,ours,best_validation,negative,matched_zero_K,Layer_2,2,ConvLayer,128x7x7,6,6,10,0.625,0,20,36,3612672,-3.751321676706907e-07,0.0007425959994471154,0.0007425959046956272,-0.01634137386273841,0.4751929996920634,0.47491193547500954,-0.016341748994906084,0.47519129615660904,0.4749102180231392,0.0015627250399907735,False,0.10236661435963679,-7.804213687600638,7.406860376422989,-7.804834591032915,7.406208557110362,759,3612672,0.0002100938031462585,0.0005345591195451416,0.0006773597183178965,0.001007747416062509,0.001106941835778568,0.0014304491057588159,0.0021205325164511775,
conv2,ours,best_validation,negative,matched_zero_K,Layer_3,3,LinearLayer,20,6,6,10,0.625,0,20,36,11520,-0.002351255962937394,0.275019613573259,0.2750095624617105,0.004950593599492562,0.19051824658224278,0.1904539154330646,0.002599337636555168,0.3326174741281457,0.332607317326662,1.4435342467554082,False,2.929645983155699,-1.0295490684776045,1.1630557975786584,-2.9771170956738,2.443569533667599,0,0,,0.20593956343191838,0.25336612867582,0.36275999419749827,1.073199854110525,1.371059741234025,1.9929431528245067,
conv2,ours,best_validation,positive,post_T_free,Layer_1,1,ConvLayer,64x14x14,6,6,10,0.625,0,20,36,7225344,1.3639052501649576e-10,1.6500949271805907e-05,1.6500949271242234e-05,-0.15809308008478973,2.7963748747517507,2.791902401261938,-0.1580930799483992,2.7963748950203833,2.7919024215707626,5.90083590751429e-06,False,0.00254343694500149,-29.702947353716628,28.13639608183696,-29.702945223731852,28.13642913584563,52,7225344,7.196889172335601e-06,1.2279436250154593e-05,1.5114241826501574e-05,2.2595478706297607e-05,4.354469803107428e-06,5.554807812330889e-06,8.05605413065002e-06,
conv2,ours,best_validation,positive,post_T_free,Layer_2,2,ConvLayer,128x7x7,6,6,10,0.625,0,20,36,3612672,2.7266963007834525e-07,0.0007420797503177881,0.0007420797002229502,-0.016341372378346385,0.4751929964735399,0.47491193230565804,-0.01634109970871631,0.47519587724824697,0.474914824167493,0.0015616386517159227,False,0.10263589583009997,-7.804213647055994,7.406860373269304,-7.803592754884853,7.407512180459501,731,3612672,0.00020234330711451246,0.0005346251183685522,0.0006814107324626022,0.0010069117210908813,0.0011109250843895659,0.001434531461399702,0.002131215770196795,
conv2,ours,best_validation,positive,post_T_free,Layer_3,3,LinearLayer,20,6,6,10,0.625,0,20,36,11520,0.002349316111629228,0.27501903628760815,0.2750090017333476,0.004950642477472117,0.19051811513995798,0.19045378267585691,0.0072999585891013455,0.3364996376622121,0.33642044639319624,1.4435322125960268,False,2.92967177763598,-1.0295482159412108,1.1630549538739825,-2.5725799022169786,3.050576717622894,0,0,,0.2059342800260211,0.2533738924415402,0.3627366657694531,1.0731731545929628,1.3710891779543555,1.9928159229109723,
conv2,ours,best_validation,positive,matched_zero_K,Layer_1,1,ConvLayer,64x14x14,6,6,10,0.625,0,20,36,7225344,2.173202313665612e-09,1.6500775261761e-05,1.650077511865232e-05,-0.15809308212160153,2.79637487520617,2.791902401601749,-0.1580930799483992,2.7963748950203833,2.7919024215707626,5.90077367954625e-06,False,0.002543460706940545,-29.702947357474873,28.13639609018752,-29.702945223731852,28.13642913584563,52,7225344,7.196889172335601e-06,1.227894365803167e-05,1.5114291173867638e-05,2.2596039843458528e-05,4.354268689471921e-06,5.554704782825907e-06,8.056201414279471e-06,
conv2,ours,best_validation,positive,matched_zero_K,Layer_2,2,ConvLayer,128x7x7,6,6,10,0.625,0,20,36,3612672,2.7415402210466715e-07,0.0007420796386392559,0.000742079587997501,-0.01634137386273841,0.4751929996920634,0.47491193547500954,-0.01634109970871631,0.47519587724824697,0.474914824167493,0.0015616384061216003,False,0.10263592367424268,-7.804213687600638,7.406860376422989,-7.803592754884853,7.407512180459501,731,3612672,0.00020234330711451246,0.0005346248123479025,0.0006814107060161376,0.0010069120078668484,0.0011109245170765243,0.001434531681412151,0.0021312153950544927,
conv2,ours,best_validation,positive,matched_zero_K,Layer_3,3,LinearLayer,20,6,6,10,0.625,0,20,36,11520,0.002349364989608783,0.2750190337443395,0.27500899877243246,0.004950593599492562,0.19051824658224278,0.1904539154330646,0.0072999585891013455,0.3364996376622121,0.33642044639319624,1.4435312033255536,False,2.9296720384000356,-1.0295490684776045,1.1630557975786584,-2.5725799022169786,3.050576717622894,0,0,,0.20593427879998188,0.25337389010367806,0.36273666084434586,1.073172395216799,1.3710883950371566,1.9928150747803512,
conv2,ours,best_validation,positive_minus_negative,negative_phase,Layer_1,1,ConvLayer,64x14x14,6,6,10,0.625,0,20,36,7225344,1.0304961967706063e-08,3.294293525946813e-05,3.2942933647707626e-05,-0.15809309025336116,2.7963748564520303,2.7919023823571005,-0.1580930799483992,2.7963748950203833,2.7919024215707626,1.1780586277072058e-05,False,0.005080422107831203,-29.7029494912179,28.13636318620395,-29.702945223731852,28.13642913584563,109,7225344,1.508578691893424e-05,2.4545398410732597e-05,3.0204984610129493e-05,4.4993018207305124e-05,8.659082054958793e-06,1.1103475635660898e-05,1.6112454516874625e-05,1.6471467629734064e-05
conv2,ours,best_validation,positive_minus_negative,negative_phase,Layer_2,2,ConvLayer,128x7x7,6,6,10,0.625,0,20,36,3612672,6.492861897753579e-07,0.00148284723820016,0.0014828470960504612,-0.016341748994906084,0.47519129615660904,0.4749102180231392,-0.01634109970871631,0.47519587724824697,0.474914824167493,0.003120526933455147,False,0.20500253803387947,-7.804834591032915,7.406208557110362,-7.803592754884853,7.407512180459501,1490,3612672,0.000412437110260771,0.001068698092353376,0.0013571134045212907,0.002011216174810193,0.002214464612367378,0.0028589530530805938,0.004245782106789632,0.00074142361910008
conv2,ours,best_validation,positive_minus_negative,negative_phase,Layer_3,3,LinearLayer,20,6,6,10,0.625,0,20,36,11520,0.004700620952546177,0.5500386458522458,0.5500185597719706,0.002599337636555168,0.3326174741281457,0.332607317326662,0.0072999585891013455,0.3364996376622121,0.33642044639319624,1.6536673164691746,False,5.859318021555735,-2.9771170956738,2.443569533667599,-2.5725799022169786,3.050576717622894,0,0,,0.4118738416125419,0.5067400172638354,0.7254966495856113,1.4464127412439112,1.6306508065023826,1.8076913668899788,0.2750193229261229
conv2,legacy,reconstructed_initialization,negative,post_T_free,Layer_1,1,ConvLayer,64x14x14,6,6,0.03,0.0001171875,0,0,36,7225344,2.9625752783246383e-07,2.6529167935364504e-06,2.6363230057468903e-06,-0.0010809581401316276,1.8994430154087107,1.899442707826281,-0.0010806618826037916,1.899443191611998,1.8994428841981716,1.3966814334599092e-06,False,2.3301855143653682e-05,-22.584509930706588,28.467506340835737,-22.58450388336604,28.467515659184734,4,7225344,5.536068594104309e-07,2.3723656458898167e-06,2.621133640691053e-06,2.997906581548119e-06,1.2405148451653893e-06,1.3735858272391428e-06,1.5138862656642367e-06,
conv2,legacy,reconstructed_initialization,negative,post_T_free,Layer_2,2,ConvLayer,128x7x7,6,6,0.03,0.0001171875,0,0,36,3612672,7.098450636226396e-07,6.581920529539372e-05,6.581537742581771e-05,0.0038539574605142082,0.40828771627291055,0.40826952650331527,0.0038546673055778304,0.4082907381431276,0.40827254180684663,0.00016120789990017328,False,0.0002794295807153624,-2.5745226569471114,4.19437500316808,-2.5744402838714198,4.194476053036356,207,3612672,5.7298309948979594e-05,6.495108475603408e-05,6.581264653779926e-05,6.648233634798667e-05,0.0001508720839708091,0.00016225527053554496,0.00017214994028802195,
conv2,legacy,reconstructed_initialization,negative,post_T_free,Layer_3,3,LinearLayer,20,6,6,0.03,0.0001171875,0,0,36,11520,-0.0001673789195298935,0.12222660153447976,0.12222648692883956,0.021949986036527664,0.1964285081337468,0.1951982503011891,0.021782607116997775,0.23190573030475503,0.2308804577597859,0.6222447174076001,False,0.43566606450280915,-0.4686334663590433,0.6381412016885043,-0.8205877070272991,1.013656316797625,0,0,,0.1209285919314695,0.12216735921203167,0.12389358577766715,0.48575335462743113,0.6348903234012342,0.8061290975435259,
conv2,legacy,reconstructed_initialization,negative,matched_zero_K,Layer_1,1,ConvLayer,64x14x14,6,6,0.03,0.0001171875,0,0,36,7225344,1.1212983504375104e-09,9.051387720649621e-07,9.051380775247923e-07,-0.0010806630039021418,1.899443189678196,1.8994428822637313,-0.0010806618826037916,1.899443191611998,1.8994428841981716,4.765284779158417e-07,False,8.310577092052185e-06,-22.5845063230558,28.467513669644653,-22.58450388336604,28.467515659184734,1,7225344,1.3840171485260771e-07,8.867172409043482e-07,9.045191789816837e-07,9.236730968618673e-07,4.4441152704130146e-07,4.799633887983273e-07,5.03825282231658e-07,
conv2,legacy,reconstructed_initialization,negative,matched_zero_K,Layer_2,2,ConvLayer,128x7x7,6,6,0.03,0.0001171875,0,0,36,3612672,-3.246633959998533e-08,6.56551876027055e-05,6.56551795754398e-05,0.0038546997719174306,0.4082904914796686,0.40827229482586463,0.0038546673055778304,0.4082907381431276,0.40827254180684663,0.00016080508601796543,False,0.0002705439302783663,-2.5745224852175905,4.194390635570347,-2.5744402838714198,4.194476053036356,203,3612672,5.619109623015873e-05,6.4823314980272e-05,6.564639079076605e-05,6.635483833168228e-05,0.00015039643813892078,0.0001617872831453224,0.00017180606266815112,
conv2,legacy,reconstructed_initialization,negative,matched_zero_K,Layer_3,3,LinearLayer,20,6,6,0.03,0.0001171875,0,0,36,11520,-0.00018307649133918064,0.12222673283455021,0.12222659572452647,0.021965683608336953,0.1964733713357087,0.19524163077488807,0.021782607116997775,0.23190573030475503,0.2308804577597859,0.6221033008371639,False,0.4357524541353607,-0.46873603657486396,0.6382687430529567,-0.8205877070272991,1.013656316797625,0,0,,0.12092871500199127,0.12216750219946518,0.12389371208734487,0.4856432312796958,0.6347461543440956,0.8059517652903433,
conv2,legacy,reconstructed_initialization,positive,post_T_free,Layer_1,1,ConvLayer,64x14x14,6,6,0.03,0.0001171875,0,0,36,7225344,2.9407666429669697e-07,2.699773384173713e-06,2.683709231904401e-06,-0.0010809581401316276,1.8994430154087107,1.899442707826281,-0.0010806640634673278,1.899443187744939,1.899442880329871,1.4213500285465485e-06,False,2.4364283141786736e-05,-22.584509930706588,28.467506340835737,-22.58450876273182,28.46751168010457,4,7225344,5.536068594104309e-07,2.38387573151544e-06,2.691315147587284e-06,3.051423020856943e-06,1.2796087836283263e-06,1.418821071274416e-06,1.5554488735778204e-06,
conv2,legacy,reconstructed_initialization,positive,post_T_free,Layer_2,2,ConvLayer,128x7x7,6,6,0.03,0.0001171875,0,0,36,3612672,7.757628406876551e-07,6.585073628466221e-05,6.584616664048969e-05,0.0038539574605142082,0.40828771627291055,0.40826952650331527,0.0038547332233548953,0.4082902554711915,0.40827205849103565,0.00016128512727687797,False,0.00027714109731169067,-2.5745226569471114,4.19437500316808,-2.5746046866022603,4.194305218104332,199,3612672,5.5083882511337866e-05,6.498833661591373e-05,6.582164088222387e-05,6.651075262372426e-05,0.00015099912590315744,0.00016232908952157644,0.00017218005094475,
conv2,legacy,reconstructed_initialization,positive,post_T_free,Layer_3,3,LinearLayer,20,6,6,0.03,0.0001171875,0,0,36,11520,0.0001987792633961982,0.12222688186640931,0.1222267202275739,0.021949986036527664,0.1964285081337468,0.1951982503011891,0.02214876529992386,0.23087237221192683,0.22980749432177222,0.6222461445524287,False,0.4358387447369329,-0.4686334663590433,0.6381412016885043,-0.8078775526550623,0.9422381462361181,0,0,,0.12092884772132124,0.12216765989634917,0.12389385213022087,0.48575506025155235,0.6348918175691793,0.8061300395080054,
conv2,legacy,reconstructed_initialization,positive,matched_zero_K,Layer_1,1,ConvLayer,64x14x14,6,6,0.03,0.0001171875,0,0,36,7225344,-1.0595651853293091e-09,9.052114118041568e-07,9.052107916845074e-07,-0.0010806630039021418,1.899443189678196,1.8994428822637313,-0.0010806640634673278,1.899443187744939,1.899442880329871,4.7656672056483974e-07,False,8.310572672920458e-06,-22.5845063230558,28.467513669644653,-22.58450876273182,28.46751168010457,1,7225344,1.3840171485260771e-07,8.86779107762419e-07,9.045174171099145e-07,9.23781021359729e-07,4.4451515080982686e-07,4.79952084358654e-07,5.039495159376819e-07,
conv2,legacy,reconstructed_initialization,positive,matched_zero_K,Layer_2,2,ConvLayer,128x7x7,6,6,0.03,0.0001171875,0,0,36,3612672,3.3451437465030164e-08,6.565512370543013e-05,6.565511518363717e-05,0.0038546997719174306,0.4082904914796686,0.40827229482586463,0.0038547332233548953,0.4082902554711915,0.40827205849103565,0.00016080492951842234,False,0.00027054393027892143,-2.5745224852175905,4.194390635570347,-2.5746046866022603,4.194305218104332,199,3612672,5.5083882511337866e-05,6.482476727086228e-05,6.56483259410579e-05,6.635619978451472e-05,0.00015039813459432082,0.00016178285917022205,0.00017180688192450604,
conv2,legacy,reconstructed_initialization,positive,matched_zero_K,Layer_3,3,LinearLayer,20,6,6,0.03,0.0001171875,0,0,36,11520,0.00018308169158691087,0.12222673260049643,0.12222659548268316,0.021965683608336953,0.1964733713357087,0.19524163077488807,0.02214876529992386,0.23087237221192683,0.22980749432177222,0.6221032996458892,False,0.4357523551043814,-0.46873603657486396,0.6382687430529567,-0.8078775526550623,0.9422381462361181,0,0,,0.12092871333898118,0.1221675018021327,0.12389371515721774,0.4856432380824487,0.634746183721401,0.8059517523774126,
conv2,legacy,reconstructed_initialization,positive_minus_negative,negative_phase,Layer_1,1,ConvLayer,64x14x14,6,6,0.03,0.0001171875,0,0,36,7225344,-2.180863535766819e-09,1.810316863794323e-06,1.8103155501658687e-06,-0.0010806618826037916,1.899443191611998,1.8994428841981716,-0.0010806640634673278,1.899443187744939,1.899442880329871,9.530776554880611e-07,False,1.6621149764972643e-05,-22.58450388336604,28.467515659184734,-22.58450876273182,28.46751168010457,2,7225344,2.7680342970521543e-07,1.7734429642245152e-06,1.808992901177696e-06,1.8473902876036036e-06,8.889091628630941e-07,9.599009267483842e-07,1.0077657783808869e-06,9.051584318971615e-07
conv2,legacy,reconstructed_initialization,positive_minus_negative,negative_phase,Layer_2,2,ConvLayer,128x7x7,6,6,0.03,0.0001171875,0,0,36,3612672,6.591777706501552e-08,0.0001313077553628827,0.00013130773881719736,0.0038546673055778304,0.4082907381431276,0.40827254180684663,0.0038547332233548953,0.4082902554711915,0.40827205849103565,0.00032160356112915877,False,0.0005410878605572877,-2.5744402838714198,4.194476053036356,-2.5746046866022603,4.194305218104332,402,3612672,0.0001112749787414966,0.00012964463582007657,0.0001312924182538743,0.00013270833946470872,0.0003007883534971091,0.0003235620196554226,0.00034360957285157844,6.565387768144135e-05
conv2,legacy,reconstructed_initialization,positive_minus_negative,negative_phase,Layer_3,3,LinearLayer,20,6,6,0.03,0.0001171875,0,0,36,11520,0.0003661581829260917,0.24445346543503496,0.24445319120719802,0.021782607116997775,0.23190573030475503,0.2308804577597859,0.02214876529992386,0.23087237221192683,0.22980749432177222,1.054107050799437,False,0.871504809239742,-0.8205877070272991,1.013656316797625,-0.8078775526550623,0.9422381462361181,0,0,,0.24185742834095392,0.24433500400158956,0.24778742724455033,0.8735791792871649,1.0692303815418436,1.2510199844924186,0.12222673271751748
conv2,legacy,best_validation,negative,post_T_free,Layer_1,1,ConvLayer,64x14x14,6,6,0.03,0.0001171875,0,24,36,7225344,-3.4051929206954998e-09,2.0570062879191312e-07,2.0567244187435826e-07,-0.1776369963036899,3.9604586035628433,3.9564728544600367,-0.17763699970888283,3.9604586040318384,3.956472854776618,5.193858827532348e-08,False,1.8193170636005007e-05,-38.50736953529408,37.36364694385834,-38.50736968616472,37.36364702357582,0,7225344,0.0,1.3449552966646755e-07,1.9669308680790883e-07,2.880010055423083e-07,3.4618942593131256e-08,4.9734352557844934e-08,7.376500678648961e-08,
conv2,legacy,best_validation,negative,post_T_free,Layer_2,2,ConvLayer,128x7x7,6,6,0.03,0.0001171875,0,24,36,3612672,-6.27905900835567e-08,1.532732233997704e-05,1.532719372407605e-05,-0.026465622923065802,0.6297142877980113,0.6291578935849496,-0.026465685713655884,0.6297143173184115,0.6291579204901573,2.4340121602725127e-05,False,0.002170225665389658,-9.716504424763603,7.77033139753158,-9.716511133978806,7.770282229200846,16,3612672,4.428854875283447e-06,1.0598164729247903e-05,1.4665805233881724e-05,2.1519710746477194e-05,1.6541894041078e-05,2.3086095997510294e-05,3.448054526821736e-05,
conv2,legacy,best_validation,negative,post_T_free,Layer_3,3,LinearLayer,20,6,6,0.03,0.0001171875,0,24,36,11520,-0.00013550712422778674,0.025692568731896667,0.02569221138521396,-0.023755496383046453,0.22317245504362007,0.2219045314584443,-0.02389100350727424,0.2247450159556872,0.22347156899332296,0.11512428237111491,False,0.2747707545543584,-1.297948396975695,1.1293412330040324,-1.3535200945793258,1.1530131928511063,0,0,,0.01884084073114147,0.024953928829118593,0.034389319835195616,0.07929736462721479,0.11398260044027833,0.16546780903275904,
conv2,legacy,best_validation,negative,matched_zero_K,Layer_1,1,ConvLayer,64x14x14,6,6,0.03,0.0001171875,0,24,36,7225344,-3.935498398602116e-09,2.0574640907110314e-07,2.0570876670187956e-07,-0.1776369957733844,3.9604586036720852,3.956472854593198,-0.17763699970888283,3.9604586040318384,3.956472854776618,5.1950147611778535e-08,False,1.8207088552157913e-05,-38.50736953471897,37.36364694361897,-38.50736968616472,37.36364702357582,0,7225344,0.0,1.3452586567345346e-07,1.9708271448516519e-07,2.8788373441442013e-07,3.462681007995217e-08,4.98097147835328e-08,7.369228231393573e-08,
conv2,legacy,best_validation,negative,matched_zero_K,Layer_2,2,ConvLayer,128x7x7,6,6,0.03,0.0001171875,0,24,36,3612672,-6.338383013382628e-08,1.5327352828075703e-05,1.5327221770640555e-05,-0.02646562232982575,0.629714288942359,0.629157894755264,-0.026465685713655884,0.6297143173184115,0.6291579204901573,2.434016997425748e-05,False,0.00217023554414994,-9.716504433439345,7.77033143595007,-9.716511133978806,7.770282229200846,16,3612672,4.428854875283447e-06,1.0598237934300511e-05,1.4665816628853333e-05,2.1519693834602086e-05,1.654182954601275e-05,2.308605821196431e-05,3.4480356609658024e-05,
conv2,legacy,best_validation,negative,matched_zero_K,Layer_3,3,LinearLayer,20,6,6,0.03,0.0001171875,0,24,36,11520,-0.0001355769211485085,0.025692569935394205,0.025692212220507094,-0.02375542658612573,0.22317249991355997,0.22190458405670468,-0.02389100350727424,0.2247450159556872,0.22347156899332296,0.11512426461748446,False,0.2747708946345298,-1.2979486012282269,1.1293419023186235,-1.3535200945793258,1.1530131928511063,0,0,,0.018840840012099118,0.02495393285908452,0.034389323080907516,0.07929736679414927,0.11398257945123316,0.1654678023721277,
conv2,legacy,best_validation,positive,post_T_free,Layer_1,1,ConvLayer,64x14x14,6,6,0.03,0.0001171875,0,24,36,7225344,4.467472721129497e-09,2.0584220840028655e-07,2.0579372304954534e-07,-0.1776369963036899,3.9604586035628433,3.9564728544600367,-0.17763699183621717,3.960458603312195,3.9564728544097156,5.1974336561707815e-08,False,1.822100646831082e-05,-38.50736953529408,37.36364694385834,-38.50736938327321,37.363646863661785,0,7225344,0.0,1.3484285111830252e-07,1.9754535060020335e-07,2.8766715384513795e-07,3.470942217041593e-08,4.983739565100212e-08,7.363738146403435e-08,
conv2,legacy,best_validation,positive,post_T_free,Layer_2,2,ConvLayer,128x7x7,6,6,0.03,0.0001171875,0,24,36,3612672,6.400026741672242e-08,1.5326802763612724e-05,1.5326669139785632e-05,-0.026465622923065802,0.6297142877980113,0.6291578935849496,-0.026465558922798386,0.6297142609442271,0.6291578693995952,2.433929650414568e-05,False,0.0021702454229087786,-9.716504424763603,7.77033139753158,-9.71649773289987,7.770380642699287,18,3612672,4.982461734693877e-06,1.0598318938839778e-05,1.4665843210328312e-05,2.1519613029825428e-05,1.6543489996418143e-05,2.3086022242798192e-05,3.447982951978071e-05,
conv2,legacy,best_validation,positive,post_T_free,Layer_3,3,LinearLayer,20,6,6,0.03,0.0001171875,0,24,36,11520,0.00013564703890904886,0.025692570094113118,0.025692212009123524,-0.023755496383046453,0.22317245504362007,0.2219045314584443,-0.023619849344137408,0.2245480427081908,0.22330232018731855,0.11512428847498848,False,0.27477103471470155,-1.297948396975695,1.1293412330040324,-1.242377107877128,1.105670611786139,0,0,,0.018840840432148176,0.024953936881684617,0.034389326157365466,0.07929739607727898,0.11398259986819387,0.16546783877225665,
conv2,legacy,best_validation,positive,matched_zero_K,Layer_1,1,ConvLayer,64x14x14,6,6,0.03,0.0001171875,0,24,36,7225344,3.93716724322288e-09,2.0573132338919958e-07,2.0569364632280286e-07,-0.1776369957733844,3.9604586036720852,3.956472854593198,-0.17763699183621717,3.960458603312195,3.9564728544097156,5.1946338537271466e-08,False,1.8207088552157913e-05,-38.50736953471897,37.36364694361897,-38.50736938327321,37.363646863661785,0,7225344,0.0,1.345272536237853e-07,1.970826219993132e-07,2.8787675226096744e-07,3.462714619595568e-08,4.974519347404478e-08,7.369049672562376e-08,
conv2,legacy,best_validation,positive,matched_zero_K,Layer_2,2,ConvLayer,128x7x7,6,6,0.03,0.0001171875,0,24,36,3612672,6.340702736645284e-08,1.5326770590951667e-05,1.532663943258735e-05,-0.02646562232982575,0.629714288942359,0.629157894755264,-0.026465558922798386,0.6297142609442271,0.6291578693995952,2.4339245369028947e-05,False,0.0021702355441484966,-9.716504433439345,7.77033143595007,-9.71649773289987,7.770380642699287,18,3612672,4.982461734693877e-06,1.0598238105857751e-05,1.4665830263064943e-05,2.1519628414393203e-05,1.6543552530131573e-05,2.3086058211929596e-05,3.448001477327799e-05,
conv2,legacy,best_validation,positive,matched_zero_K,Layer_3,3,LinearLayer,20,6,6,0.03,0.0001171875,0,24,36,11520,0.0001355772419883271,0.025692568889899015,0.025692211173304284,-0.02375542658612573,0.22317249991355997,0.22190458405670468,-0.023619849344137408,0.2245480427081908,0.22330232018731855,0.11512425993278903,False,0.27477089463453014,-1.2979486012282269,1.1293419023186235,-1.242377107877128,1.105670611786139,0,0,,0.01884084114987022,0.024953932851006076,0.03438932291123852,0.07929736709085339,0.11398257944992443,0.16546780159399332,
conv2,legacy,best_validation,positive_minus_negative,negative_phase,Layer_1,1,ConvLayer,64x14x14,6,6,0.03,0.0001171875,0,24,36,7225344,7.872665641824996e-09,4.114754729757054e-07,4.1140015313107567e-07,-0.17763699970888283,3.9604586040318384,3.956472854776618,-0.17763699183621717,3.960458603312195,3.9564728544097156,1.0389591562876427e-07,False,3.6414177104315826e-05,-38.50736968616472,37.36364702357582,-38.50736938327321,37.363646863661785,0,7225344,0.0,2.6905304971827e-07,3.9416533612268363e-07,5.757594572292812e-07,6.925393904380959e-08,9.955328078223202e-08,1.473825159510873e-07,2.057377364878527e-07
conv2,legacy,best_validation,positive_minus_negative,negative_phase,Layer_2,2,ConvLayer,128x7x7,6,6,0.03,0.0001171875,0,24,36,3612672,1.2679085750027912e-07,3.0653897625162214e-05,3.065363540744197e-05,-0.026465685713655884,0.6297143173184115,0.6291579204901573,-0.026465558922798386,0.6297142609442271,0.6291578693995952,4.8679054584147626e-05,False,0.0043404710882984365,-9.716511133978806,7.770282229200846,-9.71649773289987,7.770380642699287,34,3612672,9.411316609977324e-06,2.1196469655651113e-05,2.9331640165234063e-05,4.303924313583324e-05,3.3085193780656776e-05,4.617210937808408e-05,6.896019952788678e-05,1.5326948812581107e-05
conv2,legacy,best_validation,positive_minus_negative,negative_phase,Layer_3,3,LinearLayer,20,6,6,0.03,0.0001171875,0,24,36,11520,0.00027115416313683565,0.05138513882528659,0.05138442339380475,-0.02389100350727424,0.2247450159556872,0.22347156899332296,-0.023619849344137408,0.2245480427081908,0.22330232018731855,0.22863750106662284,False,0.5495417892690599,-1.3535200945793258,1.1530131928511063,-1.242377107877128,1.105670611786139,0,0,,0.03768168116196877,0.04990786571009061,0.06877864599214559,0.15768101214775967,0.2248156533063435,0.32823163418650225,0.025692569412643296
conv1,baseline,reconstructed_initialization,negative,post_T_free,Layer_1,1,ConvLayer,64x14x14,4,4,100,100.0,0,0,36,7225344,5.162478817865505e-06,0.010864611646877778,0.010864610420364126,-0.024836560892765026,2.4392815334297038,2.4391550882578557,-0.024831398413947162,2.4393786947701503,2.439252307194016,0.004454021193528164,False,0.06767089683017424,-29.159266550645295,21.763004371725874,-29.163859181164703,21.74973862849265,7202,7225344,0.0009967691503684807,0.010726874042536368,0.01085310164521476,0.010995780980826628,0.0041678110818900455,0.0044800784773889445,0.004728358811972671,
conv1,baseline,reconstructed_initialization,negative,post_T_free,Layer_2,2,LinearLayer,20,4,4,100,100.0,0,0,36,11520,-0.0014304535180277448,1.1357383166466017,1.1357374158237412,-0.026039043638730656,0.04565036051815013,0.03749564803837054,-0.027469497156758404,1.138528141528202,1.1381967122503984,24.87906565809143,False,4.0226099743868025,-0.12421348035050199,0.13572351742856148,-3.9935826675951245,4.134517127167496,0,0,,1.1214126558383937,1.1347229180393041,1.1510649844748282,20.866413700521136,24.85408709254867,28.08226365398728,
conv1,baseline,reconstructed_initialization,negative,matched_zero_K,Layer_1,1,ConvLayer,64x14x14,4,4,100,100.0,0,0,36,7225344,5.1720760918917594e-06,0.010864611666376162,0.010864610435297987,-0.024836570490039053,2.4392815341783316,2.4391550889087985,-0.024831398413947162,2.4393786947701503,2.439252307194016,0.004454021200154697,False,0.06767085116465443,-29.15926656883915,21.76300436755295,-29.163859181164703,21.74973862849265,7202,7225344,0.0009967691503684807,0.010726874021416265,0.010853101662927484,0.010995781041526997,0.0041678110936595935,0.0044800784749951285,0.004728358813020422,
conv1,baseline,reconstructed_initialization,negative,matched_zero_K,Layer_2,2,LinearLayer,20,4,4,100,100.0,0,0,36,11520,-0.0014304431568613967,1.1357383166472939,1.135737415837483,-0.026039053999897,0.04565037290949944,0.03749565592927811,-0.027469497156758404,1.138528141528202,1.1381967122503984,24.87905890492642,False,4.02260996240868,-0.12421350863631732,0.1357235323485206,-3.9935826675951245,4.134517127167496,0,0,,1.1214126558383,1.1347229180424976,1.15106498446395,20.866407214812455,24.854080217710845,28.082257998558156,
conv1,baseline,reconstructed_initialization,positive,post_T_free,Layer_1,1,ConvLayer,64x14x14,4,4,100,100.0,0,0,36,7225344,6.339522370490239e-06,0.010866808338140644,0.010866806488952453,-0.024836560892765026,2.4392815334297038,2.4391550882578557,-0.024830221370394534,2.439232813363409,2.439106430210759,0.004454921742002277,False,0.06766988625417714,-29.159266550645295,21.763004371725874,-29.15467326773116,21.776270361417776,7443,7225344,0.0010301239636479591,0.010726275117523804,0.010856100359424373,0.010996244875001752,0.004168315141957724,0.004481253973975228,0.004729349814435349,
conv1,baseline,reconstructed_initialization,positive,post_T_free,Layer_2,2,LinearLayer,20,4,4,100,100.0,0,0,36,11520,0.0014409832105957273,1.1357390325709122,1.1357381184377402,-0.026039043638730656,0.04565036051815013,0.03749564803837054,-0.02459806042813493,1.1347799964980203,1.1345133652254702,24.879081340865948,False,4.022607619669033,-0.12421348035050199,0.13572351742856148,-3.9107004668883403,3.9660581054220145,0,0,,1.121412862584427,1.1347245625365423,1.1510654514075036,20.86642946279693,24.854095999872087,28.082279092654993,
conv1,baseline,reconstructed_initialization,positive,matched_zero_K,Layer_1,1,ConvLayer,64x14x14,4,4,100,100.0,0,0,36,7225344,6.349119644516494e-06,0.010866808308817132,0.010866806454025801,-0.024836570490039053,2.4392815341783316,2.4391550889087985,-0.024830221370394534,2.439232813363409,2.439106430210759,0.004454921728613667,False,0.06766993191969695,-29.15926656883915,21.76300436755295,-29.15467326773116,21.776270361417776,7443,7225344,0.0010301239636479591,0.010726275134401659,0.010856100331262282,0.010996244801611285,0.0041683151246379785,0.004481253943499079,0.004729349805209983,
conv1,baseline,reconstructed_initialization,positive,matched_zero_K,Layer_2,2,LinearLayer,20,4,4,100,100.0,0,0,36,11520,0.0014409935717620737,1.1357390325703174,1.1357381184239994,-0.026039053999897,0.04565037290949944,0.03749565592927811,-0.02459806042813493,1.1347799964980203,1.1345133652254702,24.87907458766848,False,4.022607631647157,-0.12421350863631732,0.1357235323485206,-3.9107004668883403,3.9660581054220145,0,0,,1.1214128625846318,1.1347245625334432,1.1510654514184715,20.86642297592911,24.854089125175435,28.082273436881962,
conv1,baseline,reconstructed_initialization,positive_minus_negative,negative_phase,Layer_1,1,ConvLayer,64x14x14,4,4,100,100.0,0,0,36,7225344,1.177043552624733e-06,0.021719275074421056,0.021719275042527002,-0.024831398413947162,2.4393786947701503,2.439252307194016,-0.024830221370394534,2.439232813363409,2.439106430210759,0.008903609398977533,False,0.13534078308435138,-29.163859181164703,21.74973862849265,-29.15467326773116,21.776270361417776,14645,7225344,0.00202689311401644,0.021440036178572215,0.021697026180773616,0.0219797076720139,0.00833061631361394,0.008956226464557977,0.00945199885271811,0.010859637537210528
conv1,baseline,reconstructed_initialization,positive_minus_negative,negative_phase,Layer_2,2,LinearLayer,20,4,4,100,100.0,0,0,36,11520,0.002871436728623472,2.2714773491706164,2.271475534238985,-0.027469497156758404,1.138528141528202,1.1381967122503984,-0.02459806042813493,1.1347799964980203,1.1345133652254702,1.9950998717710227,False,8.045217594055837,-3.9935826675951245,4.134517127167496,-3.9107004668883403,3.9660581054220145,0,0,,2.2428255183766126,2.2694474805258666,2.3021304358375123,1.9913471757331203,1.9955092312947236,1.9985544779770676,1.1357386745853082
conv1,baseline,best_validation,negative,post_T_free,Layer_1,1,ConvLayer,64x14x14,4,4,100,100.0,0,9,36,7225344,-2.0780158988161524e-06,0.004992636475161047,0.004992636042709146,-0.044396891011075586,2.386057020429831,2.385643942588884,-0.04439896902697441,2.3860464375666606,2.385633319220264,0.002092421275943213,False,0.21719645472415125,-18.822985060670796,18.6509767490881,-18.82481685158748,18.65115195889366,15819,7225344,0.0021893767272534014,0.003833404888278061,0.004991334157190403,0.005965380518092504,0.0016130688250689989,0.0020862283639849263,0.0025105025569903423,
conv1,baseline,best_validation,negative,post_T_free,Layer_2,2,LinearLayer,20,4,4,100,100.0,0,9,36,11520,0.00017135804602392996,0.22382846236707232,0.2238283967731261,-0.023965442335989722,0.15169719970105414,0.14979218260904623,-0.023794084289965798,0.2664061864258984,0.26534147380082246,1.475495017760153,False,1.6454401505825027,-0.7430447052329044,0.6377682448763793,-1.7113906317557186,1.5981507387500082,0,0,,0.1709327503817055,0.22064703553178988,0.2617382877263651,1.135507624936006,1.450693952693694,1.821267954353838,
conv1,baseline,best_validation,negative,matched_zero_K,Layer_1,1,ConvLayer,64x14x14,4,4,100,100.0,0,9,36,7225344,-1.957817413671181e-06,0.004992636708957394,0.004992636325087167,-0.044397011209560744,2.386057021299575,2.3856439412218786,-0.04439896902697441,2.3860464375666606,2.385633319220264,0.0020924213731648945,False,0.21719673582679025,-18.82298540520856,18.650976617242705,-18.82481685158748,18.65115195889366,15817,7225344,0.0021890999238236963,0.0038334053780378877,0.004991336925198733,0.005965383453252997,0.0016130697056411449,0.0020862285757991634,0.0025105037942981753,
conv1,baseline,best_validation,negative,matched_zero_K,Layer_2,2,LinearLayer,20,4,4,100,100.0,0,9,36,11520,0.00017158772911431318,0.22382846283833274,0.22382839706842855,-0.023965672019080106,0.15169731394900934,0.1497922615625326,-0.023794084289965798,0.2664061864258984,0.26534147380082246,1.4754939096256454,False,1.6454404989535811,-0.7430458785445556,0.6377682660572661,-1.7113906317557186,1.5981507387500082,0,0,,0.17093275268481334,0.22064703402648475,0.26173828754188366,1.1355067311307698,1.4506932749608454,1.8212665301796347,
conv1,baseline,best_validation,positive,post_T_free,Layer_1,1,ConvLayer,64x14x14,4,4,100,100.0,0,9,36,7225344,-4.62671048053669e-06,0.004991366055335991,0.004991363910987707,-0.044396891011075586,2.386057020429831,2.385643942588884,-0.04440151772155613,2.3860781358913,2.3856649755995756,0.002091888841129552,False,0.1506542583661883,-18.822985060670796,18.6509767490881,-18.821154576838126,18.65080129246402,14698,7225344,0.0020342284049036283,0.0038368169851498747,0.005004282858301061,0.005939546052208633,0.0016146969408436574,0.0020885624707366324,0.0024996818140727533,
conv1,baseline,best_validation,positive,post_T_free,Layer_2,2,LinearLayer,20,4,4,100,100.0,0,9,36,11520,-0.00019504379114245845,0.22382849511505168,0.22382841013461238,-0.023965442335989722,0.15169719970105414,0.14979218260904623,-0.02416048612713218,0.27432372970562957,0.27325771643214025,1.4754952336374365,False,1.6458190527785175,-0.7430447052329044,0.6377682448763793,-1.7658296580769788,1.6014427300346208,0,0,,0.17092727379243347,0.2206428493886951,0.2617013282305008,1.1355244388858339,1.4507812361608496,1.821258475814729,
conv1,baseline,best_validation,positive,matched_zero_K,Layer_1,1,ConvLayer,64x14x14,4,4,100,100.0,0,9,36,7225344,-4.506511995391719e-06,0.004991365602997106,0.004991363568618529,-0.044397011209560744,2.386057021299575,2.3856439412218786,-0.04440151772155613,2.3860781358913,2.3856649755995756,0.002091888650791145,False,0.15065704724612328,-18.82298540520856,18.650976617242705,-18.821154576838126,18.65080129246402,14700,7225344,0.0020345052083333335,0.003836814797374987,0.005004279682630515,0.005939543115135788,0.0016146960178188337,0.002088562466187764,0.0024996805733797757,
conv1,baseline,best_validation,positive,matched_zero_K,Layer_2,2,LinearLayer,20,4,4,100,100.0,0,9,36,11520,-0.00019481410805207545,0.2238284946003483,0.22382840981993649,-0.023965672019080106,0.15169731394900934,0.1497922615625326,-0.02416048612713218,0.27432372970562957,0.27325771643214025,1.4754941190032191,False,1.645818704407439,-0.7430458785445556,0.6377682660572661,-1.7658296580769788,1.6014427300346208,0,0,,0.1709272714447094,0.2206428508254255,0.2617013284021318,1.1355235233821883,1.4507805362596629,1.8212570265297137,
conv1,baseline,best_validation,positive_minus_negative,negative_phase,Layer_1,1,ConvLayer,64x14x14,4,4,100,100.0,0,9,36,7225344,-2.5486945817205396e-06,0.009945930479879832,0.00994593015332194,-0.04439896902697441,2.3860464375666606,2.385633319220264,-0.04440151772155613,2.3860781358913,2.3856649755995756,0.004168372552724874,False,0.3391851645954729,-18.82481685158748,18.65115195889366,-18.821154576838126,18.65080129246402,30517,7225344,0.004223605132157029,0.007655239518608499,0.009956710149839449,0.011850029703674641,0.003221773405925271,0.004156945595044544,0.004987144581168018,0.004972965239939916
conv1,baseline,best_validation,positive_minus_negative,negative_phase,Layer_2,2,LinearLayer,20,4,4,100,100.0,0,9,36,11520,-0.0003664018371663882,0.44765694823531255,0.44765679828753524,-0.023794084289965798,0.2664061864258984,0.26534147380082246,-0.02416048612713218,0.27432372970562957,0.27325771643214025,1.680354928093344,False,3.29125920336102,-1.7113906317557186,1.5981507387500082,-1.7658296580769788,1.6014427300346208,0,0,,0.3418600205737893,0.44128987316493445,0.5234396025052239,1.5179986894428086,1.6644269822155073,1.7807298188204352,0.22382847411765627
conv1,ours,reconstructed_initialization,negative,post_T_free,Layer_1,1,ConvLayer,64x14x14,4,4,30,7.5,0,0,36,7225344,5.757249565832417e-06,0.012056524015486498,0.012056522640881164,-0.017400044761295374,2.142826958021954,2.1427563114987964,-0.017394287511729542,2.143047487830756,2.1429768953163433,0.00562645712961157,False,0.10143011476626551,-26.775743089324312,20.4909731523865,-26.793839242724943,20.473804094894987,11815,7225344,0.0016352162609835602,0.011533814839868681,0.012022448043239401,0.012613128163860312,0.005303183088354456,0.005680809675701183,0.005894540060455748,
conv1,ours,reconstructed_initialization,negative,post_T_free,Layer_2,2,LinearLayer,20,4,4,30,7.5,0,0,36,11520,-0.0017341815669680292,1.459840872316717,1.459839842277476,-0.07198898611786346,0.15720556239109712,0.13975397927938651,-0.0737231676848315,1.4910659114012057,1.4892422390898072,9.286190959865111,False,6.025545797250418,-0.4307784791042797,0.5218598938878466,-5.880683744799539,6.460764886046312,0,0,,1.3975471473083512,1.4567325821576838,1.5280621066804614,7.665725947594371,9.363347267693483,10.599449388943786,
conv1,ours,reconstructed_initialization,negative,matched_zero_K,Layer_1,1,ConvLayer,64x14x14,4,4,30,7.5,0,0,36,7225344,6.712586559294371e-06,0.01205652648096046,0.012056524612311896,-0.017401000098288835,2.1428270289340334,2.1427563746552796,-0.017394287511729542,2.143047487830756,2.1429768953163433,0.005626458093987211,False,0.10143057190291271,-26.77574517470718,20.490972957028312,-26.793839242724943,20.473804094894987,11815,7225344,0.0016352162609835602,0.011533812741922476,0.012022446618187061,0.01261313353684736,0.005303185076104328,0.005680810459459385,0.005894542838908578,
conv1,ours,reconstructed_initialization,negative,matched_zero_K,Layer_2,2,LinearLayer,20,4,4,30,7.5,0,0,36,11520,-0.0017300921445493815,1.4598408733449737,1.4598398481579362,-0.07199307554028211,0.15721140328206426,0.13975844302283522,-0.0737231676848315,1.4910659114012057,1.4892422390898072,9.285845955625549,False,6.02553762476811,-0.43079185751591736,0.5218696255313019,-5.880683744799539,6.460764886046312,0,0,,1.3975471428397115,1.4567325826081117,1.528062110300275,7.6653937286390175,9.363032042345257,10.599111650278545,
conv1,ours,reconstructed_initialization,positive,post_T_free,Layer_1,1,ConvLayer,64x14x14,4,4,30,7.5,0,0,36,7225344,-3.2324475170621875e-06,0.012058170170638535,0.012058169737375567,-0.017400044761295374,2.142826958021954,2.1427563114987964,-0.01740327720881244,2.142674482543601,2.1426038047398963,0.0056272253461704825,False,0.10142620931519364,-26.775743089324312,20.4909731523865,-26.757650063276092,20.508142413482044,12668,7225344,0.0017532729237528344,0.011535753814898407,0.012024851360509757,0.012615759596308467,0.0053028198065364985,0.0056812430960834475,0.005894471346626564,
conv1,ours,reconstructed_initialization,positive,post_T_free,Layer_2,2,LinearLayer,20,4,4,30,7.5,0,0,36,11520,0.0017358878162604193,1.4598430313722623,1.459841999306653,-0.07198898611786346,0.15720556239109712,0.13975397927938651,-0.07025309830160305,1.4451404812196107,1.443431852440105,9.28620469382918,False,6.025566898122931,-0.4307784791042797,0.5218598938878466,-5.590347809327037,5.993436271512752,0,0,,1.3975504564868861,1.4567356656086063,1.5280644868475477,7.6657379853800975,9.363390588819964,10.599456376914842,
conv1,ours,reconstructed_initialization,positive,matched_zero_K,Layer_1,1,ConvLayer,64x14x14,4,4,30,7.5,0,0,36,7225344,-2.277110523600235e-06,0.012058166640556194,0.01205816642554704,-0.017401000098288835,2.1428270289340334,2.1427563746552796,-0.01740327720881244,2.142674482543601,2.1426038047398963,0.005627223512555107,False,0.10142575217854644,-26.77574517470718,20.490972957028312,-26.757650063276092,20.508142413482044,12668,7225344,0.0017532729237528344,0.011535754657471997,0.01202485203615103,0.012615752987848604,0.005302817299243101,0.005681241129629856,0.005894467637956956,
conv1,ours,reconstructed_initialization,positive,matched_zero_K,Layer_2,2,LinearLayer,20,4,4,30,7.5,0,0,36,11520,0.0017399772386790656,1.459843030277313,1.4598419933432718,-0.07199307554028211,0.15721140328206426,0.13975844302283522,-0.07025309830160305,1.4451404812196107,1.443431852440105,9.28585967557394,False,6.025575070605239,-0.43079185751591736,0.5218696255313019,-5.590347809327037,5.993436271512752,0,0,,1.3975504608945277,1.4567356650935013,1.5280644832118786,7.66540561787027,9.363075381067457,10.599118713058214,
conv1,ours,reconstructed_initialization,positive_minus_negative,negative_phase,Layer_1,1,ConvLayer,64x14x14,4,4,30,7.5,0,0,36,7225344,-8.989697082894606e-06,0.024099848126555194,0.024099846449892003,-0.017394287511729542,2.143047487830756,2.1429768953163433,-0.01740327720881244,2.142674482543601,2.1426038047398963,0.011245596872400452,False,0.20285632408145915,-26.793839242724943,20.473804094894987,-26.757650063276092,20.508142413482044,24483,7225344,0.0033884891847363948,0.02305636010187915,0.024031655160833353,0.02521393929153697,0.01059861892053542,0.011354331293447473,0.011780189543933575,0.012049924063277597
conv1,ours,reconstructed_initialization,positive_minus_negative,negative_phase,Layer_2,2,LinearLayer,20,4,4,30,7.5,0,0,36,11520,0.003470069383228448,2.919683903049281,2.919681840944927,-0.0737231676848315,1.4910659114012057,1.4892422390898072,-0.07025309830160305,1.4451404812196107,1.443431852440105,1.9581186054381419,False,12.051112695373348,-5.880683744799539,6.460764886046312,-5.590347809327037,5.993436271512752,0,0,,2.7950976031365458,2.9134682470777977,3.056126593003116,1.9502123592567042,1.958792386451151,1.9671693000532586,1.4598419515246406
conv1,ours,best_validation,negative,post_T_free,Layer_1,1,ConvLayer,64x14x14,4,4,30,7.5,0,7,36,7225344,-1.2852454668341159e-05,0.0029470874635274522,0.002947059438167081,-0.022731028452250533,1.1244493332710934,1.1242195530408237,-0.022743880906918874,1.1244648469085055,1.1242348099103943,0.0026209161909983006,False,0.0701014211761759,-12.539748240017827,12.953493852920001,-12.538360900249792,12.955610524885463,8963,7225344,0.001240494570223923,0.0024811043116022826,0.002870388833124157,0.003435957221614756,0.0022021593047099742,0.002572591756488997,0.0030655959754364026,
conv1,ours,best_validation,negative,post_T_free,Layer_2,2,LinearLayer,20,4,4,30,7.5,0,7,36,11520,-0.00036012623188822835,0.18534585811993232,0.18534550825771634,-0.06270870911276093,0.16950165906433848,0.15747517336702435,-0.06306883534464916,0.2554900719892598,0.2475833170739634,1.0934751856887712,False,1.421497318151884,-0.7572881580933452,0.6284683191974118,-1.5009346895837876,1.3182408525973837,0,0,,0.15148291160007943,0.1826579294528567,0.2133160655205843,0.8766889141804227,1.0763326175293522,1.3320032840782734,
conv1,ours,best_validation,negative,matched_zero_K,Layer_1,1,ConvLayer,64x14x14,4,4,30,7.5,0,7,36,7225344,-1.5236522869091777e-06,0.002947009433686076,0.0029470090398094196,-0.022742357254631966,1.1244496367318153,1.1242196274451064,-0.022743880906918874,1.1244648469085055,1.1242348099103943,0.002620846089871562,False,0.07007655499209609,-12.539787887569977,12.953480761660744,-12.538360900249792,12.955610524885463,8969,7225344,0.0012413249805130386,0.002480898209769026,0.0028704517677759353,0.0034359671498998766,0.002202047122658295,0.0025725139640738436,0.003065582179666232,
conv1,ours,best_validation,negative,matched_zero_K,Layer_2,2,LinearLayer,20,4,4,30,7.5,0,7,36,11520,-0.0003101483001321733,0.18534570494520144,0.18534544545163661,-0.06275868704451698,0.16953273965272597,0.1574887202773816,-0.06306883534464916,0.2554900719892598,0.2475833170739634,1.093273814396364,False,1.4214263170805392,-0.7573368366993769,0.6284650048974315,-1.5009346895837876,1.3182408525973837,0,0,,0.1514826309409484,0.18265770476772208,0.21331586253484944,0.8764568306170869,1.0761588914559688,1.3317721286398312,
conv1,ours,best_validation,positive,post_T_free,Layer_1,1,ConvLayer,64x14x14,4,4,30,7.5,0,7,36,7225344,-2.3164207804674503e-06,0.0029483463262082277,0.0029483454162394745,-0.022731028452250533,1.1244493332710934,1.1242195530408237,-0.022733344873031,1.1244421328648104,1.1242123043235417,0.0026220357280405905,False,0.07008486057704211,-12.539748240017827,12.953493852920001,-12.541210159561373,12.951353513036125,8923,7225344,0.0012349585016298186,0.002483187108238853,0.0028701806181694214,0.003430161717365541,0.00220197607404928,0.0025748641365441263,0.0030650108296024717,
conv1,ours,best_validation,positive,post_T_free,Layer_2,2,LinearLayer,20,4,4,30,7.5,0,7,36,11520,0.00029791741238357377,0.1853478179990752,0.18534757857127163,-0.06270870911276093,0.16950165906433848,0.15747517336702435,-0.06241079170037736,0.2467899627612654,0.23876804392346743,1.0934867482844042,False,1.4224434530821413,-0.7572881580933452,0.6284683191974118,-1.4576459443269967,1.3430060816502376,0,0,,0.15148065645635658,0.1826610213795526,0.2133308671590037,0.876706290913303,1.0763544031046228,1.3319488499789713,
conv1,ours,best_validation,positive,matched_zero_K,Layer_1,1,ConvLayer,64x14x14,4,4,30,7.5,0,7,36,7225344,9.01238160096453e-06,0.002948364774664696,0.0029483510003833467,-0.022742357254631966,1.1244496367318153,1.1242196274451064,-0.022733344873031,1.1244421328648104,1.1242123043235417,0.0026220514270732876,False,0.07010972676112193,-12.539787887569977,12.953480761660744,-12.541210159561373,12.951353513036125,8917,7225344,0.001234128091340703,0.002483179950452611,0.0028700603051859935,0.003430122630734587,0.0022020095625181254,0.0025748901283234624,0.00306497317571076,
conv1,ours,best_validation,positive,matched_zero_K,Layer_2,2,LinearLayer,20,4,4,30,7.5,0,7,36,11520,0.0003478953441396289,0.1853479621408457,0.1853476356433874,-0.06275868704451698,0.16953273965272597,0.1574887202773816,-0.06241079170037736,0.2467899627612654,0.23876804392346743,1.0932871286131276,False,1.422514454153486,-0.7573368366993769,0.6284650048974315,-1.4576459443269967,1.3430060816502376,0,0,,0.15148091429908753,0.1826612382004457,0.2133310568148859,0.8764783311953286,1.0761817611933402,1.3317196141531547,
conv1,ours,best_validation,positive_minus_negative,negative_phase,Layer_1,1,ConvLayer,64x14x14,4,4,30,7.5,0,7,36,7225344,1.053603388787371e-05,0.0058902728583196656,0.005890263435318257,-0.022743880906918874,1.1244648469085055,1.1242348099103943,-0.022733344873031,1.1244421328648104,1.1242123043235417,0.005238289906984474,False,0.140186281753218,-12.538360900249792,12.955610524885463,-12.541210159561373,12.951353513036125,17886,7225344,0.0024754530718537416,0.004960925266797953,0.005735103250914768,0.006859447706747642,0.004401284003819563,0.005143741548110868,0.006124214612215557,0.0029451364291598328
conv1,ours,best_validation,positive_minus_negative,negative_phase,Layer_2,2,LinearLayer,20,4,4,30,7.5,0,7,36,11520,0.0006580436442718021,0.37069365879760696,0.37069307472802737,-0.06306883534464916,0.2554900719892598,0.2475833170739634,-0.06241079170037736,0.2467899627612654,0.23876804392346743,1.4509121857901002,False,2.843940771234025,-1.5009346895837876,1.3182408525973837,-1.4576459443269967,1.3430060816502376,0,0,,0.30296354112996415,0.3653189393563103,0.4266469068475055,1.3019741820529522,1.4326347370487629,1.5889017817919213,0.18534682939880348
conv1,legacy,reconstructed_initialization,negative,post_T_free,Layer_1,1,ConvLayer,64x14x14,4,4,3,0.1875,0,0,36,7225344,8.289959357431723e-07,0.0014214529326429125,0.00142145269090634,-0.024836560892765026,2.4392815334297038,2.4391550882578557,-0.024835731896829284,2.4393072142191046,2.439180778819503,0.0005827342654639403,False,0.012724722060473148,-29.159266550645295,21.763004371725874,-29.161473566751933,21.761196440586254,1728,7225344,0.00023915816326530612,0.0013526292396047774,0.0014180674734837334,0.001490950701430387,0.000548420232235904,0.0005875368301677145,0.0006132386526662766,
conv1,legacy,reconstructed_initialization,negative,post_T_free,Layer_2,2,LinearLayer,20,4,4,3,0.1875,0,0,36,11520,-0.0007253450274297914,0.5941937689422714,0.5941933262200213,-0.10415617455492263,0.1826014420726005,0.14998259215348217,-0.10488151958235241,0.6494912861388853,0.6409670799818349,3.2540475157147224,False,2.503894376576519,-0.49685392140200796,0.5428940697142459,-2.5957219221318315,2.9515229876992928,0,0,,0.5660682385660518,0.5931970136511009,0.6255479213468054,2.7061185727363744,3.2744231823409766,3.6894784032885775,
conv1,legacy,reconstructed_initialization,negative,matched_zero_K,Layer_1,1,ConvLayer,64x14x14,4,4,3,0.1875,0,0,36,7225344,8.385932097694277e-07,0.001421452954125114,0.0014214527067589837,-0.024836570490039053,2.4392815341783316,2.4391550889087985,-0.024835731896829284,2.4393072142191046,2.439180778819503,0.0005827342740918703,False,0.012724676394953338,-29.15926656883915,21.76300436755295,-29.161473566751933,21.761196440586254,1728,7225344,0.00023915816326530612,0.0013526292147144914,0.0014180674348966995,0.0014909506824833888,0.0005484202470468165,0.0005875368339291354,0.0006132386789641835,
conv1,legacy,reconstructed_initialization,negative,matched_zero_K,Layer_2,2,LinearLayer,20,4,4,3,0.1875,0,0,36,11520,-0.0007253035827644023,0.5941937689390481,0.5941933262673889,-0.104156215999588,0.18260149163799777,0.14998262371711243,-0.10488151958235241,0.6494912861388853,0.6409670799818349,3.25404663241755,False,2.5038943286640283,-0.4968540345452693,0.5428941293940824,-2.5957219221318315,2.9515229876992928,0,0,,0.5660682385073825,0.5931970136397398,0.625547921375342,2.706117666395599,3.2744222487663843,3.689477554546128,
conv1,legacy,reconstructed_initialization,positive,post_T_free,Layer_1,1,ConvLayer,64x14x14,4,4,3,0.1875,0,0,36,7225344,-1.3853710794969258e-07,0.0014215017442925108,0.001421501737541717,-0.024836560892765026,2.4392815334297038,2.4391550882578557,-0.02483669942987297,2.439256681423094,2.439130233552246,0.000582754276130577,False,0.012724458509586256,-29.159266550645295,21.763004371725874,-29.157059550642114,21.764812324384778,1849,7225344,0.00025590477076247164,0.0013525105017495574,0.0014179955884100737,0.0014909989539584954,0.0005484136409530995,0.0005875167479879979,0.0006133427573444109,
conv1,legacy,reconstructed_initialization,positive,post_T_free,Layer_2,2,LinearLayer,20,4,4,3,0.1875,0,0,36,11520,0.0007279570117111227,0.5941939111429326,0.5941934652265408,-0.10415617455492263,0.1826014420726005,0.14998259215348217,-0.10342821754321149,0.5924357835884813,0.5833376050726817,3.2540482944635625,False,2.503888544427215,-0.49685392140200796,0.5428940697142459,-2.2687714559733827,2.475793527776706,0,0,,0.5660682078001833,0.5931971740925779,0.6255479948806386,2.7061200725348353,3.2744233526175632,3.6894791589143097,
conv1,legacy,reconstructed_initialization,positive,matched_zero_K,Layer_1,1,ConvLayer,64x14x14,4,4,3,0.1875,0,0,36,7225344,-1.2893983392343716e-07,0.0014215017210939239,0.0014215017152460656,-0.024836570490039053,2.4392815341783316,2.4391550889087985,-0.02483669942987297,2.439256681423094,2.439130233552246,0.0005827542664413088,False,0.012724504175106066,-29.15926656883915,21.76300436755295,-29.157059550642114,21.764812324384778,1849,7225344,0.00025590477076247164,0.0013525105255791725,0.0014179956239318322,0.0014909989715054684,0.000548413625150872,0.000587516743752697,0.0006133427299586366,
conv1,legacy,reconstructed_initialization,positive,matched_zero_K,Layer_2,2,LinearLayer,20,4,4,3,0.1875,0,0,36,11520,0.0007279984563765123,0.5941939111461941,0.5941934651790264,-0.104156215999588,0.18260149163799777,0.14998262371711243,-0.10342821754321149,0.5924357835884813,0.5833376050726817,3.2540474112016926,False,2.503888592339706,-0.4968540345452693,0.5428941293940824,-2.2687714559733827,2.475793527776706,0,0,,0.566068207858907,0.5931971741039928,0.6255479948521663,2.7061191658716273,3.2744224194158256,3.689478310270072,
conv1,legacy,reconstructed_initialization,positive_minus_negative,negative_phase,Layer_1,1,ConvLayer,64x14x14,4,4,3,0.1875,0,0,36,7225344,-9.675330436928646e-07,0.002842592299178447,0.0028425921345188476,-0.024835731896829284,2.4393072142191046,2.439180778819503,-0.02483669942987297,2.439256681423094,2.439130233552246,0.001165327713790428,False,0.025449180570059404,-29.161473566751933,21.761196440586254,-29.157059550642114,21.764812324384778,3577,7225344,0.0004950629340277778,0.002704822908641818,0.0028356296802792376,0.0029815965148840386,0.0010966975964114452,0.0011748994737050445,0.0012264133213507346,0.0014212961495892234
conv1,legacy,reconstructed_initialization,positive_minus_negative,negative_phase,Layer_2,2,LinearLayer,20,4,4,3,0.1875,0,0,36,11520,0.0014533020391409154,1.1883876800773838,1.188386791441612,-0.10488151958235241,0.6494912861388853,0.6409670799818349,-0.10342821754321149,0.5924357835884813,0.5833376050726817,1.8297207452037512,False,5.007782921003734,-2.5957219221318315,2.9515229876992928,-2.2687714559733827,2.475793527776706,0,0,,1.1321364463589467,1.1863941877361295,1.251095916220649,1.808625006269766,1.8315834829304096,1.8485466295507715,0.5941938400386919
conv1,legacy,best_validation,negative,post_T_free,Layer_1,1,ConvLayer,64x14x14,4,4,3,0.1875,0,9,36,7225344,-8.253147080429586e-08,0.0005724320680469908,0.0005724320620974257,-0.038005158592842474,1.3644464243247894,1.363917025618874,-0.03800524112431327,1.3644466463728555,1.3639172454534092,0.0004195342945255361,False,0.01665832268791334,-15.811289983493905,16.08774492984097,-15.810930468144635,16.087601598545948,5553,7225344,0.0007685447225765306,0.00043847712796779955,0.0005693610281398468,0.0006781905184172437,0.0003218402920228955,0.0004163878419948451,0.0004998761183065807,
conv1,legacy,best_validation,negative,post_T_free,Layer_2,2,LinearLayer,20,4,4,3,0.1875,0,9,36,11520,-1.1575270596692882e-05,0.1452021230745029,0.14520212261312226,-0.10414565495359517,0.19164144082323076,0.1608730070431039,-0.10415723022419186,0.24036367441532094,0.21662402306867792,0.7576760143879147,False,1.1093451203027993,-0.8229651205608299,0.5828063483215415,-1.3243322649091287,1.1753926245336734,0,0,,0.11003592547507988,0.14440175660336435,0.17051495151833532,0.5555334256561817,0.7535658914852812,0.924207356713892,
conv1,legacy,best_validation,negative,matched_zero_K,Layer_1,1,ConvLayer,64x14x14,4,4,3,0.1875,0,9,36,7225344,3.8176578111873075e-09,0.0005724324684311231,0.0005724324684183927,-0.038005244941971085,1.3644464273225922,1.3639170262117437,-0.03800524112431327,1.3644466463728555,1.3639172454534092,0.00041953458704449705,False,0.01665768139640389,-15.811289987744168,16.087744868892653,-15.810930468144635,16.087601598545948,5552,7225344,0.000768406320861678,0.000438478392928547,0.0005693620233255829,0.0006781907645636552,0.00032184121932473135,0.00041638857275635066,0.0004998763923343238,
conv1,legacy,best_validation,negative,matched_zero_K,Layer_2,2,LinearLayer,20,4,4,3,0.1875,0,9,36,11520,-1.1174551356597234e-05,0.14520212344223815,0.14520212301224927,-0.10414605567283526,0.1916417749584796,0.1608731456677193,-0.10415723022419186,0.24036367441532094,0.21662402306867792,0.7576746952677574,False,1.109344810545834,-0.8229667558818683,0.5828061677643294,-1.3243322649091287,1.1753926245336734,0,0,,0.1100359261980644,0.14440175607270858,0.17051495136212746,0.5555319109678549,0.7535649949522084,0.9242060162457573,
conv1,legacy,best_validation,positive,post_T_free,Layer_1,1,ConvLayer,64x14x14,4,4,3,0.1875,0,9,36,7225344,-9.336339187888764e-07,0.000572578270919791,0.0005725775097375055,-0.038005158592842474,1.3644464243247894,1.363917025618874,-0.038006092226761254,1.3644464491117485,1.363917024399692,0.0004196414463126592,False,0.01665573002225762,-15.811289983493905,16.08774492984097,-15.811649529476066,16.08788811303358,5899,7225344,0.0008164317159155329,0.00043838495956158665,0.0005693520589204049,0.0006780074894866726,0.0003217726052473581,0.00041638122759880944,0.0005000345139460243,
conv1,legacy,best_validation,positive,post_T_free,Layer_2,2,LinearLayer,20,4,4,3,0.1875,0,9,36,11520,6.863277339547633e-06,0.14520241603919207,0.14520241587698893,-0.10414565495359517,0.19164144082323076,0.1608730070431039,-0.10413879167625563,0.24051234269507013,0.21679782991736862,0.7576775431005351,False,1.109327813539319,-0.8229651205608299,0.5828063483215415,-1.2070412303861464,1.0423771642239836,0,0,,0.11003574413221179,0.144401807622749,0.1705148056569684,0.5555335527197675,0.7535657418574777,0.9242079401481269,
conv1,legacy,best_validation,positive,matched_zero_K,Layer_1,1,ConvLayer,64x14x14,4,4,3,0.1875,0,9,36,7225344,-8.472847901733932e-07,0.0005725777204940728,0.0005725770935993449,-0.038005244941971085,1.3644464273225922,1.3639170262117437,-0.038006092226761254,1.3644464491117485,1.363917024399692,0.00041964104198478723,False,0.01665637131376707,-15.811289987744168,16.087744868892653,-15.811649529476066,16.08788811303358,5900,7225344,0.0008165701176303854,0.0004383835649811807,0.00056935092489232,0.0006780069812190913,0.0003217715808715166,0.00041638039298298865,0.0005000341387776416,
conv1,legacy,best_validation,positive,matched_zero_K,Layer_2,2,LinearLayer,20,4,4,3,0.1875,0,9,36,11520,7.263996579643253e-06,0.14520241566390685,0.14520241548220997,-0.10414605567283526,0.1916417749584796,0.1608731456677193,-0.10413879167625563,0.24051234269507013,0.21679782991736862,0.7576762201005802,False,1.1093281232962844,-0.8229667558818683,0.5828061677643294,-1.2070412303861464,1.0423771642239836,0,0,,0.11003574340210197,0.1444018081442346,0.170514805805453,0.55553204738194,0.7535648445930183,0.924206600129431,
conv1,legacy,best_validation,positive_minus_negative,negative_phase,Layer_1,1,ConvLayer,64x14x14,4,4,3,0.1875,0,9,36,7225344,-8.511024479845807e-07,0.001144468543032859,0.0011444682265647997,-0.03800524112431327,1.3644466463728555,1.3639172454534092,-0.038006092226761254,1.3644464491117485,1.363917024399692,0.0008387785232022298,False,0.03331405271017096,-15.810930468144635,16.087601598545948,-15.811649529476066,16.08788811303358,11452,7225344,0.0015849764384920635,0.0008767106533431472,0.001138280694562976,0.001355460259682518,0.0006435037310367137,0.0008324527136238213,0.00099937974196712,0.0005722342715164295
conv1,legacy,best_validation,positive_minus_negative,negative_phase,Layer_2,2,LinearLayer,20,4,4,3,0.1875,0,9,36,11520,1.8438547936240406e-05,0.2904045389745485,0.29040453838919256,-0.10415723022419186,0.24036367441532094,0.21662402306867792,-0.10413879167625563,0.24051234269507013,0.21679782991736862,1.208188132757376,False,2.218672933842118,-1.3243322649091287,1.1753926245336734,-1.2070412303861464,1.0423771642239836,0,0,,0.2200716695783595,0.28880356408520214,0.34102975689168646,0.9749408417983993,1.2073438043152809,1.369620297011227,0.14520226948727424
