architecture,scheme,checkpoint_role,T,phase,reference_kind,state_layer_name,K,layer_index,injected_beta,base_beta,model_seed,source_checkpoint_epoch,batch_count,element_count,delta_mean,delta_rms,delta_std,reference_mean,reference_rms,reference_std,current_mean,current_rms,current_std,relative_displacement,reference_norm_zero,max_abs_delta,reference_min,reference_max,current_min,current_max,active_set_transition_count,constrained_element_count,active_set_transition_fraction,batch_p05_delta_rms,batch_median_delta_rms,batch_p95_delta_rms,batch_p05_relative,batch_median_relative,batch_p95_relative
conv3,baseline,reconstructed_initialization,8,zero,post_T_free,Layer_1,8,1,10,10.0,0,0,36,7225344,5.965184888222689e-08,1.5450637828753e-07,1.4252676189565695e-07,-0.004508314883246681,6.826719199606973,6.826717710977904,-0.00450825523139779,6.826719202548927,6.82671771395925,2.263259609336579e-08,False,1.2184492579336847e-06,-81.45423947016056,102.1270560005805,-81.45423929588338,102.12705649728372,0,7225344,0.0,1.1724420272004683e-07,1.5206963143312804e-07,1.950884657032775e-07,1.764346831070317e-08,2.226069192258155e-08,2.790082856353125e-08
conv3,baseline,reconstructed_initialization,8,zero,post_T_free,Layer_2,8,2,10,10.0,0,0,36,3612672,3.391398737569845e-08,8.849344263483086e-08,8.173696134335475e-08,-0.002770012027422058,0.10356550182031002,0.10352845116517766,-0.002769978113434683,0.10356552299447595,0.10352847325431984,8.544683420582489e-07,False,5.618399221141157e-07,-0.6677613826114186,1.2247015959344933,-0.6677614090703836,1.2247018823907942,0,3612672,0.0,6.699299140799551e-08,8.705292839613575e-08,1.1200013794293303e-07,6.698607826539665e-07,8.46403719488109e-07,1.045280503477922e-06
conv3,baseline,reconstructed_initialization,8,zero,post_T_free,Layer_3,8,3,10,10.0,0,0,36,7225344,6.97466506729225e-08,1.8765421044489025e-07,1.7421110015611658e-07,0.001651818913196245,0.023221972770939844,0.023163149907822957,0.001651888659846918,0.02322207831485842,0.02316325074588813,8.08089012487872e-06,False,1.292706122479892e-06,-0.05510479523879231,0.1802588818881602,-0.05510467526221085,0.18026002573150918,6,7225344,8.304102891156462e-07,1.4193206314417892e-07,1.8434768000759644e-07,2.376645337133594e-07,6.617297580216363e-06,7.968466479939163e-06,9.483322027175265e-06
conv3,baseline,reconstructed_initialization,8,zero,post_T_free,Layer_4,8,4,10,10.0,0,0,36,11520,6.981448074757382e-08,1.2232479846964585e-07,1.0044548072753754e-07,0.0016865544716013643,0.006000413186499233,0.0057585147757937835,0.001686624286082112,0.006000528560825694,0.005758614549254262,2.0386062537305484e-05,False,3.512619995288402e-07,-0.011807429201789257,0.01828102135487951,-0.011807589559502016,0.018281367792892817,0,0,,9.15930294755507e-08,1.1996925859985136e-07,1.5547678690563307e-07,1.7894638786940724e-05,2.0678401635385378e-05,2.2422453787255185e-05
conv3,baseline,reconstructed_initialization,8,negative,post_T_free,Layer_1,8,1,10,10.0,0,0,36,7225344,4.83334789061913e-08,5.058765969195998e-07,5.035623160322662e-07,-0.004508314883246681,6.826719199606973,6.826717710977904,-0.004508266549767757,6.8267192006006825,6.826717712003531,7.410244688967492e-08,False,3.862325535730626e-06,-81.45423947016056,102.1270560005805,-81.45423909117558,102.12705684585048,0,7225344,0.0,4.519913713618313e-07,5.044793158164326e-07,5.55715508847152e-07,6.52886470741228e-08,7.413989996298816e-08,8.184814193701441e-08
conv3,baseline,reconstructed_initialization,8,negative,post_T_free,Layer_2,8,2,10,10.0,0,0,36,3612672,1.7185393852903104e-09,2.2792996906931e-06,2.2792990428234825e-06,-0.002770012027422058,0.10356550182031002,0.10352845116517766,-0.0027700103088826727,0.10356545300013274,0.10352840237350999,2.2008290894469564e-05,False,1.5381179726867145e-05,-0.6677613826114186,1.2247015959344933,-0.6677617371526257,1.2246967649832745,22,3612672,6.0896754535147395e-06,2.1992726530553045e-06,2.2801618145574887e-06,2.350102005155098e-06,2.0331862290734203e-05,2.2052174560049844e-05,2.3551984926321835e-05
conv3,baseline,reconstructed_initialization,8,negative,post_T_free,Layer_3,8,3,10,10.0,0,0,36,7225344,-9.101702502620666e-08,0.00012006305955096405,0.00012006302505200964,0.001651818913196245,0.023221972770939844,0.023163149907822957,0.0016517278961712188,0.023222062078775144,0.023163245932888946,0.0051702351361470845,False,0.00041409002590856933,-0.05510479523879231,0.1802588818881602,-0.05510840992163148,0.1804298473715024,8317,7225344,0.0011510870624291383,0.00011965787001599659,0.00012004087647285307,0.00012053031262783398,0.004702417214936843,0.005203242543445464,0.005742234332707765
conv3,baseline,reconstructed_initialization,8,negative,post_T_free,Layer_4,8,4,10,10.0,0,0,36,11520,-4.921416811113017e-05,0.11277350179289496,0.11277349105440401,0.0016865544716013643,0.006000413186499233,0.0057585147757937835,0.0016373403034902342,0.11292319634370775,0.11291132533634586,18.79428937437713,False,0.36631344642440034,-0.011807429201789257,0.01828102135487951,-0.37124370726819556,0.383467737768761,0,0,,0.11244777651657209,0.1127632778729904,0.11309961606557828,14.128672450862098,18.948148959685035,25.220539954479314
conv3,baseline,reconstructed_initialization,8,negative,matched_zero_K,Layer_1,8,1,10,10.0,0,0,36,7225344,-1.1318369976035596e-08,4.869960063623457e-07,4.86864462364999e-07,-0.00450825523139779,6.826719202548927,6.82671771395925,-0.004508266549767757,6.8267192006006825,6.826717712003531,7.133675663421363e-08,False,3.2770314110086574e-06,-81.45423929588338,102.12705649728372,-81.45423909117558,102.12705684585048,0,7225344,0.0,4.4574331485698466e-07,4.880143362606756e-07,5.221393038117197e-07,6.552481778225255e-08,7.055591473876593e-08,7.941991252953411e-08
conv3,baseline,reconstructed_initialization,8,negative,matched_zero_K,Layer_2,8,2,10,10.0,0,0,36,3612672,-3.2195447990408135e-08,2.279320112949565e-06,2.279092720892486e-06,-0.002769978113434683,0.10356552299447595,0.10352847325431984,-0.0027700103088826727,0.10356545300013274,0.10352840237350999,2.2008483586484096e-05,False,1.5481054912704073e-05,-0.6677614090703836,1.2247018823907942,-0.6677617371526257,1.2246967649832745,22,3612672,6.0896754535147395e-06,2.2025376452369238e-06,2.283064551262947e-06,2.3463435169984784e-06,2.035050004364401e-05,2.2059230499666913e-05,2.3579624886231826e-05
conv3,baseline,reconstructed_initialization,8,negative,matched_zero_K,Layer_3,8,3,10,10.0,0,0,36,7225344,-1.6076367569912917e-07,0.00012006313920114835,0.00012006303157040014,0.001651888659846918,0.02322207831485842,0.02316325074588813,0.0016517278961712188,0.023222062078775144,0.023163245932888946,0.005170215067457038,False,0.00041398133623912065,-0.05510467526221085,0.18026002573150918,-0.05510840992163148,0.1804298473715024,8313,7225344,0.0011505334555697278,0.00011965738440673378,0.0001200410426613145,0.00012052991548326214,0.004702406939572591,0.00520323991015084,0.005742219596039108
conv3,baseline,reconstructed_initialization,8,negative,matched_zero_K,Layer_4,8,4,10,10.0,0,0,36,11520,-4.9283982591877704e-05,0.11277350179904881,0.11277349103006933,0.001686624286082112,0.006000528560825694,0.005758614549254262,0.0016373403034902342,0.11292319634370775,0.11291132533634586,18.793928010823567,False,0.3663132622218531,-0.011807589559502016,0.018281367792892817,-0.37124370726819556,0.383467737768761,0,0,,0.11244777643940881,0.11276327795601573,0.11309961597331582,14.128382972303953,18.94782253387271,25.220063180338194
conv3,baseline,reconstructed_initialization,8,positive,post_T_free,Layer_1,8,1,10,10.0,0,0,36,7225344,7.06939138938888e-08,5.157907005234744e-07,5.109231031034513e-07,-0.004508314883246681,6.826719199606973,6.826717710977904,-0.0045082441893327845,6.826719204519283,6.8267177159368995,7.555469698433905e-08,False,3.3947965658587265e-06,-81.45423947016056,102.1270560005805,-81.45423961436279,102.12705614750897,0,7225344,0.0,4.746083321665105e-07,5.150354547587391e-07,5.49476143236645e-07,6.965016153878127e-08,7.477139421649598e-08,8.238222541669992e-08
conv3,baseline,reconstructed_initialization,8,positive,post_T_free,Layer_2,8,2,10,10.0,0,0,36,3612672,6.548188230711863e-08,2.282626802893167e-06,2.281687367799497e-06,-0.002770012027422058,0.10356550182031002,0.10352845116517766,-0.002769946545539751,0.1035655931672703,0.10352854429684306,2.2040416574754874e-05,False,1.5576023915379877e-05,-0.6677613826114186,1.2247015959344933,-0.6677607284423218,1.224707000012457,30,3612672,8.304102891156463e-06,2.2116433619319715e-06,2.2879627248946225e-06,2.3484396918403853e-06,2.045603632402176e-05,2.2065523177090863e-05,2.3638768484875978e-05
conv3,baseline,reconstructed_initialization,8,positive,post_T_free,Layer_3,8,3,10,10.0,0,0,36,7225344,2.2826637159822285e-07,0.00012006246800332619,0.00012006225100968797,0.001651818913196245,0.023221972770939844,0.023163149907822957,0.0016520471795678433,0.023222715691055017,0.02316387843570361,0.005170209662530192,False,0.00041417932486369354,-0.05510479523879231,0.1802588818881602,-0.055100903101525094,0.18009019542633597,8284,7225344,0.0011465198058390022,0.00011963381763543081,0.00012005915826543046,0.00012054133333476698,0.004703511742376077,0.005203171678772521,0.005741927900406901
conv3,baseline,reconstructed_initialization,8,positive,post_T_free,Layer_4,8,4,10,10.0,0,0,36,11520,4.935211937708654e-05,0.11277350149678303,0.11277349069800596,0.0016865544716013643,0.006000413186499233,0.0057585147757937835,0.001735906590978451,0.11294286053574641,0.11292951949913034,18.79428932502854,False,0.36631299188489963,-0.011807429201789257,0.01828102135487951,-0.3772242323174193,0.3813305907594681,0,0,,0.11244776925392244,0.11276328095202684,0.11309961475423401,14.128673512308229,18.948148401820028,25.220538902865485
conv3,baseline,reconstructed_initialization,8,positive,matched_zero_K,Layer_1,8,1,10,10.0,0,0,36,7225344,1.1042065011661921e-08,4.869232673422072e-07,4.867980495847214e-07,-0.00450825523139779,6.826719202548927,6.82671771395925,-0.0045082441893327845,6.826719204519283,6.8267177159368995,7.132610158630843e-08,False,3.218959413020528e-06,-81.45423929588338,102.12705649728372,-81.45423961436279,102.12705614750897,0,7225344,0.0,4.445200475100587e-07,4.883570652914892e-07,5.230658635572592e-07,6.556118438159854e-08,7.051334442644167e-08,7.933420510989211e-08
conv3,baseline,reconstructed_initialization,8,positive,matched_zero_K,Layer_2,8,2,10,10.0,0,0,36,3612672,3.156789493142018e-08,2.279193158296582e-06,2.278974532730795e-06,-0.002769978113434683,0.10356552299447595,0.10352847325431984,-0.002769946545539751,0.1035655931672703,0.10352854429684306,2.2007257747524253e-05,False,1.547614872954295e-05,-0.6677614090703836,1.2247018823907942,-0.6677607284423218,1.224707000012457,30,3612672,8.304102891156463e-06,2.2039977721484653e-06,2.282330339634544e-06,2.3489074219576074e-06,2.037857458329936e-05,2.204375373068249e-05,2.356527496914436e-05
conv3,baseline,reconstructed_initialization,8,positive,matched_zero_K,Layer_3,8,3,10,10.0,0,0,36,7225344,1.5851972092530036e-07,0.00012006209807450622,0.00012006199342652289,0.001651888659846918,0.02322207831485842,0.02316325074588813,0.0016520471795678433,0.023222715691055017,0.02316387843570361,0.005170170233974521,False,0.00041412378159826015,-0.05510467526221085,0.18026002573150918,-0.055100903101525094,0.18009019542633597,8286,7225344,0.0011467966092687076,0.00011963340824893674,0.00012005884395996318,0.00012054140858529533,0.00470345775324906,0.005203122538737722,0.005741895972004699
conv3,baseline,reconstructed_initialization,8,positive,matched_zero_K,Layer_4,8,4,10,10.0,0,0,36,11520,4.928230489633904e-05,0.11277350149049778,0.11277349072225143,0.001686624286082112,0.006000528560825694,0.005758614549254262,0.001735906590978451,0.11294286053574641,0.11292951949913034,18.79392795940292,False,0.36631317608744685,-0.011807589559502016,0.018281367792892817,-0.3772242323174193,0.3813305907594681,0,0,,0.11244776933090903,0.11276328086888338,0.11309961484628643,14.12838402959774,18.947821978534662,25.220062111986422
conv3,baseline,reconstructed_initialization,8,positive_minus_negative,negative_phase,Layer_1,8,1,10,10.0,0,0,36,7225344,2.2360434987697514e-08,9.734102933306546e-07,9.73153436056839e-07,-0.004508266549767757,6.8267192006006825,6.826717712003531,-0.0045082441893327845,6.826719204519283,6.8267177159368995,1.425883011630249e-07,False,6.495990824029185e-06,-81.45423909117558,102.12705684585048,-81.45423961436279,102.12705614750897,0,7225344,0.0,8.890149886698359e-07,9.754846256902745e-07,1.043554362882719e-06,1.309957219822208e-07,1.4088628712526724e-07,1.5868908813042553e-07
conv3,baseline,reconstructed_initialization,8,positive_minus_negative,negative_phase,Layer_2,8,2,10,10.0,0,0,36,3612672,6.376334292182832e-08,4.556403424839425e-06,4.555957243652302e-06,-0.0027700103088826727,0.10356545300013274,0.10352840237350999,-0.002769946545539751,0.1035655931672703,0.10352854429684306,4.3995398975694965e-05,False,3.095720364224702e-05,-0.6677617371526257,1.2246967649832745,-0.6677607284423218,1.224707000012457,52,3612672,1.4393778344671202e-05,4.404463595612732e-06,4.563149650333027e-06,4.693802194903763e-06,4.071256834615103e-05,4.408469368694684e-05,4.712789860556506e-05
conv3,baseline,reconstructed_initialization,8,positive_minus_negative,negative_phase,Layer_3,8,3,10,10.0,0,0,36,7225344,3.1928339662442953e-07,0.00024002536520385898,0.00024002515284727663,0.0016517278961712188,0.023222062078775144,0.023163245932888946,0.0016520471795678433,0.023222715691055017,0.02316387843570361,0.010336091790196402,False,0.0008279604517979766,-0.05510840992163148,0.1804298473715024,-0.055100903101525094,0.18009019542633597,16599,7225344,0.002297330064838435,0.00023919616911253794,0.00023999454609057388,0.00024098744202955328,0.00940267926530618,0.010402002785899998,0.011477873715413516
conv3,baseline,reconstructed_initialization,8,positive_minus_negative,negative_phase,Layer_4,8,4,10,10.0,0,0,36,11520,9.856628748821676e-05,0.2255470032895167,0.22554698175229088,0.0016373403034902342,0.11292319634370775,0.11291132533634586,0.001735906590978451,0.11294286053574641,0.11292951949913034,1.9973487342938159,False,0.7326264383093,-0.37124370726819556,0.383467737768761,-0.3772242323174193,0.3813305907594681,0,0,,0.22489554577028853,0.2255265588248718,0.22619923081956922,1.9951052670899305,1.9973627185684413,1.9989273609717884
conv3,baseline,best_validation,8,zero,post_T_free,Layer_1,8,1,10,10.0,0,24,36,7225344,3.0339872660301627e-06,0.0001027952926748723,0.00010275050908575695,-2.872681586146716,49.78721267908931,49.704267893788405,-2.87267855215945,49.787236088376666,49.704291517490915,2.064692661898031e-06,False,0.005397079311990183,-251.05605344536653,291.0429233321856,-251.05602605148056,291.04293840082056,2,7225344,2.7680342970521543e-07,8.620296306738619e-05,0.0001019408527262408,0.00011706628075689574,1.8087442465907804e-06,2.0408834473757015e-06,2.354321154396025e-06
conv3,baseline,best_validation,8,zero,post_T_free,Layer_2,8,2,10,10.0,0,24,36,3612672,1.1587843395204433e-05,8.10073750821729e-05,8.017428953942818e-05,-0.8164320742853338,20.536632824587155,20.52039781388238,-0.8164204864419387,20.53665425681473,20.520419724100783,3.9445305262110985e-06,False,0.0035209591332119317,-120.12007210519545,154.7828476480696,-120.1200320201575,154.78291096900261,13,3612672,3.5984445861678005e-06,6.658151092377604e-05,8.048819317049607e-05,9.390088356567189e-05,3.359378871991068e-06,3.897757700055565e-06,4.569533991516648e-06
conv3,baseline,best_validation,8,zero,post_T_free,Layer_3,8,3,10,10.0,0,24,36,7225344,7.136436798483395e-06,5.0434963806859665e-05,4.992751590075853e-05,-0.1978432023468349,1.4138310163025025,1.3999200726984797,-0.1978360659100364,1.4138493918241881,1.3999396393369488,3.567255437552845e-05,False,0.003343879217812429,-18.52844947564269,25.480146024318675,-18.5284425738692,25.48233330624668,25,7225344,3.460042871315193e-06,4.22422251232655e-05,4.981928724412959e-05,5.898454047509871e-05,2.9839748307222746e-05,3.5142398880143715e-05,4.063037888828863e-05
conv3,baseline,best_validation,8,zero,post_T_free,Layer_4,8,4,10,10.0,0,24,36,11520,1.212741727015361e-05,1.688125732688488e-05,1.174319374327463e-05,-0.16420675692752482,0.35085425129236303,0.3100561991466538,-0.16419462951025465,0.3508556551145632,0.31006421006923635,4.811472930626658e-05,False,0.00010639567782211312,-1.515565477523839,1.134560430801881,-1.5155954684891153,1.134649571139382,0,0,,1.3511965735095378e-05,1.6726733162642344e-05,2.141907225161678e-05,3.499414720603373e-05,4.889949362952694e-05,7.510335572919754e-05
conv3,baseline,best_validation,8,negative,post_T_free,Layer_1,8,1,10,10.0,0,24,36,7225344,3.0317062474083745e-06,0.0001027855141528139,0.00010274079363567196,-2.872681586146716,49.78721267908931,49.704267893788405,-2.8726785544404687,49.787236084719794,49.704291513696106,2.06449625560147e-06,False,0.005397209415747284,-251.05605344536653,291.0429233321856,-251.05602616709027,291.04293832547535,2,7225344,2.7680342970521543e-07,8.620534689005056e-05,0.00010191011607720916,0.0001170744547901943,1.809085152987846e-06,2.0409110858371494e-06,2.354297296842544e-06
conv3,baseline,best_validation,8,negative,post_T_free,Layer_2,8,2,10,10.0,0,24,36,3612672,1.1568586753458409e-05,8.100650779656795e-05,8.01761941346877e-05,-0.8164320742853338,20.536632824587155,20.52039781388238,-0.8164205056985804,20.536654246925952,20.52041971343804,3.944488295061896e-06,False,0.0035232588560774047,-120.12007210519545,154.7828476480696,-120.12003237088575,154.782910278308,10,3612672,2.768034297052154e-06,6.656883787876244e-05,8.046664032823839e-05,9.396072359473116e-05,3.363317695325625e-06,3.897866199085261e-06,4.5712431295985935e-06
conv3,baseline,best_validation,8,negative,post_T_free,Layer_3,8,3,10,10.0,0,24,36,7225344,7.092612054109933e-06,6.738362323837981e-05,6.700930931580936e-05,-0.1978432023468349,1.4138310163025025,1.3999200726984797,-0.19783610973478077,1.413849217202352,1.3999394567868682,4.766030909026432e-05,False,0.006267994283901013,-18.52844947564269,25.480146024318675,-18.528445038365263,25.482364261713293,31,7225344,4.290453160430839e-06,5.6831364313009385e-05,6.565554641112947e-05,7.917596774392009e-05,4.066649852436576e-05,4.652263960064266e-05,5.499698801283647e-05
conv3,baseline,best_validation,8,negative,post_T_free,Layer_4,8,4,10,10.0,0,24,36,11520,-2.4300149209794178e-06,0.002043822224209495,0.002043820779618441,-0.16420675692752482,0.35085425129236303,0.3100561991466538,-0.1642091869424458,0.35084229670867106,0.3100413844690996,0.005825274217659116,False,0.024886919383331235,-1.515565477523839,1.134560430801881,-1.5146969436832032,1.1358379740289308,0,0,,0.001458221854134485,0.001956914423831566,0.002753913788858364,0.0034157766695313663,0.005929387622419772,0.008790451150094641
conv3,baseline,best_validation,8,negative,matched_zero_K,Layer_1,8,1,10,10.0,0,24,36,7225344,-2.2810186217881462e-09,4.57980686579637e-07,4.579750061236997e-07,-2.87267855215945,49.787236088376666,49.704291517490915,-2.8726785544404687,49.787236084719794,49.704291513696106,9.198757002029225e-09,False,4.399461952075967e-05,-251.05602605148056,291.04293840082056,-251.05602616709027,291.04293832547535,0,7225344,0.0,3.075156985459894e-07,4.2696709467297346e-07,6.041825150691001e-07,6.371541582540539e-09,8.558347684486346e-09,1.2374339243120021e-08
conv3,baseline,best_validation,8,negative,matched_zero_K,Layer_2,8,2,10,10.0,0,24,36,3612672,-1.925664174602544e-08,2.4431829365593913e-06,2.4431070470291792e-06,-0.8164204864419387,20.53665425681473,20.520419724100783,-0.8164205056985804,20.536654246925952,20.52041971343804,1.1896694106094052e-07,False,0.0002088402387128152,-120.1200320201575,154.78291096900261,-120.12003237088575,154.782910278308,3,3612672,8.304102891156462e-07,1.6304074308393253e-06,2.312843000837611e-06,3.2294711153801574e-06,8.142567806859699e-08,1.1108362630832118e-07,1.607219199344727e-07
conv3,baseline,best_validation,8,negative,matched_zero_K,Layer_3,8,3,10,10.0,0,24,36,7225344,-4.382474437346059e-08,4.499379786878279e-05,4.4993776525744796e-05,-0.1978360659100364,1.4138493918241881,1.3999396393369488,-0.19783610973478077,1.413849217202352,1.3999394567868682,3.1823614402613655e-05,False,0.006255858625744626,-18.5284425738692,25.48233330624668,-18.528445038365263,25.482364261713293,16,7225344,2.2144274376417234e-06,3.1409643466419454e-05,4.21930322933891e-05,6.06778018566169e-05,2.1964067538371693e-05,3.099102087567143e-05,4.369411876089716e-05
conv3,baseline,best_validation,8,negative,matched_zero_K,Layer_4,8,4,10,10.0,0,24,36,11520,-1.4557432191133027e-05,0.0020441787175642287,0.0020441268821945803,-0.16419462951025465,0.3508556551145632,0.31006421006923635,-0.1642091869424458,0.35084229670867106,0.3100413844690996,0.005826266978358245,False,0.0249025057450962,-1.5155954684891153,1.134649571139382,-1.5146969436832032,1.1358379740289308,0,0,,0.0014584627584145146,0.0019578789358352154,0.002754414129764029,0.003415907986219267,0.005931461723507012,0.008792191711602525
conv3,baseline,best_validation,8,positive,post_T_free,Layer_1,8,1,10,10.0,0,24,36,7225344,3.036274646566364e-06,0.00010280711700102205,0.0001027622710061064,-2.872681586146716,49.78721267908931,49.704267893788405,-2.8726785498720697,49.78723609203698,49.704291521289534,2.0649301591491017e-06,False,0.00539694920820466,-251.05605344536653,291.0429233321856,-251.05602593587088,291.0429384761658,2,7225344,2.7680342970521543e-07,8.620270746707293e-05,0.0001019738209483383,0.0001170600028911193,1.8084330570977794e-06,2.0408777771391823e-06,2.3543933330699744e-06
conv3,baseline,best_validation,8,positive,post_T_free,Layer_2,8,2,10,10.0,0,24,36,3612672,1.1607142732305048e-05,8.108191588543769e-05,8.024681502243618e-05,-0.8164320742853338,20.536632824587155,20.52039781388238,-0.8164204671426014,20.536654266705217,20.520419734766932,3.9481601768895465e-06,False,0.0035204678934661615,-120.12007210519545,154.7828476480696,-120.12003166942921,154.78291165969705,12,3612672,3.321641156462585e-06,6.663817859002952e-05,8.057286283035729e-05,9.392195575289292e-05,3.3579729375604413e-06,3.9007273489707695e-06,4.571381527906907e-06
conv3,baseline,best_validation,8,positive,post_T_free,Layer_3,8,3,10,10.0,0,24,36,7225344,7.180379483295197e-06,6.77910089577688e-05,6.740966582017866e-05,-0.1978432023468349,1.4138310163025025,1.3999200726984797,-0.1978360219673516,1.4138495678831573,1.3999398233551057,4.794845223798957e-05,False,0.006243722551296571,-18.52844947564269,25.480146024318675,-18.528440109373154,25.482302350780106,28,7225344,3.875248015873016e-06,5.6036649325469725e-05,6.683861635409938e-05,7.856759710210665e-05,4.082824811377631e-05,4.685453218560297e-05,5.556065017681842e-05
conv3,baseline,best_validation,8,positive,post_T_free,Layer_4,8,4,10,10.0,0,24,36,11520,2.6685116994993052e-05,0.0020446736257320693,0.002044499484053564,-0.16420675692752482,0.35085425129236303,0.3100561991466538,-0.16418007181052982,0.3508809222601647,0.31010050891030966,0.005827700870662289,False,0.02491809210686144,-1.515565477523839,1.134560430801881,-1.5164939932950272,1.1334611682498321,0,0,,0.0014589050737762582,0.0019589851035611513,0.0027550146773367328,0.0034164935362528646,0.005933755760983479,0.008794491528731633
conv3,baseline,best_validation,8,positive,matched_zero_K,Layer_1,8,1,10,10.0,0,24,36,7225344,2.287380536201649e-09,4.579751759223113e-07,4.579694636669072e-07,-2.87267855215945,49.787236088376666,49.704291517490915,-2.8726785498720697,49.78723609203698,49.704291521289534,9.198646317890907e-09,False,4.3994619517206957e-05,-251.05602605148056,291.04293840082056,-251.05602593587088,291.0429384761658,0,7225344,0.0,3.0752056076929466e-07,4.2696709469986633e-07,6.041673365188309e-07,6.371642556959188e-09,8.558208709906803e-09,1.2374030859646744e-08
conv3,baseline,best_validation,8,positive,matched_zero_K,Layer_2,8,2,10,10.0,0,24,36,3612672,1.929933710061539e-08,2.4431620132691696e-06,2.4430857861869976e-06,-0.8164204864419387,20.53665425681473,20.520419724100783,-0.8164204671426014,20.536654266705217,20.520419734766932,1.1896592223431179e-07,False,0.00020883976304608698,-120.1200320201575,154.78291096900261,-120.12003166942921,154.78291165969705,1,3612672,2.7680342970521543e-07,1.630415166047108e-06,2.3128430009164823e-06,3.2291123446484025e-06,8.142606077232548e-08,1.1108362630990582e-07,1.6070410078068274e-07
conv3,baseline,best_validation,8,positive,matched_zero_K,Layer_3,8,3,10,10.0,0,24,36,7225344,4.3942684811803454e-08,4.499280910777189e-05,4.499278764923165e-05,-0.1978360659100364,1.4138493918241881,1.3999396393369488,-0.1978360219673516,1.4138495678831573,1.3999398233551057,3.182291506291268e-05,False,0.006255858209452958,-18.5284425738692,25.48233330624668,-18.528440109373154,25.482302350780106,11,7225344,1.5224188633786849e-06,3.140964422720577e-05,4.218937452011892e-05,6.06769465397695e-05,2.1964068079959813e-05,3.09882293208595e-05,4.3693506367332034e-05
conv3,baseline,best_validation,8,positive,matched_zero_K,Layer_4,8,4,10,10.0,0,24,36,11520,1.4557699724839443e-05,0.002044177812822123,0.0020441259755242486,-0.16419462951025465,0.3508556551145632,0.31006421006923635,-0.16418007181052982,0.3508809222601647,0.31010050891030966,0.005826264399684957,False,0.024902505745096476,-1.5155954684891153,1.134649571139382,-1.5164939932950272,1.1334611682498321,0,0,,0.0014584627589256482,0.0019578790107442397,0.0027544115859273266,0.003415907990068608,0.005931445706237389,0.008792193483524769
conv3,baseline,best_validation,8,positive_minus_negative,negative_phase,Layer_1,8,1,10,10.0,0,24,36,7225344,4.568399157989795e-09,9.159550284804475e-07,9.159436357810183e-07,-2.8726785544404687,49.787236084719794,49.704291513696106,-2.8726785498720697,49.78723609203698,49.704291521289534,1.8397386569558205e-08,False,8.798923903796663e-05,-251.05602616709027,291.04293832547535,-251.05602593587088,291.0429384761658,0,7225344,0.0,6.150360958276926e-07,8.539341893728398e-07,1.2083485011461018e-06,1.2743180744462622e-08,1.711650356906621e-08,2.4748342489003192e-08
conv3,baseline,best_validation,8,positive_minus_negative,negative_phase,Layer_2,8,2,10,10.0,0,24,36,3612672,3.855597884664083e-08,4.886338739843186e-06,4.886186623225465e-06,-0.8164205056985804,20.536654246925952,20.52041971343804,-0.8164204671426014,20.536654266705217,20.520419734766932,2.3793256102437434e-07,False,0.0004176800017589022,-120.12003237088575,154.782910278308,-120.12003166942921,154.78291165969705,4,3612672,1.1072137188208617e-06,3.2608207834009027e-06,4.625686001754093e-06,6.458569849902644e-06,1.6285164924363617e-07,2.2216725249223943e-07,3.2142534467135274e-07
conv3,baseline,best_validation,8,positive_minus_negative,negative_phase,Layer_3,8,3,10,10.0,0,24,36,7225344,8.776742918526405e-08,8.998623707548132e-05,8.99861942738057e-05,-0.19783610973478077,1.413849217202352,1.3999394567868682,-0.1978360219673516,1.4138495678831573,1.3999398233551057,6.364627569942798e-05,False,0.012511716835197584,-18.528445038365263,25.482364261713293,-18.528440109373154,25.482302350780106,27,7225344,3.736846301020408e-06,6.281928769353337e-05,8.438073701044465e-05,0.00012135420217755641,4.392814022827763e-05,6.1978037740589e-05,8.738727918787586e-05
conv3,baseline,best_validation,8,positive_minus_negative,negative_phase,Layer_4,8,4,10,10.0,0,24,36,11520,2.911513191597247e-05,0.0040883565303385895,0.0040882528576710745,-0.1642091869424458,0.35084229670867106,0.3100413844690996,-0.16418007181052982,0.3508809222601647,0.31010050891030966,0.01165297505087717,False,0.049805011490192674,-1.5146969436832032,1.1358379740289308,-1.5164939932950272,1.1334611682498321,0,0,,0.002916925517340163,0.003915757946579426,0.005508825715617888,0.006831749542668852,0.01186860825269568,0.017585485595731244
conv3,legacy,reconstructed_initialization,8,zero,post_T_free,Layer_1,8,1,0.001,2.44140625e-07,0,0,36,7225344,5.965184888222689e-08,1.5450637828753e-07,1.4252676189565695e-07,-0.004508314883246681,6.826719199606973,6.826717710977904,-0.00450825523139779,6.826719202548927,6.82671771395925,2.263259609336579e-08,False,1.2184492579336847e-06,-81.45423947016056,102.1270560005805,-81.45423929588338,102.12705649728372,0,7225344,0.0,1.1724420272004683e-07,1.5206963143312804e-07,1.950884657032775e-07,1.764346831070317e-08,2.226069192258155e-08,2.790082856353125e-08
conv3,legacy,reconstructed_initialization,8,zero,post_T_free,Layer_2,8,2,0.001,2.44140625e-07,0,0,36,3612672,1.356559495027938e-07,3.5397377053932346e-07,3.26947845373419e-07,-0.011080048109688233,0.4142620072812401,0.4141138046607106,-0.011079912453738731,0.4142620919779038,0.41411389301727936,8.544683420582489e-07,False,2.247359688456463e-06,-2.6710455304456744,4.898806383737973,-2.6710456362815345,4.898807529563177,0,3612672,0.0,2.6797196563198205e-07,3.48211713584543e-07,4.480005517717321e-07,6.698607826539665e-07,8.46403719488109e-07,1.045280503477922e-06
conv3,legacy,reconstructed_initialization,8,zero,post_T_free,Layer_3,8,3,0.001,2.44140625e-07,0,0,36,7225344,1.11594641076676e-06,3.002467367118244e-06,2.7873776024978653e-06,0.02642910261113992,0.3715515643350375,0.3706103985251673,0.026430218557550688,0.37155325303773473,0.37061201193421006,8.08089012487872e-06,False,2.068329795967827e-05,-0.881676723820677,2.884142110210563,-0.8816748041953736,2.884160411704147,7,7225344,9.68812003968254e-07,2.270913010306863e-06,2.949562880121543e-06,3.8026325394137504e-06,6.617297580216363e-06,7.968466479939163e-06,9.483322027175265e-06
conv3,legacy,reconstructed_initialization,8,zero,post_T_free,Layer_4,8,4,0.001,2.44140625e-07,0,0,36,11520,4.468126767844725e-06,7.828787102057334e-06,6.428510766562403e-06,0.10793948618248732,0.3840264439359509,0.36854494565080215,0.10794395430925517,0.3840338278928444,0.3685513311522728,2.0386062537305484e-05,False,2.2480767969845772e-05,-0.7556754689145124,1.1699853667122886,-0.755685731808129,1.1700075387451403,0,0,,5.861953886435245e-06,7.678032550390487e-06,9.950514361960516e-06,1.7894638786940724e-05,2.0678401635385378e-05,2.2422453787255185e-05
conv3,legacy,reconstructed_initialization,8,negative,post_T_free,Layer_1,8,1,0.001,2.44140625e-07,0,0,36,7225344,5.959158796809365e-08,1.544797740579811e-07,1.425231322854148e-07,-0.004508314883246681,6.826719199606973,6.826717710977904,-0.004508255291658702,6.826719202543644,6.826717713953928,2.262869901941694e-08,False,1.2187309756939158e-06,-81.45423947016056,102.1270560005805,-81.45423929384805,102.12705649973225,0,7225344,0.0,1.1710001309390032e-07,1.5165634929561208e-07,1.9505863881524765e-07,1.758731998291088e-08,2.2260336835358163e-08,2.7914970030494575e-08
conv3,legacy,reconstructed_initialization,8,negative,post_T_free,Layer_2,8,2,0.001,2.44140625e-07,0,0,36,3612672,1.34960337747223e-07,3.581208938680585e-07,3.317171714880204e-07,-0.011080048109688233,0.4142620072812401,0.4141138046607106,-0.011079913149350485,0.414262090976761,0.41411389199716664,8.644792126083923e-07,False,2.2709665016412695e-06,-2.6710455304456744,4.898806383737973,-2.671045650932262,4.898807398106224,0,3612672,0.0,2.721771592332244e-07,3.488529891131417e-07,4.513869544765492e-07,6.792871366744245e-07,8.45454658606039e-07,1.0560955233411505e-06
conv3,legacy,reconstructed_initialization,8,negative,post_T_free,Layer_3,8,3,0.001,2.44140625e-07,0,0,36,7225344,1.1013736875653006e-06,1.261148827241932e-05,1.2563304200954016e-05,0.02642910261113992,0.3715515643350375,0.3706103985251673,0.026430203984827483,0.3715532368611049,0.3706119967557509,3.394276725759448e-05,False,5.8378010924897694e-05,-0.881676723820677,2.884142110210563,-0.8816753532282898,2.8841798548561224,52,7225344,7.196889172335601e-06,1.2412804775622962e-05,1.2582412859961336e-05,1.2860724650655605e-05,3.104639551255666e-05,3.4035200626097795e-05,3.7260627116179155e-05
conv3,legacy,reconstructed_initialization,8,negative,post_T_free,Layer_4,8,4,0.001,2.44140625e-07,0,0,36,11520,-2.175911299974203e-05,0.04601386958889244,0.04601386444414989,0.10793948618248732,0.3840264439359509,0.36854494565080215,0.10791772706948759,0.3867478404450319,0.37138612827224904,0.11981953408543597,False,0.15502609797550226,-0.7556754689145124,1.1699853667122886,-0.8804674605865737,1.28127944448444,0,0,,0.04560846846361106,0.04602596398042789,0.04635870944824176,0.09039943732399242,0.12097777229195047,0.15972772758971585
conv3,legacy,reconstructed_initialization,8,negative,matched_zero_K,Layer_1,8,1,0.001,2.44140625e-07,0,0,36,7225344,-6.026091413324231e-11,3.110496006010327e-09,3.1099122215319873e-09,-0.00450825523139779,6.826719202548927,6.82671771395925,-0.004508255291658702,6.826719202543644,6.826717713953928,4.5563555695229787e-10,False,2.154102152207571e-08,-81.45423929588338,102.12705649728372,-81.45423929384805,102.12705649973225,0,7225344,0.0,2.827098535327957e-09,3.1215377560815804e-09,3.3426343390937868e-09,4.166783626016796e-10,4.513367984380311e-10,5.050737774220981e-10
conv3,legacy,reconstructed_initialization,8,negative,matched_zero_K,Layer_2,8,2,0.001,2.44140625e-07,0,0,36,3612672,-6.956117555707865e-10,5.8177163757091417e-08,5.817300496884223e-08,-0.011079912453738731,0.4142620919779038,0.41411389301727936,-0.011079913149350485,0.414262090976761,0.41411389199716664,1.4043564420611894e-07,False,3.8640393379418825e-07,-2.6710456362815345,4.898807529563177,-2.671045650932262,4.898807398106224,0,3612672,0.0,5.590178715128518e-08,5.8374875313435014e-08,6.003512141317826e-08,1.2988289770204965e-07,1.405179320710728e-07,1.4989350133417048e-07
conv3,legacy,reconstructed_initialization,8,negative,matched_zero_K,Layer_3,8,3,0.001,2.44140625e-07,0,0,36,7225344,-1.4572723201459433e-08,1.2251009374309555e-05,1.2251000707091609e-05,0.026430218557550688,0.37155325303773473,0.37061201193421006,0.026430203984827483,0.3715532368611049,0.3706119967557509,3.297241855413213e-05,False,4.441993134080002e-05,-0.8816748041953736,2.884160411704147,-0.8816753532282898,2.8841798548561224,47,7225344,6.504880598072562e-06,1.2160693123847763e-05,1.2251062678605594e-05,1.2336077195002173e-05,2.98717348940471e-05,3.3190689175636494e-05,3.662596255937147e-05
conv3,legacy,reconstructed_initialization,8,negative,matched_zero_K,Layer_4,8,4,0.001,2.44140625e-07,0,0,36,11520,-2.6227239767586737e-05,0.046013869203172374,0.04601386172859814,0.10794395430925517,0.3840338278928444,0.3685513311522728,0.10791772706948759,0.3867478404450319,0.37138612827224904,0.11981722926765571,False,0.15502645479438146,-0.755685731808129,1.1700075387451403,-0.8804674605865737,1.28127944448444,0,0,,0.04560846390996933,0.04602595681254591,0.046358698167041516,0.09039758338338745,0.12097568471646311,0.15972471393886103
conv3,legacy,reconstructed_initialization,8,positive,post_T_free,Layer_1,8,1,0.001,2.44140625e-07,0,0,36,7225344,5.971197902560307e-08,1.5459581039112672e-07,1.4259854189764755e-07,-0.004508314883246681,6.826719199606973,6.826717710977904,-0.00450825517126765,6.826719202554211,6.826717713964576,2.2645696398355905e-08,False,1.2181675419498106e-06,-81.45423947016056,102.1270560005805,-81.4542392979187,102.12705649483517,0,7225344,0.0,1.1752257963483081e-07,1.525373305129573e-07,1.9517269476448397e-07,1.771226649020417e-08,2.22934698291091e-08,2.7893511035340416e-08
conv3,legacy,reconstructed_initialization,8,positive,post_T_free,Layer_2,8,2,0.001,2.44140625e-07,0,0,36,3612672,1.3635030546501478e-07,3.593256546621852e-07,3.324507787598115e-07,-0.011080048109688233,0.4142620072812401,0.4141138046607106,-0.011079911759382768,0.4142620929791233,0.41411389403743515,8.673874223233826e-07,False,2.3086096681002033e-06,-2.6710455304456744,4.898806383737973,-2.6710456216308063,4.89880766102014,0,3612672,0.0,2.749729716209501e-07,3.570828722257553e-07,4.5226407283528826e-07,6.892068637622883e-07,8.662908009085861e-07,1.051190566538226e-06
conv3,legacy,reconstructed_initialization,8,positive,post_T_free,Layer_3,8,3,0.001,2.44140625e-07,0,0,36,7225344,1.1305133728772928e-06,1.2615617530559347e-05,1.2564861526937013e-05,0.02642910261113992,0.3715515643350375,0.3706103985251673,0.026430233124512797,0.3715532696195753,0.3706120275193194,3.3953880810964704e-05,False,6.049923131046242e-05,-0.881676723820677,2.884142110210563,-0.8816742551624572,2.8841409686784516,48,7225344,6.64328231292517e-06,1.2430297138297951e-05,1.2598071042770203e-05,1.2863500099511694e-05,3.107944020409863e-05,3.4072176642993874e-05,3.727244994037444e-05
conv3,legacy,reconstructed_initialization,8,positive,post_T_free,Layer_4,8,4,0.001,2.44140625e-07,0,0,36,11520,3.069533076425758e-05,0.04601387011170128,0.04601385987344667,0.10793948618248732,0.3840264439359509,0.36854494565080215,0.10797018151325159,0.386813420478824,0.37143917694088624,0.11981953544682357,False,0.15502681161326054,-0.7556754689145124,1.1699853667122886,-0.8857525706694425,1.2901280576195011,0,0,,0.0456084606782102,0.04602595111302568,0.046358688391402766,0.0903994385421278,0.12097776915883426,0.15972774188230254
conv3,legacy,reconstructed_initialization,8,positive,matched_zero_K,Layer_1,8,1,0.001,2.44140625e-07,0,0,36,7225344,6.013014337617498e-11,3.11014850286815e-09,3.1095671846336676e-09,-0.00450825523139779,6.826719202548927,6.82671771395925,-0.00450825517126765,6.826719202554211,6.826717713964576,4.5558465356344205e-10,False,2.0939511125028787e-08,-81.45423929588338,102.12705649728372,-81.4542392979187,102.12705649483517,0,7225344,0.0,2.827436321516114e-09,3.121391884015427e-09,3.340128300507782e-09,4.1668044366505257e-10,4.5126934300196106e-10,5.050164367440956e-10
conv3,legacy,reconstructed_initialization,8,positive,matched_zero_K,Layer_2,8,2,0.001,2.44140625e-07,0,0,36,3612672,6.943559622209814e-10,5.817448151928736e-08,5.8170337542734226e-08,-0.011079912453738731,0.4142620919779038,0.41411389301727936,-0.011079911759382768,0.4142620929791233,0.41411389403743515,1.4042916946982035e-07,False,3.8640393335009904e-07,-2.6710456362815345,4.898807529563177,-2.6710456216308063,4.89880766102014,0,3612672,0.0,5.590368174317376e-08,5.837154909930853e-08,6.003588945585573e-08,1.2984017143806714e-07,1.4052186201196685e-07,1.4987752401111694e-07
conv3,legacy,reconstructed_initialization,8,positive,matched_zero_K,Layer_3,8,3,0.001,2.44140625e-07,0,0,36,7225344,1.456696211053261e-08,1.22509828940815e-05,1.225097423369637e-05,0.026430218557550688,0.37155325303773473,0.37061201193421006,0.026430233124512797,0.3715532696195753,0.3706120275193194,3.297234728513411e-05,False,4.4419931340411445e-05,-0.8816748041953736,2.884160411704147,-0.8816742551624572,2.8841409686784516,51,7225344,7.058487457482993e-06,1.2160815732854053e-05,1.2251053865824573e-05,1.2336117986706363e-05,2.9871554993601334e-05,3.319045219538503e-05,3.662581029795037e-05
conv3,legacy,reconstructed_initialization,8,positive,matched_zero_K,Layer_4,8,4,0.001,2.44140625e-07,0,0,36,11520,2.6227203996412876e-05,0.04601386916541717,0.046013861690863335,0.10794395430925517,0.3840338278928444,0.3685513311522728,0.10797018151325159,0.386813420478824,0.37143917694088624,0.11981722916934354,False,0.15502645479438135,-0.755685731808129,1.1700075387451403,-0.8857525706694425,1.2901280576195011,0,0,,0.045608463809698366,0.046025957142282,0.046358698004396785,0.09039758327874897,0.1209756846471115,0.15972471373358377
conv3,legacy,reconstructed_initialization,8,positive_minus_negative,negative_phase,Layer_1,8,1,0.001,2.44140625e-07,0,0,36,7225344,1.2039105750941729e-10,6.22062573167581e-09,6.21946062668291e-09,-0.004508255291658702,6.826719202543644,6.826717713953928,-0.00450825517126765,6.826719202554211,6.826717713964576,9.112174599708155e-10,False,4.2480532647104496e-08,-81.45423929384805,102.12705649973225,-81.4542392979187,102.12705649483517,0,7225344,0.0,5.654499177545082e-09,6.242508956036817e-09,6.682825025229144e-09,8.333526216234579e-10,9.026052038354133e-10,1.0100880667074682e-09
conv3,legacy,reconstructed_initialization,8,positive_minus_negative,negative_phase,Layer_2,8,2,0.001,2.44140625e-07,0,0,36,3612672,1.389967717791768e-09,1.1635135035233345e-07,1.1634304757292092e-07,-0.011079913149350485,0.414262090976761,0.41411389199716664,-0.011079911759382768,0.4142620929791233,0.41411389403743515,2.808641024284804e-07,False,7.728078671442873e-07,-2.671045650932262,4.898807398106224,-2.6710456216308063,4.89880766102014,0,3612672,0.0,1.1180505330667513e-07,1.1674622050160944e-07,1.2007077193601636e-07,2.597218112328711e-07,2.8103965694515515e-07,2.997703821390691e-07
conv3,legacy,reconstructed_initialization,8,positive_minus_negative,negative_phase,Layer_3,8,3,0.001,2.44140625e-07,0,0,36,7225344,2.9139685311992043e-08,2.4501936585564632e-05,2.450191925792285e-05,0.026430203984827483,0.3715532368611049,0.3706119967557509,0.026430233124512797,0.3715532696195753,0.3706120275193194,6.594461884535813e-05,False,8.883986268121147e-05,-0.8816753532282898,2.8841798548561224,-0.8816742551624572,2.8841409686784516,98,7225344,1.3563368055555555e-05,2.4321458993249587e-05,2.45020963050341e-05,2.4672173588421764e-05,5.974327411818235e-05,6.638105038771778e-05,7.325132891847841e-05
conv3,legacy,reconstructed_initialization,8,positive_minus_negative,negative_phase,Layer_4,8,4,0.001,2.44140625e-07,0,0,36,11520,5.245444376399964e-05,0.09202773836858948,0.0920277234194614,0.10791772706948759,0.3867478404450319,0.37138612827224904,0.10797018151325159,0.386813420478824,0.37143917694088624,0.23795281768785803,False,0.3100529095887628,-0.8804674605865737,1.28127944448444,-0.8857525706694425,1.2901280576195011,0,0,,0.09121692771966769,0.09205191395482781,0.09271739617143825,0.18005577118298602,0.24017855687087422,0.31569918924313883
conv3,legacy,best_validation,8,zero,post_T_free,Layer_1,8,1,0.001,2.44140625e-07,0,27,36,7225344,5.417421650726139e-11,2.458364336174182e-10,2.397930490226012e-10,-1.1918087610150112,24.851043594333323,24.822448702829927,-1.191808760960837,24.851043594331664,24.82244870283087,9.892398791392214e-12,False,3.210391241736943e-08,-212.7469034572582,192.5928171651406,-212.74690345729488,192.59281716522588,0,7225344,0.0,1.1167721063453542e-10,1.5741172068684788e-10,4.2170544079238644e-10,4.436155826752065e-12,6.305583407917829e-12,1.7064476414012168e-11
conv3,legacy,best_validation,8,zero,post_T_free,Layer_2,8,2,0.001,2.44140625e-07,0,27,36,3612672,5.341695809463954e-11,3.0733012614059294e-10,3.0265233358014654e-10,-0.07911287201308483,4.530963059641786,4.530272331915631,-0.07911287195966787,4.530963059654975,4.530272331929756,6.782887480987105e-11,False,4.292311484022093e-08,-56.17016178233269,54.979760902044234,-56.17016178240903,54.97976090243299,0,3612672,0.0,1.1581108319481879e-10,1.6680119664652894e-10,5.332217487148677e-10,2.538469152402199e-11,3.7433518016451035e-11,1.1910471277287552e-10
conv3,legacy,best_validation,8,zero,post_T_free,Layer_3,8,3,0.001,2.44140625e-07,0,27,36,7225344,4.019561739301035e-10,3.4056487671822703e-09,3.3818448751605374e-09,-0.03500706074203901,0.486814839532758,0.48555452184848213,-0.035007060340082836,0.48681484009448006,0.48555452244064207,6.9957784574746984e-09,False,3.662440541951639e-07,-9.600793199420844,9.032977413774885,-9.600793196839316,9.032977417687828,0,7225344,0.0,1.3240734416417403e-09,1.8703741265077307e-09,5.828774824301673e-09,2.728701771202617e-09,3.816170391095166e-09,1.1790701009832067e-08
conv3,legacy,best_validation,8,zero,post_T_free,Layer_4,8,4,0.001,2.44140625e-07,0,27,36,11520,2.447991314789096e-09,6.7454497697894405e-09,6.285573253050955e-09,-0.1173215456653888,0.3928826597485358,0.3749565831583276,-0.11732154321739749,0.39288266191368637,0.3749565861929516,1.7169120607427316e-08,False,1.8448203586984846e-07,-1.7140163897326208,2.200320067573239,-1.7140163927593648,2.200320252055275,0,0,,2.2673684682494817e-09,3.4287233390311636e-09,1.1460966772628334e-08,5.6116459236316035e-09,9.162235823109271e-09,2.5557527011348946e-08
conv3,legacy,best_validation,8,negative,post_T_free,Layer_1,8,1,0.001,2.44140625e-07,0,27,36,7225344,5.4839492048432005e-11,3.487542314252983e-10,3.4441565592887975e-10,-1.1918087610150112,24.851043594333323,24.822448702829927,-1.1918087609601717,24.851043594330644,24.822448702829877,1.4033786150728223e-11,False,3.656532499007881e-08,-212.7469034572582,192.5928171651406,-212.74690345724233,192.59281716501644,0,7225344,0.0,1.9336716778522175e-10,2.6563533601334224e-10,5.241723324959473e-10,7.919041007112453e-12,1.0805481422678606e-11,2.112270562554415e-11
conv3,legacy,best_validation,8,negative,post_T_free,Layer_2,8,2,0.001,2.44140625e-07,0,27,36,3612672,6.649181649597699e-11,6.482221041888553e-09,6.481880010787131e-09,-0.07911287201308483,4.530963059641786,4.530272331915631,-0.079112871946593,4.53096305960047,4.53027233187547,1.4306497220485025e-09,False,7.632941415591787e-07,-56.17016178233269,54.979760902044234,-56.1701617700945,54.9797609035413,0,3612672,0.0,3.353918361460509e-09,5.822519846762174e-09,9.595590631188331e-09,7.449256471377791e-10,1.3520052558160867e-09,2.1042429428606995e-09
conv3,legacy,best_validation,8,negative,post_T_free,Layer_3,8,3,0.001,2.44140625e-07,0,27,36,7225344,7.099909819665948e-10,8.633853619875564e-07,8.633850700627091e-07,-0.03500706074203901,0.486814839532758,0.48555452184848213,-0.03500706003204803,0.48681483034140177,0.4855545126844568,1.7735395305866775e-06,False,0.00016615179066370445,-9.600793199420844,9.032977413774885,-9.600810875130867,9.03297938324303,0,7225344,0.0,4.833892892357827e-07,7.705998534329256e-07,1.2859424000776646e-06,9.67720601774602e-07,1.6042700960341206e-06,2.6205848110629324e-06
conv3,legacy,best_validation,8,negative,post_T_free,Layer_4,8,4,0.001,2.44140625e-07,0,27,36,11520,1.8448158132491656e-05,0.007874015396143932,0.007873993784870116,-0.1173215456653888,0.3928826597485358,0.3749565831583276,-0.1173030975072563,0.39277795069996907,0.3748526402084831,0.020041646534320678,False,0.12346047111094627,-1.7140163897326208,2.200320067573239,-1.7165819565012224,2.235423654468757,0,0,,0.004792466962510494,0.0071184441414478584,0.01165784890123487,0.010833794461570529,0.017713608613808045,0.03323191306696284
conv3,legacy,best_validation,8,negative,matched_zero_K,Layer_1,8,1,0.001,2.44140625e-07,0,27,36,7225344,6.652755411706153e-13,2.4021865898166415e-10,2.4021773775348766e-10,-1.191808760960837,24.851043594331664,24.82244870283087,-1.1918087609601717,24.851043594330644,24.822448702829877,9.66634089509449e-12,False,2.732582515818649e-08,-212.74690345729488,192.59281716522588,-212.74690345724233,192.59281716501644,0,7225344,0.0,1.16564142940165e-10,2.027908786368304e-10,4.124220040400625e-10,4.848277071848201e-12,8.246986777744796e-12,1.6755258425300006e-11
conv3,legacy,best_validation,8,negative,matched_zero_K,Layer_2,8,2,0.001,2.44140625e-07,0,27,36,3612672,1.3074858401337447e-11,6.4684172092200846e-09,6.468403994851616e-09,-0.07911287195966787,4.530963059654975,4.530272331929756,-0.079112871946593,4.53096305960047,4.53027233187547,1.4276031660502312e-09,False,7.633158871644952e-07,-56.17016178240903,54.97976090243299,-56.1701617700945,54.9797609035413,0,3612672,0.0,3.35330942598074e-09,5.862483570472633e-09,9.599238100148032e-09,7.448377306593105e-10,1.3625232495598921e-09,2.1017836977716603e-09
conv3,legacy,best_validation,8,negative,matched_zero_K,Layer_3,8,3,0.001,2.44140625e-07,0,27,36,7225344,3.0803480803649134e-10,8.633697748709499e-07,8.633697199203084e-07,-0.035007060340082836,0.48681484009448006,0.48555452244064207,-0.03500706003204803,0.48681483034140177,0.4855545126844568,1.773507509967011e-06,False,0.00016614844765183712,-9.600793196839316,9.032977417687828,-9.600810875130867,9.03297938324303,0,7225344,0.0,4.833827396624898e-07,7.706617002532351e-07,1.285949537491321e-06,9.677079723269399e-07,1.604349304118252e-06,2.6205990711288223e-06
conv3,legacy,best_validation,8,negative,matched_zero_K,Layer_4,8,4,0.001,2.44140625e-07,0,27,36,11520,1.8445710141176864e-05,0.007874015368814389,0.00787399376327557,-0.11732154321739749,0.39288266191368637,0.3749565861929516,-0.1173030975072563,0.39277795069996907,0.3748526402084831,0.020041646354310886,False,0.12346047604523136,-1.7140163927593648,2.200320252055275,-1.7165819565012224,2.235423654468757,0,0,,0.004792466955489093,0.007118444101855394,0.011657848882795224,0.01083379364062959,0.017713608959366748,0.03323191290443062
conv3,legacy,best_validation,8,positive,post_T_free,Layer_1,8,1,0.001,2.44140625e-07,0,27,36,7225344,5.3509843312510126e-11,3.386023963667671e-10,3.3434754297584997e-10,-1.1918087610150112,24.851043594333323,24.822448702829927,-1.1918087609615011,24.851043594332683,24.82244870283186,1.3625278756662642e-11,False,2.841240132056555e-08,-212.7469034572582,192.5928171651406,-212.74690345734737,192.5928171654353,0,7225344,0.0,1.7640315343464364e-10,2.5774264441399545e-10,5.623351094752673e-10,7.133301939686646e-12,1.0473729372965147e-11,2.2485483499266874e-11
conv3,legacy,best_validation,8,positive,post_T_free,Layer_2,8,2,0.001,2.44140625e-07,0,27,36,3612672,4.0357408667083055e-11,6.469193895438119e-09,6.469068011417062e-09,-0.07911287201308483,4.530963059641786,4.530272331915631,-0.07911287197272741,4.530963059709479,4.5302723319840394,1.4277745835229937e-09,False,7.633376312154994e-07,-56.17016178233269,54.979760902044234,-56.17016179472354,54.979760901324646,0,3612672,0.0,3.361950597564281e-09,5.915195368889787e-09,9.605650993024232e-09,7.468072333357867e-10,1.3662571957425214e-09,2.1053011506394835e-09
conv3,legacy,best_validation,8,positive,post_T_free,Layer_3,8,3,0.001,2.44140625e-07,0,27,36,7225344,9.429577927518325e-11,8.633681904410466e-07,8.633681852916248e-07,-0.03500706074203901,0.486814839532758,0.48555452184848213,-0.035007060647743234,0.4868148498490859,0.48555453219838585,1.773504257326466e-06,False,0.0001661451046499618,-9.600793199420844,9.032977413774885,-9.600775518547787,9.032975452132623,1,7225344,1.3840171485260771e-07,4.833829163213753e-07,7.707281116675706e-07,1.2859593849879366e-06,9.67708867549324e-07,1.6044379602270077e-06,2.620618888104172e-06
conv3,legacy,best_validation,8,positive,post_T_free,Layer_4,8,4,0.001,2.44140625e-07,0,27,36,11520,-1.8443260682447243e-05,0.007874015342995628,0.00787399374319449,-0.1173215456653888,0.3928826597485358,0.3749565831583276,-0.11733998892607125,0.39314507976676627,0.37522577302691573,0.020041646399042875,False,0.12346048097951612,-1.7140163897326208,2.200320067573239,-1.711450829017506,2.1652168496417943,0,0,,0.0047924669484692185,0.007118444062268059,0.011657848864357067,0.010833792937277941,0.01771360944499023,0.03323191296019918
conv3,legacy,best_validation,8,positive,matched_zero_K,Layer_1,8,1,0.001,2.44140625e-07,0,27,36,7225344,-6.643731947512673e-13,2.402182527460198e-10,2.4021733401361513e-10,-1.191808760960837,24.851043594331664,24.82244870283087,-1.1918087609615011,24.851043594332683,24.82244870283186,9.666324548270147e-12,False,2.732582515818649e-08,-212.74690345729488,192.59281716522588,-212.74690345734737,192.5928171654353,0,7225344,0.0,1.165641396767279e-10,2.0279089812287563e-10,4.124220127935143e-10,4.8482769416756e-12,8.246987187776094e-12,1.675525877629803e-11
conv3,legacy,best_validation,8,positive,matched_zero_K,Layer_2,8,2,0.001,2.44140625e-07,0,27,36,3612672,-1.3059549427556488e-11,6.468410295078607e-09,6.468397111622604e-09,-0.07911287195966787,4.530963059654975,4.530272331929756,-0.07911287197272741,4.530963059709479,4.5302723319840394,1.4276016400741005e-09,False,7.633158856101829e-07,-56.17016178240903,54.97976090243299,-56.17016179472354,54.979760901324646,0,3612672,0.0,3.353309423927765e-09,5.862342784851176e-09,9.599238128995448e-09,7.448377301010521e-10,1.3624895627585018e-09,2.1017836975843713e-09
conv3,legacy,best_validation,8,positive,matched_zero_K,Layer_3,8,3,0.001,2.44140625e-07,0,27,36,7225344,-3.0766039465492015e-10,8.633703437667601e-07,8.633702889496575e-07,-0.035007060340082836,0.48681484009448006,0.48555452244064207,-0.035007060647743234,0.4868148498490859,0.48555453219838585,1.773508678575203e-06,False,0.00016614844766182912,-9.600793196839316,9.032977417687828,-9.600775518547787,9.032975452132623,1,7225344,1.3840171485260771e-07,4.833827396467933e-07,7.706617002773624e-07,1.2859495374948153e-06,9.677079722959817e-07,1.6043493041295687e-06,2.6205990711359637e-06
conv3,legacy,best_validation,8,positive,matched_zero_K,Layer_4,8,4,0.001,2.44140625e-07,0,27,36,11520,-1.844570867376203e-05,0.007874015370319393,0.007873993764784017,-0.11732154321739749,0.39288266191368637,0.3749565861929516,-0.11733998892607125,0.39314507976676627,0.37522577302691573,0.02004164635814156,False,0.12346047604523103,-1.7140163927593648,2.200320252055275,-1.711450829017506,2.1652168496417943,0,0,,0.004792466955489086,0.007118444101855355,0.011657848882795233,0.010833793640629582,0.01771360895936678,0.03323191290443065
conv3,legacy,best_validation,8,positive_minus_negative,negative_phase,Layer_1,8,1,0.001,2.44140625e-07,0,27,36,7225344,-1.3296487359218825e-12,4.804368986343621e-10,4.804350586745762e-10,-1.1918087609601717,24.851043594330644,24.822448702829877,-1.1918087609615011,24.851043594332683,24.82244870283186,1.9332664916493322e-11,False,5.465165031637298e-08,-212.74690345724233,192.59281716501644,-212.74690345734737,192.5928171654353,0,7225344,0.0,2.331282825835534e-10,4.0558177674019146e-10,8.248440168235302e-10,9.696554012139085e-12,1.6493973964713334e-11,3.351051720119136e-11
conv3,legacy,best_validation,8,positive_minus_negative,negative_phase,Layer_2,8,2,0.001,2.44140625e-07,0,27,36,3612672,-2.6134407828893935e-11,1.2936826520311631e-08,1.2936800122494194e-08,-0.079112871946593,4.53096305960047,4.53027233187547,-0.07911287197272741,4.530963059709479,4.5302723319840394,2.855204588989161e-09,False,1.526631772774678e-06,-56.1701617700945,54.9797609035413,-56.17016179472354,54.979760901324646,0,3612672,0.0,6.7066188499045345e-09,1.1724806327612103e-08,1.9198476229142037e-08,1.4896754607840285e-09,2.7250080186259663e-09,4.203567395374802e-09
conv3,legacy,best_validation,8,positive_minus_negative,negative_phase,Layer_3,8,3,0.001,2.44140625e-07,0,27,36,7225344,-6.156952026914115e-10,1.7267398335528848e-06,1.726739723785163e-06,-0.03500706003204803,0.48681483034140177,0.4855545126844568,-0.035007060647743234,0.4868148498490859,0.48555453219838585,3.5470156739923623e-06,False,0.00033229689531366624,-9.600810875130867,9.03297938324303,-9.600775518547787,9.032975452132623,1,7225344,1.3840171485260771e-07,9.66765479309283e-07,1.5413234005305977e-06,2.5718990749861366e-06,1.9354159301094838e-06,3.208698782699237e-06,5.241198135934003e-06
conv3,legacy,best_validation,8,positive_minus_negative,negative_phase,Layer_4,8,4,0.001,2.44140625e-07,0,27,36,11520,-3.68914188149389e-05,0.01574803073913378,0.015747987528059587,-0.1173030975072563,0.39277795069996907,0.3748526402084831,-0.11733998892607125,0.39314507976676627,0.37522577302691573,0.04009397857254776,False,0.2469209520904624,-1.7165819565012224,2.235423654468757,-1.711450829017506,2.1652168496417943,0,0,,0.009584933910978177,0.01423688820371075,0.023315697765590455,0.021667742612438978,0.03544247045650501,0.06651735342607153
conv2,legacy,reconstructed_initialization,6,zero,post_T_free,Layer_1,6,1,0.03,0.0001171875,0,0,36,7225344,2.951362294820263e-07,2.518673698592469e-06,2.501322011662753e-06,-0.0010809581401316276,1.8994430154087107,1.899442707826281,-0.0010806630039021418,1.899443189678196,1.8994428822637313,1.3260064546082296e-06,False,2.333136381382772e-05,-22.584509930706588,28.467506340835737,-22.5845063230558,28.467513669644653,5,7225344,6.920085742630385e-07,2.1967958072927443e-06,2.5017833544185655e-06,2.885900390464024e-06,1.1679590682922497e-06,1.3098453501561e-06,1.4581022801410137e-06
conv2,legacy,reconstructed_initialization,6,zero,post_T_free,Layer_2,6,2,0.03,0.0001171875,0,0,36,3612672,7.423114032226249e-07,4.862226284239727e-06,4.805228217243935e-06,0.0038539574605142082,0.40828771627291055,0.40826952650331527,0.0038546997719174306,0.4082904914796686,0.40827229482586463,1.190882333817186e-05,False,3.9189790933424895e-05,-2.5745226569471114,4.19437500316808,-2.5745224852175905,4.194390635570347,14,3612672,3.875248015873016e-06,4.165239181360722e-06,4.802961945179846e-06,5.642949076179909e-06,1.0486504999538539e-05,1.1748911544505508e-05,1.3126651844437347e-05
conv2,legacy,reconstructed_initialization,6,zero,post_T_free,Layer_3,6,3,0.03,0.0001171875,0,0,36,11520,1.5697571809287168e-05,4.6859622525132036e-05,4.415212862920806e-05,0.021949986036527664,0.1964285081337468,0.1951982503011891,0.021965683608336953,0.1964733713357087,0.19524163077488807,0.0002385581551799276,False,0.0001425390288443129,-0.4686334663590433,0.6381412016885043,-0.46873603657486396,0.6382687430529567,0,0,,3.55755690320275e-05,4.6030459654073055e-05,5.9158499490968516e-05,0.00021782012023872894,0.00023816582563298785,0.0002592150463592757
conv2,legacy,reconstructed_initialization,6,negative,post_T_free,Layer_1,6,1,0.03,0.0001171875,0,0,36,7225344,2.9625752783246383e-07,2.6529167935364504e-06,2.6363230057468903e-06,-0.0010809581401316276,1.8994430154087107,1.899442707826281,-0.0010806618826037916,1.899443191611998,1.8994428841981716,1.3966814334599092e-06,False,2.3301855143653682e-05,-22.584509930706588,28.467506340835737,-22.58450388336604,28.467515659184734,4,7225344,5.536068594104309e-07,2.3723656458898167e-06,2.621133640691053e-06,2.997906581548119e-06,1.2405148451653893e-06,1.3735858272391428e-06,1.5138862656642367e-06
conv2,legacy,reconstructed_initialization,6,negative,post_T_free,Layer_2,6,2,0.03,0.0001171875,0,0,36,3612672,7.098450636226396e-07,6.581920529539372e-05,6.581537742581771e-05,0.0038539574605142082,0.40828771627291055,0.40826952650331527,0.0038546673055778304,0.4082907381431276,0.40827254180684663,0.00016120789990017328,False,0.0002794295807153624,-2.5745226569471114,4.19437500316808,-2.5744402838714198,4.194476053036356,207,3612672,5.7298309948979594e-05,6.495108475603408e-05,6.581264653779926e-05,6.648233634798667e-05,0.0001508720839708091,0.00016225527053554496,0.00017214994028802195
conv2,legacy,reconstructed_initialization,6,negative,post_T_free,Layer_3,6,3,0.03,0.0001171875,0,0,36,11520,-0.0001673789195298935,0.12222660153447976,0.12222648692883956,0.021949986036527664,0.1964285081337468,0.1951982503011891,0.021782607116997775,0.23190573030475503,0.2308804577597859,0.6222447174076001,False,0.43566606450280915,-0.4686334663590433,0.6381412016885043,-0.8205877070272991,1.013656316797625,0,0,,0.1209285919314695,0.12216735921203167,0.12389358577766715,0.48575335462743113,0.6348903234012342,0.8061290975435259
conv2,legacy,reconstructed_initialization,6,negative,matched_zero_K,Layer_1,6,1,0.03,0.0001171875,0,0,36,7225344,1.1212983504375104e-09,9.051387720649621e-07,9.051380775247923e-07,-0.0010806630039021418,1.899443189678196,1.8994428822637313,-0.0010806618826037916,1.899443191611998,1.8994428841981716,4.765284779158417e-07,False,8.310577092052185e-06,-22.5845063230558,28.467513669644653,-22.58450388336604,28.467515659184734,1,7225344,1.3840171485260771e-07,8.867172409043482e-07,9.045191789816837e-07,9.236730968618673e-07,4.4441152704130146e-07,4.799633887983273e-07,5.03825282231658e-07
conv2,legacy,reconstructed_initialization,6,negative,matched_zero_K,Layer_2,6,2,0.03,0.0001171875,0,0,36,3612672,-3.246633959998533e-08,6.56551876027055e-05,6.56551795754398e-05,0.0038546997719174306,0.4082904914796686,0.40827229482586463,0.0038546673055778304,0.4082907381431276,0.40827254180684663,0.00016080508601796543,False,0.0002705439302783663,-2.5745224852175905,4.194390635570347,-2.5744402838714198,4.194476053036356,203,3612672,5.619109623015873e-05,6.4823314980272e-05,6.564639079076605e-05,6.635483833168228e-05,0.00015039643813892078,0.0001617872831453224,0.00017180606266815112
conv2,legacy,reconstructed_initialization,6,negative,matched_zero_K,Layer_3,6,3,0.03,0.0001171875,0,0,36,11520,-0.00018307649133918064,0.12222673283455021,0.12222659572452647,0.021965683608336953,0.1964733713357087,0.19524163077488807,0.021782607116997775,0.23190573030475503,0.2308804577597859,0.6221033008371639,False,0.4357524541353607,-0.46873603657486396,0.6382687430529567,-0.8205877070272991,1.013656316797625,0,0,,0.12092871500199127,0.12216750219946518,0.12389371208734487,0.4856432312796958,0.6347461543440956,0.8059517652903433
conv2,legacy,reconstructed_initialization,6,positive,post_T_free,Layer_1,6,1,0.03,0.0001171875,0,0,36,7225344,2.9407666429669697e-07,2.699773384173713e-06,2.683709231904401e-06,-0.0010809581401316276,1.8994430154087107,1.899442707826281,-0.0010806640634673278,1.899443187744939,1.899442880329871,1.4213500285465485e-06,False,2.4364283141786736e-05,-22.584509930706588,28.467506340835737,-22.58450876273182,28.46751168010457,4,7225344,5.536068594104309e-07,2.38387573151544e-06,2.691315147587284e-06,3.051423020856943e-06,1.2796087836283263e-06,1.418821071274416e-06,1.5554488735778204e-06
conv2,legacy,reconstructed_initialization,6,positive,post_T_free,Layer_2,6,2,0.03,0.0001171875,0,0,36,3612672,7.757628406876551e-07,6.585073628466221e-05,6.584616664048969e-05,0.0038539574605142082,0.40828771627291055,0.40826952650331527,0.0038547332233548953,0.4082902554711915,0.40827205849103565,0.00016128512727687797,False,0.00027714109731169067,-2.5745226569471114,4.19437500316808,-2.5746046866022603,4.194305218104332,199,3612672,5.5083882511337866e-05,6.498833661591373e-05,6.582164088222387e-05,6.651075262372426e-05,0.00015099912590315744,0.00016232908952157644,0.00017218005094475
conv2,legacy,reconstructed_initialization,6,positive,post_T_free,Layer_3,6,3,0.03,0.0001171875,0,0,36,11520,0.0001987792633961982,0.12222688186640931,0.1222267202275739,0.021949986036527664,0.1964285081337468,0.1951982503011891,0.02214876529992386,0.23087237221192683,0.22980749432177222,0.6222461445524287,False,0.4358387447369329,-0.4686334663590433,0.6381412016885043,-0.8078775526550623,0.9422381462361181,0,0,,0.12092884772132124,0.12216765989634917,0.12389385213022087,0.48575506025155235,0.6348918175691793,0.8061300395080054
conv2,legacy,reconstructed_initialization,6,positive,matched_zero_K,Layer_1,6,1,0.03,0.0001171875,0,0,36,7225344,-1.0595651853293091e-09,9.052114118041568e-07,9.052107916845074e-07,-0.0010806630039021418,1.899443189678196,1.8994428822637313,-0.0010806640634673278,1.899443187744939,1.899442880329871,4.7656672056483974e-07,False,8.310572672920458e-06,-22.5845063230558,28.467513669644653,-22.58450876273182,28.46751168010457,1,7225344,1.3840171485260771e-07,8.86779107762419e-07,9.045174171099145e-07,9.23781021359729e-07,4.4451515080982686e-07,4.79952084358654e-07,5.039495159376819e-07
conv2,legacy,reconstructed_initialization,6,positive,matched_zero_K,Layer_2,6,2,0.03,0.0001171875,0,0,36,3612672,3.3451437465030164e-08,6.565512370543013e-05,6.565511518363717e-05,0.0038546997719174306,0.4082904914796686,0.40827229482586463,0.0038547332233548953,0.4082902554711915,0.40827205849103565,0.00016080492951842234,False,0.00027054393027892143,-2.5745224852175905,4.194390635570347,-2.5746046866022603,4.194305218104332,199,3612672,5.5083882511337866e-05,6.482476727086228e-05,6.56483259410579e-05,6.635619978451472e-05,0.00015039813459432082,0.00016178285917022205,0.00017180688192450604
conv2,legacy,reconstructed_initialization,6,positive,matched_zero_K,Layer_3,6,3,0.03,0.0001171875,0,0,36,11520,0.00018308169158691087,0.12222673260049643,0.12222659548268316,0.021965683608336953,0.1964733713357087,0.19524163077488807,0.02214876529992386,0.23087237221192683,0.22980749432177222,0.6221032996458892,False,0.4357523551043814,-0.46873603657486396,0.6382687430529567,-0.8078775526550623,0.9422381462361181,0,0,,0.12092871333898118,0.1221675018021327,0.12389371515721774,0.4856432380824487,0.634746183721401,0.8059517523774126
conv2,legacy,reconstructed_initialization,6,positive_minus_negative,negative_phase,Layer_1,6,1,0.03,0.0001171875,0,0,36,7225344,-2.180863535766819e-09,1.810316863794323e-06,1.8103155501658687e-06,-0.0010806618826037916,1.899443191611998,1.8994428841981716,-0.0010806640634673278,1.899443187744939,1.899442880329871,9.530776554880611e-07,False,1.6621149764972643e-05,-22.58450388336604,28.467515659184734,-22.58450876273182,28.46751168010457,2,7225344,2.7680342970521543e-07,1.7734429642245152e-06,1.808992901177696e-06,1.8473902876036036e-06,8.889091628630941e-07,9.599009267483842e-07,1.0077657783808869e-06
conv2,legacy,reconstructed_initialization,6,positive_minus_negative,negative_phase,Layer_2,6,2,0.03,0.0001171875,0,0,36,3612672,6.591777706501552e-08,0.0001313077553628827,0.00013130773881719736,0.0038546673055778304,0.4082907381431276,0.40827254180684663,0.0038547332233548953,0.4082902554711915,0.40827205849103565,0.00032160356112915877,False,0.0005410878605572877,-2.5744402838714198,4.194476053036356,-2.5746046866022603,4.194305218104332,402,3612672,0.0001112749787414966,0.00012964463582007657,0.0001312924182538743,0.00013270833946470872,0.0003007883534971091,0.0003235620196554226,0.00034360957285157844
conv2,legacy,reconstructed_initialization,6,positive_minus_negative,negative_phase,Layer_3,6,3,0.03,0.0001171875,0,0,36,11520,0.0003661581829260917,0.24445346543503496,0.24445319120719802,0.021782607116997775,0.23190573030475503,0.2308804577597859,0.02214876529992386,0.23087237221192683,0.22980749432177222,1.054107050799437,False,0.871504809239742,-0.8205877070272991,1.013656316797625,-0.8078775526550623,0.9422381462361181,0,0,,0.24185742834095392,0.24433500400158956,0.24778742724455033,0.8735791792871649,1.0692303815418436,1.2510199844924186
conv3,baseline,reconstructed_initialization,10,zero,post_T_free,Layer_1,8,1,10,10.0,0,0,36,7225344,2.600795905018753e-09,6.612252529974735e-09,6.0792881310721706e-09,-0.00450825783199234,6.826719202438843,6.82671771384745,-0.004508255231196411,6.826719202548934,6.826717713959258,9.685842252911927e-10,False,5.08285094014127e-08,-81.45423930273073,102.12705647704594,-81.45423929588291,102.12705649728514,0,7225344,0.0,4.990965580747892e-09,6.539540998020135e-09,8.350136753541486e-09,7.508428881121821e-10,9.568371555872077e-10,1.191504385860558e-09
conv3,baseline,reconstructed_initialization,10,zero,post_T_free,Layer_2,8,2,10,10.0,0,0,36,3612672,1.480868992029519e-09,3.803882758231768e-09,3.5037909564953206e-09,-0.0027699795941880977,0.10356552214588588,0.10352847236580746,-0.0027699781133191056,0.10356552299453695,0.10352847325438395,3.67292384513206e-08,False,2.3806432547512912e-08,-0.6677614077368267,1.224701870871895,-0.6677614090705001,1.224701882391592,0,3612672,0.0,2.8525797743734777e-09,3.760950372790136e-09,4.813312956662992e-09,2.8633909774545784e-08,3.6568149450664394e-08,4.480340423178579e-08
conv3,baseline,reconstructed_initialization,10,zero,post_T_free,Layer_3,8,3,10,10.0,0,0,36,7225344,3.0499842916526863e-09,8.063754620851823e-09,7.464699217381835e-09,0.0016518856101012745,0.023222073997471872,0.02316324663502937,0.001651888660085566,0.023222078315173967,0.023163250746187452,3.472452383766284e-07,False,5.470364621007473e-08,-0.05510468155237745,0.18025997785273043,-0.055104675261626004,0.18026002573507094,1,7225344,1.3840171485260771e-07,6.053666625053187e-09,7.960883649132163e-09,1.0213250242650573e-08,2.8421172722052804e-07,3.433559846830328e-07,4.0647283137159956e-07
conv3,baseline,reconstructed_initialization,10,zero,post_T_free,Layer_4,8,4,10,10.0,0,0,36,11520,3.0521726493770307e-09,5.312328288625349e-09,4.347996546057037e-09,0.0016866212341482124,0.006000523565181206,0.005758610237619432,0.0016866242863208616,0.006000528561212159,0.005758614549587036,8.853107951197463e-07,False,1.5249417936735732e-08,-0.011807582798059657,0.018281352803119044,-0.011807589559989671,0.018281367794049593,0,0,,3.959671026906182e-09,5.240154772524104e-09,6.7411883668686515e-09,7.735847416547035e-07,8.99587654243404e-07,9.839166493909622e-07
conv3,baseline,reconstructed_initialization,10,negative,post_T_free,Layer_1,8,1,10,10.0,0,0,36,7225344,-8.717573228099407e-09,4.868621108827589e-07,4.867840578020491e-07,-0.00450825783199234,6.826719202438843,6.82671771384745,-0.004508266549565527,6.82671920060069,6.826717712003539,7.131714319065996e-08,False,3.270017573830941e-06,-81.45423930273073,102.12705647704594,-81.45423909117511,102.1270568458519,0,7225344,0.0,4.456122767489733e-07,4.880316152274519e-07,5.226330582658576e-07,6.53846138671387e-08,7.068999198359827e-08,7.934177593219269e-08
conv3,baseline,reconstructed_initialization,10,negative,post_T_free,Layer_2,8,2,10,10.0,0,0,36,3612672,-3.0714576664973186e-08,2.2792629025446945e-06,2.2790559435206405e-06,-0.0027699795941880977,0.10356552214588588,0.10352847236580746,-0.0027700103087647627,0.103565453000195,0.10352840237357541,2.2007931358990762e-05,False,1.5476435564543145e-05,-0.6677614077368267,1.224701870871895,-0.6677617371527445,1.2246967649840028,22,3612672,6.0896754535147395e-06,2.2023472889020063e-06,2.2828627421790403e-06,2.346295797749615e-06,2.034860198521903e-05,2.205841401472116e-05,2.3576948227965493e-05
conv3,baseline,reconstructed_initialization,10,negative,post_T_free,Layer_3,8,3,10,10.0,0,0,36,7225344,-1.5771368466923551e-07,0.00012006313150920722,0.00012006302792363207,0.0016518856101012745,0.023222073997471872,0.02316324663502937,0.0016517278964166052,0.02322206207909807,0.023163245933195194,0.0051702156974557135,False,0.00041397824768812236,-0.05510468155237745,0.18025997785273043,-0.055108409921808876,0.1804298473790917,8312,7225344,0.0011503950538548752,0.0001196574009161624,0.00012004103229152553,0.00012052992928612813,0.004702407147118467,0.005203239781609751,0.005742220083507686
conv3,baseline,reconstructed_initialization,10,negative,post_T_free,Layer_4,8,4,10,10.0,0,0,36,11520,-4.92809310816115e-05,0.11277350177044325,0.11277349100279728,0.0016866212341482124,0.006000523565181206,0.005758610237619432,0.0016373403030666006,0.11292319631528708,0.11291132530792834,18.79394365265486,False,0.36631327003837055,-0.011807582798059657,0.018281352803119044,-0.37124370772185555,0.3834677360389242,0,0,,0.11244777641754054,0.11276327790085994,0.11309961600038418,14.128395494995681,18.94783656736167,25.22008383456238
conv3,baseline,reconstructed_initialization,10,negative,matched_zero_K,Layer_1,8,1,10,10.0,0,0,36,7225344,-1.131836913311816e-08,4.869960061961049e-07,4.868644622183089e-07,-0.004508255231196411,6.826719202548934,6.826717713959258,-0.004508266549565527,6.82671920060069,6.826717712003539,7.133675660986207e-08,False,3.277031408677189e-06,-81.45423929588291,102.12705649728514,-81.45423909117511,102.1270568458519,0,7225344,0.0,4.457433149366436e-07,4.880143363723414e-07,5.221393044216299e-07,6.552481763727348e-08,7.055591476516607e-08,7.94199124447403e-08
conv3,baseline,reconstructed_initialization,10,negative,matched_zero_K,Layer_2,8,2,10,10.0,0,0,36,3612672,-3.21954456570027e-08,2.2793201122166114e-06,2.2790927201924215e-06,-0.0027699781133191056,0.10356552299453695,0.10352847325438395,-0.0027700103087647627,0.103565453000195,0.10352840237357541,2.2008483579393936e-05,False,1.5481054801404215e-05,-0.6677614090705001,1.224701882391592,-0.6677617371527445,1.2246967649840028,22,3612672,6.0896754535147395e-06,2.2025376435978663e-06,2.2830645494866766e-06,2.3463435162296046e-06,2.0350500026234563e-05,2.205923049076457e-05,2.357962486705157e-05
conv3,baseline,reconstructed_initialization,10,negative,matched_zero_K,Layer_3,8,3,10,10.0,0,0,36,7225344,-1.607636689608882e-07,0.0001200631391694538,0.00012006303153871458,0.001651888660085566,0.023222078315173967,0.023163250746187452,0.0016517278964166052,0.02322206207909807,0.023163245933195194,0.0051702150660219385,False,0.00041398133651770336,-0.055104675261626004,0.18026002573507094,-0.055108409921808876,0.1804298473790917,8313,7225344,0.0011505334555697278,0.00011965738444340418,0.00012004104262734475,0.00012052991550248644,0.004702406936448465,0.005203239907178446,0.005742219594740311
conv3,baseline,reconstructed_initialization,10,negative,matched_zero_K,Layer_4,8,4,10,10.0,0,0,36,11520,-4.928398325426101e-05,0.1127735017703647,0.11277349100138492,0.0016866242863208616,0.006000528561212159,0.005758614549587036,0.0016373403030666006,0.11292319631528708,0.11291132530792834,18.79392800483287,False,0.3663132620704469,-0.011807589559989671,0.018281367794049593,-0.37124370772185555,0.3834677360389242,0,0,,0.11244777641390881,0.11276327790424051,0.11309961599599988,14.12838297119449,18.947822522037548,25.220063167284955
conv3,baseline,reconstructed_initialization,10,positive,post_T_free,Layer_1,8,1,10,10.0,0,0,36,7225344,1.3642860049794748e-08,4.871447029407459e-07,4.869536261009761e-07,-0.00450825783199234,6.826719202438843,6.82671771384745,-0.0045082441891322895,6.826719204519291,6.826717715936908,7.135853819309188e-08,False,3.2259732382078354e-06,-81.45423930273073,102.12705647704594,-81.45423961436232,102.12705614751036,0,7225344,0.0,4.448266377152341e-07,4.88669432182137e-07,5.232250255974469e-07,6.571367439802069e-08,7.046060063540775e-08,7.933885041863569e-08
conv3,baseline,reconstructed_initialization,10,positive,post_T_free,Layer_2,8,2,10,10.0,0,0,36,3612672,3.3048761561317055e-08,2.2792558926463116e-06,2.2790162797843716e-06,-0.0027699795941880977,0.10356552214588588,0.10352847236580746,-0.0027699465454265365,0.10356559316733005,0.10352854429690586,2.2007863673353326e-05,False,1.5480767855874378e-05,-0.6677614077368267,1.224701870871895,-0.6677607284424372,1.2247070000133242,30,3612672,8.304102891156463e-06,2.204223649042333e-06,2.282536457792374e-06,2.3488542023806335e-06,2.0380757993705154e-05,2.204452336731774e-05,2.3567925816344212e-05
conv3,baseline,reconstructed_initialization,10,positive,post_T_free,Layer_3,8,3,10,10.0,0,0,36,7225344,1.6156969840874398e-07,0.00012006210612110981,0.00012006199740746107,0.0016518856101012745,0.023222073997471872,0.02316324663502937,0.0016520471797996832,0.023222715691362878,0.023163878435995724,0.005170171541705563,False,0.0004141263740511042,-0.05510468155237745,0.18025997785273043,-0.05510090310017627,0.18009019542586727,8287,7225344,0.0011469350109835602,0.00011963341767920181,0.00012005885157974802,0.00012054139504204004,0.004703459565059727,0.005203124348138896,0.005741897032976643
conv3,baseline,reconstructed_initialization,10,positive,post_T_free,Layer_4,8,4,10,10.0,0,0,36,11520,4.928535773130681e-05,0.1127735014617353,0.11277349069215481,0.0016866212341482124,0.006000523565181206,0.005758610237619432,0.001735906591879519,0.11294286050692096,0.11292951947028763,18.793943601208024,False,0.36631316796811675,-0.011807582798059657,0.018281352803119044,-0.3772242319437201,0.38133059223305427,0,0,,0.11244776930177727,0.11276328082048939,0.113099614864588,14.128396552381734,18.947836011776147,25.220082766740877
conv3,baseline,reconstructed_initialization,10,positive,matched_zero_K,Layer_1,8,1,10,10.0,0,0,36,7225344,1.1042064144775996e-08,4.86923267192865e-07,4.867980494550045e-07,-0.004508255231196411,6.826719202548934,6.826717713959258,-0.0045082441891322895,6.826719204519291,6.826717715936908,7.132610156443223e-08,False,3.2189594033615876e-06,-81.45423929588291,102.12705649728514,-81.45423961436232,102.12705614751036,0,7225344,0.0,4.4452004737329994e-07,4.883570649391867e-07,5.2306586354476e-07,6.556118423669638e-08,7.051334447209873e-08,7.93342050427777e-08
conv3,baseline,reconstructed_initialization,10,positive,matched_zero_K,Layer_2,8,2,10,10.0,0,0,36,3612672,3.156789256928754e-08,2.2791931575714366e-06,2.2789745320383003e-06,-0.0027699781133191056,0.10356552299453695,0.10352847325438395,-0.0027699465454265365,0.10356559316733005,0.10352854429690586,2.200725774050949e-05,False,1.5476148619013308e-05,-0.6677614090705001,1.224701882391592,-0.6677607284424372,1.2247070000133242,30,3612672,8.304102891156463e-06,2.2039977704315025e-06,2.282330337885265e-06,2.34890742226663e-06,2.037857456566458e-05,2.2043753721585306e-05,2.3565274950436322e-05
conv3,baseline,reconstructed_initialization,10,positive,matched_zero_K,Layer_3,8,3,10,10.0,0,0,36,7225344,1.5851971411709128e-07,0.00012006209804281671,0.00012006199339484235,0.001651888660085566,0.023222078315173967,0.023163250746187452,0.0016520471797996832,0.023222715691362878,0.023163878435995724,0.00517017023253964,False,0.00041412378174073694,-0.055104675261626004,0.18026002573507094,-0.05510090310017627,0.18009019542586727,8286,7225344,0.0011467966092687076,0.00011963340821052075,0.00012005884393688684,0.00012054140860417816,0.004703457750119909,0.005203122535761953,0.0057418959707112305
conv3,baseline,reconstructed_initialization,10,positive,matched_zero_K,Layer_4,8,4,10,10.0,0,0,36,11520,4.92823055586575e-05,0.11277350146181365,0.11277349069356701,0.0016866242863208616,0.006000528561212159,0.005758614549587036,0.001735906591879519,0.11294286050692096,0.11292951947028763,18.79392795341223,False,0.3663131759360404,-0.011807589559989671,0.018281367794049593,-0.3772242319437201,0.38133059223305427,0,0,,0.11244776930540905,0.11276328081710811,0.11309961486897056,14.128384028488282,18.947821966699507,25.220062098933184
conv3,baseline,reconstructed_initialization,10,positive_minus_negative,negative_phase,Layer_1,8,1,10,10.0,0,0,36,7225344,2.2360433277894155e-08,9.734102930168016e-07,9.731534357821898e-07,-0.004508266549565527,6.82671920060069,6.826717712003539,-0.0045082441891322895,6.826719204519291,6.826717715936908,1.4258830111705054e-07,False,6.495990812038777e-06,-81.45423909117511,102.1270568458519,-81.45423961436232,102.12705614751036,0,7225344,0.0,8.890149886261374e-07,9.75484625804616e-07,1.0435543625571555e-06,1.3099572169245032e-07,1.4088628720407254e-07,1.5868908804262916e-07
conv3,baseline,reconstructed_initialization,10,positive_minus_negative,negative_phase,Layer_2,8,2,10,10.0,0,0,36,3612672,6.376333822629023e-08,4.556403423382727e-06,4.555957242261177e-06,-0.0027700103087647627,0.103565453000195,0.10352840237357541,-0.0027699465454265365,0.10356559316733005,0.10352854429690586,4.399539896160304e-05,False,3.095720342041752e-05,-0.6677617371527445,1.2246967649840028,-0.6677607284424372,1.2247070000133242,52,3612672,1.4393778344671202e-05,4.404463592257948e-06,4.563149646813221e-06,4.693802193450399e-06,4.071256831107909e-05,4.4084693669775896e-05,4.712789856771963e-05
conv3,baseline,reconstructed_initialization,10,positive_minus_negative,negative_phase,Layer_3,8,3,10,10.0,0,0,36,7225344,3.1928338307797947e-07,0.00024002536514053355,0.00024002515278396917,0.0016517278964166052,0.02322206207909807,0.023163245933195194,0.0016520471797996832,0.023222715691362878,0.023163878435995724,0.010336091787325719,False,0.0008279604523528522,-0.055108409921808876,0.1804298473790917,-0.05510090310017627,0.18009019542586727,16599,7225344,0.002297330064838435,0.00023919616918576756,0.00023999454609813117,0.0002409874420676487,0.009402679259052183,0.010402002779956902,0.011477873712821433
conv3,baseline,reconstructed_initialization,10,positive_minus_negative,negative_phase,Layer_4,8,4,10,10.0,0,0,36,11520,9.856628881291838e-05,0.22554700323214846,0.22554698169492204,0.0016373403030666006,0.11292319631528708,0.11291132530792834,0.001735906591879519,0.11294286050692096,0.11292951947028763,1.9973487342884826,False,0.7326264380064873,-0.37124370772185555,0.3834677360389242,-0.3772242319437201,0.38133059223305427,0,0,,0.22489554571928855,0.22552655872132132,0.22619923086493737,1.9951052670800813,1.997362718561564,1.9989273609673492
conv3,baseline,best_validation,10,zero,post_T_free,Layer_1,8,1,10,10.0,0,24,36,7225344,5.091530571976071e-07,6.9184361825146884e-06,6.899675526854487e-06,-2.872679061041335,49.787234931271584,49.70429032904387,-2.872678551888278,49.78723608861326,49.70429151774358,1.389600405016505e-07,False,0.00044058907363364597,-251.0560286932715,291.04293805290746,-251.05602605008394,291.0429384008277,0,7225344,0.0,5.567549537308163e-06,6.811367482675398e-06,8.16426249060145e-06,1.1492440495411189e-07,1.3706144892315272e-07,1.6314166513893227e-07
conv3,baseline,best_validation,10,zero,post_T_free,Layer_2,8,2,10,10.0,0,24,36,3612672,9.143086808578685e-07,5.6221721192213165e-06,5.547328994593475e-06,-0.8164214004085224,20.53665304897871,20.52041847894632,-0.8164204860998414,20.53665425711401,20.52041972441391,2.7376282327080105e-07,False,0.00028855462055332737,-120.12003566808272,154.78290862083645,-120.12003201827203,154.7829109696115,2,3612672,5.536068594104309e-07,4.465107427856806e-06,5.565264269507309e-06,6.694266638472602e-06,2.2186201474917118e-07,2.7249276471772166e-07,3.2413955681526256e-07
conv3,baseline,best_validation,10,zero,post_T_free,Layer_3,8,3,10,10.0,0,24,36,7225344,5.667329708087864e-07,3.4496588162053236e-06,3.4027870471161375e-06,-0.19783663243710872,1.4138483514663907,1.3999385085817786,-0.19783606570413795,1.4138493920690949,1.399939639613386,2.439907230946987e-06,False,0.0002747040617414598,-18.528443713928354,25.48218577159874,-18.528442573433345,25.482333348642072,0,7225344,0.0,2.777592085081932e-06,3.3906471851734793e-06,4.040714543873198e-06,1.9620398160277954e-06,2.38698395951102e-06,2.8385209705434598e-06
conv3,baseline,best_validation,10,zero,post_T_free,Layer_4,8,4,10,10.0,0,24,36,11520,8.821483437876514e-07,1.1477564641431806e-06,7.342746083960415e-07,-0.16419551137261074,0.3508556769689769,0.3100637678066335,-0.16419462922426695,0.3508556550645094,0.31006421016404245,3.271306521412412e-06,False,7.124246850120919e-06,-1.5155942046842616,1.1346435020942778,-1.515595468576575,1.1346495731288413,0,0,,8.948854710351462e-07,1.1360352933266509e-06,1.4618111477077634e-06,2.3229662752354872e-06,3.345885247137117e-06,5.12550742994892e-06
conv3,baseline,best_validation,10,negative,post_T_free,Layer_1,8,1,10,10.0,0,24,36,7225344,5.068729048270134e-07,6.923303857433639e-06,6.904724191501622e-06,-2.872679061041335,49.787234931271584,49.70429032904387,-2.8726785541684303,49.787236084960064,49.7042915139525,1.3905781003887566e-07,False,0.00044071955855429223,-251.0560286932715,291.04293805290746,-251.05602616563465,291.0429383254803,0,7225344,0.0,5.570676302136142e-06,6.800121136091878e-06,8.185315698945371e-06,1.154761169056154e-07,1.368935211742903e-07,1.635189701317169e-07
conv3,baseline,best_validation,10,negative,post_T_free,Layer_2,8,2,10,10.0,0,24,36,3612672,8.950583358180408e-07,6.09747056537866e-06,6.0314192252853545e-06,-0.8164214004085224,20.53665304897871,20.52041847894632,-0.8164205053501865,20.536654247236722,20.52041971376292,2.9690673309017543e-07,False,0.00029085492036529104,-120.12003566808272,154.78290862083645,-120.12003236858882,154.78291027895608,1,3612672,2.7680342970521543e-07,5.037920104041552e-06,6.028601647036676e-06,7.2758803035186166e-06,2.4856051352917357e-07,2.957977269861192e-07,3.450211170342945e-07
conv3,baseline,best_validation,10,negative,post_T_free,Layer_3,8,3,10,10.0,0,24,36,7225344,5.229069071263124e-07,4.510670910873591e-05,4.5103678064949415e-05,-0.19783663243710872,1.4138483514663907,1.3999385085817786,-0.19783610953020161,1.4138492176885635,1.3999394573068213,3.1903498746490684e-05,False,0.006255819795396134,-18.528443713928354,25.48218577159874,-18.528445034981416,25.482364308317063,16,7225344,2.2144274376417234e-06,3.1572634708480125e-05,4.2272850982108264e-05,6.0731725152632533e-05,2.2078294183645425e-05,3.1048981625119424e-05,4.3732907222180335e-05
conv3,baseline,best_validation,10,negative,post_T_free,Layer_4,8,4,10,10.0,0,24,36,11520,-1.3673660112025931e-05,0.002044141339653011,0.0020440956062517104,-0.16419551137261074,0.3508556769689769,0.3100637678066335,-0.16420918503272275,0.3508423237303431,0.3100414160582355,0.005826160081866815,False,0.024901519696616414,-1.5155942046842616,1.1346435020942778,-1.5146974104699473,1.13583956899554,0,0,,0.0014584313650302797,0.001957790048573623,0.002754364420359107,0.0034158848745353444,0.005931252625256239,0.008792014044489285
conv3,baseline,best_validation,10,negative,matched_zero_K,Layer_1,8,1,10,10.0,0,24,36,7225344,-2.2801523705936463e-09,4.579767418380131e-07,4.5797106564686923e-07,-2.872678551888278,49.78723608861326,49.70429151774358,-2.8726785541684303,49.787236084960064,49.7042915139525,9.198677769998885e-09,False,4.399498105911448e-05,-251.05602605008394,291.0429384008277,-251.05602616563465,291.0429383254803,0,7225344,0.0,3.075137430513533e-07,4.2696370186793363e-07,6.041772084801247e-07,6.371501718947966e-09,8.558325169511877e-09,1.23742304380916e-08
conv3,baseline,best_validation,10,negative,matched_zero_K,Layer_2,8,2,10,10.0,0,24,36,3612672,-1.9250345039827666e-08,2.443162485593095e-06,2.4430866450507395e-06,-0.8164204860998414,20.53665425711401,20.52041972441391,-0.8164205053501865,20.536654247236722,20.52041971376292,1.1896594523164699e-07,False,0.00020884092066203452,-120.12003201827203,154.7829109696115,-120.12003236858882,154.78291027895608,3,3612672,8.304102891156462e-07,1.6304007930730823e-06,2.312850070930281e-06,3.2294372708632975e-06,8.142535194265118e-08,1.1108493202448669e-07,1.6072023546817041e-07
conv3,baseline,best_validation,10,negative,matched_zero_K,Layer_3,8,3,10,10.0,0,24,36,7225344,-4.382606368247404e-08,4.499352118469442e-05,4.499349984024012e-05,-0.19783606570413795,1.4138493920690949,1.399939639613386,-0.19783610953020161,1.4138492176885635,1.3999394573068213,3.1823418701513006e-05,False,0.006255874805493056,-18.528442573433345,25.482333348642072,-18.528445034981416,25.482364308317063,16,7225344,2.2144274376417234e-06,3.1409565869589695e-05,4.2192779369662115e-05,6.067748491185335e-05,2.196401238696646e-05,3.099082034139177e-05,4.369389028070294e-05
conv3,baseline,best_validation,10,negative,matched_zero_K,Layer_4,8,4,10,10.0,0,24,36,11520,-1.455580845581358e-05,0.002044168767402461,0.0020441169433434805,-0.16419462922426695,0.3508556550645094,0.31006421016404245,-0.16420918503272275,0.3508423237303431,0.3100414160582355,0.005826238619487588,False,0.024902506338253555,-1.515595468576575,1.1346495731288413,-1.5146974104699473,1.13583956899554,0,0,,0.0014584511134279243,0.001957853998758775,0.002754400158974139,0.003415901007159504,0.005931387579476201,0.008792151473684078
conv3,baseline,best_validation,10,positive,post_T_free,Layer_1,8,1,10,10.0,0,24,36,7225344,5.114395726491488e-07,6.9438418532914475e-06,6.924981534058445e-06,-2.872679061041335,49.787234931271584,49.70429032904387,-2.872678549601762,49.78723609226991,49.704291521538465,1.3947032533292967e-07,False,0.00044045858872721055,-251.0560286932715,291.04293805290746,-251.05602593453318,291.04293847617515,0,7225344,0.0,5.582645313247853e-06,6.863547756530422e-06,8.162582569051907e-06,1.1483307253194719e-07,1.377600749996841e-07,1.6340402572739355e-07
conv3,baseline,best_validation,10,positive,post_T_free,Layer_2,8,2,10,10.0,0,24,36,3612672,9.336017248602722e-07,6.162522824892469e-06,6.091393550465984e-06,-0.8164214004085224,20.53665304897871,20.52041847894632,-0.8164204668067975,20.536654266993004,20.52041973506831,3.0007435048910913e-07,False,0.0002879954845980137,-120.12003566808272,154.78290862083645,-120.12003166795523,154.7829116602668,3,3612672,8.304102891156462e-07,4.963657448265861e-06,6.086981757376845e-06,7.164181253801136e-06,2.4257929601889517e-07,2.976494647158844e-07,3.5163279248920043e-07
conv3,baseline,best_validation,10,positive,post_T_free,Layer_3,8,3,10,10.0,0,24,36,7225344,6.106769843956953e-07,4.5143444478238847e-05,4.5139313829305854e-05,-0.19783663243710872,1.4138483514663907,1.3999385085817786,-0.19783602176012433,1.4138495678867424,1.3999398233880112,3.1929481285187165e-05,False,0.006255929399249238,-18.528443713928354,25.48218577159874,-18.52844011188527,25.482302388967042,11,7225344,1.5224188633786849e-06,3.1602554607929785e-05,4.231204078083255e-05,6.07924409241801e-05,2.2099033268125454e-05,3.107987838919419e-05,4.3776706551569946e-05
conv3,baseline,best_validation,10,positive,post_T_free,Layer_4,8,4,10,10.0,0,24,36,11520,1.543822437485675e-05,0.0020441959345465608,0.0020441376372555835,-0.16419551137261074,0.3508556769689769,0.3100637678066335,-0.16418007314823588,0.3508808950253739,0.31010047738571345,0.005826315686855229,False,0.024903492979890862,-1.5155942046842616,1.1346435020942778,-1.5164935266832023,1.1334595772621423,0,0,,0.0014584718086302485,0.001957918653464943,0.002754433812645682,0.003415920079870321,0.005931500344321669,0.00879229619912176
conv3,baseline,best_validation,10,positive,matched_zero_K,Layer_1,8,1,10,10.0,0,24,36,7225344,2.2865154515417318e-09,4.5797122916371895e-07,4.5796552117907025e-07,-2.872678551888278,49.78723608861326,49.70429151774358,-2.872678549601762,49.78723609226991,49.704291521538465,9.19856704534881e-09,False,4.399498105200905e-05,-251.05602605008394,291.0429384008277,-251.05602593453318,291.04293847617515,0,7225344,0.0,3.075185917650297e-07,4.2696370187278443e-07,6.041620224148235e-07,6.3716024123411755e-09,8.55818620665933e-09,1.2373921901053297e-08
conv3,baseline,best_validation,10,positive,matched_zero_K,Layer_2,8,2,10,10.0,0,24,36,3612672,1.929304400240371e-08,2.4431415547873765e-06,2.443065376771977e-06,-0.8164204860998414,20.53665425711401,20.52041972441391,-0.8164204668067975,20.536654266993004,20.52041973506831,1.1896492603906302e-07,False,0.00020884044497881948,-120.12003201827203,154.7829109696115,-120.12003166795523,154.7829116602668,1,3612672,2.7680342970521543e-07,1.6304085280028885e-06,2.312850070967157e-06,3.22907845763591e-06,8.14257346327141e-08,1.1108493202586404e-07,1.6070241420247563e-07
conv3,baseline,best_validation,10,positive,matched_zero_K,Layer_3,8,3,10,10.0,0,24,36,7225344,4.394401358690894e-08,4.499253240296182e-05,4.4992510942991826e-05,-0.19783606570413795,1.4138493920690949,1.399939639613386,-0.19783602176012433,1.4138495678867424,1.3999398233880112,3.182271934715592e-05,False,0.006255874389152316,-18.528442573433345,25.482333348642072,-18.52844011188527,25.482302388967042,11,7225344,1.5224188633786849e-06,3.1409566629991094e-05,4.218912148963134e-05,6.067662942456821e-05,2.196401292828005e-05,3.098802870510323e-05,4.369327776488851e-05
conv3,baseline,best_validation,10,positive,matched_zero_K,Layer_4,8,4,10,10.0,0,24,36,11520,1.4556076031069101e-05,0.00204416786260959,0.0020441160366222945,-0.16419462922426695,0.3508556550645094,0.31006421016404245,-0.16418007314823588,0.3508808950253739,0.31010047738571345,0.005826236040669611,False,0.02490250633825372,-1.515595468576575,1.1346495731288413,-1.5164935266832023,1.1334595772621423,0,0,,0.0014584511139387683,0.0019578540736402907,0.0027543976148007563,0.003415901011006625,0.005931371561814975,0.008792153245701057
conv3,baseline,best_validation,10,positive_minus_negative,negative_phase,Layer_1,8,1,10,10.0,0,24,36,7225344,4.5666678221353785e-09,9.159471369527085e-07,9.159357527888439e-07,-2.8726785541684303,49.787236084960064,49.7042915139525,-2.872678549601762,49.78723609226991,49.704291521538465,1.8397228064431592e-08,False,8.798996211112353e-05,-251.05602616563465,291.0429383254803,-251.05602593453318,291.04293847617515,0,7225344,0.0,6.150321720469511e-07,8.53927403740718e-07,1.2083378800433115e-06,1.274310075118924e-08,1.711645854847988e-08,2.4748124717001244e-08
conv3,baseline,best_validation,10,positive_minus_negative,negative_phase,Layer_2,8,2,10,10.0,0,24,36,3612672,3.8543389042231373e-08,4.886297830207865e-06,4.886145811644924e-06,-0.8164205053501865,20.536654247236722,20.52041971376292,-0.8164204668067975,20.536654266993004,20.52041973506831,2.37930568990581e-07,False,0.000417681365640854,-120.12003236858882,154.78291027895608,-120.12003166795523,154.7829116602668,4,3612672,1.1072137188208617e-06,3.26080750799131e-06,4.625700141897438e-06,6.458502115937085e-06,1.6285099699780022e-07,2.221698639242549e-07,3.2142197350556134e-07
conv3,baseline,best_validation,10,positive_minus_negative,negative_phase,Layer_3,8,3,10,10.0,0,24,36,7225344,8.777007726938297e-08,8.998568367204554e-05,8.998564086752386e-05,-0.19783610953020161,1.4138492176885635,1.3999394573068213,-0.19783602176012433,1.4138495678867424,1.3999398233880112,6.364588426137757e-05,False,0.012511749194645372,-18.528445034981416,25.482364308317063,-18.52844011188527,25.482302388967042,27,7225344,3.736846301020408e-06,6.281913249948901e-05,8.438023100473303e-05,0.00012135356803084663,4.392802991598714e-05,6.197763653897127e-05,8.738682202663656e-05
conv3,baseline,best_validation,10,positive_minus_negative,negative_phase,Layer_4,8,4,10,10.0,0,24,36,11520,2.9111884486882684e-05,0.004088336629964286,0.004088232979918018,-0.16420918503272275,0.3508423237303431,0.3100414160582355,-0.16418007314823588,0.3508808950253739,0.31010047738571345,0.01165291743166818,False,0.049805012676507276,-1.5146974104699473,1.13583956899554,-1.5164935266832023,1.1334595772621423,0,0,,0.002916902227366692,0.003915708072399037,0.005508797773701416,0.006831735035473789,0.011868458974073352,0.017585403062294926
conv3,legacy,reconstructed_initialization,10,zero,post_T_free,Layer_1,8,1,0.001,2.44140625e-07,0,0,36,7225344,2.600795905018753e-09,6.612252529974735e-09,6.0792881310721706e-09,-0.00450825783199234,6.826719202438843,6.82671771384745,-0.004508255231196411,6.826719202548934,6.826717713959258,9.685842252911927e-10,False,5.08285094014127e-08,-81.45423930273073,102.12705647704594,-81.45423929588291,102.12705649728514,0,7225344,0.0,4.990965580747892e-09,6.539540998020135e-09,8.350136753541486e-09,7.508428881121821e-10,9.568371555872077e-10,1.191504385860558e-09
conv3,legacy,reconstructed_initialization,10,zero,post_T_free,Layer_2,8,2,0.001,2.44140625e-07,0,0,36,3612672,5.923475968118076e-09,1.521553103292707e-08,1.4015163825981282e-08,-0.01107991837675239,0.4142620885835435,0.41411388946322986,-0.011079912453276422,0.4142620919781478,0.4141138930175358,3.67292384513206e-08,False,9.522573019005165e-08,-2.6710456309473067,4.89880748348758,-2.6710456362820003,4.898807529566368,0,3612672,0.0,1.141031909749391e-08,1.5043801491160543e-08,1.925325182665197e-08,2.8633909774545784e-08,3.6568149450664394e-08,4.480340423178579e-08
conv3,legacy,reconstructed_initialization,10,zero,post_T_free,Layer_3,8,3,0.001,2.44140625e-07,0,0,36,7225344,4.879974866644298e-08,1.2902007393362918e-07,1.1943518747810936e-07,0.02643016976162039,0.37155318395954995,0.37061194616046994,0.026430218561369057,0.37155325304278347,0.37061201193899923,3.472452383766284e-07,False,8.752583393611957e-07,-0.8816749048380392,2.884159645643687,-0.8816748041860161,2.884160411761135,0,7225344,0.0,9.685866600085099e-08,1.273741383861146e-07,1.6341200388240916e-07,2.8421172722052804e-07,3.433559846830328e-07,4.0647283137159956e-07
conv3,legacy,reconstructed_initialization,10,zero,post_T_free,Layer_4,8,4,0.001,2.44140625e-07,0,0,36,11520,1.9533904956012996e-07,3.399890104720223e-07,2.7827177894765036e-07,0.1079437589854856,0.3840335081715972,0.36855105520764364,0.10794395432453514,0.3840338279175782,0.3685513311735703,8.853107951197463e-07,False,9.759627479510868e-07,-0.755685299075818,1.1700065793996188,-0.755685731839339,1.170007538819174,0,0,,2.534189457219956e-07,3.3536990544154265e-07,4.314360554795937e-07,7.735847416547035e-07,8.99587654243404e-07,9.839166493909622e-07
conv3,legacy,reconstructed_initialization,10,negative,post_T_free,Layer_1,8,1,0.001,2.44140625e-07,0,0,36,7225344,2.5405353377988582e-09,7.269785820815798e-09,6.811421736901163e-09,-0.00450825783199234,6.826719202438843,6.82671771384745,-0.004508255291456975,6.826719202543652,6.826717713953936,1.0649018372132062e-09,False,5.820105286602484e-08,-81.45423930273073,102.12705647704594,-81.45423929384758,102.12705649973367,0,7225344,0.0,5.586744932395773e-09,7.125345328614902e-09,8.933709346828116e-09,8.372480926491896e-10,1.0416089641191837e-09,1.281698683256398e-09
conv3,legacy,reconstructed_initialization,10,negative,post_T_free,Layer_2,8,2,0.001,2.44140625e-07,0,0,36,3612672,5.227868059078767e-09,6.002243711785645e-08,5.979433378777537e-08,-0.01107991837675239,0.4142620885835435,0.41411388946322986,-0.011079913148884332,0.414262090977007,0.41411389199742527,1.4489000749039536e-07,False,4.1472597908653874e-07,-2.6710456309473067,4.89880748348758,-2.67104565093273,4.898807398109295,0,3612672,0.0,5.6892456976160576e-08,5.988451274119241e-08,6.275331446239948e-08,1.3722307311713575e-07,1.4537916095197992e-07,1.5268180920780136e-07
conv3,legacy,reconstructed_initialization,10,negative,post_T_free,Layer_3,8,3,0.001,2.44140625e-07,0,0,36,7225344,3.4227069864917054e-08,1.2251618063528991e-05,1.225157025373802e-05,0.02643016976162039,0.37155318395954995,0.37061194616046994,0.026430203988690257,0.3715532368662028,0.3706119967605863,3.2974062913326546e-05,False,4.4707659324183524e-05,-0.8816749048380392,2.884159645643687,-0.8816753532239292,2.8841798549395117,47,7225344,6.504880598072562e-06,1.2160729162576981e-05,1.2251245417680878e-05,1.2336835170569379e-05,2.987333475838533e-05,3.3190576981601324e-05,3.662694519493076e-05
conv3,legacy,reconstructed_initialization,10,negative,post_T_free,Layer_4,8,4,0.001,2.44140625e-07,0,0,36,11520,-2.6031918081049093e-05,0.04601386875066729,0.04601386138700899,0.1079437589854856,0.3840335081715972,0.36855105520764364,0.10791772706740453,0.3867478405154595,0.3713861283461951,0.1198173278413689,False,0.15502644008166006,-0.755685299075818,1.1700065793996188,-0.8804674424459676,1.2812795505595684,0,0,,0.04560846229551277,0.04602595738658177,0.04635869945800484,0.09039766448878697,0.12097577082521624,0.1597248407134386
conv3,legacy,reconstructed_initialization,10,negative,matched_zero_K,Layer_1,8,1,0.001,2.44140625e-07,0,0,36,7225344,-6.026056721989436e-11,3.110495954764825e-09,3.1099121769990027e-09,-0.004508255231196411,6.826719202548934,6.826717713959258,-0.004508255291456975,6.826719202543652,6.826717713953936,4.5563554944568985e-10,False,2.1541024963767086e-08,-81.45423929588291,102.12705649728514,-81.45423929384758,102.12705649973367,0,7225344,0.0,2.8270985193956597e-09,3.121537526100892e-09,3.342634584703976e-09,4.166783119266558e-10,4.5133681390453974e-10,5.05073748084875e-10
conv3,legacy,reconstructed_initialization,10,negative,matched_zero_K,Layer_2,8,2,0.001,2.44140625e-07,0,0,36,3612672,-6.956079090393098e-10,5.817716297978837e-08,5.8173004237478924e-08,-0.011079912453276422,0.4142620919781478,0.4141138930175358,-0.011079913148884332,0.414262090977007,0.41411389199742527,1.4043564232968052e-07,False,3.864038845835527e-07,-2.6710456362820003,4.898807529566368,-2.67104565093273,4.898807398109295,0,3612672,0.0,5.5901786737189435e-08,5.837487334831037e-08,6.003512292195508e-08,1.298828967045801e-07,1.4051793127951447e-07,1.49893496414659e-07
conv3,legacy,reconstructed_initialization,10,negative,matched_zero_K,Layer_3,8,3,0.001,2.44140625e-07,0,0,36,7225344,-1.4572678801525934e-08,1.225100924678091e-05,1.2251000579615688e-05,0.026430218561369057,0.37155325304278347,0.37061201193899923,0.026430203988690257,0.3715532368662028,0.3706119967605863,3.297241821045296e-05,False,4.441992098119796e-05,-0.8816748041860161,2.884160411761135,-0.8816753532239292,2.8841798549395117,47,7225344,6.504880598072562e-06,1.216069258164181e-05,1.2251062361587267e-05,1.233607721909633e-05,2.987173392275263e-05,3.319068730028702e-05,3.6625962190456524e-05
conv3,legacy,reconstructed_initialization,10,negative,matched_zero_K,Layer_4,8,4,0.001,2.44140625e-07,0,0,36,11520,-2.6227257130609273e-05,0.046013868745220975,0.04601386127063677,0.10794395432453514,0.3840338279175782,0.3685513311735703,0.10791772706740453,0.3867478405154595,0.3713861283461951,0.11981722806746214,False,0.15502645660886613,-0.755685731839339,1.170007538819174,-0.8804674424459676,1.2812795505595684,0,0,,0.045608462092483745,0.04602595708241382,0.04635869898166795,0.0903975843509357,0.12097568100213893,0.1597247100586186
conv3,legacy,reconstructed_initialization,10,positive,post_T_free,Layer_1,8,1,0.001,2.44140625e-07,0,0,36,7225344,2.6609257057905494e-09,7.344747013041445e-09,6.845785789362993e-09,-0.00450825783199234,6.826719202438843,6.82671771384745,-0.0045082551710666175,6.8267192025542185,6.826717713964582,1.07588239610288e-09,False,5.4356018353018953e-08,-81.45423930273073,102.12705647704594,-81.45423929791824,102.1270564948366,0,7225344,0.0,5.965981469417107e-09,7.309584396181551e-09,8.962578721996875e-09,8.84174450029409e-10,1.0676842746087484e-09,1.257913275784153e-09
conv3,legacy,reconstructed_initialization,10,positive,post_T_free,Layer_2,8,2,0.001,2.44140625e-07,0,0,36,3612672,6.617828094260234e-09,6.02433323680013e-08,5.987873951676249e-08,-0.01107991837675239,0.4142620885835435,0.41411388946322986,-0.011079911758924298,0.4142620929793653,0.4141138940376895,1.4542323333034647e-07,False,4.0250087363080667e-07,-2.6710456309473067,4.89880748348758,-2.6710456216312704,4.898807661023441,0,3612672,0.0,5.7699341728354075e-08,6.029422677921496e-08,6.172338823701933e-08,1.3700146199192135e-07,1.4459415800799424e-07,1.5436526867894668e-07
conv3,legacy,reconstructed_initialization,10,positive,post_T_free,Layer_3,8,3,0.001,2.44140625e-07,0,0,36,7225344,6.336666646719131e-08,1.225173276654411e-05,1.2251568897426624e-05,0.02643016976162039,0.37155318395954995,0.37061194616046994,0.02643023312828686,0.3715532696245749,0.37061202752406247,3.297437162556498e-05,False,4.432898623646375e-05,-0.8816749048380392,2.884159645643687,-0.8816742551481045,2.884140968709057,51,7225344,7.058487457482993e-06,1.2161716379441361e-05,1.2251770965937811e-05,1.233672653061646e-05,2.9874405392056417e-05,3.319354994459604e-05,3.662718473311972e-05
conv3,legacy,reconstructed_initialization,10,positive,post_T_free,Layer_4,8,4,0.001,2.44140625e-07,0,0,36,11520,2.6422560409348706e-05,0.04601386870453231,0.046013861118213484,0.1079437589854856,0.3840335081715972,0.36855105520764364,0.10797018154589494,0.3868134203485686,0.3714391767957506,0.1198173277212362,False,0.15502647313607212,-0.755685299075818,1.1700065793996188,-0.8857525530509959,1.2901280201179222,0,0,,0.04560846179184115,0.046025957110145586,0.0463586983458404,0.09039766437974442,0.12097577051059513,0.15972484098166617
conv3,legacy,reconstructed_initialization,10,positive,matched_zero_K,Layer_1,8,1,0.001,2.44140625e-07,0,0,36,7225344,6.012980077179639e-11,3.1101484459821083e-09,3.1095671343619623e-09,-0.004508255231196411,6.826719202548934,6.826717713959258,-0.0045082551710666175,6.8267192025542185,6.826717713964582,4.5558464523058937e-10,False,2.093950901560504e-08,-81.45423929588291,102.12705649728514,-81.45423929791824,102.1270564948366,0,7225344,0.0,2.8274362922736963e-09,3.1213918113108353e-09,3.340128478458478e-09,4.166803930538552e-10,4.5126935562966276e-10,5.050164071785041e-10
conv3,legacy,reconstructed_initialization,10,positive,matched_zero_K,Layer_2,8,2,0.001,2.44140625e-07,0,0,36,3612672,6.943521261421576e-10,5.817448073296166e-08,5.817033680214211e-08,-0.011079912453276422,0.4142620919781478,0.4141138930175358,-0.011079911758924298,0.4142620929793653,0.4141138940376895,1.4042916757160186e-07,False,3.864038840006856e-07,-2.6710456362820003,4.898807529566368,-2.6710456216312704,4.898807661023441,0,3612672,0.0,5.590368131028916e-08,5.837154684910518e-08,6.00358909089259e-08,1.2984017034129365e-07,1.405218611980123e-07,1.498775190759195e-07
conv3,legacy,reconstructed_initialization,10,positive,matched_zero_K,Layer_3,8,3,0.001,2.44140625e-07,0,0,36,7225344,1.4566917800748326e-08,1.2250982766574086e-05,1.2250974106241554e-05,0.026430218561369057,0.37155325304278347,0.37061201193899923,0.02643023312828686,0.3715532696245749,0.37061202752406247,3.297234694151209e-05,False,4.4419920981086936e-05,-0.8816748041860161,2.884160411761135,-0.8816742551481045,2.884140968709057,51,7225344,7.058487457482993e-06,1.2160815190625075e-05,1.225105354884379e-05,1.2336118010797003e-05,2.9871554022118966e-05,3.3190450320178776e-05,3.6625809928913083e-05
conv3,legacy,reconstructed_initialization,10,positive,matched_zero_K,Layer_4,8,4,0.001,2.44140625e-07,0,0,36,11520,2.6227221359788587e-05,0.0460138687074658,0.04601386123290198,0.10794395432453514,0.3840338279175782,0.3685513311735703,0.10797018154589494,0.3868134203485686,0.3714391767957506,0.11981722796915004,False,0.15502645660886605,-0.755685731839339,1.170007538819174,-0.8857525530509959,1.2901280201179222,0,0,,0.04560846199221259,0.046025957412149945,0.04635869881902323,0.09039758424629768,0.1209756809327874,0.1597247098533414
conv3,legacy,reconstructed_initialization,10,positive_minus_negative,negative_phase,Layer_1,8,1,0.001,2.44140625e-07,0,0,36,7225344,1.2039036799169075e-10,6.220625623509884e-09,6.219460531843783e-09,-0.004508255291456975,6.826719202543652,6.826717713953936,-0.0045082551710666175,6.8267192025542185,6.826717713964582,9.112174441263184e-10,False,4.2480533979372126e-08,-81.45423929384758,102.12705649973367,-81.45423929791824,102.1270564948366,0,7225344,0.0,5.65449913234981e-09,6.242508818178645e-09,6.6828255009607736e-09,8.333525203343626e-10,9.026052319387981e-10,1.0100880077817692e-09
conv3,legacy,reconstructed_initialization,10,positive_minus_negative,negative_phase,Layer_2,8,2,0.001,2.44140625e-07,0,0,36,3612672,1.3899600351814674e-09,1.1635134878861453e-07,1.1634304610087545e-07,-0.011079913148884332,0.414262090977007,0.41411389199742527,-0.011079911758924298,0.4142620929793653,0.4141138940376895,2.808640986536044e-07,False,7.728077685842383e-07,-2.67104565093273,4.898807398109295,-2.6710456216312704,4.898807661023441,0,3612672,0.0,1.1180505245956703e-07,1.1674621656116051e-07,1.2007077489796365e-07,2.597218091368622e-07,2.810396553396916e-07,2.997703722839425e-07
conv3,legacy,reconstructed_initialization,10,positive_minus_negative,negative_phase,Layer_3,8,3,0.001,2.44140625e-07,0,0,36,7225344,2.9139596602274262e-08,2.4501936330521806e-05,2.4501919002985343e-05,0.026430203988690257,0.3715532368662028,0.3706119967605863,0.02643023312828686,0.3715532696245749,0.37061202752406247,6.594461815802996e-05,False,8.88398419622849e-05,-0.8816753532239292,2.8841798549395117,-0.8816742551481045,2.884140968709057,98,7225344,1.3563368055555555e-05,2.432145790881397e-05,2.4502095671041032e-05,2.4672173636607334e-05,5.974327217535551e-05,6.638104663717e-05,7.325132818037083e-05
conv3,legacy,reconstructed_initialization,10,positive_minus_negative,negative_phase,Layer_4,8,4,0.001,2.44140625e-07,0,0,36,11520,5.245447849039794e-05,0.0920277374526867,0.09202772250353869,0.10791772706740453,0.3867478405154595,0.3713861283461951,0.10797018154589494,0.3868134203485686,0.3714391767957506,0.2379528152763094,False,0.3100529132177322,-0.8804674424459676,1.2812795505595684,-0.8857525530509959,1.2901280201179222,0,0,,0.09121692408469634,0.09205191449456367,0.09271739780069113,0.18005577304561363,0.24017854954129564,0.31569918163492183
conv3,legacy,best_validation,10,zero,post_T_free,Layer_1,8,1,0.001,2.44140625e-07,0,27,36,7225344,2.7779065199977233e-13,1.7981434930188097e-12,1.7765563247888954e-12,-1.1918087609611148,24.851043594331678,24.82244870283087,-1.191808760960837,24.851043594331664,24.82244870283087,7.235686043498599e-14,False,2.9884716923334054e-10,-212.74690345729474,192.59281716522554,-212.74690345729488,192.59281716522588,0,7225344,0.0,5.00109328570215e-13,7.749398613321307e-13,3.0629173835887e-12,1.9882048597610168e-14,3.110708120948151e-14,1.221793520656675e-13
conv3,legacy,best_validation,10,zero,post_T_free,Layer_2,8,2,0.001,2.44140625e-07,0,27,36,3612672,2.81194791540421e-13,2.385170188665798e-12,2.3685367462023e-12,-0.07911287195994907,4.530963059654907,4.530272331929682,-0.07911287195966787,4.530963059654975,4.530272331929756,5.26415721616468e-13,False,4.005658027494974e-10,-56.170161782408755,54.97976090243167,-56.17016178240903,54.97976090243299,0,3612672,0.0,5.204734865565564e-13,8.359350548672596e-13,3.917118442959215e-12,1.1395742589545111e-13,1.8240749168002075e-13,8.627742996622321e-13
conv3,legacy,best_validation,10,zero,post_T_free,Layer_3,8,3,0.001,2.44140625e-07,0,27,36,7225344,2.167302090791612e-12,2.6341322342883095e-11,2.6252010673830727e-11,-0.035007060342250144,0.48681484009120113,0.4855545224371984,-0.035007060340082836,0.48681484009448006,0.48555452244064207,5.410953030509145e-11,False,3.4279352689736697e-09,-9.600793196848795,9.032977417671686,-9.600793196839316,9.032977417687828,0,7225344,0.0,5.858098033899033e-12,9.149149422684384e-12,4.312464113034716e-11,1.2073586881760492e-11,1.846673539499166e-11,8.723206341556549e-11
conv3,legacy,best_validation,10,zero,post_T_free,Layer_4,8,4,0.001,2.44140625e-07,0,27,36,11520,1.3395199912290167e-11,5.3833157107276475e-11,5.2139979127791115e-11,-0.11732154323079268,0.39288266189964854,0.37495658617405137,-0.11732154321739749,0.39288266191368637,0.3749565861929516,1.370209539076752e-10,False,1.7294641274645528e-09,-1.7140163927467313,2.200320250325812,-1.7140163927593648,2.2003202520552763,0,0,,9.957639984245064e-12,1.6676866759850852e-11,8.538205746285155e-11,2.5292452010543012e-11,4.7555186209702766e-11,1.9026829473841055e-10
conv3,legacy,best_validation,10,negative,post_T_free,Layer_1,8,1,0.001,2.44140625e-07,0,27,36,7225344,9.430665397360596e-13,2.4031412005732467e-10,2.4031226960858217e-10,-1.1918087609611148,24.851043594331678,24.82244870283087,-1.1918087609601717,24.851043594330644,24.822448702829877,9.670182225753224e-12,False,2.7322499818183132e-08,-212.74690345729474,192.59281716522554,-212.74690345724233,192.59281716501644,0,7225344,0.0,1.165517110933665e-10,2.0286709836249372e-10,4.123971824599979e-10,4.847731897925228e-12,8.246005426129994e-12,1.6754269085337903e-11
conv3,legacy,best_validation,10,negative,post_T_free,Layer_2,8,2,0.001,2.44140625e-07,0,27,36,3612672,1.3356057976486692e-11,6.46849106149677e-09,6.468477272772854e-09,-0.07911287195994907,4.530963059654907,4.530272331929682,-0.079112871946593,4.53096305960047,4.53027233187547,1.4276194655158878e-09,False,7.633157782516165e-07,-56.170161782408755,54.97976090243167,-56.1701617700945,54.9797609035413,0,3612672,0.0,3.3532916113141506e-09,5.8621978267298535e-09,9.599216451153797e-09,7.44833546855588e-10,1.3624518531047006e-09,2.101781636848789e-09
conv3,legacy,best_validation,10,negative,post_T_free,Layer_3,8,3,0.001,2.44140625e-07,0,27,36,7225344,3.102021754446595e-10,8.633698885889745e-07,8.633698328623421e-07,-0.035007060342250144,0.48681484009120113,0.4855545224371984,-0.03500706003204796,0.48681483034140227,0.48555451268445743,1.7735077435750082e-06,False,0.00016614846072537937,-9.600793196848795,9.032977417671686,-9.600810875130831,9.03297938324305,0,7225344,0.0,4.833827542171632e-07,7.706613902695046e-07,1.285949505556111e-06,9.677079991209582e-07,1.6043488813889957e-06,2.6205990073475777e-06
conv3,legacy,best_validation,10,negative,post_T_free,Layer_4,8,4,0.001,2.44140625e-07,0,27,36,11520,1.8445724305159487e-05,0.007874015371817927,0.007873993766245936,-0.11732154323079268,0.39288266189964854,0.37495658617405137,-0.11730309750648751,0.39277795071040333,0.3748526402196569,0.020041646362671854,False,0.12346047605670249,-1.7140163927467313,2.200320250325812,-1.7165819565808509,2.2354236613830993,0,0,,0.004792466959092732,0.007118444105478705,0.011657848890159481,0.010833793726924806,0.017713608910703435,0.033231912926259266
conv3,legacy,best_validation,10,negative,matched_zero_K,Layer_1,8,1,0.001,2.44140625e-07,0,27,36,7225344,6.652758877362873e-13,2.402186588369336e-10,2.4021773760779676e-10,-1.191808760960837,24.851043594331664,24.82244870283087,-1.1918087609601717,24.851043594330644,24.822448702829877,9.666340889270567e-12,False,2.732582515818649e-08,-212.74690345729488,192.59281716522588,-212.74690345724233,192.59281716501644,0,7225344,0.0,1.1656414295546995e-10,2.0279087882253075e-10,4.124220035244318e-10,4.848277072312532e-12,8.246986768640487e-12,1.6755258404470438e-11
conv3,legacy,best_validation,10,negative,matched_zero_K,Layer_2,8,2,0.001,2.44140625e-07,0,27,36,3612672,1.3074863184946272e-11,6.468417208196583e-09,6.468403993818443e-09,-0.07911287195966787,4.530963059654975,4.530272331929756,-0.079112871946593,4.53096305960047,4.53027233187547,1.4276031658243407e-09,False,7.633158870534729e-07,-56.17016178240903,54.97976090243299,-56.1701617700945,54.9797609035413,0,3612672,0.0,3.3533094179612895e-09,5.862483499823063e-09,9.599238078288068e-09,7.448377288392043e-10,1.3625232332312707e-09,2.101783696582755e-09
conv3,legacy,best_validation,10,negative,matched_zero_K,Layer_3,8,3,0.001,2.44140625e-07,0,27,36,7225344,3.08034873353868e-10,8.633697751600317e-07,8.63369720209367e-07,-0.035007060340082836,0.48681484009448006,0.48555452244064207,-0.03500706003204796,0.48681483034140227,0.48555451268445743,1.7735075105608336e-06,False,0.0001661484476134234,-9.600793196839316,9.032977417687828,-9.600810875130831,9.03297938324305,0,7225344,0.0,4.833827394329218e-07,7.706616968901764e-07,1.2859495369874312e-06,9.677079718494306e-07,1.6043492996022259e-06,2.620599070114477e-06
conv3,legacy,best_validation,10,negative,matched_zero_K,Layer_4,8,4,0.001,2.44140625e-07,0,27,36,11520,1.8445710909959573e-05,0.007874015371459413,0.007873993765918802,-0.11732154321739749,0.39288266191368637,0.3749565861929516,-0.11730309750648751,0.39277795071040333,0.3748526402196569,0.020041646361043237,False,0.123460476079478,-1.7140163927593648,2.2003202520552763,-1.7165819565808509,2.2354236613830993,0,0,,0.004792466959067278,0.007118444105195112,0.011657848890073829,0.010833793721412459,0.01771360891240744,0.03323191292542039
conv3,legacy,best_validation,10,positive,post_T_free,Layer_1,8,1,0.001,2.44140625e-07,0,27,36,7225344,-3.8658289848589386e-13,2.4013621949568057e-10,2.401359083255569e-10,-1.1918087609611148,24.851043594331678,24.82244870283087,-1.1918087609615011,24.851043594332683,24.82244870283186,9.663023550063455e-12,False,2.7329150498189847e-08,-212.74690345729474,192.59281716522554,-212.74690345734737,192.5928171654353,0,7225344,0.0,1.1658189164742624e-10,2.0271677992794438e-10,4.1244834621706023e-10,4.849043609218595e-12,8.248006730599361e-12,1.675631015466896e-11
conv3,legacy,best_validation,10,positive,post_T_free,Layer_2,8,2,0.001,2.44140625e-07,0,27,36,3612672,-1.2778359486834965e-11,6.468337319895013e-09,6.46832469790095e-09,-0.07911287195994907,4.530963059654907,4.530272331929682,-0.07911287197272743,4.530963059709479,4.5302723319840394,1.4275855341861168e-09,False,7.633159944120393e-07,-56.170161782408755,54.97976090243167,-56.17016179472354,54.979760901324646,0,3612672,0.0,3.353327444613266e-09,5.862628841641733e-09,9.599259802159681e-09,7.448419596049539e-10,1.3625610004844816e-09,2.101786056272371e-09
conv3,legacy,best_validation,10,positive,post_T_free,Layer_3,8,3,0.001,2.44140625e-07,0,27,36,7225344,-3.0549315789712755e-10,8.633702314303066e-07,8.633701773827676e-07,-0.035007060342250144,0.48681484009120113,0.4855545224371984,-0.035007060647743296,0.4868148498490854,0.4855545321983853,1.7735084478290772e-06,False,0.0001661484345116815,-9.600793196848795,9.032977417671686,-9.60077551854782,9.032975452132606,1,7225344,1.3840171485260771e-07,4.833827247989423e-07,7.706620036515557e-07,1.2859495684954347e-06,9.677079448859036e-07,1.6043497180800185e-06,2.620599133062915e-06
conv3,legacy,best_validation,10,positive,post_T_free,Layer_4,8,4,0.001,2.44140625e-07,0,27,36,11520,-1.8445696047344653e-05,0.007874015372605906,0.007873993767100115,-0.11732154323079268,0.39288266189964854,0.37495658617405137,-0.11733998892684003,0.3931450797564477,0.375225773015864,0.02004164636467749,False,0.12346047610225347,-1.7140163927467313,2.200320250325812,-1.711450828937878,2.1652168427274545,0,0,,0.004792466959041807,0.0071184441049114856,0.011657848889988196,0.010833793716597607,0.017713608914835116,0.03323191292576666
conv3,legacy,best_validation,10,positive,matched_zero_K,Layer_1,8,1,0.001,2.44140625e-07,0,27,36,7225344,-6.643735504856662e-13,2.4021825272768244e-10,2.4021733399429385e-10,-1.191808760960837,24.851043594331664,24.82244870283087,-1.1918087609615011,24.851043594332683,24.82244870283186,9.666324547532257e-12,False,2.732582515818649e-08,-212.74690345729488,192.59281716522588,-212.74690345734737,192.5928171654353,0,7225344,0.0,1.165641399065685e-10,2.027908984112386e-10,4.124220119398687e-10,4.848276951056686e-12,8.246987189901199e-12,1.675525874186526e-11
conv3,legacy,best_validation,10,positive,matched_zero_K,Layer_2,8,2,0.001,2.44140625e-07,0,27,36,3612672,-1.3059554278375382e-11,6.468410293899724e-09,6.468397110433925e-09,-0.07911287195966787,4.530963059654975,4.530272331929756,-0.07911287197272743,4.530963059709479,4.5302723319840394,1.4276016398139166e-09,False,7.633158856101829e-07,-56.17016178240903,54.97976090243299,-56.17016179472354,54.979760901324646,0,3612672,0.0,3.353309416067135e-09,5.862342711538064e-09,9.599238103847853e-09,7.448377283191289e-10,1.3624895459468536e-09,2.1017836964987696e-09
conv3,legacy,best_validation,10,positive,matched_zero_K,Layer_3,8,3,0.001,2.44140625e-07,0,27,36,7225344,-3.0766045998791916e-10,8.633703440554878e-07,8.633702892383619e-07,-0.035007060340082836,0.48681484009448006,0.48555452244064207,-0.035007060647743296,0.4868148498490854,0.4855545321983853,1.7735086791682983e-06,False,0.00016614844762363745,-9.600793196839316,9.032977417687828,-9.60077551854782,9.032975452132606,1,7225344,1.3840171485260771e-07,4.83382739416816e-07,7.706616969107929e-07,1.2859495369918086e-06,9.677079718176634e-07,1.6043492996084026e-06,2.6205990701234065e-06
conv3,legacy,best_validation,10,positive,matched_zero_K,Layer_4,8,4,0.001,2.44140625e-07,0,27,36,11520,-1.844570944254456e-05,0.00787401537296442,0.00787399376742725,-0.11732154321739749,0.39288266191368637,0.3749565861929516,-0.11733998892684003,0.3931450797564477,0.375225773015864,0.020041646364873916,False,0.12346047607947797,-1.7140163927593648,2.2003202520552763,-1.711450828937878,2.1652168427274545,0,0,,0.004792466959067261,0.007118444105195078,0.01165784889007385,0.01083379372141249,0.017713608912407502,0.03323191292542045
conv3,legacy,best_validation,10,positive_minus_negative,negative_phase,Layer_1,8,1,0.001,2.44140625e-07,0,27,36,7225344,-1.3296494382219534e-12,4.804368984712939e-10,4.804350585095636e-10,-1.1918087609601717,24.851043594330644,24.822448702829877,-1.1918087609615011,24.851043594332683,24.82244870283186,1.9332664909931495e-11,False,5.465165031637298e-08,-212.74690345724233,192.59281716501644,-212.74690345734737,192.5928171654353,0,7225344,0.0,2.3312828282870074e-10,4.055817772142585e-10,8.248440154542541e-10,9.696554021984579e-12,1.6493973957734088e-11,3.351051714592902e-11
conv3,legacy,best_validation,10,positive_minus_negative,negative_phase,Layer_2,8,2,0.001,2.44140625e-07,0,27,36,3612672,-2.6134417463321657e-11,1.2936826518109236e-08,1.2936800120272332e-08,-0.079112871946593,4.53096305960047,4.53027233187547,-0.07911287197272743,4.530963059709479,4.5302723319840394,2.8552045885030845e-09,False,1.5266317726636558e-06,-56.1701617700945,54.9797609035413,-56.17016179472354,54.979760901324646,0,3612672,0.0,6.706618834024454e-09,1.1724806183648754e-08,1.9198476182134474e-08,1.4896754571819991e-09,2.7250079854855375e-09,4.203567393100295e-09
conv3,legacy,best_validation,10,positive_minus_negative,negative_phase,Layer_3,8,3,0.001,2.44140625e-07,0,27,36,7225344,-6.156953333417872e-10,1.7267398341306938e-06,1.7267397243629257e-06,-0.03500706003204796,0.48681483034140227,0.48555451268445743,-0.035007060647743296,0.4868148498490854,0.4855545321983853,3.547015675179276e-06,False,0.00033229689523706085,-9.600810875130831,9.03297938324305,-9.60077551854782,9.032975452132606,1,7225344,1.3840171485260771e-07,9.667654788497377e-07,1.5413233938009692e-06,2.5718990739792398e-06,1.935415929153655e-06,3.20869877366204e-06,5.241198133907097e-06
conv3,legacy,best_validation,10,positive_minus_negative,negative_phase,Layer_4,8,4,0.001,2.44140625e-07,0,27,36,11520,-3.689142035250414e-05,0.015748030744423835,0.01574798753334605,-0.11730309750648751,0.39277795071040333,0.3748526402196569,-0.11733998892684003,0.3931450797564477,0.375225773015864,0.04009397858495095,False,0.24692095215895596,-1.7165819565808509,2.2354236613830993,-1.711450828937878,2.1652168427274545,0,0,,0.00958493391813454,0.014236888210390191,0.02331569778014768,0.021667742773330997,0.03544247036142567,0.06651735346647777
conv2,legacy,reconstructed_initialization,8,zero,post_T_free,Layer_1,6,1,0.03,0.0001171875,0,0,36,7225344,1.178148095557715e-08,7.584212408448551e-08,7.492145548599461e-08,-0.0010806747703051814,1.8994431853763543,1.8994428779551946,-0.0010806629888242191,1.8994431896812138,1.8994428822667577,3.992860890411851e-08,False,7.229314880063953e-07,-22.58450641101063,28.467513467985583,-22.584506322995306,28.467513669818555,0,7225344,0.0,6.343417571125695e-08,7.383702502526391e-08,8.830897270105822e-08,3.3192897580098165e-08,3.919305501397227e-08,4.5496101975677276e-08
conv2,legacy,reconstructed_initialization,8,zero,post_T_free,Layer_2,6,2,0.03,0.0001171875,0,0,36,3612672,2.7209290713180932e-08,1.4987723259551001e-07,1.473867000423519e-07,0.0038546725949808115,0.4082904191953167,0.408272222794881,0.003854699804271525,0.40829049153565267,0.4082722948815457,3.6708486300241154e-07,False,1.2172003848176516e-06,-2.5745224938919256,4.194390228098149,-2.574522485165675,4.194390635902098,1,3612672,2.7680342970521543e-07,1.2306464180135137e-07,1.4568669489632015e-07,1.758828148616761e-07,3.072746512117672e-07,3.566443220078677e-07,4.18639732622036e-07
conv2,legacy,reconstructed_initialization,8,zero,post_T_free,Layer_3,6,3,0.03,0.0001171875,0,0,36,11520,5.853240214666252e-07,1.6592843340149182e-06,1.5526172390520041e-06,0.021965098989970015,0.19647180424614952,0.19524011957099932,0.02196568431399148,0.19647337320285482,0.19524163257442387,8.445406914144716e-06,False,5.019723829269296e-06,-0.4687322468493803,0.6382645178736549,-0.468736041732659,0.6382687475125185,0,0,,1.2224092423966355e-06,1.603023491702856e-06,2.059007276197969e-06,7.587388013581524e-06,8.419331331122253e-06,9.350169611799707e-06
conv2,legacy,reconstructed_initialization,8,negative,post_T_free,Layer_1,6,1,0.03,0.0001171875,0,0,36,7225344,1.2902740499211303e-08,9.065458637219084e-07,9.06454037620723e-07,-0.0010806747703051814,1.8994431853763543,1.8994428779551946,-0.0010806618675646767,1.8994431916151866,1.8994428842013686,4.772692706480115e-07,False,8.404220940505525e-06,-22.58450641101063,28.467513467985583,-22.584503883297653,28.46751565936334,1,7225344,1.3840171485260771e-07,8.863357935159242e-07,9.064703246380043e-07,9.275062428221797e-07,4.450080184429217e-07,4.806183668669679e-07,5.052230219430921e-07
conv2,legacy,reconstructed_initialization,8,negative,post_T_free,Layer_2,6,2,0.03,0.0001171875,0,0,36,3612672,-5.255344431967882e-09,6.56549249230963e-05,6.565492471276444e-05,0.0038546725949808115,0.4082904191953167,0.408272222794881,0.00385466733963638,0.40829073821471934,0.40827254187811995,0.00016080447112252347,False,0.0002708307560615464,-2.5745224938919256,4.194390228098149,-2.5744402844107803,4.1944760534539665,204,3612672,5.646789965986395e-05,6.482292154047847e-05,6.564563642279179e-05,6.635445662138809e-05,0.00015039514424249533,0.00016178680131424182,0.00017180615083674984
conv2,legacy,reconstructed_initialization,8,negative,post_T_free,Layer_3,6,3,0.03,0.0001171875,0,0,36,11520,-0.00018248506072455684,0.12222666940498235,0.12222653317932838,0.021965098989970015,0.19647180424614952,0.19524011957099932,0.021782613929245458,0.2319057357935257,0.2308804626302234,0.6221079399863951,False,0.4357495639330631,-0.4687322468493803,0.6382645178736549,-0.8205889995477815,1.0136575053388723,0,0,,0.12092862323135205,0.12216742185697857,0.1238936614410042,0.48564669076838823,0.6347508609040845,0.8059575270922366
conv2,legacy,reconstructed_initialization,8,negative,matched_zero_K,Layer_1,6,1,0.03,0.0001171875,0,0,36,7225344,1.1212595436341516e-09,9.051381877166053e-07,9.051374932240607e-07,-0.0010806629888242191,1.8994431896812138,1.8994428822667577,-0.0010806618675646767,1.8994431916151866,1.8994428842013686,4.765281702731609e-07,False,8.31059835393333e-06,-22.584506322995306,28.467513669818555,-22.584503883297653,28.46751565936334,1,7225344,1.3840171485260771e-07,8.8671662147033e-07,9.045182261910517e-07,9.236727529759762e-07,4.444110828287473e-07,4.79962974745123e-07,5.038253079423208e-07
conv2,legacy,reconstructed_initialization,8,negative,matched_zero_K,Layer_2,6,2,0.03,0.0001171875,0,0,36,3612672,-3.246463514514882e-08,6.565515536725585e-05,6.565514734082904e-05,0.003854699804271525,0.40829049153565267,0.4082722948815457,0.00385466733963638,0.40829073821471934,0.40827254187811995,0.00016080500704367427,False,0.0002705435300030534,-2.574522485165675,4.194390635902098,-2.5744402844107803,4.1944760534539665,203,3612672,5.619109623015873e-05,6.482327843231339e-05,6.564634246790005e-05,6.635481294892208e-05,0.0001503963145329162,0.0001617872022095348,0.00017180602617047913
conv2,legacy,reconstructed_initialization,8,negative,matched_zero_K,Layer_3,6,3,0.03,0.0001171875,0,0,36,11520,-0.0001830703847460234,0.12222667367484727,0.12222653657390375,0.02196568431399148,0.19647337320285482,0.19524163257442387,0.021782613929245458,0.2319057357935257,0.2308804626302234,0.6221029938171352,False,0.43575243829447263,-0.468736041732659,0.6382687475125185,-0.8205889995477815,1.0136575053388723,0,0,,0.12092862714092233,0.12216742681684306,0.12389366594588476,0.48564287276554313,0.6347458149109982,0.8059513845187274
conv2,legacy,reconstructed_initialization,8,positive,post_T_free,Layer_1,6,1,0.03,0.0001171875,0,0,36,7225344,1.0721953412291801e-08,9.101541332402055e-07,9.100909767541123e-07,-0.0010806747703051814,1.8994431853763543,1.8994428779551946,-0.0010806640483517693,1.8994431877477862,1.899442880332727,4.791689165790279e-07,False,8.597906460572347e-06,-22.58450641101063,28.467513467985583,-22.58450876267922,28.46751168027377,1,7225344,1.3840171485260771e-07,8.919184757020974e-07,9.097172506488074e-07,9.27240889418469e-07,4.4811921844954504e-07,4.820610536616018e-07,5.055032912610138e-07
conv2,legacy,reconstructed_initialization,8,positive,post_T_free,Layer_2,6,2,0.03,0.0001171875,0,0,36,3612672,6.06590202383022e-08,6.565566581557125e-05,6.56556377942461e-05,0.0038546725949808115,0.4082904191953167,0.408272222794881,0.00385473325400105,0.40829025551155435,0.4082720585311108,0.0001608062857437835,False,0.00027025630394450495,-2.5745224938919256,4.194390228098149,-2.5746046859590606,4.194305218350235,198,3612672,5.480707908163265e-05,6.482535309351529e-05,6.564937481173786e-05,6.635677054515118e-05,0.00015040031943869918,0.0001617842594557141,0.00017180744223352706
conv2,legacy,reconstructed_initialization,8,positive,post_T_free,Layer_3,6,3,0.03,0.0001171875,0,0,36,11520,0.00018366090897323572,0.12222667773321999,0.12222653974636986,0.021965098989970015,0.19647180424614952,0.19524011957099932,0.02214875989894325,0.2308723072366233,0.2298074295659319,0.6221079823753662,False,0.435755213623723,-0.4687322468493803,0.6382645178736549,-0.8078777258375848,0.9422352902468303,0,0,,0.12092862940091667,0.12216743139841318,0.12389367353364557,0.4856467462902222,0.6347509351376363,0.8059575456387714
conv2,legacy,reconstructed_initialization,8,positive,matched_zero_K,Layer_1,6,1,0.03,0.0001171875,0,0,36,7225344,-1.0595275432853486e-09,9.052108285306219e-07,9.052102084546329e-07,-0.0010806629888242191,1.8994431896812138,1.8994428822667577,-0.0010806640483517693,1.8994431877477862,1.899442880332727,4.7656641348802046e-07,False,8.31059393369138e-06,-22.584506322995306,28.467513669818555,-22.58450876267922,28.46751168027377,1,7225344,1.3840171485260771e-07,8.867784924847212e-07,9.045164688100146e-07,9.237806842996546e-07,4.4451471149399855e-07,4.799516735862221e-07,5.039495430326874e-07
conv2,legacy,reconstructed_initialization,8,positive,matched_zero_K,Layer_2,6,2,0.03,0.0001171875,0,0,36,3612672,3.3449729525121267e-08,6.565509147396921e-05,6.565508295304226e-05,0.003854699804271525,0.40829049153565267,0.4082722948815457,0.00385473325400105,0.40829025551155435,0.4082720585311108,0.00016080485055390052,False,0.0002705435300029979,-2.574522485165675,4.194390635902098,-2.5746046859590606,4.194305218350235,199,3612672,5.5083882511337866e-05,6.48247307010601e-05,6.564827759997376e-05,6.635617444619707e-05,0.00015039801103876175,0.0001617827782123141,0.00017180684550011397
conv2,legacy,reconstructed_initialization,8,positive,matched_zero_K,Layer_3,6,3,0.03,0.0001171875,0,0,36,11520,0.00018307558495176917,0.12222667344079793,0.12222653633206519,0.02196568431399148,0.19647337320285482,0.19524163257442387,0.02214875989894325,0.2308723072366233,0.2298074295659319,0.622102992625883,False,0.43575233926231344,-0.468736041732659,0.6382687475125185,-0.8078777258375848,0.9422352902468303,0,0,,0.12092862547781451,0.12216742641947856,0.12389366901578708,0.4856428795682093,0.6347458442889897,0.8059513716052878
conv2,legacy,reconstructed_initialization,8,positive_minus_negative,negative_phase,Layer_1,6,1,0.03,0.0001171875,0,0,36,7225344,-2.1807870869195003e-09,1.8103156961770062e-06,1.8103143826398e-06,-0.0010806618675646767,1.8994431916151866,1.8994428842013686,-0.0010806640483517693,1.8994431877477862,1.899442880332727,9.530770407708845e-07,False,1.662119228762471e-05,-22.584503883297653,28.46751565936334,-22.58450876267922,28.46751168027377,2,7225344,2.7680342970521543e-07,1.7734417291165688e-06,1.8089910001999785e-06,1.847389607014512e-06,8.889082794139659e-07,9.599001018040411e-07,1.0077658313366214e-06
conv2,legacy,reconstructed_initialization,8,positive_minus_negative,negative_phase,Layer_2,6,2,0.03,0.0001171875,0,0,36,3612672,6.591436467027006e-08,0.00013130769089769056,0.0001313076743537101,0.00385466733963638,0.40829073821471934,0.40827254187811995,0.00385473325400105,0.40829025551155435,0.4082720585311108,0.000321603403182357,False,0.0005410870600060513,-2.5744402844107803,4.1944760534539665,-2.5746046859590606,4.194305218350235,402,3612672,0.0001112749787414966,0.00012964456271687895,0.00013129232158508257,0.00013270828873920848,0.00030078810633695635,0.0003235618577428855,0.0003436094999026793
conv2,legacy,reconstructed_initialization,8,positive_minus_negative,negative_phase,Layer_3,6,3,0.03,0.0001171875,0,0,36,11520,0.00036614596969779256,0.2444533471156335,0.2444530729059573,0.021782613929245458,0.2319057357935257,0.2308804626302234,0.02214875989894325,0.2308723072366233,0.2298074295659319,1.0541065156459926,False,0.871504777556786,-0.8205889995477815,1.0136575053388723,-0.8078777258375848,0.9422352902468303,0,0,,0.24185725261871827,0.24433485323631327,0.24778733496165956,0.8735785715762845,1.0692298190860532,1.2510199035608611
conv3,baseline,reconstructed_initialization,12,zero,post_T_free,Layer_1,8,1,10,10.0,0,0,36,7225344,1.125914129864328e-10,2.8450971368048325e-10,2.612832771156032e-10,-0.004508255343779121,6.826719202544491,6.826717713954741,-0.004508255231187714,6.826719202548934,6.826717713959258,4.167590686525371e-11,False,2.173857094334153e-09,-81.45423929616199,102.12705649644636,-81.45423929588289,102.12705649728518,0,7225344,0.0,2.1195155004580942e-10,2.81407171208938e-10,3.589901097456838e-10,3.207357402219908e-11,4.129752075434946e-11,5.108208242051755e-11
conv3,baseline,reconstructed_initialization,12,zero,post_T_free,Layer_2,8,2,10,10.0,0,0,36,3612672,6.431550594854594e-11,1.6411207039709116e-10,1.509843943743934e-10,-0.0027699781776296052,0.10356552295923918,0.10352847321735288,-0.0027699781133140988,0.10356552299453957,0.1035284732543867,1.58462068947097e-09,False,1.0186987087212884e-09,-0.6677614090082986,1.2247018819181728,-0.6677614090705052,1.2247018823916258,0,3612672,0.0,1.2153841143192013e-10,1.6234840513555106e-10,2.074587901499994e-10,1.2274958151599914e-09,1.5777850601074877e-09,1.9253023171323914e-09
conv3,baseline,reconstructed_initialization,12,zero,post_T_free,Layer_3,8,3,10,10.0,0,0,36,7225344,1.3262265770943112e-10,3.480168976038078e-10,3.21756105893682e-10,0.00165188852747325,0.023222078133917416,0.023163250573927825,0.0016518886600959076,0.023222078315187522,0.023163250746200306,1.4986466568446586e-08,False,2.3396508758155576e-09,-0.0551046755615476,0.18026002370314836,-0.05510467526160026,0.18026002573522426,0,7225344,0.0,2.583243908808597e-10,3.44128336337904e-10,4.404023025510751e-10,1.2235319616227824e-08,1.4827364835045732e-08,1.747468765264458e-08
conv3,baseline,reconstructed_initialization,12,zero,post_T_free,Layer_4,8,4,10,10.0,0,0,36,11520,1.3269836721096744e-10,2.3028673141709183e-10,1.882103132304684e-10,0.00168662415363284,0.006000528345136051,0.005758614363296391,0.0016866242863312073,0.006000528561228867,0.005758614549601416,3.837774245392228e-08,False,6.614593976717043e-10,-0.011807589274553354,0.018281367146164202,-0.011807589560010268,0.018281367794099553,0,0,,1.7080048962658175e-10,2.2788557742001155e-10,2.917592693325794e-10,3.339852011523862e-08,3.90389475046339e-08,4.272512838281081e-08
conv3,baseline,reconstructed_initialization,12,negative,post_T_free,Layer_1,8,1,10,10.0,0,0,36,7225344,-1.1205777683531089e-08,4.869897282510947e-07,4.868607870516812e-07,-0.004508255343779121,6.826719202544491,6.826717713954741,-0.0045082665495568015,6.82671920060069,6.82671771200354,7.133583699613445e-08,False,3.2767489940299654e-06,-81.45423929616199,102.12705649644636,-81.4542390911751,102.12705684585197,0,7225344,0.0,4.457379048831766e-07,4.88013882236736e-07,5.221590108615193e-07,6.551807249773881e-08,7.056179379167803e-08,7.941664104516457e-08
conv3,baseline,reconstructed_initialization,12,negative,post_T_free,Layer_2,8,2,10,10.0,0,0,36,3612672,-3.2131130049266566e-08,2.2793179354043327e-06,2.2790914508061382e-06,-0.0027699781776296052,0.10356552295923918,0.10352847321735288,-0.002770010308759654,0.10356545300019766,0.10352840237357822,2.2008462568198643e-05,False,1.548084694943247e-05,-0.6677614090082986,1.2247018819181728,-0.6677617371527494,1.2246967649840335,22,3612672,6.0896754535147395e-06,2.2025300429475732e-06,2.283055824663817e-06,2.3463413785382584e-06,2.0350423253117416e-05,2.205919819838115e-05,2.357951131951164e-05
conv3,baseline,reconstructed_initialization,12,negative,post_T_free,Layer_3,8,3,10,10.0,0,0,36,7225344,-1.6063104601371798e-07,0.00012006313887897759,0.00012006303142574618,0.00165188852747325,0.023222078133917416,0.023163250573927825,0.0016517278964272364,0.023222062079111906,0.023163245933208308,0.005170215093868677,False,0.000413981191647466,-0.0551046755615476,0.18026002370314836,-0.055108409921818036,0.1804298473794099,8313,7225344,0.0011505334555697278,0.00011965738521574858,0.00012004104221232504,0.00012052991619860847,0.004702406947455072,0.00520323990150586,0.005742219616560343
conv3,baseline,reconstructed_initialization,12,negative,post_T_free,Layer_4,8,4,10,10.0,0,0,36,11520,-4.928385057772535e-05,0.11277350176936592,0.11277349100044412,0.00168662415363284,0.006000528345136051,0.005758614363296391,0.0016373403030551148,0.11292319631428471,0.11291132530692603,18.793928681426635,False,0.3663132624079844,-0.011807589274553354,0.018281367146164202,-0.3712437077413132,0.383467735967149,0,0,,0.11244777641320923,0.11276327790202408,0.11309961599744034,14.128383511966714,18.94782312583167,25.22006406188061
conv3,baseline,reconstructed_initialization,12,negative,matched_zero_K,Layer_1,8,1,10,10.0,0,0,36,7225344,-1.131836909651752e-08,4.869960061903829e-07,4.868644622134362e-07,-0.004508255231187714,6.826719202548934,6.826717713959258,-0.0045082665495568015,6.82671920060069,6.82671771200354,7.133675660902388e-08,False,3.2770314084551444e-06,-81.45423929588289,102.12705649728518,-81.4542390911751,102.12705684585197,0,7225344,0.0,4.4574331494560066e-07,4.880143363817105e-07,5.221393044484982e-07,6.552481763136854e-08,7.0555914766527e-08,7.941991244138396e-08
conv3,baseline,reconstructed_initialization,12,negative,matched_zero_K,Layer_2,8,2,10,10.0,0,0,36,3612672,-3.219544555521511e-08,2.2793201121906142e-06,2.2790927201678597e-06,-0.0027699781133140988,0.10356552299453957,0.1035284732543867,-0.002770010308759654,0.10356545300019766,0.10352840237357822,2.2008483579142357e-05,False,1.548105479679679e-05,-0.6677614090705052,1.2247018823916258,-0.6677617371527494,1.2246967649840335,22,3612672,6.0896754535147395e-06,2.2025376435412667e-06,2.2830645494108176e-06,2.346343516198576e-06,2.0350500025605522e-05,2.205923049043412e-05,2.3579624866270752e-05
conv3,baseline,reconstructed_initialization,12,negative,matched_zero_K,Layer_3,8,3,10,10.0,0,0,36,7225344,-1.6076366867142746e-07,0.00012006313916834107,0.00012006303153760225,0.0016518886600959076,0.023222078315187522,0.023163250746200306,0.0016517278964272364,0.023222062079111906,0.023163245933208308,0.0051702150659710035,False,0.00041398133653357955,-0.05510467526160026,0.18026002573522426,-0.055108409921818036,0.1804298473794099,8313,7225344,0.0011505334555697278,0.00011965738444531247,0.00012004104262611104,0.00012052991550377259,0.0047024069363328265,0.005203239907055313,0.005742219594695845
conv3,baseline,reconstructed_initialization,12,negative,matched_zero_K,Layer_4,8,4,10,10.0,0,0,36,11520,-4.928398327609253e-05,0.11277350176935234,0.11277349100037255,0.0016866242863312073,0.006000528561228867,0.005758614549601416,0.0016373403030551148,0.11292319631428471,0.11291132530692603,18.79392800461183,False,0.3663132620645329,-0.011807589560010268,0.018281367794099553,-0.3712437077413132,0.383467735967149,0,0,,0.11244777641304525,0.11276327790216312,0.11309961599723985,14.128382971173089,18.947822521575027,25.22006316677767
conv3,baseline,reconstructed_initialization,12,positive,post_T_free,Layer_1,8,1,10,10.0,0,0,36,7225344,1.1154655520217832e-08,4.86929621582731e-07,4.868018385697889e-07,-0.004508255343779121,6.826719202544491,6.826717713954741,-0.004508244189123602,6.826719204519291,6.826717715936908,7.132703237614344e-08,False,3.2192418174536996e-06,-81.45423929616199,102.12705649644636,-81.4542396143623,102.12705614751043,0,7225344,0.0,4.445301639506538e-07,4.88369256152473e-07,5.230693126247478e-07,6.556784988523087e-08,7.051028535078902e-08,7.93339153412508e-08
conv3,baseline,reconstructed_initialization,12,positive,post_T_free,Layer_2,8,2,10,10.0,0,0,36,3612672,3.163220797231453e-08,2.279195312017189e-06,2.278975794899965e-06,-0.0027699781776296052,0.10356552295923918,0.10352847321735288,-0.0027699465454216325,0.10356559316733263,0.10352854429690858,2.200727855074148e-05,False,1.5476356461631424e-05,-0.6677614090082986,1.2247018819181728,-0.6677607284424423,1.2247070000133606,30,3612672,8.304102891156463e-06,2.204006593481615e-06,2.282338944110903e-06,2.348905164365739e-06,2.0378660062738276e-05,2.204378093623233e-05,2.356538581419544e-05
conv3,baseline,reconstructed_initialization,12,positive,post_T_free,Layer_3,8,3,10,10.0,0,0,36,7225344,1.586523364822072e-07,0.0001200620983267756,0.00012006199350362487,0.00165188852747325,0.023222078133917416,0.023163250573927825,0.0016520471798097322,0.023222715691376142,0.0231638784360083,0.005170170285122622,False,0.00041412390029074724,-0.0551046755615476,0.18026002370314836,-0.055100903100115534,0.18009019542585503,8286,7225344,0.0011467966092687076,0.00011963340854852774,0.00012005884422200671,0.00012054140789598435,0.004703457822511929,0.005203122611019532,0.005741896012394245
conv3,baseline,reconstructed_initialization,12,positive,post_T_free,Layer_4,8,4,10,10.0,0,0,36,11520,4.928243827885304e-05,0.11277350146078773,0.11277349069248309,0.00168662415363284,0.006000528345136051,0.005758614363296391,0.0017359065919116932,0.11294286050590326,0.11292951946926932,18.793928630001464,False,0.366313175586675,-0.011807589274553354,0.018281367146164202,-0.37722423192764093,0.38133059228565286,0,0,,0.1124477693043815,0.1127632808151698,0.11309961487001012,14.128384569261645,18.947822570478284,25.220062993546726
conv3,baseline,reconstructed_initialization,12,positive,matched_zero_K,Layer_1,8,1,10,10.0,0,0,36,7225344,1.10420641072314e-08,4.869232671877153e-07,4.867980494507049e-07,-0.004508255231187714,6.826719202548934,6.826717713959258,-0.004508244189123602,6.826719204519291,6.826717715936908,7.132610156367786e-08,False,3.2189594030285207e-06,-81.45423929588289,102.12705649728518,-81.4542396143623,102.12705614751043,0,7225344,0.0,4.445200473672249e-07,4.883570649220981e-07,5.230658635448601e-07,6.55611842308685e-08,7.051334447461625e-08,7.933420504009411e-08
conv3,baseline,reconstructed_initialization,12,positive,matched_zero_K,Layer_2,8,2,10,10.0,0,0,36,3612672,3.1567892466365985e-08,2.2791931575459837e-06,2.2789745320142704e-06,-0.0027699781133140988,0.10356552299453957,0.1035284732543867,-0.0027699465454216325,0.10356559316733263,0.10352854429690858,2.2007257740263164e-05,False,1.5476148614267105e-05,-0.6677614090705052,1.2247018823916258,-0.6677607284424423,1.2247070000133606,30,3612672,8.304102891156463e-06,2.2039977703700756e-06,2.2823303378098067e-06,2.3489074222782674e-06,2.0378574565018258e-05,2.204375372126571e-05,2.3565274949680427e-05
conv3,baseline,reconstructed_initialization,12,positive,matched_zero_K,Layer_3,8,3,10,10.0,0,0,36,7225344,1.5851971382449775e-07,0.00012006209804170402,0.00012006199339373004,0.0016518886600959076,0.023222078315187522,0.023163250746200306,0.0016520471798097322,0.023222715691376142,0.0231638784360083,0.005170170232488707,False,0.0004141237817505994,-0.05510467526160026,0.18026002573522426,-0.055100903100115534,0.18009019542585503,8286,7225344,0.0011467966092687076,0.00011963340820914338,0.00012005884393607438,0.0001205414086054495,0.00470345775000405,0.005203122535638625,0.005741895970666988
conv3,baseline,reconstructed_initialization,12,positive,matched_zero_K,Layer_4,8,4,10,10.0,0,0,36,11520,4.928230558048592e-05,0.11277350146080131,0.11277349069255466,0.0016866242863312073,0.006000528561228867,0.005758614549601416,0.0017359065919116932,0.11294286050590326,0.11292951946926932,18.793927953191186,False,0.36631317593012647,-0.011807589560010268,0.018281367794099553,-0.37722423192764093,0.38133059228565286,0,0,,0.11244776930454549,0.11276328081503072,0.11309961487021059,14.128384028466886,18.94782196623698,25.220062098425903
conv3,baseline,reconstructed_initialization,12,positive_minus_negative,negative_phase,Layer_1,8,1,10,10.0,0,0,36,7225344,2.236043320374892e-08,9.734102930060125e-07,9.731534357731014e-07,-0.0045082665495568015,6.82671920060069,6.82671771200354,-0.004508244189123602,6.826719204519291,6.826717715936908,1.4258830111547009e-07,False,6.495990811483665e-06,-81.4542390911751,102.12705684585197,-81.4542396143623,102.12705614751043,0,7225344,0.0,8.890149886306403e-07,9.754846258120347e-07,1.0435543625446414e-06,1.309957216807187e-07,1.408862872084083e-07,1.5868908803938092e-07
conv3,baseline,reconstructed_initialization,12,positive_minus_negative,negative_phase,Layer_2,8,2,10,10.0,0,0,36,3612672,6.37633380215811e-08,4.556403423331333e-06,4.555957242212644e-06,-0.002770010308759654,0.10356545300019766,0.10352840237357822,-0.0027699465454216325,0.10356559316733263,0.10352854429690858,4.399539896110567e-05,False,3.0957203411063894e-05,-0.6677617371527494,1.2246967649840335,-0.6677607284424423,1.2247070000133606,52,3612672,1.4393778344671202e-05,4.404463592140032e-06,4.563149646662173e-06,4.693802193392728e-06,4.071256830980287e-05,4.4084693669187086e-05,4.712789856618489e-05
conv3,baseline,reconstructed_initialization,12,positive_minus_negative,negative_phase,Layer_3,8,3,10,10.0,0,0,36,7225344,3.192833824959252e-07,0.0002400253651383102,0.0002400251527817466,0.0016517278964272364,0.023222062079111906,0.023163245933208308,0.0016520471798097322,0.023222715691376142,0.0231638784360083,0.010336091787223816,False,0.0008279604523845352,-0.055108409921818036,0.1804298473794099,-0.055100903100115534,0.18009019542585503,16599,7225344,0.002297330064838435,0.000239196169189579,0.00023999454609895747,0.0002409874420702049,0.009402679258820639,0.010402002779710668,0.011477873712732711
conv3,baseline,reconstructed_initialization,12,positive_minus_negative,negative_phase,Layer_4,8,4,10,10.0,0,0,36,11520,9.856628885657838e-05,0.22554700323012378,0.22554698169289733,0.0016373403030551148,0.11292319631428471,0.11291132530692603,0.0017359065919116932,0.11294286050590326,0.11292951946926932,1.997348734288282,False,0.7326264379946594,-0.3712437077413132,0.383467735967149,-0.37722423192764093,0.38133059228565286,0,0,,0.22489554571756146,0.22552655871716654,0.22619923086741736,1.9951052670796898,1.997362718561301,1.9989273609671874
conv3,baseline,best_validation,12,zero,post_T_free,Layer_1,8,1,10,10.0,0,24,36,7225344,4.757974875967673e-08,4.887727231577278e-07,4.864513772320794e-07,-2.872678599447717,49.787236023742295,49.70429145001564,-2.8726785518679683,49.78723608862901,49.704291517760524,9.817229518920157e-09,False,3.6146459407859766e-05,-251.0560262756396,291.04293839263863,-251.05602604997097,291.0429384008281,0,7225344,0.0,3.798966230525513e-07,4.81990388788938e-07,5.879339361000847e-07,7.715761973600562e-09,9.824017968187082e-09,1.1797184210356558e-08
conv3,baseline,best_validation,12,zero,post_T_free,Layer_2,8,2,10,10.0,0,24,36,3612672,6.862114566460291e-08,4.046430164271366e-07,3.98782032081348e-07,-0.8164205546958917,20.536654183023657,20.520419647535796,-0.816420486074746,20.536654257134572,20.520419724435488,1.9703453776887826e-08,False,2.3718785172377466e-05,-120.1200323257859,154.78291084658906,-120.12003201811989,154.78291096966115,1,3612672,2.7680342970521543e-07,3.1109016706607994e-07,4.0053659209440276e-07,4.882988820981436e-07,1.5232214016916415e-08,1.9671792326028883e-08,2.3982078167926774e-08
conv3,baseline,best_validation,12,zero,post_T_free,Layer_3,8,3,10,10.0,0,24,36,7225344,4.2353063125688816e-08,2.429019837908221e-07,2.3918108573503097e-07,-0.1978361080423668,1.4138493289948055,1.3999395699292563,-0.19783606568930368,1.4138493920855133,1.3999396396320638,1.7180188780336052e-07,False,2.2658053993040994e-05,-18.528442667754586,25.48232339076054,-18.528442573403648,25.482333351510096,0,7225344,0.0,1.8922893021486282e-07,2.3939397149170626e-07,2.8988826615544655e-07,1.3323602227478693e-07,1.6973811646342457e-07,2.06064291765567e-07
conv3,baseline,best_validation,12,zero,post_T_free,Layer_4,8,4,10,10.0,0,24,36,11520,6.267931853429502e-08,7.91592587432211e-08,4.834760876044033e-08,-0.16419469188352812,0.3508556614634592,0.31006418422358095,-0.1641946292042096,0.3508556550605812,0.31006421017021885,2.2561773241178084e-07,False,4.97289063261519e-07,-1.5155954155385423,1.1346491489122397,-1.5155954685800392,1.1346495732714557,0,0,,6.09487010782295e-08,7.77372100070976e-08,9.982369786778613e-08,1.5831536652150456e-07,2.3073301532226349e-07,3.5234009304847105e-07
conv3,baseline,best_validation,12,negative,post_T_free,Layer_1,8,1,10,10.0,0,24,36,7225344,4.529970865985592e-08,6.626240340204456e-07,6.61073783217018e-07,-2.872678599447717,49.787236023742295,49.70429145001564,-2.872678554148008,49.78723608497601,49.70429151396965,1.3309114683620049e-08,False,4.416523107764192e-05,-251.0560262756396,291.04293839263863,-251.0560261655161,291.0429383254806,0,7225344,0.0,5.441317141198799e-07,6.441732622021838e-07,8.115063914720779e-07,1.1254230521931458e-08,1.292421339458431e-08,1.6459331900843126e-08
conv3,baseline,best_validation,12,negative,post_T_free,Layer_2,8,2,10,10.0,0,24,36,3612672,4.9371496488138105e-08,2.47097121108345e-06,2.4704779256932725e-06,-0.8164205546958917,20.536654183023657,20.520419647535796,-0.8164205053243953,20.536654247257868,20.520419713785106,1.2032004770894203e-07,False,0.00020883127848553285,-120.1200323257859,154.78291084658906,-120.12003236839762,154.78291027901082,2,3612672,5.536068594104309e-07,1.6765570404802598e-06,2.341366471674651e-06,3.2397854823176005e-06,8.372463729693292e-08,1.132247261691195e-07,1.6123465723733315e-07
conv3,baseline,best_validation,12,negative,post_T_free,Layer_3,8,3,10,10.0,0,24,36,7225344,-1.471838267809267e-09,4.499292762541118e-05,4.4992927601337314e-05,-0.1978361080423668,1.4138493289948055,1.3999395699292563,-0.19783610951420505,1.4138492177165376,1.3999394573373338,3.1823000303292205e-05,False,0.0062558304073729865,-18.528442667754586,25.48232339076054,-18.52844503476742,25.482364311440406,16,7225344,2.2144274376417234e-06,3.140946454636567e-05,4.2192318262039205e-05,6.067589272659717e-05,2.196395235605775e-05,3.099041075232591e-05,4.369274244160239e-05
conv3,baseline,best_validation,12,negative,post_T_free,Layer_4,8,4,10,10.0,0,24,36,11520,-1.4493049697560359e-05,0.0020441662961333566,0.0020441149179432233,-0.16419469188352812,0.3508556614634592,0.31006418422358095,-0.1642091849332257,0.35084232501838436,0.31004141756847803,0.005826231469678741,False,0.024902444197083776,-1.5155954155385423,1.1346491489122397,-1.5146974308058303,1.1358396750175503,0,0,,0.0014584492651599117,0.001957848305355339,0.0027543968697822086,0.0034159002371190825,0.005931374063023715,0.008792139101246618
conv3,baseline,best_validation,12,negative,matched_zero_K,Layer_1,8,1,10,10.0,0,24,36,7225344,-2.280040099820819e-09,4.5797651291993387e-07,4.5797083728491444e-07,-2.8726785518679683,49.78723608862901,49.704291517760524,-2.872678554148008,49.78723608497601,49.70429151396965,9.198673172068933e-09,False,4.399500135932044e-05,-251.05602604997097,291.0429384008281,-251.0560261655161,291.0429383254806,0,7225344,0.0,3.075135960609596e-07,4.269635271749836e-07,6.041768837472485e-07,6.371498708789404e-09,8.558326346576052e-09,1.2374223778768978e-08
conv3,baseline,best_validation,12,negative,matched_zero_K,Layer_2,8,2,10,10.0,0,24,36,3612672,-1.9249649176464803e-08,2.4431612908693317e-06,2.4430854557728594e-06,-0.816420486074746,20.536654257134572,20.520419724435488,-0.8164205053243953,20.536654247257868,20.520419713785106,1.1896588705633785e-07,False,0.00020884093025685946,-120.12003201811989,154.78291096966115,-120.12003236839762,154.78291027901082,3,3612672,8.304102891156462e-07,1.630400327917426e-06,2.3128502976201737e-06,3.2294351983225984e-06,8.142532900769658e-08,1.1108502871595913e-07,1.6072013230444622e-07
conv3,baseline,best_validation,12,negative,matched_zero_K,Layer_3,8,3,10,10.0,0,24,36,7225344,-4.382490139349809e-08,4.4993504689430934e-05,4.4993483346100924e-05,-0.19783606568930368,1.4138493920855133,1.3999396396320638,-0.19783610951420505,1.4138492177165376,1.3999394573373338,3.182340703422647e-05,False,0.006255874984960608,-18.528442573403648,25.482333351510096,-18.52844503476742,25.482364311440406,16,7225344,2.2144274376417234e-06,3.1409559488921e-05,4.2192771856800715e-05,6.067746480844183e-05,2.1964007882004743e-05,3.0990813966468933e-05,4.369387577904238e-05
conv3,baseline,best_validation,12,negative,matched_zero_K,Layer_4,8,4,10,10.0,0,24,36,11520,-1.4555729016094654e-05,0.002044168155251292,0.0020441163317424676,-0.1641946292042096,0.3508556550605812,0.31006421017021885,-0.1642091849332257,0.35084232501838436,0.31004141756847803,0.005826236874814892,False,0.02490250696036249,-1.5155954685800392,1.1346495732714557,-1.5146974308058303,1.1358396750175503,0,0,,0.0014584505079546428,0.0019578524902673644,0.002754399285274372,0.0034159008304843535,0.0059313829723862035,0.008792148968038899
conv3,baseline,best_validation,12,positive,post_T_free,Layer_1,8,1,10,10.0,0,24,36,7225344,4.986615198494247e-08,6.769131480035166e-07,6.750739047143249e-07,-2.872678599447717,49.787236023742295,49.70429145001564,-2.872678549581565,49.78723609228544,49.7042915215552,1.3596118243654129e-08,False,4.382477163744625e-05,-251.0560262756396,291.04293839263863,-251.05602593442583,291.0429384761756,0,7225344,0.0,5.329722964447517e-07,6.75823367774516e-07,8.201766133525331e-07,1.0991145224672583e-08,1.3436034714892518e-08,1.6760591854282655e-08
conv3,baseline,best_validation,12,positive,post_T_free,Layer_2,8,2,10,10.0,0,24,36,3612672,8.791349396798084e-08,2.4818859925949787e-06,2.4803284657112464e-06,-0.8164205546958917,20.536654183023657,20.520419647535796,-0.8164204667823977,20.536654267012988,20.52041973508928,1.2085152578780803e-07,False,0.00020885010634341672,-120.1200323257859,154.78291084658906,-120.12003166784213,154.78291166031127,2,3612672,5.536068594104309e-07,1.683390001925206e-06,2.3548921314372812e-06,3.2576073541896263e-06,8.406956554439842e-08,1.1237544269173034e-07,1.6212252293555632e-07
conv3,baseline,best_validation,12,positive,post_T_free,Layer_3,8,3,10,10.0,0,24,36,7225344,8.629591492243798e-08,4.499440465937152e-05,4.499432190472861e-05,-0.1978361080423668,1.4138493289948055,1.3999395699292563,-0.1978360217464519,1.413849567891604,1.3999398233948535,3.1824044993083436e-05,False,0.00625591914621304,-18.528442667754586,25.48232339076054,-18.52844011203987,25.4823023915798,11,7225344,1.5224188633786849e-06,3.141144925300442e-05,4.219058522927429e-05,6.0678981258446674e-05,2.1965322460045127e-05,3.098918175373772e-05,4.3694976169835854e-05
conv3,baseline,best_validation,12,positive,post_T_free,Layer_4,8,4,10,10.0,0,24,36,11520,1.461867591202082e-05,0.0020441691126457328,0.002044116839960334,-0.16419469188352812,0.3508556614634592,0.31006418422358095,-0.1641800732076161,0.3508808937224829,0.31010047588004463,0.005826239497231622,False,0.024902569723641216,-1.5155954155385423,1.1346491489122397,-1.5164935063542484,1.1334594715253605,0,0,,0.0014584517558951882,0.0019578567529729414,0.002754399158790912,0.00341590140687988,0.005931375179704218,0.008792160618537857
conv3,baseline,best_validation,12,positive,matched_zero_K,Layer_1,8,1,10,10.0,0,24,36,7225344,2.286403225265732e-09,4.579710000755032e-07,4.579652926483054e-07,-2.8726785518679683,49.78723608862901,49.704291517760524,-2.872678549581565,49.78723609228544,49.7042915215552,9.198562444001586e-09,False,4.399500135576773e-05,-251.05602604997097,291.0429384008281,-251.05602593442583,291.0429384761756,0,7225344,0.0,3.0751844298429236e-07,4.2696352711076453e-07,6.041616972255228e-07,6.371599364933118e-09,8.558187383300813e-09,1.2373915232402117e-08
conv3,baseline,best_validation,12,positive,matched_zero_K,Layer_2,8,2,10,10.0,0,24,36,3612672,1.9292348303377926e-08,2.4431403595789452e-06,2.443064187020161e-06,-0.816420486074746,20.536654257134572,20.520419724435488,-0.8164204667823977,20.536654267012988,20.52041973508928,1.1896486784015374e-07,False,0.0002088404545720901,-120.12003201811989,154.78291096966115,-120.12003166784213,154.78291166031127,1,3612672,2.7680342970521543e-07,1.6304080628093657e-06,2.312850297605382e-06,3.229076382507074e-06,8.142571169590354e-08,1.1108502871470198e-07,1.6070231091013448e-07
conv3,baseline,best_validation,12,positive,matched_zero_K,Layer_3,8,3,10,10.0,0,24,36,7225344,4.3942851796749155e-08,4.4992515906310015e-05,4.4992494447466856e-05,-0.19783606568930368,1.4138493920855133,1.3999396396320638,-0.1978360217464519,1.413849567891604,1.3999398233948535,3.1822707678887456e-05,False,0.006255874568625419,-18.528442573403648,25.482333351510096,-18.52844011203987,25.4823023915798,11,7225344,1.5224188633786849e-06,3.140956024928339e-05,4.2189113969506235e-05,6.0676609310271075e-05,2.1964008423290618e-05,3.0988022324637726e-05,4.369326325541944e-05
conv3,baseline,best_validation,12,positive,matched_zero_K,Layer_4,8,4,10,10.0,0,24,36,11520,1.4555996593486525e-05,0.002044167250455233,0.0020441154250180876,-0.1641946292042096,0.3508556550605812,0.31006421017021885,-0.1641800732076161,0.3508808937224829,0.31010047588004463,0.005826234295987826,False,0.024902506960362503,-1.5155954685800392,1.1346495732714557,-1.5164935063542484,1.1334594715253605,0,0,,0.0014584505084654486,0.001957852565147705,0.0027543967410795797,0.003415900834331277,0.0059313669546952885,0.008792150740060926
conv3,baseline,best_validation,12,positive_minus_negative,negative_phase,Layer_1,8,1,10,10.0,0,24,36,7225344,4.566443325086552e-09,9.159466789454934e-07,9.159352958952055e-07,-2.872678554148008,49.78723608497601,49.70429151396965,-2.872678549581565,49.78723609228544,49.7042915215552,1.839721886513586e-08,False,8.799000271508817e-05,-251.0560261655161,291.0429383254806,-251.05602593442583,291.0429384761756,0,7225344,0.0,6.1503187635349e-07,8.539270542857481e-07,1.2083372300948625e-06,1.274309469523846e-08,1.7116460902022105e-08,2.4748111388490222e-08
conv3,baseline,best_validation,12,positive_minus_negative,negative_phase,Layer_2,8,2,10,10.0,0,24,36,3612672,3.854199747984273e-08,4.886295440265472e-06,4.886143432605045e-06,-0.8164205053243953,20.536654247257868,20.520419713785106,-0.8164204667823977,20.536654267012988,20.52041973508928,2.3793045261585922e-07,False,0.00041768138482894956,-120.12003236839762,154.78291027901082,-120.12003166784213,154.78291166031127,4,3612672,1.1072137188208617e-06,3.260806577674649e-06,4.625700595225555e-06,6.458497968113631e-06,1.6285095112763843e-07,2.2217005730455962e-07,3.2142176704183536e-07
conv3,baseline,best_validation,12,positive_minus_negative,negative_phase,Layer_3,8,3,10,10.0,0,24,36,7225344,8.776775319024725e-08,8.998565067920163e-05,8.998560787693108e-05,-0.19783610951420505,1.4138492177165376,1.3999394573373338,-0.1978360217464519,1.413849567891604,1.3999398233948535,6.36458609246427e-05,False,0.012511749553586027,-18.52844503476742,25.482364311440406,-18.52844011203987,25.4823023915798,27,7225344,3.736846301020408e-06,6.281911973811264e-05,8.438021596821098e-05,0.00012135352780767323,4.392802090559857e-05,6.197762378032167e-05,8.738679301073148e-05
conv3,baseline,best_validation,12,positive_minus_negative,negative_phase,Layer_4,8,4,10,10.0,0,24,36,11520,2.911172560958118e-05,0.00408833540565876,0.004088231756712798,-0.1642091849332257,0.35084232501838436,0.31004141756847803,-0.1641800732076161,0.3508808937224829,0.31010047588004463,0.011652913899269505,False,0.04980501392072499,-1.5146974308058303,1.1358396750175503,-1.5164935063542484,1.1334594715253605,0,0,,0.0029169010164200914,0.00391570505541504,0.005508796026280471,0.006831734655482357,0.011868449716674095,0.01758539794033758
conv3,legacy,reconstructed_initialization,12,zero,post_T_free,Layer_1,8,1,0.001,2.44140625e-07,0,0,36,7225344,1.125914129864328e-10,2.8450971368048325e-10,2.612832771156032e-10,-0.004508255343779121,6.826719202544491,6.826717713954741,-0.004508255231187714,6.826719202548934,6.826717713959258,4.167590686525371e-11,False,2.173857094334153e-09,-81.45423929616199,102.12705649644636,-81.45423929588289,102.12705649728518,0,7225344,0.0,2.1195155004580942e-10,2.81407171208938e-10,3.589901097456838e-10,3.207357402219908e-11,4.129752075434946e-11,5.108208242051755e-11
conv3,legacy,reconstructed_initialization,12,zero,post_T_free,Layer_2,8,2,0.001,2.44140625e-07,0,0,36,3612672,2.5726202379418374e-10,6.564482815883647e-10,6.039375774975736e-10,-0.011079912710518421,0.4142620918369567,0.4141138928694115,-0.011079912453256395,0.4142620919781583,0.4141138930175468,1.58462068947097e-09,False,4.074794834885154e-09,-2.6710456360331944,4.898807527672691,-2.6710456362820207,4.898807529566503,0,3612672,0.0,4.861536457276805e-10,6.493936205422042e-10,8.298351605999976e-10,1.2274958151599914e-09,1.5777850601074877e-09,1.9253023171323914e-09
conv3,legacy,reconstructed_initialization,12,zero,post_T_free,Layer_3,8,3,0.001,2.44140625e-07,0,0,36,7225344,2.121962523350898e-09,5.568270361660925e-09,5.148097694298912e-09,0.026430216439572,0.37155325014267865,0.3706120091828452,0.026430218561534522,0.37155325304300035,0.3706120119392049,1.4986466568446586e-08,False,3.743441401304892e-08,-0.8816748089847616,2.884160379250374,-0.8816748041856042,2.884160411763588,0,7225344,0.0,4.133190254093755e-09,5.506053381406464e-09,7.046436840817202e-09,1.2235319616227824e-08,1.4827364835045732e-08,1.747468765264458e-08
conv3,legacy,reconstructed_initialization,12,zero,post_T_free,Layer_4,8,4,0.001,2.44140625e-07,0,0,36,11520,8.492695501501916e-09,1.4738350810693877e-08,1.2045460046749977e-08,0.10794394583250176,0.38403381408870724,0.368551319250969,0.10794395432519727,0.3840338279186475,0.3685513311744906,3.837774245392228e-08,False,4.233340145098907e-08,-0.7556857135714147,1.170007497354509,-0.7556857318406571,1.1700075388223714,0,0,,1.0931231336101232e-08,1.458467695488074e-08,1.867259323728508e-08,3.339852011523862e-08,3.90389475046339e-08,4.272512838281081e-08
conv3,legacy,reconstructed_initialization,12,negative,post_T_free,Layer_1,8,1,0.001,2.44140625e-07,0,0,36,7225344,5.233086112809482e-11,3.120762362909488e-09,3.1203235740426027e-09,-0.004508255343779121,6.826719202544491,6.826717713954741,-0.004508255291448259,6.826719202543652,6.826717713953937,4.571394062533436e-10,False,2.2627468010405494e-08,-81.45423929616199,102.12705649644636,-81.45423929384755,102.12705649973374,0,7225344,0.0,2.8292649331186935e-09,3.1405599456762357e-09,3.3806586004795436e-09,4.130673156903295e-10,4.5976190257584886e-10,5.033916443825579e-10
conv3,legacy,reconstructed_initialization,12,negative,post_T_free,Layer_2,8,2,0.001,2.44140625e-07,0,0,36,3612672,-4.3834571736834773e-10,5.817725808840281e-08,5.81756066725281e-08,-0.011079912710518421,0.4142620918369567,0.4141138928694115,-0.011079913148864137,0.41426209097701755,0.41411389199743637,1.4043587196315307e-07,False,3.860447826686819e-07,-2.6710456360331944,4.898807527672691,-2.671045650932751,4.8988073981094225,0,3612672,0.0,5.590037525370892e-08,5.835544121688208e-08,6.005130702550157e-08,1.2990804675982623e-07,1.4053496222251124e-07,1.498627667938663e-07
conv3,legacy,reconstructed_initialization,12,negative,post_T_free,Layer_3,8,3,0.001,2.44140625e-07,0,0,36,7225344,-1.245071437207365e-08,1.22510081270574e-05,1.2251001800217732e-05,0.026430216439572,0.37155325014267865,0.3706120091828452,0.02643020398885763,0.3715532368664215,0.37061199676079365,3.297241545418575e-05,False,4.442651920177898e-05,-0.8816748089847616,2.884160379250374,-0.8816753532237449,2.884179854943041,47,7225344,6.504880598072562e-06,1.2160674985496355e-05,1.2251051718211323e-05,1.2336083099119476e-05,2.9871714531341666e-05,3.319062044106364e-05,3.6625958208540064e-05
conv3,legacy,reconstructed_initialization,12,negative,post_T_free,Layer_4,8,4,0.001,2.44140625e-07,0,0,36,11520,-2.6218765007373355e-05,0.046013868730496336,0.04601386126075174,0.10794394583250176,0.38403381408870724,0.368551319250969,0.10791772706749438,0.3867478405184832,0.3713861283493177,0.11981723234368023,False,0.15502645590063335,-0.7556857135714147,1.170007497354509,-0.880467441682536,1.2812795552934124,0,0,,0.045608462033482976,0.04602595711171153,0.04635869904443158,0.09039758786149353,0.12097568472451983,0.1597247155694322
conv3,legacy,reconstructed_initialization,12,negative,matched_zero_K,Layer_1,8,1,0.001,2.44140625e-07,0,0,36,7225344,-6.026055185833797e-11,3.1104959528420428e-09,3.109912175373519e-09,-0.004508255231187714,6.826719202548934,6.826717713959258,-0.004508255291448259,6.826719202543652,6.826717713953937,4.556355491640344e-10,False,2.1541025074789388e-08,-81.45423929588289,102.12705649728518,-81.45423929384755,102.12705649973374,0,7225344,0.0,2.8270985212768524e-09,3.121537515268809e-09,3.342634593598644e-09,4.1667830967718876e-10,4.5133681444921796e-10,5.050737470382062e-10
conv3,legacy,reconstructed_initialization,12,negative,matched_zero_K,Layer_2,8,2,0.001,2.44140625e-07,0,0,36,3612672,-6.956077411625314e-10,5.8177162952469614e-08,5.817300421216561e-08,-0.011079912453256395,0.4142620919781583,0.4141138930175468,-0.011079913148864137,0.41426209097701755,0.41411389199743637,1.4043564226373138e-07,False,3.8640388244637336e-07,-2.6710456362820207,4.898807529566503,-2.671045650932751,4.8988073981094225,0,3612672,0.0,5.590178672592981e-08,5.837487326707578e-08,6.003512298372955e-08,1.298828966629942e-07,1.4051793127569168e-07,1.4989349622874604e-07
conv3,legacy,reconstructed_initialization,12,negative,matched_zero_K,Layer_3,8,3,0.001,2.44140625e-07,0,0,36,7225344,-1.4572676895424547e-08,1.2251009242517738e-05,1.225100057535478e-05,0.026430218561534522,0.37155325304300035,0.3706120119392049,0.02643020398885763,0.3715532368664215,0.37061199676079365,3.29724181989598e-05,False,4.441992044207366e-05,-0.8816748041856042,2.884160411763588,-0.8816753532237449,2.884179854943041,47,7225344,6.504880598072562e-06,1.2160692558915873e-05,1.2251062348086373e-05,1.23360772220869e-05,2.9871733887411852e-05,3.319068721860425e-05,3.662596217834022e-05
conv3,legacy,reconstructed_initialization,12,negative,matched_zero_K,Layer_4,8,4,0.001,2.44140625e-07,0,0,36,11520,-2.6227257702874846e-05,0.04601386872979762,0.0460138612552131,0.10794395432519727,0.3840338279186475,0.3685513311744906,0.10791772706749438,0.3867478405184832,0.3713861283493177,0.11981722802696707,False,0.15502645662447712,-0.7556857318406571,1.1700075388223714,-0.880467441682536,1.2812795552934124,0,0,,0.04560846202381927,0.04602595709801755,0.0463586990231358,0.0903975844001131,0.12097568085811299,0.15972470990879228
conv3,legacy,reconstructed_initialization,12,positive,post_T_free,Layer_1,8,1,0.001,2.44140625e-07,0,0,36,7225344,1.7272119935718962e-10,3.1258715593910925e-09,3.121096024332272e-09,-0.004508255343779121,6.826719202544491,6.826717713954741,-0.004508255171057916,6.826719202554219,6.826717713964584,4.5788781794716283e-10,False,2.080348870947546e-08,-81.45423929616199,102.12705649644636,-81.45423929791822,102.12705649483667,0,7225344,0.0,2.8415075075640903e-09,3.1463563146824914e-09,3.3586359489085454e-09,4.2148292792509457e-10,4.50637667295057e-10,5.065811120443079e-10
conv3,legacy,reconstructed_initialization,12,positive,post_T_free,Layer_2,8,2,0.001,2.44140625e-07,0,0,36,3612672,9.516139825331372e-10,5.8181819637131125e-08,5.8174036881721594e-08,-0.011079912710518421,0.4142620918369567,0.4141138928694115,-0.011079911758904437,0.41426209297937566,0.41411389403770044,1.4044688322587344e-07,False,3.8676298214079807e-07,-2.6710456360331944,4.898807527672691,-2.671045621631291,4.898807661023585,0,3612672,0.0,5.5914573758180946e-08,5.838921391198895e-08,6.002681738644071e-08,1.29861631696339e-07,1.40519515647579e-07,1.4991951665535384e-07
conv3,legacy,reconstructed_initialization,12,positive,post_T_free,Layer_3,8,3,0.001,2.44140625e-07,0,0,36,7225344,1.668887842039958e-08,1.2250986412665323e-05,1.2250975045466682e-05,0.026430216439572,0.37155325014267865,0.3706120091828452,0.026430233128450418,0.3715532696247899,0.37061202752426636,3.297235701197842e-05,False,4.44133216822018e-05,-0.8816748089847616,2.884160379250374,-0.8816742551474632,2.884140968710424,51,7225344,7.058487457482993e-06,1.2160834436816267e-05,1.2251065837568816e-05,1.2336114718124808e-05,2.9871582003561134e-05,3.319052303107297e-05,3.662581877920029e-05
conv3,legacy,reconstructed_initialization,12,positive,post_T_free,Layer_4,8,4,0.001,2.44140625e-07,0,0,36,11520,2.623571462756233e-05,0.046013868691348485,0.04601386121194284,0.10794394583250176,0.38403381408870724,0.368551319250969,0.10797018154712933,0.3868134203439993,0.37143917679063343,0.11981723224174168,False,0.15502645734832068,-0.7556857135714147,1.170007497354509,-0.8857525523095384,1.2901280184889616,0,0,,0.04560846191388932,0.04602595741406387,0.0463586988392012,0.09039758775441739,0.12097568464048293,0.15972471538049035
conv3,legacy,reconstructed_initialization,12,positive,matched_zero_K,Layer_1,8,1,0.001,2.44140625e-07,0,0,36,7225344,6.012978637075682e-11,3.1101484437792374e-09,3.109567132437153e-09,-0.004508255231187714,6.826719202548934,6.826717713959258,-0.004508255171057916,6.826719202554219,6.826717713964584,4.5558464490790564e-10,False,2.0939508904582738e-08,-81.45423929588289,102.12705649728518,-81.45423929791822,102.12705649483667,0,7225344,0.0,2.827436291060361e-09,3.1213918119653134e-09,3.3401284836863535e-09,4.166803910062029e-10,4.512693568107368e-10,5.050164061217808e-10
conv3,legacy,reconstructed_initialization,12,positive,matched_zero_K,Layer_2,8,2,0.001,2.44140625e-07,0,0,36,3612672,6.943519587389536e-10,5.817448070574395e-08,5.817033677692068e-08,-0.011079912453256395,0.4142620919781583,0.4141138930175468,-0.011079911758904437,0.41426209297937566,0.41411389403770044,1.4042916750589664e-07,False,3.8640388236310663e-07,-2.6710456362820207,4.898807529566503,-2.671045621631291,4.898807661023585,0,3612672,0.0,5.5903681300819374e-08,5.837154676151967e-08,6.003589097140008e-08,1.2984017030030773e-07,1.4052186119825051e-07,1.4987751891127014e-07
conv3,legacy,reconstructed_initialization,12,positive,matched_zero_K,Layer_3,8,3,0.001,2.44140625e-07,0,0,36,7225344,1.4566915897048681e-08,1.2250982762312647e-05,1.2250974101982374e-05,0.026430218561534522,0.37155325304300035,0.3706120119392049,0.026430233128450418,0.3715532696247899,0.37061202752426636,3.297234693002358e-05,False,4.4419920441907124e-05,-0.8816748041856042,2.884160411763588,-0.8816742551474632,2.884140968710424,51,7225344,7.058487457482993e-06,1.2160815167899137e-05,1.2251053535344826e-05,1.2336118013784146e-05,2.987155398677651e-05,3.3190450238507134e-05,3.662580991679494e-05
conv3,legacy,reconstructed_initialization,12,positive,matched_zero_K,Layer_4,8,4,0.001,2.44140625e-07,0,0,36,11520,2.62272219320608e-05,0.04601386869204245,0.0460138612174783,0.10794395432519727,0.3840338279186475,0.3685513311744906,0.10797018154712933,0.3868134203439993,0.37143917679063343,0.11981722792865497,False,0.15502645662447692,-0.7556857318406571,1.1700075388223714,-0.8857525523095384,1.2901280184889616,0,0,,0.04560846192354809,0.046025957427753686,0.046358698860491085,0.09039758429547508,0.12097568078876147,0.15972470970351518
conv3,legacy,reconstructed_initialization,12,positive_minus_negative,negative_phase,Layer_1,8,1,0.001,2.44140625e-07,0,0,36,7225344,1.203903382290948e-10,6.220625619384963e-09,6.219460528294206e-09,-0.004508255291448259,6.826719202543652,6.826717713953937,-0.004508255171057916,6.826719202554219,6.826717713964584,9.112174435220865e-10,False,4.2480533979372126e-08,-81.45423929384755,102.12705649973374,-81.45423929791822,102.12705649483667,0,7225344,0.0,5.654499133016813e-09,6.242508814720725e-09,6.682825517515271e-09,8.333525160396627e-10,9.02605233664988e-10,1.0100880056771032e-09
conv3,legacy,reconstructed_initialization,12,positive_minus_negative,negative_phase,Layer_2,8,2,0.001,2.44140625e-07,0,0,36,3612672,1.389959699901485e-09,1.1635134873407501e-07,1.1634304605033765e-07,-0.011079913148864137,0.41426209097701755,0.41411389199743637,-0.011079911758904437,0.41426209297937566,0.41411389403770044,2.8086409852194263e-07,False,7.7280776480948e-07,-2.671045650932751,4.8988073981094225,-2.671045621631291,4.898807661023585,0,3612672,0.0,1.118050524388282e-07,1.1674621640693866e-07,1.2007077502221245e-07,2.597218090541934e-07,2.810396553361106e-07,2.9977037193337675e-07
conv3,legacy,reconstructed_initialization,12,positive_minus_negative,negative_phase,Layer_3,8,3,0.001,2.44140625e-07,0,0,36,7225344,2.9139592792473226e-08,2.45019363219969e-05,2.450191899446496e-05,0.02643020398885763,0.3715532368664215,0.37061199676079365,0.026430233128450418,0.3715532696247899,0.37061202752426636,6.594461813504717e-05,False,8.883984088398078e-05,-0.8816753532237449,2.884179854943041,-0.8816742551474632,2.884140968710424,98,7225344,1.3563368055555555e-05,2.4321457863362086e-05,2.450209564404134e-05,2.467217364258507e-05,5.974327210467016e-05,6.638104647381588e-05,7.325132815612998e-05
conv3,legacy,reconstructed_initialization,12,positive_minus_negative,negative_phase,Layer_4,8,4,0.001,2.44140625e-07,0,0,36,11520,5.2454479634935565e-05,0.09202773742184,0.09202772247269134,0.10791772706749438,0.3867478405184832,0.3713861283493177,0.10797018154712933,0.3868134203439993,0.37143917679063343,0.23795281519468983,False,0.310052913248954,-0.880467441682536,1.2812795552934124,-0.8857525523095384,1.2901280184889616,0,0,,0.09121692394736734,0.09205191452577113,0.09271739788362685,0.18005577314078192,0.2401785492570835,0.31569918134142466
conv3,legacy,best_validation,12,zero,post_T_free,Layer_1,8,1,0.001,2.44140625e-07,0,27,36,7225344,1.5164347833994547e-15,1.4905956296546268e-14,1.4828619580468155e-14,-1.1918087609608385,24.851043594331664,24.82244870283087,-1.191808760960837,24.851043594331664,24.82244870283087,5.998120859578793e-16,False,2.7995383788947947e-12,-212.74690345729488,192.59281716522588,-212.74690345729488,192.59281716522588,0,7225344,0.0,2.6596424972869873e-15,4.221796507256754e-15,2.2562093708119896e-14,1.0382731639889578e-16,1.6848500777320873e-16,9.001688838675046e-16
conv3,legacy,best_validation,12,zero,post_T_free,Layer_2,8,2,0.001,2.44140625e-07,0,27,36,3612672,1.5844637989235025e-15,2.0342326231513033e-14,2.0280525411813277e-14,-0.07911287195966946,4.530963059654974,4.530272331929755,-0.07911287195966787,4.530963059654975,4.530272331929756,4.489625265905847e-15,False,3.739231146937527e-12,-56.17016178240903,54.97976090243298,-56.17016178240903,54.97976090243299,0,3612672,0.0,2.4528061884484e-15,4.4385646679709165e-15,2.9034681801081774e-14,5.371093973207118e-16,9.74724130533852e-16,6.39646394493489e-15
conv3,legacy,best_validation,12,zero,post_T_free,Layer_3,8,3,0.001,2.44140625e-07,0,27,36,7225344,1.2477861817732827e-14,2.2387866639449758e-13,2.2353066955350064e-13,-0.03500706034009531,0.4868148400944588,0.4855545224406199,-0.035007060340082836,0.48681484009448006,0.48555452244064207,4.598846377630095e-13,False,3.2098323998752676e-11,-9.600793196839353,9.032977417687752,-9.600793196839316,9.032977417687828,0,7225344,0.0,2.6289571866613386e-14,4.799682124133301e-14,3.2408005441547935e-13,5.440732316556001e-14,9.68595661908274e-14,6.555340025469524e-13
conv3,legacy,best_validation,12,zero,post_T_free,Layer_4,8,4,0.001,2.44140625e-07,0,27,36,11520,7.844619063390028e-14,4.653616904769152e-13,4.587021889402338e-13,-0.11732154321747591,0.39288266191358695,0.37495658619282285,-0.11732154321739749,0.39288266191368637,0.3749565861929516,1.1844800893231316e-12,False,1.6203927089009085e-11,-1.7140163927593104,2.2003202520390723,-1.7140163927593648,2.2003202520552763,0,0,,4.413255054941335e-14,8.473186303808837e-14,6.437822240164178e-13,1.1519393475438422e-13,2.3003976252277116e-13,1.4340052636008843e-12
conv3,legacy,best_validation,12,negative,post_T_free,Layer_1,8,1,0.001,2.44140625e-07,0,27,36,7225344,6.667923217233668e-13,2.4021958875899184e-10,2.4021866332893213e-10,-1.1918087609608385,24.851043594331664,24.82244870283087,-1.1918087609601717,24.851043594330644,24.822448702829877,9.666378309109888e-12,False,2.7325810947331775e-08,-212.74690345729488,192.59281716522588,-212.74690345724233,192.59281716501644,0,7225344,0.0,1.1656408049731612e-10,2.027912257279738e-10,4.1242190228004637e-10,4.8482743519914006e-12,8.246981771157611e-12,1.6755254388020418e-11
conv3,legacy,best_validation,12,negative,post_T_free,Layer_2,8,2,0.001,2.44140625e-07,0,27,36,3612672,1.3076447677302084e-11,6.468417954078286e-09,6.468404736498672e-09,-0.07911287195966946,4.530963059654974,4.530272331929755,-0.079112871946593,4.53096305960047,4.53027233187547,1.427603330443141e-09,False,7.63315886720406e-07,-56.17016178240903,54.97976090243298,-56.1701617700945,54.9797609035413,0,3612672,0.0,3.3533093342762438e-09,5.862481737372724e-09,9.599237993024833e-09,7.448377091759943e-10,1.3625227902345719e-09,2.1017836897291557e-09
conv3,legacy,best_validation,12,negative,post_T_free,Layer_3,8,3,0.001,2.44140625e-07,0,27,36,7225344,3.080473515793116e-10,8.633697763658754e-07,8.633697214107585e-07,-0.03500706034009531,0.4868148400944588,0.4855545224406199,-0.03500706003204796,0.48681483034140227,0.48555451268445743,1.773507513037918e-06,False,0.00016614844766249526,-9.600793196839353,9.032977417687752,-9.600810875130831,9.03297938324305,0,7225344,0.0,4.833827395124888e-07,7.706616953953146e-07,1.2859495368846708e-06,9.677079719977287e-07,1.6043492974711236e-06,2.6205990699113446e-06
conv3,legacy,best_validation,12,negative,post_T_free,Layer_4,8,4,0.001,2.44140625e-07,0,27,36,11520,1.8445710994081414e-05,0.00787401537149821,0.007873993765957403,-0.11732154321747591,0.39288266191358695,0.37495658619282285,-0.11730309750648185,0.3927779507104686,0.37485264021972703,0.02004164636114706,False,0.12346047607952837,-1.7140163927593104,2.2003202520390723,-1.7165819565811562,2.2354236614479057,0,0,,0.004792466959084217,0.0071184441052231165,0.011657848890108645,0.010833793721978069,0.017713608912168288,0.0332319129255237
conv3,legacy,best_validation,12,negative,matched_zero_K,Layer_1,8,1,0.001,2.44140625e-07,0,27,36,7225344,6.652758869399675e-13,2.4021865883143973e-10,2.4021773760230505e-10,-1.191808760960837,24.851043594331664,24.82244870283087,-1.1918087609601717,24.851043594330644,24.822448702829877,9.666340889049495e-12,False,2.732582515818649e-08,-212.74690345729488,192.59281716522588,-212.74690345724233,192.59281716501644,0,7225344,0.0,1.1656414295539333e-10,2.0279087882111134e-10,4.1242200344500126e-10,4.8482770723094145e-12,8.246986768645117e-12,1.6755258401263876e-11
conv3,legacy,best_validation,12,negative,matched_zero_K,Layer_2,8,2,0.001,2.44140625e-07,0,27,36,3612672,1.3074863213503159e-11,6.468417208222555e-09,6.468403993844357e-09,-0.07911287195966787,4.530963059654975,4.530272331929756,-0.079112871946593,4.53096305960047,4.53027233187547,1.4276031658300727e-09,False,7.633158870534729e-07,-56.17016178240903,54.97976090243299,-56.1701617700945,54.9797609035413,0,3612672,0.0,3.3533094179004313e-09,5.862483499588074e-09,9.599238078269957e-09,7.448377288266763e-10,1.3625232331739535e-09,2.101783696578864e-09
conv3,legacy,best_validation,12,negative,matched_zero_K,Layer_3,8,3,0.001,2.44140625e-07,0,27,36,7225344,3.0803487371749386e-10,8.633697751646484e-07,8.633697202139834e-07,-0.035007060340082836,0.48681484009448006,0.48555452244064207,-0.03500706003204796,0.48681483034140227,0.48555451268445743,1.7735075105703172e-06,False,0.00016614844761320136,-9.600793196839316,9.032977417687828,-9.600810875130831,9.03297938324305,0,7225344,0.0,4.833827394320452e-07,7.706616968740373e-07,1.28594953698564e-06,9.677079718475876e-07,1.6043492995798523e-06,2.6205990701108836e-06
conv3,legacy,best_validation,12,negative,matched_zero_K,Layer_4,8,4,0.001,2.44140625e-07,0,27,36,11520,1.8445710915635222e-05,0.007874015371494314,0.007873993765953689,-0.11732154321739749,0.39288266191368637,0.3749565861929516,-0.11730309750648185,0.3927779507104686,0.37485264021972703,0.020041646361132072,False,0.12346047607963329,-1.7140163927593648,2.2003202520552763,-1.7165819565811562,2.2354236614479057,0,0,,0.004792466959084131,0.0071184441052212,0.011657848890108237,0.010833793721940405,0.017713608912176753,0.033231912925519275
conv3,legacy,best_validation,12,positive,post_T_free,Layer_1,8,1,0.001,2.44140625e-07,0,27,36,7225344,-6.62857116550444e-13,2.402173237164993e-10,2.402164091688169e-10,-1.1918087609608385,24.851043594331664,24.82244870283087,-1.1918087609615011,24.851043594332683,24.82244870283186,9.666287164346331e-12,False,2.7325839369041205e-08,-212.74690345729488,192.59281716522588,-212.74690345734737,192.5928171654353,0,7225344,0.0,1.1656420249846575e-10,2.0279055155986266e-10,4.124221131471818e-10,4.848279676950952e-12,8.246992188115899e-12,1.67552627568498e-11
conv3,legacy,best_validation,12,positive,post_T_free,Layer_2,8,2,0.001,2.44140625e-07,0,27,36,3612672,-1.3057969848158424e-11,6.468409548129449e-09,6.468396367860868e-09,-0.07911287195966946,4.530963059654974,4.530272331929755,-0.07911287197272743,4.530963059709479,4.5302723319840394,1.4276014752197093e-09,False,7.633158859432498e-07,-56.17016178240903,54.97976090243298,-56.17016179472354,54.979760901324646,0,3612672,0.0,3.353309499703614e-09,5.862344473454183e-09,9.599238189105017e-09,7.448377479725565e-10,1.3624899888075791e-09,2.1017837033667013e-09
conv3,legacy,best_validation,12,positive,post_T_free,Layer_3,8,3,0.001,2.44140625e-07,0,27,36,7225344,-3.0764798247279235e-10,8.633703428589563e-07,8.633702880462766e-07,-0.03500706034009531,0.4868148400944588,0.4855545224406199,-0.035007060647743296,0.4868148498490854,0.4855545321983853,1.7735086767104978e-06,False,0.0001661484475741215,-9.600793196839353,9.032977417687752,-9.60077551854782,9.032975452132606,1,7225344,1.3840171485260771e-07,4.833827393352409e-07,7.706616983732425e-07,1.2859495370912632e-06,9.677079716652039e-07,1.6043493016945374e-06,2.6205990703200346e-06
conv3,legacy,best_validation,12,positive,post_T_free,Layer_4,8,4,0.001,2.44140625e-07,0,27,36,11520,-1.8445709369774252e-05,0.007874015372995428,0.007873993767458428,-0.11732154321747591,0.39288266191358695,0.37495658619282285,-0.1173399889268457,0.39314507975638396,0.3752257730157954,0.020041646364957914,False,0.1234604760797382,-1.7140163927593104,2.2003202520390723,-1.7114508289375727,2.1652168426626477,0,0,,0.004792466959084028,0.007118444105219253,0.01165784889010785,0.010833793721907209,0.01771360891218911,0.03323191292552144
conv3,legacy,best_validation,12,positive,matched_zero_K,Layer_1,8,1,0.001,2.44140625e-07,0,27,36,7225344,-6.643735513338433e-13,2.4021825272956143e-10,2.402173339961705e-10,-1.191808760960837,24.851043594331664,24.82244870283087,-1.1918087609615011,24.851043594332683,24.82244870283186,9.666324547607868e-12,False,2.732582515818649e-08,-212.74690345729488,192.59281716522588,-212.74690345734737,192.5928171654353,0,7225344,0.0,1.1656413991489642e-10,2.0279089841316534e-10,4.1242201194055043e-10,4.848276951406152e-12,8.246987189881781e-12,1.6755258741892803e-11
conv3,legacy,best_validation,12,positive,matched_zero_K,Layer_2,8,2,0.001,2.44140625e-07,0,27,36,3612672,-1.3059554311957346e-11,6.468410293919903e-09,6.468397110454037e-09,-0.07911287195966787,4.530963059654975,4.530272331929756,-0.07911287197272743,4.530963059709479,4.5302723319840394,1.4276016398183703e-09,False,7.633158856101829e-07,-56.17016178240903,54.97976090243299,-56.17016179472354,54.979760901324646,0,3612672,0.0,3.353309416073972e-09,5.862342711083375e-09,9.599238103857924e-09,7.448377283206636e-10,1.3624895458321686e-09,2.10178369650097e-09
conv3,legacy,best_validation,12,positive,matched_zero_K,Layer_3,8,3,0.001,2.44140625e-07,0,27,36,7225344,-3.076604603346101e-10,8.633703440601242e-07,8.633702892429982e-07,-0.035007060340082836,0.48681484009448006,0.48555452244064207,-0.035007060647743296,0.4868148498490854,0.4855545321983853,1.7735086791778224e-06,False,0.0001661484476234154,-9.600793196839316,9.032977417687828,-9.60077551854782,9.032975452132606,1,7225344,1.3840171485260771e-07,4.833827394156802e-07,7.706616968945167e-07,1.2859495369902918e-06,9.677079718153114e-07,1.6043492995857415e-06,2.620599070120368e-06
conv3,legacy,best_validation,12,positive,matched_zero_K,Layer_4,8,4,0.001,2.44140625e-07,0,27,36,11520,-1.844570944822044e-05,0.007874015372999324,0.00787399376746214,-0.11732154321739749,0.39288266191368637,0.3749565861929516,-0.1173399889268457,0.39314507975638396,0.3752257730157954,0.020041646364962758,False,0.12346047607963329,-1.7140163927593648,2.2003202520552763,-1.7114508289375727,2.1652168426626477,0,0,,0.004792466959084115,0.007118444105221168,0.011657848890108258,0.010833793721940446,0.017713608912176833,0.03323191292551934
conv3,legacy,best_validation,12,positive_minus_negative,negative_phase,Layer_1,8,1,0.001,2.44140625e-07,0,27,36,7225344,-1.3296494382738107e-12,4.804368984676792e-10,4.804350585059487e-10,-1.1918087609601717,24.851043594330644,24.822448702829877,-1.1918087609615011,24.851043594332683,24.82244870283186,1.933266490978604e-11,False,5.465165031637298e-08,-212.74690345724233,192.59281716501644,-212.74690345734737,192.5928171654353,0,7225344,0.0,2.331282828369521e-10,4.0558177721476586e-10,8.248440153755057e-10,9.696554022330929e-12,1.6493973957719305e-11,3.351051714275003e-11
conv3,legacy,best_validation,12,positive_minus_negative,negative_phase,Layer_2,8,2,0.001,2.44140625e-07,0,27,36,3612672,-2.6134417525460508e-11,1.2936826518155388e-08,1.2936800120318358e-08,-0.079112871946593,4.53096305960047,4.53027233187547,-0.07911287197272743,4.530963059709479,4.5302723319840394,2.85520458851327e-09,False,1.5266317726636558e-06,-56.1701617700945,54.9797609035413,-56.17016179472354,54.979760901324646,0,3612672,0.0,6.706618833970433e-09,1.1724806182959079e-08,1.9198476182126434e-08,1.489675457171006e-09,2.7250079853135353e-09,4.203567393098604e-09
conv3,legacy,best_validation,12,positive_minus_negative,negative_phase,Layer_3,8,3,0.001,2.44140625e-07,0,27,36,7225344,-6.156953340521041e-10,1.726739834139947e-06,1.7267397243721787e-06,-0.03500706003204796,0.48681483034140227,0.48555451268445743,-0.035007060647743296,0.4868148498490854,0.4855545321983853,3.5470156751982835e-06,False,0.00033229689523661676,-9.600810875130831,9.03297938324305,-9.60077551854782,9.032975452132606,1,7225344,1.3840171485260771e-07,9.667654788477255e-07,1.5413233937685537e-06,2.571899073975932e-06,1.9354159291494605e-06,3.2086987736170063e-06,5.241198133900464e-06
conv3,legacy,best_validation,12,positive_minus_negative,negative_phase,Layer_4,8,4,0.001,2.44140625e-07,0,27,36,11520,-3.6891420363855666e-05,0.01574803074449364,0.01574798753341583,-0.11730309750648185,0.3927779507104686,0.37485264021972703,-0.1173399889268457,0.39314507975638396,0.3752257730157954,0.040093978585122016,False,0.24692095215926657,-1.7165819565811562,2.2354236614479057,-1.7114508289375727,2.1652168426626477,0,0,,0.009584933918168247,0.014236888210442368,0.0233156977802165,0.02166774277438285,0.03544247036095871,0.06651735346666739
conv2,legacy,reconstructed_initialization,10,zero,post_T_free,Layer_1,6,1,0.03,0.0001171875,0,0,36,7225344,4.3726389608460985e-10,2.442617809074156e-09,2.4031608448847404e-09,-0.001080663425560971,1.8994431895686121,1.8994428821539078,-0.0010806629882970777,1.899443189681301,1.8994428822668454,1.285965183106585e-09,False,2.2691942991315273e-08,-22.58450632526572,28.467513663929438,-22.58450632299354,28.467513669824008,0,7225344,0.0,1.931786096005587e-09,2.381647095088631e-09,2.869098993216359e-09,1.0108715968456784e-09,1.2651641041823681e-09,1.5105031017844441e-09
conv2,legacy,reconstructed_initialization,10,zero,post_T_free,Layer_2,6,2,0.03,0.0001171875,0,0,36,3612672,9.640869524055618e-10,4.900777619737512e-09,4.805013800846094e-09,0.0038546988412958235,0.4082904895438046,0.40827229289870076,0.0038546998053827766,0.40829049153734376,0.40827229488322636,1.200316378961778e-08,False,3.8419085801599806e-08,-2.5745224859787452,4.194390624438021,-2.5745224851628175,4.194390635912418,0,3612672,0.0,3.815103376201932e-09,4.773746589129896e-09,5.7917873915350355e-09,9.593448136337364e-09,1.1697719042159314e-08,1.4081927530679363e-08
conv2,legacy,reconstructed_initialization,10,zero,post_T_free,Layer_3,6,3,0.03,0.0001171875,0,0,36,11520,2.092346228940246e-08,5.874250490066096e-08,5.488980422472037e-08,0.021965663414842372,0.19647331824561126,0.19524157962172684,0.02196568433830466,0.1964733732687011,0.19524163263795022,2.989846429285984e-07,False,1.7561066478766207e-07,-0.46873589981142916,0.6382686078903554,-0.46873604192806834,0.6382687476595824,0,0,,4.210551766876167e-08,5.698269513813489e-08,7.23648707421965e-08,2.652494011554304e-07,2.980739556641788e-07,3.3616706539384927e-07
conv2,legacy,reconstructed_initialization,10,negative,post_T_free,Layer_1,6,1,0.03,0.0001171875,0,0,36,7225344,1.5585252303281864e-09,9.050979893304245e-07,9.050966474852747e-07,-0.001080663425560971,1.8994431895686121,1.8994428821539078,-0.001080661867035746,1.8994431916152779,1.8994428842014603,4.7650700705399027e-07,False,8.300846662923078e-06,-22.58450632526572,28.467513663929438,-22.584503883295667,28.467515659368903,1,7225344,1.3840171485260771e-07,8.866341754204809e-07,9.044685548783386e-07,9.236899813733171e-07,4.44371371653503e-07,4.799477275308333e-07,5.038308011650494e-07
conv2,legacy,reconstructed_initialization,10,negative,post_T_free,Layer_2,6,2,0.03,0.0001171875,0,0,36,3612672,-3.1500473704369676e-08,6.56551452192066e-05,6.565513766245002e-05,0.0038546988412958235,0.4082904895438046,0.40827229289870076,0.0038546673408221196,0.40829073821679696,0.40827254188018647,0.00016080498297318924,False,0.00027055267369785474,-2.5745224859787452,4.194390624438021,-2.5744402844154135,4.194476053473942,203,3612672,5.619109623015873e-05,6.482326501618704e-05,6.564631351423434e-05,6.635479782916536e-05,0.0001503962642257393,0.00016178718189163694,0.0001718060254330132
conv2,legacy,reconstructed_initialization,10,negative,post_T_free,Layer_3,6,3,0.03,0.0001171875,0,0,36,11520,-0.00018304930852078456,0.12222667199469299,0.12222653492531366,0.021965663414842372,0.19647331824561126,0.19524157962172684,0.02178261410632159,0.23190573587671304,0.23088046269707377,0.6221031592793554,False,0.4357523408430532,-0.46873589981142916,0.6382686078903554,-0.8205890545357046,1.0136575435589321,0,0,,0.12092862449622638,0.12216742427188546,0.12389366426553855,0.48564299688944707,0.6347459830654356,0.8059515868816101
conv2,legacy,reconstructed_initialization,10,negative,matched_zero_K,Layer_1,6,1,0.03,0.0001171875,0,0,36,7225344,1.1212613342435762e-09,9.051381727317841e-07,9.051374782370097e-07,-0.0010806629882970777,1.899443189681301,1.8994428822668454,-0.001080661867035746,1.8994431916152779,1.8994428842014603,4.76528162384079e-07,False,8.310598905048039e-06,-22.58450632299354,28.467513669824008,-22.584503883295667,28.467515659368903,1,7225344,1.3840171485260771e-07,8.867166027498899e-07,9.045182025165666e-07,9.236727474119648e-07,4.4441107095392063e-07,4.799629642908054e-07,5.038253087531389e-07
conv2,legacy,reconstructed_initialization,10,negative,matched_zero_K,Layer_2,6,2,0.03,0.0001171875,0,0,36,3612672,-3.246456065677523e-08,6.565515453150059e-05,6.56551465051105e-05,0.0038546998053827766,0.40829049153734376,0.40827229488322636,0.0038546673408221196,0.40829073821679696,0.40827254188018647,0.00016080500499604584,False,0.0002705435049789595,-2.5745224851628175,4.194390635912418,-2.5744402844154135,4.194476053473942,203,3612672,5.619109623015873e-05,6.482327745244672e-05,6.56463410188809e-05,6.635481211883026e-05,0.00015039631119679583,0.00016178720021064853,0.00017180602548268195
conv2,legacy,reconstructed_initialization,10,negative,matched_zero_K,Layer_3,6,3,0.03,0.0001171875,0,0,36,11520,-0.00018307023198307394,0.12222667212609302,0.12222653502537657,0.02196568433830466,0.1964733732687011,0.19524163263795022,0.02178261410632159,0.23190573587671304,0.23088046269707377,0.6221029857258737,False,0.43575243684771187,-0.46873604192806834,0.6382687476595824,-0.8205890545357046,1.0136575435589321,0,0,,0.12092862461368242,0.12216742443443235,0.12389366441405086,0.48564286424729153,0.6347458054620195,0.8059513728245634
conv2,legacy,reconstructed_initialization,10,positive,post_T_free,Layer_1,6,1,0.03,0.0001171875,0,0,36,7225344,-6.222654380371855e-10,9.052579446440935e-07,9.052577307744869e-07,-0.001080663425560971,1.8994431895686121,1.8994428821539078,-0.00108066404782641,1.8994431877478692,1.8994428803328103,4.7659121874010306e-07,False,8.32034672693105e-06,-22.58450632526572,28.467513663929438,-22.58450876267768,28.46751168027911,1,7225344,1.3840171485260771e-07,8.868641389067529e-07,9.045745184166165e-07,9.237734111197793e-07,4.445596452110158e-07,4.799710064613586e-07,5.039471796908353e-07
conv2,legacy,reconstructed_initialization,10,positive,post_T_free,Layer_2,6,2,0.03,0.0001171875,0,0,36,3612672,3.4413741946651936e-08,6.565510037387903e-05,6.565509135473421e-05,0.0038546988412958235,0.4082904895438046,0.40827229289870076,0.0038547332550377704,0.40829025551285847,0.4082720585324052,0.0001608048731363728,False,0.00027053433626084145,-2.5745224859787452,4.194390624438021,-2.574604685948712,4.194305218350889,199,3612672,5.5083882511337866e-05,6.482474249374364e-05,6.564830408701516e-05,6.635618795703802e-05,0.00015039805834127378,0.00016178279784190595,0.000171806847629033
conv2,legacy,reconstructed_initialization,10,positive,post_T_free,Layer_3,6,3,0.03,0.0001171875,0,0,36,11520,0.00018309635565116818,0.12222667202347297,0.12222653488362573,0.021965663414842372,0.19647331824561126,0.19524157962172684,0.02214875977049354,0.23087230562527264,0.22980742795949452,0.6221031594258383,False,0.4357524338201881,-0.46873589981142916,0.6382686078903554,-0.8078777371909208,0.9422352196323174,0,0,,0.12092862306804317,0.12216742419964241,0.12389366763248336,0.48564300511739183,0.6347460137805723,0.8059515749327542
conv2,legacy,reconstructed_initialization,10,positive,matched_zero_K,Layer_1,6,1,0.03,0.0001171875,0,0,36,7225344,-1.0595293341217947e-09,9.05210813581626e-07,9.052101935035305e-07,-0.0010806629882970777,1.899443189681301,1.8994428822668454,-0.00108066404782641,1.8994431877478692,1.8994428803328103,4.7656640561779954e-07,False,8.310594484806089e-06,-22.58450632299354,28.467513669824008,-22.58450876267768,28.46751168027911,1,7225344,1.3840171485260771e-07,8.867784738403716e-07,9.045164452612955e-07,9.237806789456091e-07,4.4451469978130266e-07,4.799516632438607e-07,5.039495439005635e-07
conv2,legacy,reconstructed_initialization,10,positive,matched_zero_K,Layer_2,6,2,0.03,0.0001171875,0,0,36,3612672,3.344965499424637e-08,6.565509063816632e-05,6.565508211727723e-05,0.0038546998053827766,0.40829049153734376,0.40827229488322636,0.0038547332550377704,0.40829025551285847,0.4082720585324052,0.0001608048485061555,False,0.00027054350497973667,-2.5745224851628175,4.194390635912418,-2.574604685948712,4.194305218350889,199,3612672,5.5083882511337866e-05,6.482472972054418e-05,6.564827615037398e-05,6.63561736170451e-05,0.00015039800770388223,0.00016178277621235675,0.00017180684481382625
conv2,legacy,reconstructed_initialization,10,positive,matched_zero_K,Layer_3,6,3,0.03,0.0001171875,0,0,36,11520,0.0001830754321888787,0.12222667189204355,0.12222653478353789,0.02196568433830466,0.1964733732687011,0.19524163263795022,0.02214875977049354,0.23087230562527264,0.22980742795949452,0.6221029845346209,False,0.4357523378155294,-0.46873604192806834,0.6382687476595824,-0.8078777371909208,0.9422352196323174,0,0,,0.12092862295057216,0.1221674240370664,0.12389366748395338,0.48564287104995174,0.6347458348400313,0.8059513599111103
conv2,legacy,reconstructed_initialization,10,positive_minus_negative,negative_phase,Layer_1,6,1,0.03,0.0001171875,0,0,36,7225344,-2.1807906683653713e-09,1.8103156662434942e-06,1.8103143527019517e-06,-0.001080661867035746,1.8994431916152779,1.8994428842014603,-0.00108066404782641,1.8994431877478692,1.8994428803328103,9.530770250117403e-07,False,1.6621193389854128e-05,-22.584503883295667,28.467515659368903,-22.58450876267768,28.46751168027911,2,7225344,2.7680342970521543e-07,1.7734416917373517e-06,1.8089909529837684e-06,1.8473895961105512e-06,8.889082558306373e-07,9.599000810027733e-07,1.0077658330226397e-06
conv2,legacy,reconstructed_initialization,10,positive_minus_negative,negative_phase,Layer_2,6,2,0.03,0.0001171875,0,0,36,3612672,6.591421565102162e-08,0.00013130768922619494,0.00013130767268228907,0.0038546673408221196,0.40829073821679696,0.40827254188018647,0.0038547332550377704,0.40829025551285847,0.4082720585324052,0.00032160339908683476,False,0.0005410870099586962,-2.5744402844154135,4.194476053473942,-2.574604685948712,4.194305218350889,402,3612672,0.0001112749787414966,0.00012964456075680806,0.00013129231868648175,0.0001327082870798452,0.0003007880996663508,0.0003235618537435962,0.0003436094985280046
conv2,legacy,reconstructed_initialization,10,positive_minus_negative,negative_phase,Layer_3,6,3,0.03,0.0001171875,0,0,36,11520,0.00036614566417195253,0.24445334401812485,0.2444530698089028,0.02178261410632159,0.23190573587671304,0.23088046269707377,0.02214875977049354,0.23087230562527264,0.22980742795949452,1.0541065019111147,False,0.8715047746632413,-0.8205890545357046,1.0136575435589321,-0.8078777371909208,0.9422352196323174,0,0,,0.24185724756423604,0.2443348484714904,0.24778733189799196,0.8735785571442305,1.0692298040437174,1.251019901080897
conv3,baseline,reconstructed_initialization,16,zero,post_T_free,Layer_1,8,1,10,10.0,0,0,36,7225344,2.1048115392210172e-13,5.307292308730703e-13,4.872075536634681e-13,-0.00450825523139779,6.826719202548927,6.82671771395925,-0.004508255231187308,6.826719202548934,6.826717713959258,7.77429413934162e-14,False,4.063860359337923e-12,-81.45423929588338,102.12705649728372,-81.45423929588289,102.12705649728521,0,7225344,0.0,3.8985510633561755e-13,5.24127199749535e-13,6.676306547892905e-13,5.912387409161845e-14,7.681338051431335e-14,9.442806217279249e-14
conv3,baseline,reconstructed_initialization,16,zero,post_T_free,Layer_2,8,2,10,10.0,0,0,36,3612672,1.208098223856686e-13,3.0696749344131196e-13,2.8219501917075907e-13,-0.002769978113434683,0.10356552299447595,0.10352847325431984,-0.002769978113313873,0.10356552299453968,0.10352847325438683,2.963993079605123e-12,False,1.891514722629495e-12,-0.6677614090703836,1.2247018823907942,-0.6677614090705055,1.2247018823916276,0,3612672,0.0,2.252492848600371e-13,3.028673694540945e-13,3.8681458128547e-13,2.2763963022895444e-12,2.948537312163101e-12,3.5677258184068877e-12
conv3,baseline,reconstructed_initialization,16,zero,post_T_free,Layer_3,8,3,10,10.0,0,0,36,7225344,2.494573320096518e-13,6.513663398210741e-13,6.017052003751749e-13,0.001651888659846918,0.02322207831485842,0.02316325074588813,0.0016518886600963751,0.02322207831518813,0.023163250746200886,2.804944204344982e-11,False,4.343372883575114e-12,-0.05510467526221085,0.18026002573150918,-0.055104675261599095,0.18026002573523084,0,7225344,0.0,4.782930714815588e-13,6.434666134769822e-13,8.217702954043735e-13,2.2546090553695823e-11,2.7609004044782763e-11,3.2512406330119006e-11
conv3,baseline,reconstructed_initialization,16,zero,post_T_free,Layer_4,8,4,10,10.0,0,0,36,11520,2.4956268337077606e-13,4.3228763273837824e-13,3.5297459467690973e-13,0.001686624286082112,0.006000528560825694,0.005758614549254262,0.0016866242863316748,0.006000528561229621,0.005758614549602065,7.204159239580287e-11,False,1.2519464631655097e-12,-0.011807589559502016,0.018281367792892817,-0.01180758956001118,0.018281367794101826,0,0,,3.171191198653451e-13,4.269230902479196e-13,5.457222621015903e-13,6.218992762728458e-11,7.33801955444846e-11,7.939999611570617e-11
conv3,baseline,reconstructed_initialization,16,negative,post_T_free,Layer_1,8,1,10,10.0,0,0,36,7225344,-1.1318158613667252e-08,4.869959973090294e-07,4.868644582228323e-07,-0.00450825523139779,6.826719202548927,6.82671771395925,-0.004508266549556409,6.82671920060069,6.82671771200354,7.133675530805446e-08,False,3.2770309225105265e-06,-81.45423929588338,102.12705649728372,-81.4542390911751,102.12705684585197,0,7225344,0.0,4.457433074179501e-07,4.880143382742385e-07,5.221393408997073e-07,6.552480528738767e-08,7.055592672165599e-08,7.941990701674078e-08
conv3,baseline,reconstructed_initialization,16,negative,post_T_free,Layer_2,8,2,10,10.0,0,0,36,3612672,-3.21953247408249e-08,2.27932010907307e-06,2.2790927187566774e-06,-0.002769978113434683,0.10356552299447595,0.10352847325431984,-0.0027700103087594232,0.10356545300019777,0.10352840237357834,2.200848354905373e-05,False,1.548105439040659e-05,-0.6677614090703836,1.2247018823907942,-0.6677617371527497,1.2246967649840348,22,3612672,6.0896754535147395e-06,2.2025376308905696e-06,2.283064533341026e-06,2.346343512539711e-06,2.0350499896593602e-05,2.2059230440846184e-05,2.3579624660003003e-05
conv3,baseline,reconstructed_initialization,16,negative,post_T_free,Layer_3,8,3,10,10.0,0,0,36,7225344,-1.60763419201071e-07,0.00012006313916787309,0.0001200630315374683,0.001651888659846918,0.02322207831485842,0.02316325074588813,0.0016517278964277167,0.023222062079112527,0.023163245933208898,0.0051702150660241225,False,0.0004139813362385586,-0.05510467526221085,0.18026002573150918,-0.055108409921818445,0.1804298473794238,8313,7225344,0.0011505334555697278,0.00011965738444700142,0.00012004104262536688,0.00012052991550543337,0.00470240693635436,0.005203239907041437,0.005742219594737817
conv3,baseline,reconstructed_initialization,16,negative,post_T_free,Layer_4,8,4,10,10.0,0,0,36,11520,-4.92839830273205e-05,0.11277350176931361,0.11277349100033393,0.001686624286082112,0.006000528560825694,0.005758614549254262,0.001637340303054792,0.11292319631424635,0.11291132530688767,18.793928005868132,False,0.3663132620649268,-0.011807589559502016,0.018281367792892817,-0.3712437077421957,0.3834677359640165,0,0,,0.11244777641301287,0.1127632779020744,0.11309961599730384,14.128382972179457,18.94782252267479,25.220063168434137
conv3,baseline,reconstructed_initialization,16,negative,matched_zero_K,Layer_1,8,1,10,10.0,0,0,36,7225344,-1.1318369094821174e-08,4.869960061899711e-07,4.868644622130638e-07,-0.004508255231187308,6.826719202548934,6.826717713959258,-0.004508266549556409,6.82671920060069,6.82671771200354,7.133675660896356e-08,False,3.2770314084551444e-06,-81.45423929588289,102.12705649728521,-81.4542390911751,102.12705684585197,0,7225344,0.0,4.4574331494575096e-07,4.880143363792913e-07,5.221393044506996e-07,6.552481763111989e-08,7.055591476657785e-08,7.941991244147003e-08
conv3,baseline,reconstructed_initialization,16,negative,matched_zero_K,Layer_2,8,2,10,10.0,0,0,36,3612672,-3.219544555064728e-08,2.2793201121896727e-06,2.279092720166983e-06,-0.002769978113313873,0.10356552299453968,0.10352847325438683,-0.0027700103087594232,0.10356545300019777,0.10352840237357834,2.2008483579133246e-05,False,1.5481054796651073e-05,-0.6677614090705055,1.2247018823916276,-0.6677617371527497,1.2246967649840348,22,3612672,6.0896754535147395e-06,2.202537643539299e-06,2.28306454940738e-06,2.346343516197426e-06,2.0350500025582348e-05,2.205923049042373e-05,2.3579624866234133e-05
conv3,baseline,reconstructed_initialization,16,negative,matched_zero_K,Layer_3,8,3,10,10.0,0,0,36,7225344,-1.60763668658403e-07,0.00012006313916829868,0.00012006303153755987,0.0016518886600963751,0.02322207831518813,0.023163250746200886,0.0016517278964277167,0.023222062079112527,0.023163245933208898,0.0051702150659690424,False,0.0004139813365344261,-0.055104675261599095,0.18026002573523084,-0.055108409921818445,0.1804298473794238,8313,7225344,0.0011505334555697278,0.0001196573844454089,0.00012004104262606182,0.00012052991550384614,0.004702406936328186,0.005203239907049968,0.005742219594694209
conv3,baseline,reconstructed_initialization,16,negative,matched_zero_K,Layer_4,8,4,10,10.0,0,0,36,11520,-4.9283983276883244e-05,0.11277350176931357,0.11277349100033376,0.0016866242863316748,0.006000528561229621,0.005758614549602065,0.001637340303054792,0.11292319631424635,0.11291132530688767,18.793928004603007,False,0.3663132620642915,-0.01180758956001118,0.018281367794101826,-0.3712437077421957,0.3834677359640165,0,0,,0.11244777641301257,0.11276327790207463,0.11309961599730345,14.128382971172995,18.947822521555892,25.220063166756276
conv3,baseline,reconstructed_initialization,16,positive,post_T_free,Layer_1,8,1,10,10.0,0,0,36,7225344,1.1042274587097457e-08,4.86923275909377e-07,4.867980534002394e-07,-0.00450825523139779,6.826719202548927,6.82671771395925,-0.004508244189123206,6.826719204519291,6.826717715936908,7.13261028412553e-08,False,3.2189598889731386e-06,-81.45423929588338,102.12705649728372,-81.4542396143623,102.12705614751043,0,7225344,0.0,4.4452006298000936e-07,4.883570851199402e-07,5.230658686356137e-07,6.556119638416597e-08,7.051333747002742e-08,7.93342038152071e-08
conv3,baseline,reconstructed_initialization,16,positive,post_T_free,Layer_2,8,2,10,10.0,0,0,36,3612672,3.156801327154854e-08,2.279193160600279e-06,2.278974533395487e-06,-0.002769978113434683,0.10356552299447595,0.10352847325431984,-0.002769946545421411,0.10356559316733273,0.10352854429690869,2.2007257769768114e-05,False,1.547614902037281e-05,-0.6677614090703836,1.2247018823907942,-0.6677607284424424,1.2247070000133626,30,3612672,8.304102891156463e-06,2.203997785190646e-06,2.2823303536110856e-06,2.3489074184430576e-06,2.037857470940652e-05,2.2043753759873276e-05,2.3565275150614192e-05
conv3,baseline,reconstructed_initialization,16,positive,post_T_free,Layer_3,8,3,10,10.0,0,0,36,7225344,1.5851996326874687e-07,0.0001200620980420771,0.00012006199339377379,0.001651888659846918,0.02322207831485842,0.02316325074588813,0.0016520471798101865,0.02322271569137674,0.023163878436008867,0.005170170232578044,False,0.0004141237819899039,-0.05510467526221085,0.18026002573150918,-0.055100903100112696,0.18009019542585467,8286,7225344,0.0011467966092687076,0.00011963340820959143,0.00012005884393650855,0.00012054140860390886,0.004703457750123735,0.005203122535768654,0.005741895970734992
conv3,baseline,reconstructed_initialization,16,positive,post_T_free,Layer_4,8,4,10,10.0,0,0,36,11520,4.9282305830839366e-05,0.1127735014607625,0.11277349069251573,0.001686624286082112,0.006000528560825694,0.005758614549254262,0.0017359065919129513,0.11294286050586426,0.1129295194692303,18.793927954447476,False,0.3663131759292497,-0.011807589559502016,0.018281367792892817,-0.37722423192692955,0.38133059228769645,0,0,,0.11244776930451247,0.11276328081494247,0.11309961487027376,14.128384029473246,18.9478219673367,25.22006210008239
conv3,baseline,reconstructed_initialization,16,positive,matched_zero_K,Layer_1,8,1,10,10.0,0,0,36,7225344,1.1042064105943535e-08,4.869232671878411e-07,4.867980494508599e-07,-0.004508255231187308,6.826719202548934,6.826717713959258,-0.004508244189123206,6.826719204519291,6.826717715936908,7.132610156369629e-08,False,3.2189594030285207e-06,-81.45423929588289,102.12705649728521,-81.4542396143623,102.12705614751043,0,7225344,0.0,4.445200473697459e-07,4.8835706492321e-07,5.230658635454385e-07,6.556118423065559e-08,7.051334447486226e-08,7.93342050399941e-08
conv3,baseline,reconstructed_initialization,16,positive,matched_zero_K,Layer_2,8,2,10,10.0,0,0,36,3612672,3.1567892461726163e-08,2.279193157545015e-06,2.2789745320133662e-06,-0.002769978113313873,0.10356552299453968,0.10352847325438683,-0.002769946545421411,0.10356559316733273,0.10352854429690869,2.200725774025379e-05,False,1.5476148614128327e-05,-0.6677614090705055,1.2247018823916276,-0.6677607284424424,1.2247070000133626,30,3612672,8.304102891156463e-06,2.2039977703678373e-06,2.2823303378065236e-06,2.3489074222787294e-06,2.0378574564993585e-05,2.204375372125441e-05,2.3565274949647958e-05
conv3,baseline,reconstructed_initialization,16,positive,matched_zero_K,Layer_3,8,3,10,10.0,0,0,36,7225344,1.5851971381141488e-07,0.00012006209804166158,0.00012006199339368762,0.0016518886600963751,0.02322207831518813,0.023163250746200886,0.0016520471798101865,0.02322271569137674,0.023163878436008867,0.005170170232486744,False,0.000414123781751149,-0.055104675261599095,0.18026002573523084,-0.055100903100112696,0.18009019542585467,8286,7225344,0.0011467966092687076,0.00011963340820909032,0.00012005884393604296,0.00012054140860552242,0.0047034577499994006,0.005203122535633277,0.005741895970665349
conv3,baseline,reconstructed_initialization,16,positive,matched_zero_K,Layer_4,8,4,10,10.0,0,0,36,11520,4.928230558127668e-05,0.11277350146076252,0.11277349069251587,0.0016866242863316748,0.006000528561229621,0.005758614549602065,0.0017359065919129513,0.11294286050586426,0.1129295194692303,18.793927953182365,False,0.36631317592988505,-0.01180758956001118,0.018281367794101826,-0.37722423192692955,0.38133059228769645,0,0,,0.11244776930451279,0.11276328081494225,0.11309961487027416,14.128384028466792,18.947821966217845,25.22006209840451
conv3,baseline,reconstructed_initialization,16,positive_minus_negative,negative_phase,Layer_1,8,1,10,10.0,0,0,36,7225344,2.2360433200764707e-08,9.734102930057681e-07,9.731534357729256e-07,-0.004508266549556409,6.82671920060069,6.82671771200354,-0.004508244189123206,6.826719204519291,6.826717715936908,1.4258830111543432e-07,False,6.495990811483665e-06,-81.4542390911751,102.12705684585197,-81.4542396143623,102.12705614751043,0,7225344,0.0,8.890149886328195e-07,9.75484625813156e-07,1.0435543625436178e-06,1.3099572168024227e-07,1.408862872082832e-07,1.5868908803941422e-07
conv3,baseline,reconstructed_initialization,16,positive_minus_negative,negative_phase,Layer_2,8,2,10,10.0,0,0,36,3612672,6.376333801237344e-08,4.556403423329427e-06,4.555957242210865e-06,-0.0027700103087594232,0.10356545300019777,0.10352840237357834,-0.002769946545421411,0.10356559316733273,0.10352854429690869,4.39953989610872e-05,False,3.09572034107794e-05,-0.6677617371527497,1.2246967649840348,-0.6677607284424424,1.2247070000133626,52,3612672,1.4393778344671202e-05,4.404463592135812e-06,4.563149646655468e-06,4.69380219339033e-06,4.0712568309754785e-05,4.408469366916699e-05,4.712789856611607e-05
conv3,baseline,reconstructed_initialization,16,positive_minus_negative,negative_phase,Layer_3,8,3,10,10.0,0,0,36,7225344,3.192833824698178e-07,0.00024002536513822545,0.00024002515278166188,0.0016517278964277167,0.023222062079112527,0.023163245933208898,0.0016520471798101865,0.02322271569137674,0.023163878436008867,0.01033609178721989,False,0.0008279604523861762,-0.055108409921818445,0.1804298473794238,-0.055100903100112696,0.18009019542585467,16599,7225344,0.002297330064838435,0.00023919616918977155,0.00023999454609900976,0.00024098744207035123,0.009402679258811346,0.010402002779699982,0.011477873712729434
conv3,baseline,reconstructed_initialization,16,positive_minus_negative,negative_phase,Layer_4,8,4,10,10.0,0,0,36,11520,9.856628885815998e-05,0.2255470032300462,0.22554698169281978,0.001637340303054792,0.11292319631424635,0.11291132530688767,0.0017359065919129513,0.11294286050586426,0.1129295194692303,1.9973487342882736,False,0.7326264379941765,-0.3712437077421957,0.3834677359640165,-0.37722423192692955,0.38133059228769645,0,0,,0.22489554571749606,0.22552655871698962,0.22619923086754457,1.9951052670796732,1.9973627185612899,1.998927360967181
conv3,baseline,best_validation,16,zero,post_T_free,Layer_1,8,1,10,10.0,0,24,36,7225344,2.931095345999472e-10,2.688835512465602e-09,2.672811855298229e-09,-2.87267855215945,49.787236088376666,49.704291517490915,-2.8726785518663407,49.78723608863016,49.70429151776177,5.400652303117782e-11,False,2.630300759420834e-07,-251.05602605148056,291.04293840082056,-251.05602604996113,291.0429384008281,0,7225344,0.0,1.9472870420878405e-09,2.627437914989811e-09,3.44925872121776e-09,3.9039487148230064e-11,5.2752059105861565e-11,7.124086102788159e-11
conv3,baseline,best_validation,16,zero,post_T_free,Layer_2,8,2,10,10.0,0,24,36,3612672,3.6918623131387844e-10,2.2870277395195966e-09,2.257032877018049e-09,-0.8164204864419387,20.53665425681473,20.520419724100783,-0.8164204860727523,20.536654257136117,20.520419724437115,1.1136320994256825e-10,False,1.901514701252438e-07,-120.1200320201575,154.78291096900261,-120.12003201810666,154.7829109696655,0,3612672,0.0,1.6351781938631127e-09,2.2229467603496597e-09,3.028150729834169e-09,7.933955641339999e-11,1.0819051907751472e-10,1.5339545081540666e-10
conv3,baseline,best_validation,16,zero,post_T_free,Layer_3,8,3,10,10.0,0,24,36,7225344,2.218866218928357e-10,1.2899089280273382e-09,1.270681458757317e-09,-0.1978360659100364,1.4138493918241881,1.3999396393369488,-0.19783606568814976,1.413849392086713,1.3999396396334387,9.123382840396186e-10,False,1.734096075622915e-07,-18.5284425738692,25.48233330624668,-18.52844257340146,25.482333351717543,0,7225344,0.0,9.420079310727875e-10,1.2585439641658387e-09,1.5990906858498571e-09,6.632442898749628e-10,8.950822644286892e-10,1.1263986780736044e-09
conv3,baseline,best_validation,16,zero,post_T_free,Layer_4,8,4,10,10.0,0,24,36,11520,3.075633642599149e-10,3.8547800729279184e-10,2.3237485034216713e-10,-0.16419462951025465,0.3508556551145632,0.31006421006923635,-0.16419462920269132,0.3508556550602575,0.3100642101706566,1.098679760960169e-09,False,2.6868903768573205e-09,-1.5155954684891153,1.134649571139382,-1.5155954685801662,1.1346495732824624,0,0,,3.0080611094169204e-10,3.7553839684870846e-10,4.747710910629537e-10,7.540443281048728e-10,1.1041134892198515e-09,1.6860321262408926e-09
conv3,baseline,best_validation,16,negative,post_T_free,Layer_1,8,1,10,10.0,0,24,36,7225344,-1.986919797063901e-09,4.579319580593411e-07,4.579276475184504e-07,-2.87267855215945,49.787236088376666,49.704291517490915,-2.87267855414637,49.787236084977174,49.704291513970915,9.197778266832729e-09,False,4.3995499812155e-05,-251.05602605148056,291.04293840082056,-251.0560261655057,291.04293832548063,0,7225344,0.0,3.075605212258156e-07,4.269437409411471e-07,6.040987767753064e-07,6.3724485644653745e-09,8.558794026930112e-09,1.2372620366276468e-08
conv3,baseline,best_validation,16,negative,post_T_free,Layer_2,8,2,10,10.0,0,24,36,3612672,-1.8880399194418462e-08,2.443134268537969e-06,2.443061314136593e-06,-0.8164204864419387,20.53665425681473,20.520419724100783,-0.8164205053223378,20.536654247259445,20.52041971378677,1.1896457124836961e-07,False,0.00020884086202138663,-120.1200320201575,154.78291096900261,-120.1200323683807,154.78291027901577,3,3612672,8.304102891156462e-07,1.6303980221128114e-06,2.3128018282141134e-06,3.229394571297703e-06,8.142519687852527e-08,1.1108776087726907e-07,1.6071810763302776e-07
conv3,baseline,best_validation,16,negative,post_T_free,Layer_3,8,3,10,10.0,0,24,36,7225344,-4.3602871384717566e-08,4.499349770769657e-05,4.499347658007885e-05,-0.1978360659100364,1.4138493918241881,1.3999396393369488,-0.19783610951290778,1.4138492177183621,1.39993945733936,3.182340210200515e-05,False,0.006255874501505554,-18.5284425738692,25.48233330624668,-18.52844503475293,25.482364311664924,16,7225344,2.2144274376417234e-06,3.1409555968385686e-05,4.21927701553198e-05,6.0677454750445805e-05,2.1964005499550548e-05,3.0990812260282126e-05,4.369386852227346e-05
conv3,baseline,best_validation,16,negative,post_T_free,Layer_4,8,4,10,10.0,0,24,36,11520,-1.455541682424718e-05,0.0020441681040008083,0.002044116282713714,-0.16419462951025465,0.3508556551145632,0.31006421006923635,-0.16420918492707892,0.3508423250877088,0.31004141765018095,0.005826236727845631,False,0.02490250677707026,-1.5155954684891153,1.134649571139382,-1.5146974317390758,1.1358396828476087,0,0,,0.0014584504700229013,0.0019578523658692164,0.0027543992128172003,0.00341590085224142,0.005931382594658132,0.008792148742267586
conv3,baseline,best_validation,16,negative,matched_zero_K,Layer_1,8,1,10,10.0,0,24,36,7225344,-2.280029331663848e-09,4.579764979283668e-07,4.579708223467715e-07,-2.8726785518663407,49.78723608863016,49.70429151776177,-2.87267855414637,49.787236084977174,49.704291513970915,9.198672870956061e-09,False,4.399500266316636e-05,-251.05602604996113,291.0429384008281,-251.0560261655057,291.04293832548063,0,7225344,0.0,3.075135841423148e-07,4.269635179050816e-07,6.041768614416469e-07,6.371498463969033e-09,8.558326572868242e-09,1.2374223321249521e-08
conv3,baseline,best_validation,16,negative,matched_zero_K,Layer_2,8,2,10,10.0,0,24,36,3612672,-1.9249585425732342e-08,2.443161212303281e-06,2.443085377706677e-06,-0.8164204860727523,20.536654257136117,20.520419724437115,-0.8164205053223378,20.536654247259445,20.52041971378677,1.1896588323067893e-07,False,0.00020884092899747797,-120.12003201810666,154.7829109696655,-120.1200323683807,154.78291027901577,3,3612672,8.304102891156462e-07,1.6304002937067044e-06,2.312850301002677e-06,3.2294350570907045e-06,8.142532731764559e-08,1.1108503660860634e-07,1.60720125273368e-07
conv3,baseline,best_validation,16,negative,matched_zero_K,Layer_3,8,3,10,10.0,0,24,36,7225344,-4.3824758006610397e-08,4.499350357847976e-05,4.4993482235288886e-05,-0.19783606568814976,1.413849392086713,1.3999396396334387,-0.19783610951290778,1.4138492177183621,1.39993945733936,3.182340624843601e-05,False,0.006255874949682605,-18.52844257340146,25.482333351717543,-18.52844503475293,25.482364311664924,16,7225344,2.2144274376417234e-06,3.140955900199635e-05,4.219277181975461e-05,6.067746338421893e-05,2.1964007539381878e-05,3.099081388094462e-05,4.369387475106498e-05
conv3,baseline,best_validation,16,negative,matched_zero_K,Layer_4,8,4,10,10.0,0,24,36,11520,-1.4555724387611437e-05,0.0020441681128777664,0.002044116289400826,-0.16419462920269132,0.3508556550602575,0.3100642101706566,-0.16420918492707892,0.3508423250877088,0.31004141765018095,0.005826236754048305,False,0.02490250703082028,-1.5155954685801662,1.1346495732824624,-1.5146974317390758,1.1358396828476087,0,0,,0.0014584504747433538,0.001957852385324721,0.0027543992241016503,0.0034159008450685073,0.0059313826392402525,0.0087921487925804
conv3,baseline,best_validation,16,positive,post_T_free,Layer_1,8,1,10,10.0,0,24,36,7225344,2.579501992873843e-09,4.580313242538579e-07,4.5802406068591143e-07,-2.87267855215945,49.787236088376666,49.704291517490915,-2.8726785495799483,49.787236092286584,49.704291521556435,9.199774083478193e-09,False,4.399450550707229e-05,-251.05602605148056,291.04293840082056,-251.05602593441654,291.0429384761756,0,7225344,0.0,3.0749814487935955e-07,4.270014829456045e-07,6.042477383715947e-07,6.37119883857462e-09,8.558124493594725e-09,1.2375681192358251e-08
conv3,baseline,best_validation,16,positive,post_T_free,Layer_2,8,2,10,10.0,0,24,36,3612672,1.966147081189392e-08,2.4431693758174026e-06,2.4430902614306964e-06,-0.8164204864419387,20.53665425681473,20.520419724100783,-0.8164204667804678,20.536654267014498,20.52041973509087,1.1896628074198985e-07,False,0.000208840520289022,-120.1200320201575,154.78291096900261,-120.12003166783255,154.78291166031514,1,3612672,2.7680342970521543e-07,1.6304141546502308e-06,2.3129011584623848e-06,3.229117817405731e-06,8.142603244323316e-08,1.1108241324113348e-07,1.6070437578221845e-07
conv3,baseline,best_validation,16,positive,post_T_free,Layer_3,8,3,10,10.0,0,24,36,7225344,4.4164595064421314e-08,4.4992520704445625e-05,4.4992499028488195e-05,-0.1978360659100364,1.4138493918241881,1.3999396393369488,-0.19783602174544132,1.4138495678921792,1.399939823395577,3.182271107843744e-05,False,0.006255874981522913,-18.5284425738692,25.48233330624668,-18.52844011204999,25.482302391770048,11,7225344,1.5224188633786849e-06,3.14095628510887e-05,4.2189115621788143e-05,6.0676616540724215e-05,2.196401016722542e-05,3.0988023886914374e-05,4.369326848704777e-05
conv3,baseline,best_validation,16,positive,post_T_free,Layer_4,8,4,10,10.0,0,24,36,11520,1.4556299528501382e-05,0.0020441672169585626,0.0020441153893633675,-0.16419462951025465,0.3508556551145632,0.31006421006923635,-0.16418007321072617,0.35088089365202485,0.3101004757986743,0.005826234199620042,False,0.02490250728457008,-1.5155954684891153,1.134649571139382,-1.5164935054212558,1.133459463717315,0,0,,0.0014584504799747412,0.0019578524796605512,0.002754396691190311,0.0034159008410689414,0.005931366661861183,0.00879215061371169
conv3,baseline,best_validation,16,positive,matched_zero_K,Layer_1,8,1,10,10.0,0,24,36,7225344,2.2863924582738964e-09,4.579709850740013e-07,4.579652777003709e-07,-2.8726785518663407,49.78723608863016,49.70429151776177,-2.8726785495799483,49.787236092286584,49.704291521556435,9.198562142689168e-09,False,4.399500265606093e-05,-251.05602604996113,291.0429384008281,-251.05602593441654,291.0429384761756,0,7225344,0.0,3.0751843093975226e-07,4.2696351785301195e-07,6.041616748508964e-07,6.3715991174875365e-09,8.558187609647093e-09,1.2373914773473117e-08
conv3,baseline,best_validation,16,positive,matched_zero_K,Layer_2,8,2,10,10.0,0,24,36,3612672,1.9292284580580042e-08,2.443140280985066e-06,2.4430641089270354e-06,-0.8164204860727523,20.536654257136117,20.520419724437115,-0.8164204667804678,20.536654267014498,20.52041973509087,1.1896486401313976e-07,False,0.00020884045331293066,-120.12003201810666,154.7829109696655,-120.12003166783255,154.78291166031514,1,3612672,2.7680342970521543e-07,1.630408028595999e-06,2.3128503009580396e-06,3.2290762410743566e-06,8.142571000571212e-08,1.1108503660611493e-07,1.6070230386907663e-07
conv3,baseline,best_validation,16,positive,matched_zero_K,Layer_3,8,3,10,10.0,0,24,36,7225344,4.394270844252847e-08,4.4992514795265185e-05,4.499249333656151e-05,-0.19783606568814976,1.413849392086713,1.3999396396334387,-0.19783602174544132,1.4138495678921792,1.399939823395577,3.182270689303076e-05,False,0.006255874533345862,-18.52844257340146,25.482333351717543,-18.52844011204999,25.482302391770048,11,7225344,1.5224188633786849e-06,3.1409559762386085e-05,4.218911393198898e-05,6.067660788519471e-05,2.1964008080686865e-05,3.0988022238752434e-05,4.36932622268297e-05
conv3,baseline,best_validation,16,positive,matched_zero_K,Layer_4,8,4,10,10.0,0,24,36,11520,1.4555991965137122e-05,0.0020441672080814856,0.002044115382676224,-0.16419462920269132,0.3508556550602575,0.3100642101706566,-0.16418007321072617,0.35088089365202485,0.3101004757986743,0.0058262341752206084,False,0.02490250703082006,-1.5155954685801662,1.1346495732824624,-1.5164935054212558,1.133459463717315,0,0,,0.0014584504752541692,0.001957852460204977,0.002754396679905213,0.003415900848915368,0.005931366621547179,0.00879215056460263
conv3,baseline,best_validation,16,positive_minus_negative,negative_phase,Layer_1,8,1,10,10.0,0,24,36,7225344,4.566421789937744e-09,9.159466489524007e-07,9.159352660091043e-07,-2.87267855414637,49.787236084977174,49.704291513970915,-2.8726785495799483,49.787236092286584,49.704291521556435,1.8397218262710087e-08,False,8.79900053192273e-05,-251.0560261655057,291.04293832548063,-251.05602593441654,291.0429384761756,0,7225344,0.0,6.150318523976883e-07,8.539270357580935e-07,1.2083371854126442e-06,1.2743094203126118e-08,1.7116461354647458e-08,2.474811047200107e-08
conv3,baseline,best_validation,16,positive_minus_negative,negative_phase,Layer_2,8,2,10,10.0,0,24,36,3612672,3.854187000631238e-08,4.886295283104978e-06,4.886143276445173e-06,-0.8164205053223378,20.536654247259445,20.52041971378677,-0.8164204667804678,20.536654267014498,20.52041973509087,2.3793044496315842e-07,False,0.00041768138231040863,-120.1200323683807,154.78291027901577,-120.12003166783255,154.78291166031514,4,3612672,1.1072137188208617e-06,3.2608065092534072e-06,4.625700601960717e-06,6.458497685437635e-06,1.6285094774753654e-07,2.2217007308861948e-07,3.2142175296913283e-07
conv3,baseline,best_validation,16,positive_minus_negative,negative_phase,Layer_3,8,3,10,10.0,0,24,36,7225344,8.776746644913888e-08,8.998564845714165e-05,8.998560565514972e-05,-0.19783610951290778,1.4138492177183621,1.39993945733936,-0.19783602174544132,1.4138495678921792,1.399939823395577,6.364585935292197e-05,False,0.012511749483028467,-18.52844503475293,25.482364311664924,-18.52844011204999,25.482302391770048,27,7225344,3.736846301020408e-06,6.281911876429066e-05,8.438021589340927e-05,0.00012135352495796893,4.3928020220348626e-05,6.197762360870114e-05,8.738679095382298e-05
conv3,baseline,best_validation,16,positive_minus_negative,negative_phase,Layer_4,8,4,10,10.0,0,24,36,11520,2.911171635274856e-05,0.004088335320911487,0.004088231672029294,-0.16420918492707892,0.3508423250877088,0.31004141765018095,-0.16418007321072617,0.35088089365202485,0.3101004757986743,0.011652913655413223,False,0.04980501406164034,-1.5146974317390758,1.1358396828476087,-1.5164935054212558,1.133459463717315,0,0,,0.002916900949997523,0.003915704845529669,0.005508795903933382,0.006831734683161272,0.011868449048310874,0.01758539758268493
conv3,legacy,reconstructed_initialization,16,zero,post_T_free,Layer_1,8,1,0.001,2.44140625e-07,0,0,36,7225344,2.1048115392210172e-13,5.307292308730703e-13,4.872075536634681e-13,-0.00450825523139779,6.826719202548927,6.82671771395925,-0.004508255231187308,6.826719202548934,6.826717713959258,7.77429413934162e-14,False,4.063860359337923e-12,-81.45423929588338,102.12705649728372,-81.45423929588289,102.12705649728521,0,7225344,0.0,3.8985510633561755e-13,5.24127199749535e-13,6.676306547892905e-13,5.912387409161845e-14,7.681338051431335e-14,9.442806217279249e-14
conv3,legacy,reconstructed_initialization,16,zero,post_T_free,Layer_2,8,2,0.001,2.44140625e-07,0,0,36,3612672,4.832392895426744e-13,1.2278699737652478e-12,1.1287800766830363e-12,-0.011079912453738731,0.4142620919779038,0.41411389301727936,-0.011079912453255491,0.4142620919781587,0.4141138930175473,2.963993079605123e-12,False,7.56605889051798e-12,-2.6710456362815345,4.898807529563177,-2.671045636282022,4.89880752956651,0,3612672,0.0,9.009971394401484e-13,1.211469477816378e-12,1.54725832514188e-12,2.2763963022895444e-12,2.948537312163101e-12,3.5677258184068877e-12
conv3,legacy,reconstructed_initialization,16,zero,post_T_free,Layer_3,8,3,0.001,2.44140625e-07,0,0,36,7225344,3.991317312154429e-12,1.0421861437137186e-11,9.627283206002798e-12,0.026430218557550688,0.37155325303773473,0.37061201193421006,0.026430218561542002,0.37155325304301007,0.37061201193921417,2.804944204344982e-11,False,6.949396613720182e-11,-0.8816748041953736,2.884160411704147,-0.8816748041855855,2.8841604117636934,0,7225344,0.0,7.652689143704941e-12,1.0295465815631716e-11,1.3148324726469975e-11,2.2546090553695823e-11,2.7609004044782763e-11,3.2512406330119006e-11
conv3,legacy,reconstructed_initialization,16,zero,post_T_free,Layer_4,8,4,0.001,2.44140625e-07,0,0,36,11520,1.5972011735729668e-11,2.7666408495256207e-11,2.2590374059322223e-11,0.10794395430925517,0.3840338278928444,0.3685513311522728,0.10794395432522719,0.3840338279186957,0.36855133117453215,7.204159239580287e-11,False,8.012457364259262e-11,-0.755685731808129,1.1700075387451403,-0.7556857318407155,1.1700075388225168,0,0,,2.0295623671382085e-11,2.7323077775866856e-11,3.492622477450178e-11,6.218992762728458e-11,7.33801955444846e-11,7.939999611570617e-11
conv3,legacy,reconstructed_initialization,16,negative,post_T_free,Layer_1,8,1,0.001,2.44140625e-07,0,0,36,7225344,-6.005007023162076e-11,3.110493400537529e-09,3.1099136939556213e-09,-0.00450825523139779,6.826719202548927,6.82671771395925,-0.004508255291447861,6.826719202543652,6.826717713953937,4.5563517529418064e-10,False,2.154297018552853e-08,-81.45423929588338,102.12705649728372,-81.45423929384755,102.12705649973374,0,7225344,0.0,2.8270973511185917e-09,3.121498411088393e-09,3.3426809959521187e-09,4.1666675930015114e-10,4.513492305772213e-10,5.050687378277693e-10
conv3,legacy,reconstructed_initialization,16,negative,post_T_free,Layer_2,8,2,0.001,2.44140625e-07,0,0,36,3612672,-6.951244943853129e-10,5.817715946764156e-08,5.817300650353824e-08,-0.011079912453738731,0.4142620919779038,0.41411389301727936,-0.011079913148863224,0.414262090977018,0.41411389199743687,1.4043563385168408e-07,False,3.864032322165034e-07,-2.6710456362815345,4.898807529563177,-2.671045650932752,4.898807398109428,0,3612672,0.0,5.5901782745836243e-08,5.837483596730001e-08,6.003514629666877e-08,1.2988291995407461e-07,1.4051796507114343e-07,1.4989344142310968e-07
conv3,legacy,reconstructed_initialization,16,negative,post_T_free,Layer_3,8,3,0.001,2.44140625e-07,0,0,36,7225344,-1.4568685492021962e-08,1.225100923947182e-05,1.2251000577056018e-05,0.026430218557550688,0.37155325303773473,0.37061201193421006,0.026430203988865194,0.3715532368664313,0.3706119967608029,3.2972418191229274e-05,False,4.441993277998213e-05,-0.8816748041953736,2.884160411704147,-0.8816753532237377,2.8841798549432007,47,7225344,6.504880598072562e-06,1.216069252412748e-05,1.2251062326090319e-05,1.2336077234644917e-05,2.9871733849284718e-05,3.319068708419768e-05,3.6625962171277476e-05
conv3,legacy,reconstructed_initialization,16,negative,post_T_free,Layer_4,8,4,0.001,2.44140625e-07,0,0,36,11520,-2.6227241751586612e-05,0.04601386872924569,0.04601386125467025,0.10794395430925517,0.3840338278928444,0.3685513311522728,0.10791772706750359,0.3867478405186236,0.3713861283494612,0.11981722803358036,False,0.15502645662282535,-0.755685731808129,1.1700075387451403,-0.8804674416491104,1.281279555510857,0,0,,0.045608462021036036,0.04602595709887454,0.04635869902526617,0.09039758440904117,0.12097568085940187,0.15972470991312898
conv3,legacy,reconstructed_initialization,16,negative,matched_zero_K,Layer_1,8,1,0.001,2.44140625e-07,0,0,36,7225344,-6.026055138554287e-11,3.110495952879974e-09,3.109912175420619e-09,-0.004508255231187308,6.826719202548934,6.826717713959258,-0.004508255291447861,6.826719202543652,6.826717713953937,4.5563554916959066e-10,False,2.1541024963767086e-08,-81.45423929588289,102.12705649728521,-81.45423929384755,102.12705649973374,0,7225344,0.0,2.8270985219856333e-09,3.1215375155022138e-09,3.342634596200191e-09,4.16678309688729e-10,4.5133681468386914e-10,5.050737470643759e-10
conv3,legacy,reconstructed_initialization,16,negative,matched_zero_K,Layer_2,8,2,0.001,2.44140625e-07,0,0,36,3612672,-6.956077336748556e-10,5.8177162951430854e-08,5.817300421121631e-08,-0.011079912453255491,0.4142620919781587,0.4141138930175473,-0.011079913148863224,0.414262090977018,0.41411389199743687,1.4043564226122372e-07,False,3.864038824186178e-07,-2.671045636282022,4.89880752956651,-2.671045650932752,4.898807398109428,0,3612672,0.0,5.590178672736008e-08,5.837487326429423e-08,6.003512298656449e-08,1.298828966639679e-07,1.4051793127447526e-07,1.498934962246194e-07
conv3,legacy,reconstructed_initialization,16,negative,matched_zero_K,Layer_3,8,3,0.001,2.44140625e-07,0,0,36,7225344,-1.4572676809334117e-08,1.2251009242365703e-05,1.2251000575202848e-05,0.026430218561542002,0.37155325304301007,0.37061201193921417,0.026430203988865194,0.3715532368664313,0.3706119967608029,3.2972418198549746e-05,False,4.4419920415039726e-05,-0.8816748041855855,2.8841604117636934,-0.8816753532237377,2.8841798549432007,47,7225344,6.504880598072562e-06,1.2160692557911248e-05,1.2251062347485881e-05,1.2336077222297016e-05,2.987173388601976e-05,3.319068721491138e-05,3.662596217792124e-05
conv3,legacy,reconstructed_initialization,16,negative,matched_zero_K,Layer_4,8,4,0.001,2.44140625e-07,0,0,36,11520,-2.6227257723598367e-05,0.04601386872924313,0.04601386125465859,0.10794395432522719,0.3840338279186957,0.36855133117453215,0.10791772706750359,0.3867478405186236,0.3713861283494612,0.11981722802550816,False,0.15502645662415532,-0.7556857318407155,1.1700075388225168,-0.8804674416491104,1.281279555510857,0,0,,0.045608462021016254,0.04602595709884736,0.04635869902522445,0.09039758440259602,0.12097568085223653,0.15972470990251367
conv3,legacy,reconstructed_initialization,16,positive,post_T_free,Layer_1,8,1,0.001,2.44140625e-07,0,0,36,7225344,6.034026668812318e-11,3.1101511253246283e-09,3.109565737297422e-09,-0.00450825523139779,6.826719202548927,6.82671771395925,-0.004508255171057531,6.826719202554219,6.826717713964584,4.5558503770938397e-10,False,2.0937563682821292e-08,-81.45423929588338,102.12705649728372,-81.45423929791822,102.12705649483667,0,7225344,0.0,2.827437740029084e-09,3.1213499643177778e-09,3.3400795443734105e-09,4.166920080723231e-10,4.51256953415052e-10,5.050214055896784e-10
conv3,legacy,reconstructed_initialization,16,positive,post_T_free,Layer_2,8,2,0.001,2.44140625e-07,0,0,36,3612672,6.948351902079128e-10,5.817448426380605e-08,5.817033456512234e-08,-0.011079912453738731,0.4142620919779038,0.41411389301727936,-0.011079911758903539,0.4142620929793761,0.4141138940377009,1.4042917609489842e-07,False,3.864045324264431e-07,-2.6710456362815345,4.898807529563177,-2.6710456216312912,4.898807661023591,0,3612672,0.0,5.5903685557922257e-08,5.837158756830692e-08,6.003586758426823e-08,1.2984014766693967e-07,1.4052182751612936e-07,1.4987757344792937e-07
conv3,legacy,reconstructed_initialization,16,positive,post_T_free,Layer_3,8,3,0.001,2.44140625e-07,0,0,36,7225344,1.4570907128726047e-08,1.2250982765070672e-05,1.2250974099994014e-05,0.026430218557550688,0.37155325303773473,0.37061201193421006,0.026430233128457815,0.37155326962479956,0.3706120275242756,3.2972346937913825e-05,False,4.4419908050263857e-05,-0.8816748041953736,2.884160411704147,-0.881674255147433,2.8841409687104846,51,7225344,7.058487457482993e-06,1.2160815200638695e-05,1.225105355614818e-05,1.233611800167543e-05,2.9871554023019883e-05,3.3190450366449347e-05,3.6625809924108604e-05
conv3,legacy,reconstructed_initialization,16,positive,post_T_free,Layer_4,8,4,0.001,2.44140625e-07,0,0,36,11520,2.6227237924801478e-05,0.04601386869148541,0.04601386121691215,0.10794395430925517,0.3840338278928444,0.3685513311522728,0.10797018154717998,0.3868134203438229,0.371439176790435,0.11981722793525496,False,0.15502645662548534,-0.755685731808129,1.1700075387451403,-0.8857525522770748,1.290128018415077,0,0,,0.0456084619207253,0.04602595742855632,0.046358698862538024,0.0903975843043921,0.12097568079001206,0.15972470970787328
conv3,legacy,reconstructed_initialization,16,positive,matched_zero_K,Layer_1,8,1,0.001,2.44140625e-07,0,0,36,7225344,6.012978553420107e-11,3.110148444391137e-09,3.1095671330653435e-09,-0.004508255231187308,6.826719202548934,6.826717713959258,-0.004508255171057531,6.826719202554219,6.826717713964584,4.555846449975387e-10,False,2.0939508904582738e-08,-81.45423929588289,102.12705649728521,-81.45423929791822,102.12705649483667,0,7225344,0.0,2.8274362925566016e-09,3.1213918134238764e-09,3.3401284868860672e-09,4.1668039081965227e-10,4.512693566090602e-10,5.050164060047615e-10
conv3,legacy,reconstructed_initialization,16,positive,matched_zero_K,Layer_2,8,2,0.001,2.44140625e-07,0,0,36,3612672,6.943519509183702e-10,5.817448070500604e-08,5.817033677627607e-08,-0.011079912453255491,0.4142620919781587,0.4141138930175473,-0.011079911758903539,0.4142620929793761,0.4141138940377009,1.4042916750411522e-07,False,3.8640388222432875e-07,-2.671045636282022,4.89880752956651,-2.6710456216312912,4.898807661023591,0,3612672,0.0,5.5903681299942986e-08,5.837154675971944e-08,6.003589097480112e-08,1.298401703023099e-07,1.4052186120166858e-07,1.4987751890521451e-07
conv3,legacy,reconstructed_initialization,16,positive,matched_zero_K,Layer_3,8,3,0.001,2.44140625e-07,0,0,36,7225344,1.4566915811413893e-08,1.2250982762160342e-05,1.2250974101830173e-05,0.026430218561542002,0.37155325304301007,0.37061201193921417,0.026430233128457815,0.37155326962479956,0.3706120275242756,3.297234692961281e-05,False,4.441992041520626e-05,-0.8816748041855855,2.8841604117636934,-0.881674255147433,2.8841409687104846,51,7225344,7.058487457482993e-06,1.2160815166894938e-05,1.2251053534743338e-05,1.2336118013996807e-05,2.987155398538659e-05,3.3190450234807674e-05,3.6625809916372056e-05
conv3,legacy,reconstructed_initialization,16,positive,matched_zero_K,Layer_4,8,4,0.001,2.44140625e-07,0,0,36,11520,2.6227221952789764e-05,0.04601386869148797,0.046013861216923815,0.10794395432522719,0.3840338279186957,0.36855133117453215,0.10797018154717998,0.3868134203438229,0.371439176790435,0.1198172279271961,False,0.15502645662415537,-0.7556857318407155,1.1700075388225168,-0.8857525522770748,1.290128018415077,0,0,,0.04560846192074509,0.04602595742858351,0.046358698862579734,0.09039758429795804,0.12097568078288506,0.15972470969723643
conv3,legacy,reconstructed_initialization,16,positive_minus_negative,negative_phase,Layer_1,8,1,0.001,2.44140625e-07,0,0,36,7225344,1.2039033691974396e-10,6.220625620034494e-09,6.219460528969202e-09,-0.004508255291447861,6.826719202543652,6.826717713953937,-0.004508255171057531,6.826719202554219,6.826717713964584,9.112174436172318e-10,False,4.2480533868349823e-08,-81.45423929384755,102.12705649973374,-81.45423929791822,102.12705649483667,0,7225344,0.0,5.6544991352210246e-09,6.2425088156688115e-09,6.682825524542447e-09,8.333525158653005e-10,9.026052336976774e-10,1.0100880055868016e-09
conv3,legacy,reconstructed_initialization,16,positive_minus_negative,negative_phase,Layer_2,8,2,0.001,2.44140625e-07,0,0,36,3612672,1.3899596845932258e-09,1.1635134873229889e-07,1.1634304604874429e-07,-0.011079913148863224,0.414262090977018,0.41411389199743687,-0.011079911758903539,0.4142620929793761,0.4141138940377009,2.808640985176549e-07,False,7.728077646429465e-07,-2.671045650932752,4.898807398109428,-2.6710456216312912,4.898807661023591,0,3612672,0.0,1.1180505243938004e-07,1.1674621640185045e-07,1.200707750284486e-07,2.597218090571612e-07,2.810396553383144e-07,2.9977037192320023e-07
conv3,legacy,reconstructed_initialization,16,positive_minus_negative,negative_phase,Layer_3,8,3,0.001,2.44140625e-07,0,0,36,7225344,2.913959262074801e-08,2.4501936321692544e-05,2.450191899416081e-05,0.026430203988865194,0.3715532368664313,0.3706119967608029,0.026430233128457815,0.37155326962479956,0.3706120275242756,6.594461813422629e-05,False,8.883984083024599e-05,-0.8816753532237377,2.8841798549432007,-0.881674255147433,2.8841409687104846,98,7225344,1.3563368055555555e-05,2.4321457861353262e-05,2.4502095642839365e-05,2.4672173643007847e-05,5.974327210188806e-05,6.638104646642358e-05,7.325132815528786e-05
conv3,legacy,reconstructed_initialization,16,positive_minus_negative,negative_phase,Layer_4,8,4,0.001,2.44140625e-07,0,0,36,11520,5.245447967638814e-05,0.09202773742073103,0.09202772247158233,0.10791772706750359,0.3867478405186236,0.3713861283494612,0.10797018154717998,0.3868134203438229,0.371439176790435,0.23795281519173603,False,0.3100529132483107,-0.8804674416491104,1.281279555510857,-0.8857525522770748,1.290128018415077,0,0,,0.09121692394176131,0.09205191452743076,0.09271739788780414,0.18005577314560042,0.24017854924548326,0.3156991813291308
conv3,legacy,best_validation,16,zero,post_T_free,Layer_1,8,1,0.001,2.44140625e-07,0,27,36,7225344,6.069182275221378e-20,1.670590226647805e-17,1.670579202072645e-17,-1.191808760960837,24.851043594331664,24.82244870283087,-1.191808760960837,24.851043594331664,24.82244870283087,6.722414776290739e-19,False,1.4210854715202004e-14,-212.74690345729488,192.59281716522588,-212.74690345729488,192.59281716522588,0,7225344,0.0,5.144342231156672e-19,3.987412884241348e-18,3.6147915703261194e-17,2.0322885241851513e-20,1.5529462712924582e-19,1.4924035889228825e-18
conv3,legacy,best_validation,16,zero,post_T_free,Layer_2,8,2,0.001,2.44140625e-07,0,27,36,3612672,8.12448919738988e-20,1.1913200378294545e-17,1.1912923340680298e-17,-0.07911287195966787,4.530963059654975,4.530272331929756,-0.07911287195966787,4.530963059654975,4.530272331929756,2.6292865824427435e-18,False,7.105427357601002e-15,-56.17016178240903,54.97976090243299,-56.17016178240903,54.97976090243299,0,3612672,0.0,3.948332230300255e-20,4.315629597180956e-18,2.2672473934959328e-17,8.237930798092611e-21,9.842033898227567e-19,5.003054053563717e-18
conv3,legacy,best_validation,16,zero,post_T_free,Layer_3,8,3,0.001,2.44140625e-07,0,27,36,7225344,5.280666522899979e-19,2.6238771865234205e-17,2.6233457541973862e-17,-0.035007060340082836,0.48681484009448006,0.48555452244064207,-0.035007060340082836,0.48681484009448006,0.48555452244064207,5.3898874282759817e-17,False,7.993605777301127e-15,-9.600793196839316,9.032977417687828,-9.600793196839316,9.032977417687828,0,7225344,0.0,5.178561294827889e-18,1.0575527601623825e-17,3.3082984217232224e-17,1.0557227617950214e-17,2.1512360245889088e-17,6.692899155462107e-17
conv3,legacy,best_validation,16,zero,post_T_free,Layer_4,8,4,0.001,2.44140625e-07,0,27,36,11520,3.518367810396146e-18,4.390957491078732e-17,4.3768388784564724e-17,-0.11732154321739749,0.39288266191368637,0.3749565861929516,-0.11732154321739749,0.39288266191368637,0.3749565861929516,1.1176256721767464e-16,False,1.3322676295501878e-15,-1.7140163927593648,2.200320252055275,-1.7140163927593648,2.2003202520552763,0,0,,2.2797267810173617e-18,9.381988365934431e-18,6.114066248289786e-17,5.4579464007783215e-18,2.7169210811681933e-17,1.3735227513101068e-16
conv3,legacy,best_validation,16,negative,post_T_free,Layer_1,8,1,0.001,2.44140625e-07,0,27,36,7225344,6.652759476606234e-13,2.402186589585562e-10,2.4021773772925386e-10,-1.191808760960837,24.851043594331664,24.82244870283087,-1.1918087609601717,24.851043594330644,24.822448702829877,9.666340894164632e-12,False,2.732582515818649e-08,-212.74690345729488,192.59281716522588,-212.74690345724233,192.59281716501644,0,7225344,0.0,1.1656414295902998e-10,2.0279087882034457e-10,4.1242200345244216e-10,4.848277072468394e-12,8.246986768656596e-12,1.6755258401571978e-11
conv3,legacy,best_validation,16,negative,post_T_free,Layer_2,8,2,0.001,2.44140625e-07,0,27,36,3612672,1.307486329471804e-11,6.468417208324597e-09,6.468403993946234e-09,-0.07911287195966787,4.530963059654975,4.530272331929756,-0.079112871946593,4.53096305960047,4.53027233187547,1.4276031658525937e-09,False,7.633158870534729e-07,-56.17016178240903,54.97976090243299,-56.1701617700945,54.9797609035413,0,3612672,0.0,3.3533094178979494e-09,5.86248349961485e-09,9.599238078278615e-09,7.448377288261125e-10,1.3625232331784346e-09,2.1017836965893434e-09
conv3,legacy,best_validation,16,negative,post_T_free,Layer_3,8,3,0.001,2.44140625e-07,0,27,36,7225344,3.0803487424864737e-10,8.633697751647897e-07,8.633697202141247e-07,-0.035007060340082836,0.48681484009448006,0.48555452244064207,-0.03500706003204796,0.48681483034140227,0.48555451268445743,1.7735075105706077e-06,False,0.00016614844761320136,-9.600793196839316,9.032977417687828,-9.600810875130831,9.03297938324305,0,7225344,0.0,4.833827394320692e-07,7.706616968738579e-07,1.2859495369856678e-06,9.67707971847634e-07,1.6043492995794549e-06,2.6205990701109403e-06
conv3,legacy,best_validation,16,negative,post_T_free,Layer_4,8,4,0.001,2.44140625e-07,0,27,36,11520,1.8445710915682067e-05,0.007874015371494696,0.00787399376595407,-0.11732154321739749,0.39288266191368637,0.3749565861929516,-0.11730309750648181,0.39277795071046906,0.3748526402197275,0.020041646361133043,False,0.12346047607963401,-1.7140163927593648,2.200320252055275,-1.7165819565811575,2.2354236614485186,0,0,,0.004792466959084212,0.007118444105221377,0.011657848890108402,0.010833793721943923,0.017713608912175605,0.033231912925519747
conv3,legacy,best_validation,16,negative,matched_zero_K,Layer_1,8,1,0.001,2.44140625e-07,0,27,36,7225344,6.652758869688006e-13,2.402186588314916e-10,2.402177376023568e-10,-1.191808760960837,24.851043594331664,24.82244870283087,-1.1918087609601717,24.851043594330644,24.822448702829877,9.666340889051581e-12,False,2.732582515818649e-08,-212.74690345729488,192.59281716522588,-212.74690345724233,192.59281716501644,0,7225344,0.0,1.1656414295539333e-10,2.0279087882111105e-10,4.124220034450177e-10,4.8482770723094145e-12,8.246986768645117e-12,1.6755258401264538e-11
conv3,legacy,best_validation,16,negative,matched_zero_K,Layer_2,8,2,0.001,2.44140625e-07,0,27,36,3612672,1.307486321347315e-11,6.468417208223237e-09,6.4684039938450386e-09,-0.07911287195966787,4.530963059654975,4.530272331929756,-0.079112871946593,4.53096305960047,4.53027233187547,1.4276031658302232e-09,False,7.633158870534729e-07,-56.17016178240903,54.97976090243299,-56.1701617700945,54.9797609035413,0,3612672,0.0,3.3533094179004334e-09,5.862483499597835e-09,9.599238078269949e-09,7.448377288266767e-10,1.3625232331765058e-09,2.1017836965788386e-09
conv3,legacy,best_validation,16,negative,matched_zero_K,Layer_3,8,3,0.001,2.44140625e-07,0,27,36,7225344,3.080348737205808e-10,8.633697751646958e-07,8.63369720214031e-07,-0.035007060340082836,0.48681484009448006,0.48555452244064207,-0.03500706003204796,0.48681483034140227,0.48555451268445743,1.7735075105704146e-06,False,0.00016614844761320136,-9.600793196839316,9.032977417687828,-9.600810875130831,9.03297938324305,0,7225344,0.0,4.833827394320307e-07,7.70661696873962e-07,1.2859495369856416e-06,9.677079718475578e-07,1.6043492995796965e-06,2.6205990701108865e-06
conv3,legacy,best_validation,16,negative,matched_zero_K,Layer_4,8,4,0.001,2.44140625e-07,0,27,36,11520,1.844571091567855e-05,0.007874015371494696,0.00787399376595407,-0.11732154321739749,0.39288266191368637,0.3749565861929516,-0.11730309750648181,0.39277795071046906,0.3748526402197275,0.02004164636113304,False,0.12346047607963401,-1.7140163927593648,2.2003202520552763,-1.7165819565811575,2.2354236614485186,0,0,,0.004792466959084212,0.0071184441052213766,0.011657848890108402,0.01083379372194392,0.017713608912175605,0.03323191292551974
conv3,legacy,best_validation,16,positive,post_T_free,Layer_1,8,1,0.001,2.44140625e-07,0,27,36,7225344,-6.643734906967608e-13,2.402182526024403e-10,2.402173338692166e-10,-1.191808760960837,24.851043594331664,24.82244870283087,-1.1918087609615011,24.851043594332683,24.82244870283186,9.666324542492544e-12,False,2.732582515818649e-08,-212.74690345729488,192.59281716522588,-212.74690345734737,192.5928171654353,0,7225344,0.0,1.1656413991125967e-10,2.0279089841393182e-10,4.1242201193312587e-10,4.848276951247169e-12,8.2469871898703e-12,1.675525874158536e-11
conv3,legacy,best_validation,16,positive,post_T_free,Layer_2,8,2,0.001,2.44140625e-07,0,27,36,3612672,-1.3059554229314207e-11,6.468410293818574e-09,6.468397110352875e-09,-0.07911287195966787,4.530963059654975,4.530272331929756,-0.07911287197272743,4.530963059709479,4.5302723319840394,1.4276016397960067e-09,False,7.633158856101829e-07,-56.17016178240903,54.97976090243299,-56.17016179472354,54.979760901324646,0,3612672,0.0,3.3533094160766164e-09,5.862342711062295e-09,9.599238103847866e-09,7.448377283212641e-10,1.3624895458291913e-09,2.1017836964914072e-09
conv3,legacy,best_validation,16,positive,post_T_free,Layer_3,8,3,0.001,2.44140625e-07,0,27,36,7225344,-3.076604598076063e-10,8.633703440600716e-07,8.633702892429459e-07,-0.035007060340082836,0.48681484009448006,0.48555452244064207,-0.035007060647743296,0.4868148498490854,0.4855545321983853,1.7735086791777146e-06,False,0.0001661484476234154,-9.600793196839316,9.032977417687828,-9.60077551854782,9.032975452132606,1,7225344,1.3840171485260771e-07,4.833827394156459e-07,7.706616968945558e-07,1.2859495369900862e-06,9.67707971815241e-07,1.6043492995858707e-06,2.6205990701199515e-06
conv3,legacy,best_validation,16,positive,post_T_free,Layer_4,8,4,0.001,2.44140625e-07,0,27,36,11520,-1.8445709448259468e-05,0.007874015372999702,0.00787399376746252,-0.11732154321739749,0.39288266191368637,0.3749565861929516,-0.11733998892684575,0.39314507975638346,0.3752257730157949,0.020041646364963722,False,0.12346047607963395,-1.7140163927593648,2.200320252055275,-1.7114508289375714,2.1652168426620353,0,0,,0.004792466959084195,0.007118444105221347,0.011657848890108423,0.01083379372194395,0.017713608912175695,0.0332319129255198
conv3,legacy,best_validation,16,positive,matched_zero_K,Layer_1,8,1,0.001,2.44140625e-07,0,27,36,7225344,-6.643735513885836e-13,2.4021825272950513e-10,2.402173339961141e-10,-1.191808760960837,24.851043594331664,24.82244870283087,-1.1918087609615011,24.851043594332683,24.82244870283186,9.666324547605603e-12,False,2.732582515818649e-08,-212.74690345729488,192.59281716522588,-212.74690345734737,192.5928171654353,0,7225344,0.0,1.1656413991489642e-10,2.0279089841316534e-10,4.1242201194055043e-10,4.848276951406152e-12,8.246987189881781e-12,1.6755258741892803e-11
conv3,legacy,best_validation,16,positive,matched_zero_K,Layer_2,8,2,0.001,2.44140625e-07,0,27,36,3612672,-1.3059554310559099e-11,6.468410293919934e-09,6.468397110454071e-09,-0.07911287195966787,4.530963059654975,4.530272331929756,-0.07911287197272743,4.530963059709479,4.5302723319840394,1.4276016398183772e-09,False,7.633158856101829e-07,-56.17016178240903,54.97976090243299,-56.17016179472354,54.979760901324646,0,3612672,0.0,3.3533094160741323e-09,5.86234271107931e-09,9.599238103856531e-09,7.448377283207001e-10,1.3624895458311203e-09,2.101783696501912e-09
conv3,legacy,best_validation,16,positive,matched_zero_K,Layer_3,8,3,0.001,2.44140625e-07,0,27,36,7225344,-3.076604603356728e-10,8.633703440601657e-07,8.633702892430397e-07,-0.035007060340082836,0.48681484009448006,0.48555452244064207,-0.035007060647743296,0.4868148498490854,0.4855545321983853,1.7735086791779075e-06,False,0.0001661484476234154,-9.600793196839316,9.032977417687828,-9.60077551854782,9.032975452132606,1,7225344,1.3840171485260771e-07,4.833827394156846e-07,7.706616968944518e-07,1.2859495369901122e-06,9.67707971815317e-07,1.6043492995856289e-06,2.6205990701200053e-06
conv3,legacy,best_validation,16,positive,matched_zero_K,Layer_4,8,4,0.001,2.44140625e-07,0,27,36,11520,-1.8445709448262985e-05,0.007874015372999704,0.00787399376746252,-0.11732154321739749,0.39288266191368637,0.3749565861929516,-0.11733998892684575,0.39314507975638346,0.3752257730157949,0.020041646364963722,False,0.12346047607963395,-1.7140163927593648,2.2003202520552763,-1.7114508289375714,2.1652168426620353,0,0,,0.004792466959084195,0.007118444105221348,0.011657848890108421,0.01083379372194395,0.017713608912175695,0.03323191292551981
conv3,legacy,best_validation,16,positive_minus_negative,negative_phase,Layer_1,8,1,0.001,2.44140625e-07,0,27,36,7225344,-1.3296494383573842e-12,4.804368984676747e-10,4.804350585059441e-10,-1.1918087609601717,24.851043594330644,24.822448702829877,-1.1918087609615011,24.851043594332683,24.82244870283186,1.933266490978586e-11,False,5.465165031637298e-08,-212.74690345724233,192.59281716501644,-212.74690345734737,192.5928171654353,0,7225344,0.0,2.331282828369521e-10,4.0558177721476565e-10,8.248440153755222e-10,9.696554022330929e-12,1.6493973957719305e-11,3.351051714275069e-11
conv3,legacy,best_validation,16,positive_minus_negative,negative_phase,Layer_2,8,2,0.001,2.44140625e-07,0,27,36,3612672,-2.6134417524032248e-11,1.29368265181561e-08,1.2936800120319072e-08,-0.079112871946593,4.53096305960047,4.53027233187547,-0.07911287197272743,4.530963059709479,4.5302723319840394,2.8552045885134276e-09,False,1.5266317726636558e-06,-56.1701617700945,54.9797609035413,-56.17016179472354,54.979760901324646,0,3612672,0.0,6.706618833970595e-09,1.1724806182964775e-08,1.919847618212503e-08,1.489675457171043e-09,2.72500798531504e-09,4.2035673930995206e-09
conv3,legacy,best_validation,16,positive_minus_negative,negative_phase,Layer_3,8,3,0.001,2.44140625e-07,0,27,36,7225344,-6.156953340562538e-10,1.726739834140036e-06,1.7267397243722674e-06,-0.03500706003204796,0.48681483034140227,0.48555451268445743,-0.035007060647743296,0.4868148498490854,0.4855545321983853,3.547015675198466e-06,False,0.00033229689523661676,-9.600810875130831,9.03297938324305,-9.60077551854782,9.032975452132606,1,7225344,1.3840171485260771e-07,9.667654788477152e-07,1.5413233937684137e-06,2.571899073975754e-06,1.935415929149436e-06,3.2086987736167382e-06,5.241198133900103e-06
conv3,legacy,best_validation,16,positive_minus_negative,negative_phase,Layer_4,8,4,0.001,2.44140625e-07,0,27,36,11520,-3.689142036394153e-05,0.015748030744494396,0.01574798753341659,-0.11730309750648181,0.39277795071046906,0.3748526402197275,-0.11733998892684575,0.39314507975638346,0.3752257730157949,0.0400939785851239,False,0.24692095215926796,-1.7165819565811575,2.2354236614485186,-1.7114508289375714,2.1652168426620353,0,0,,0.009584933918168408,0.014236888210442725,0.023315697780216825,0.02166774277438984,0.0354424703609564,0.06651735346666829
conv2,legacy,reconstructed_initialization,12,zero,post_T_free,Layer_1,6,1,0.03,0.0001171875,0,0,36,7225344,1.5623235859320922e-11,8.20710593172397e-11,8.057030022742814e-11,-0.0010806630039021418,1.899443189678196,1.8994428822637313,-0.0010806629882789056,1.8994431896813038,1.899442882266848,4.320795681767361e-11,False,7.248996958253429e-10,-22.5845063230558,28.467513669644653,-22.584506322993487,28.467513669824182,0,7225344,0.0,6.177674172069921e-11,7.987043200225853e-11,9.811866981306865e-11,3.2417059092153515e-11,4.2318809565497663e-11,5.193354758838638e-11
conv2,legacy,reconstructed_initialization,12,zero,post_T_free,Layer_2,6,2,0.03,0.0001171875,0,0,36,3612672,3.350320945528317e-11,1.661104729578089e-10,1.6269672455972304e-10,0.0038546997719174306,0.4082904914796686,0.40827229482586463,0.0038546998054206395,0.40829049153739677,0.40827229488327904,4.068438438421988e-10,False,1.2980027053188792e-09,-2.5745224852175905,4.194390635570347,-2.5745224851626767,4.194390635912747,0,3612672,0.0,1.2344409795668124e-10,1.618309726155932e-10,1.9980863063870875e-10,3.1271721422312824e-10,3.9858321294644196e-10,4.865220663865787e-10
conv2,legacy,reconstructed_initialization,12,zero,post_T_free,Layer_3,6,3,0.03,0.0001171875,0,0,36,11520,7.307978665606877e-10,2.082027187698456e-09,1.949556792849567e-09,0.021965683608336953,0.1964733713357087,0.19524163077488807,0.02196568433913482,0.196473373271029,0.19524163264019942,1.059699425700266e-08,False,6.1182515720403785e-09,-0.46873603657486396,0.6382687430529567,-0.4687360419354936,0.638268747664433,0,0,,1.4627745726644139e-09,2.0197056749941056e-09,2.5462169727904726e-09,9.187783605787816e-09,1.0482921351817499e-08,1.2126186579285049e-08
conv2,legacy,reconstructed_initialization,12,negative,post_T_free,Layer_1,6,1,0.03,0.0001171875,0,0,36,7225344,1.1368846971054007e-09,9.051371927343974e-07,9.051364787501889e-07,-0.0010806630039021418,1.899443189678196,1.8994428822637313,-0.0010806618670174447,1.8994431916152807,1.8994428842014632,4.7652764644555964e-07,False,8.310264499655773e-06,-22.5845063230558,28.467513669644653,-22.584503883295604,28.467515659369077,1,7225344,1.3840171485260771e-07,8.867140332501539e-07,9.045169581000055e-07,9.236738653533028e-07,4.4440987794211247e-07,4.799627458175601e-07,5.03825521409134e-07
conv2,legacy,reconstructed_initialization,12,negative,post_T_free,Layer_2,6,2,0.03,0.0001171875,0,0,36,3612672,-3.2431054554563335e-08,6.565515431707242e-05,6.565514630724154e-05,0.0038546997719174306,0.4082904914796686,0.40827229482586463,0.0038546673408628752,0.4082907382168601,0.4082725418802493,0.00016080500449357587,False,0.00027054379868479694,-2.5745224852175905,4.194390635570347,-2.574440284415266,4.194476053474751,203,3612672,5.619109623015873e-05,6.482327713763108e-05,6.564634012216153e-05,6.635481167967304e-05,0.00015039630975574673,0.0001617871998952633,0.00017180602564855754
conv2,legacy,reconstructed_initialization,12,negative,post_T_free,Layer_3,6,3,0.03,0.0001171875,0,0,36,11520,-0.00018306949727692965,0.12222667208260504,0.12222653498298898,0.021965683608336953,0.1964733713357087,0.19524163077488807,0.021782614111060025,0.23190573587944732,0.23088046269937312,0.6221029916250567,False,0.4357524336002818,-0.46873603657486396,0.6382687430529567,-0.8205890567777385,1.0136575448248613,0,0,,0.12092862453914163,0.12216742435534272,0.1238936643623248,0.48564286867013323,0.6347458114956324,0.8059513799884125
conv2,legacy,reconstructed_initialization,12,negative,matched_zero_K,Layer_1,6,1,0.03,0.0001171875,0,0,36,7225344,1.1212614612460798e-09,9.051381723589048e-07,9.051374778639729e-07,-0.0010806629882789056,1.8994431896813038,1.899442882266848,-0.0010806618670174447,1.8994431916152807,1.8994428842014632,4.7652816218776857e-07,False,8.310598921257295e-06,-22.584506322993487,28.467513669824182,-22.584503883295604,28.467515659369077,1,7225344,1.3840171485260771e-07,8.86716602189189e-07,9.045182019189625e-07,9.236727473931747e-07,4.4441107062915475e-07,4.799629640412702e-07,5.038253087813175e-07
conv2,legacy,reconstructed_initialization,12,negative,matched_zero_K,Layer_2,6,2,0.03,0.0001171875,0,0,36,3612672,-3.2464557764018624e-08,6.565515451045895e-05,6.56551464840703e-05,0.0038546998054206395,0.40829049153739677,0.40827229488327904,0.0038546673408628752,0.4082907382168601,0.4082725418802493,0.00016080500494448908,False,0.0002705435039438431,-2.5745224851626767,4.194390635912747,-2.574440284415266,4.194476053474751,203,3612672,5.619109623015873e-05,6.482327742670723e-05,6.564634097451834e-05,6.635481209364612e-05,0.00015039631110461073,0.00016178720016303018,0.00017180602547239897
conv2,legacy,reconstructed_initialization,12,negative,matched_zero_K,Layer_3,6,3,0.03,0.0001171875,0,0,36,11520,-0.00018307022807479608,0.12222667208665394,0.1222265349859433,0.02196568433913482,0.196473373271029,0.19524163264019942,0.021782614111060025,0.23190573587944732,0.23088046269937312,0.6221029855177678,False,0.43575243681659537,-0.4687360419354936,0.638268747664433,-0.8205890567777385,1.0136575448248613,0,0,,0.12092862454257758,0.12216742436063731,0.12389366436714185,0.48564286405161794,0.6347458052180193,0.8059513724889225
conv2,legacy,reconstructed_initialization,12,positive,post_T_free,Layer_1,6,1,0.03,0.0001171875,0,0,36,7225344,-1.0439062243444273e-09,9.052118121695544e-07,9.052112102438212e-07,-0.0010806630039021418,1.899443189678196,1.8994428822637313,-0.0010806640478083676,1.8994431877478717,1.8994428803328127,4.76566931345241e-07,False,8.310928922616867e-06,-22.5845063230558,28.467513669644653,-22.584508762677633,28.467511680279284,1,7225344,1.3840171485260771e-07,8.867810092619666e-07,9.045176816910781e-07,9.237795957835742e-07,4.445159247082971e-07,4.799519048962057e-07,5.039493481766755e-07
conv2,legacy,reconstructed_initialization,12,positive,post_T_free,Layer_2,6,2,0.03,0.0001171875,0,0,36,3612672,3.348315531151351e-08,6.56550908128282e-05,6.565508227486298e-05,0.0038546997719174306,0.4082904914796686,0.40827229482586463,0.003854733255072741,0.4082902555129012,0.4082720585324477,0.00016080484895665906,False,0.00027054320920261166,-2.5745224852175905,4.194390635570347,-2.5746046859485845,4.1943052183507445,199,3612672,5.5083882511337866e-05,6.48247299867149e-05,6.564827695954025e-05,6.635617400017389e-05,0.00015039800904121422,0.00016178277649953776,0.00017180684469104014
conv2,legacy,reconstructed_initialization,12,positive,post_T_free,Layer_3,6,3,0.03,0.0001171875,0,0,36,11520,0.00018307615907849694,0.12222667185665345,0.122226534747059,0.021965683608336953,0.1964733713357087,0.19524163077488807,0.02214875976741545,0.2308723055847291,0.22980742791905978,0.62210299047502,False,0.4357523410007258,-0.46873603657486396,0.6382687430529567,-0.8078777377170411,0.9422352178066433,0,0,,0.12092862288290308,0.12216742396856617,0.12389366744186148,0.4856428755152572,0.6347458409129481,0.8059513671024188
conv2,legacy,reconstructed_initialization,12,positive,matched_zero_K,Layer_1,6,1,0.03,0.0001171875,0,0,36,7225344,-1.0595294602037479e-09,9.052108132099826e-07,9.052101931317394e-07,-0.0010806629882789056,1.8994431896813038,1.899442882266848,-0.0010806640478083676,1.8994431877478717,1.8994428803328127,4.7656640542213985e-07,False,8.310594501015345e-06,-22.584506322993487,28.467513669824182,-22.584508762677633,28.467511680279284,1,7225344,1.3840171485260771e-07,8.867784732831134e-07,9.045164446686466e-07,9.237806789306071e-07,4.445146994619233e-07,4.799516629983556e-07,5.039495439312366e-07
conv2,legacy,reconstructed_initialization,12,positive,matched_zero_K,Layer_2,6,2,0.03,0.0001171875,0,0,36,3612672,3.344965210205823e-08,6.565509061711842e-05,6.56550820962308e-05,0.0038546998054206395,0.40829049153739677,0.40827229488327904,0.003854733255072741,0.4082902555129012,0.4082720585324477,0.00016080484845458332,False,0.0002705435039435655,-2.5745224851626767,4.194390635912747,-2.5746046859485845,4.1943052183507445,199,3612672,5.5083882511337866e-05,6.482472969477477e-05,6.5648276105994e-05,6.635617359188406e-05,0.00015039800761174215,0.0001617827761647217,0.0001718068448035674
conv2,legacy,reconstructed_initialization,12,positive,matched_zero_K,Layer_3,6,3,0.03,0.0001171875,0,0,36,11520,0.00018307542828063046,0.12222667185260448,0.12222653474410462,0.02196568433913482,0.196473373271029,0.19524163264019942,0.02214875976741545,0.2308723055847291,0.22980742791905978,0.6221029843265149,False,0.43575233778441225,-0.4687360419354936,0.638268747664433,-0.8078777377170411,0.9422352178066433,0,0,,0.12092862287946718,0.12216742396327136,0.12389366743704434,0.48564287085427793,0.6347458345960315,0.8059513595754686
conv2,legacy,reconstructed_initialization,12,positive_minus_negative,negative_phase,Layer_1,6,1,0.03,0.0001171875,0,0,36,7225344,-2.1807909214498274e-09,1.8103156654989804e-06,1.8103143519571327e-06,-0.0010806618670174447,1.8994431916152807,1.8994428842014632,-0.0010806640478083676,1.8994431877478717,1.8994428803328127,9.530770246197748e-07,False,1.662119342227264e-05,-22.584503883295604,28.467515659369077,-22.584508762677633,28.467511680279284,2,7225344,2.7680342970521543e-07,1.7734416906188694e-06,1.8089909517938211e-06,1.847389596077297e-06,8.889082551866692e-07,9.599000805075606e-07,1.007765833081753e-06
conv2,legacy,reconstructed_initialization,12,positive_minus_negative,negative_phase,Layer_2,6,2,0.03,0.0001171875,0,0,36,3612672,6.591420986607686e-08,0.00013130768918410748,0.00013130767264020452,0.0038546673408628752,0.4082907382168601,0.4082725418802493,0.003854733255072741,0.4082902555129012,0.4082720585324477,0.00032160339898370296,False,0.0005410870078874086,-2.574440284415266,4.194476053474751,-2.5746046859485845,4.1943052183507445,402,3612672,0.0001112749787414966,0.00012964456070530558,0.00013129231859774349,0.00013270828702949624,0.0003007880994820467,0.0003235618536483332,0.000343609498507449
conv2,legacy,reconstructed_initialization,12,positive_minus_negative,negative_phase,Layer_3,6,3,0.03,0.0001171875,0,0,36,11520,0.00036614565635542656,0.24445334393924673,0.24445306973003628,0.021782614111060025,0.23190573587944732,0.23088046269937312,0.02214875976741545,0.2308723055847291,0.22980742791905978,1.054106501558556,False,0.8715047746010076,-0.8205890567777385,1.0136575448248613,-0.8078777377170411,0.9422352178066433,0,0,,0.2418572474220262,0.24433484832390034,0.2477873318041739,0.8735785568085344,1.069229803656651,1.2510199010274503
conv3,baseline,reconstructed_initialization,24,zero,post_T_free,Layer_1,8,1,10,10.0,0,0,36,7225344,7.328679006293932e-19,3.549662550950593e-17,3.5489059260599374e-17,-0.004508255231187308,6.826719202548934,6.826717713959258,-0.004508255231187308,6.826719202548934,6.826717713959258,5.199660987411396e-18,False,2.842170943040401e-14,-81.45423929588289,102.12705649728521,-81.45423929588289,102.12705649728521,0,7225344,0.0,2.5382323015217805e-17,3.353524495421147e-17,4.8941284173642844e-17,3.89633105091653e-18,5.0204513156377015e-18,6.891282975823472e-18
conv3,baseline,reconstructed_initialization,24,zero,post_T_free,Layer_2,8,2,10,10.0,0,0,36,3612672,4.196897370115988e-19,4.384395491828194e-18,4.364262177437387e-18,-0.002769978113313873,0.10356552299453968,0.10352847325438683,-0.0027699781133138724,0.10356552299453968,0.10352847325438683,4.2334508290556825e-17,False,3.3306690738754696e-16,-0.6677614090705055,1.2247018823916276,-0.6677614090705055,1.2247018823916276,0,3612672,0.0,3.4950497101110406e-18,4.29686667467139e-18,5.060608663062108e-18,3.469725801790744e-17,4.1795386535490624e-17,4.693641128975711e-17
conv3,baseline,reconstructed_initialization,24,zero,post_T_free,Layer_3,8,3,10,10.0,0,0,36,7225344,8.764391629261254e-19,3.5010086436899706e-18,3.3895303386872403e-18,0.0016518886600963751,0.02322207831518813,0.023163250746200886,0.001651888660096376,0.02322207831518813,0.023163250746200886,1.5076207203212197e-16,False,9.71445146547012e-17,-0.055104675261599095,0.18026002573523084,-0.055104675261599095,0.18026002573523087,0,7225344,0.0,2.723866492297585e-18,3.4282153765015486e-18,4.244282012692919e-18,1.2791494692630398e-16,1.489090707019244e-16,1.6655632826274996e-16
conv3,baseline,reconstructed_initialization,24,zero,post_T_free,Layer_4,8,4,10,10.0,0,0,36,11520,8.686590972520274e-19,1.988240313440351e-18,1.7884437136098744e-18,0.0016866242863316748,0.006000528561229621,0.005758614549602065,0.0016866242863316759,0.0060005285612296224,0.005758614549602066,3.3134419629075533e-16,False,1.3877787807814457e-17,-0.01180758956001118,0.018281367794101826,-0.01180758956001118,0.01828136779410183,0,0,,1.50210333574982e-18,1.957972609095231e-18,2.5858215813589153e-18,2.6802585074794993e-16,3.3629874313915245e-16,3.791360518552339e-16
conv3,baseline,reconstructed_initialization,24,negative,post_T_free,Layer_1,8,1,10,10.0,0,0,36,7225344,-1.131836909406922e-08,4.869960061899502e-07,4.868644622130602e-07,-0.004508255231187308,6.826719202548934,6.826717713959258,-0.004508266549556409,6.82671920060069,6.82671771200354,7.133675660896048e-08,False,3.2770314084551444e-06,-81.45423929588289,102.12705649728521,-81.4542390911751,102.12705684585197,0,7225344,0.0,4.4574331494568833e-07,4.880143363792558e-07,5.22139304450741e-07,6.55248176310792e-08,7.055591476662161e-08,7.941991244146749e-08
conv3,baseline,reconstructed_initialization,24,negative,post_T_free,Layer_2,8,2,10,10.0,0,0,36,3612672,-3.219544555020852e-08,2.279320112189671e-06,2.2790927201669872e-06,-0.002769978113313873,0.10356552299453968,0.10352847325438683,-0.002770010308759423,0.10356545300019777,0.10352840237357834,2.2008483579133226e-05,False,1.5481054796651073e-05,-0.6677614090705055,1.2247018823916276,-0.6677617371527497,1.2246967649840348,22,3612672,6.0896754535147395e-06,2.2025376435392482e-06,2.2830645494073105e-06,2.3463435161974203e-06,2.03505000255818e-05,2.2059230490423555e-05,2.3579624866233567e-05
conv3,baseline,reconstructed_initialization,24,negative,post_T_free,Layer_3,8,3,10,10.0,0,0,36,7225344,-1.607636686574958e-07,0.00012006313916829861,0.0001200630315375598,0.0016518886600963751,0.02322207831518813,0.023163250746200886,0.0016517278964277178,0.023222062079112527,0.023163245933208898,0.00517021506596904,False,0.00041398133653442956,-0.055104675261599095,0.18026002573523084,-0.055108409921818445,0.18042984737942386,8313,7225344,0.0011505334555697278,0.00011965738444540908,0.00012004104262606174,0.00012052991550384629,0.004702406936328179,0.005203239907049958,0.005742219594694206
conv3,baseline,reconstructed_initialization,24,negative,post_T_free,Layer_4,8,4,10,10.0,0,0,36,11520,-4.928398327688336e-05,0.1127735017693135,0.11277349100033371,0.0016866242863316748,0.006000528561229621,0.005758614549602065,0.0016373403030547915,0.11292319631424629,0.11291132530688762,18.793928004602996,False,0.3663132620642911,-0.01180758956001118,0.018281367794101826,-0.37124370774219734,0.38346773596401085,0,0,,0.1124477764130125,0.1127632779020745,0.11309961599730359,14.128382971173,18.947822521555864,25.220063166756244
conv3,baseline,reconstructed_initialization,24,negative,matched_zero_K,Layer_1,8,1,10,10.0,0,0,36,7225344,-1.1318369094802087e-08,4.869960061899735e-07,4.868644622130666e-07,-0.004508255231187308,6.826719202548934,6.826717713959258,-0.004508266549556409,6.82671920060069,6.82671771200354,7.133675660896391e-08,False,3.2770314084551444e-06,-81.45423929588289,102.12705649728521,-81.4542390911751,102.12705684585197,0,7225344,0.0,4.4574331494575773e-07,4.880143363791432e-07,5.221393044506678e-07,6.55248176311297e-08,7.055591476658601e-08,7.941991244148962e-08
conv3,baseline,reconstructed_initialization,24,negative,matched_zero_K,Layer_2,8,2,10,10.0,0,0,36,3612672,-3.219544555062821e-08,2.2793201121896736e-06,2.2790927201669843e-06,-0.0027699781133138724,0.10356552299453968,0.10352847325438683,-0.002770010308759423,0.10356545300019777,0.10352840237357834,2.2008483579133253e-05,False,1.5481054796651073e-05,-0.6677614090705055,1.2247018823916276,-0.6677617371527497,1.2246967649840348,22,3612672,6.0896754535147395e-06,2.2025376435392736e-06,2.2830645494073376e-06,2.346343516197449e-06,2.0350500025582056e-05,2.2059230490423592e-05,2.3579624866234065e-05
conv3,baseline,reconstructed_initialization,24,negative,matched_zero_K,Layer_3,8,3,10,10.0,0,0,36,7225344,-1.6076366865837222e-07,0.00012006313916829861,0.0001200630315375598,0.001651888660096376,0.02322207831518813,0.023163250746200886,0.0016517278964277178,0.023222062079112527,0.023163245933208898,0.00517021506596904,False,0.00041398133653442956,-0.055104675261599095,0.18026002573523087,-0.055108409921818445,0.18042984737942386,8313,7225344,0.0011505334555697278,0.00011965738444540908,0.00012004104262606175,0.00012052991550384629,0.004702406936328179,0.005203239907049958,0.005742219594694205
conv3,baseline,reconstructed_initialization,24,negative,matched_zero_K,Layer_4,8,4,10,10.0,0,0,36,11520,-4.9283983276884274e-05,0.1127735017693135,0.11277349100033371,0.0016866242863316759,0.0060005285612296224,0.005758614549602066,0.0016373403030547915,0.11292319631424629,0.11291132530688762,18.793928004602993,False,0.3663132620642911,-0.01180758956001118,0.01828136779410183,-0.37124370774219734,0.38346773596401085,0,0,,0.1124477764130125,0.1127632779020745,0.11309961599730359,14.128382971172996,18.947822521555857,25.22006316675624
conv3,baseline,reconstructed_initialization,24,positive,post_T_free,Layer_1,8,1,10,10.0,0,0,36,7225344,1.104206410665595e-08,4.869232671878637e-07,4.867980494508664e-07,-0.004508255231187308,6.826719202548934,6.826717713959258,-0.004508244189123203,6.826719204519291,6.826717715936908,7.132610156369961e-08,False,3.2189594030285207e-06,-81.45423929588289,102.12705649728521,-81.4542396143623,102.12705614751043,0,7225344,0.0,4.44520047369782e-07,4.883570649233802e-07,5.230658635454027e-07,6.556118423067676e-08,7.051334447483814e-08,7.93342050399899e-08
conv3,baseline,reconstructed_initialization,24,positive,post_T_free,Layer_2,8,2,10,10.0,0,0,36,3612672,3.156789246213793e-08,2.279193157545022e-06,2.278974532013367e-06,-0.002769978113313873,0.10356552299453968,0.10352847325438683,-0.0027699465454214104,0.10356559316733273,0.10352854429690869,2.2007257740253854e-05,False,1.5476148614128327e-05,-0.6677614090705055,1.2247018823916276,-0.6677607284424424,1.2247070000133626,30,3612672,8.304102891156463e-06,2.203997770367856e-06,2.282330337806569e-06,2.3489074222787294e-06,2.0378574564993714e-05,2.204375372125474e-05,2.3565274949648632e-05
conv3,baseline,reconstructed_initialization,24,positive,post_T_free,Layer_3,8,3,10,10.0,0,0,36,7225344,1.585197138122657e-07,0.00012006209804166152,0.00012006199339368757,0.0016518886600963751,0.02322207831518813,0.023163250746200886,0.0016520471798101876,0.023222715691376742,0.02316387843600887,0.005170170232486741,False,0.0004141237817511523,-0.055104675261599095,0.18026002573523084,-0.055100903100112696,0.18009019542585464,8286,7225344,0.0011467966092687076,0.00011963340820909024,0.00012005884393604294,0.00012054140860552257,0.004703457749999394,0.005203122535633267,0.005741895970665348
conv3,baseline,reconstructed_initialization,24,positive,post_T_free,Layer_4,8,4,10,10.0,0,0,36,11520,4.9282305581278414e-05,0.11277350146076247,0.11277349069251581,0.0016866242863316748,0.006000528561229621,0.005758614549602065,0.0017359065919129535,0.11294286050586419,0.11292951946923023,18.793927953182354,False,0.36631317592988466,-0.01180758956001118,0.018281367794101826,-0.3772242319269283,0.3813305922876996,0,0,,0.11244776930451275,0.11276328081494208,0.11309961487027428,14.128384028466797,18.947821966217816,25.220062098404476
conv3,baseline,reconstructed_initialization,24,positive,matched_zero_K,Layer_1,8,1,10,10.0,0,0,36,7225344,1.1042064105923081e-08,4.869232671878425e-07,4.867980494508618e-07,-0.004508255231187308,6.826719202548934,6.826717713959258,-0.004508244189123203,6.826719204519291,6.826717715936908,7.13261015636965e-08,False,3.2189594030285207e-06,-81.45423929588289,102.12705649728521,-81.4542396143623,102.12705614751043,0,7225344,0.0,4.445200473697233e-07,4.88357064923362e-07,5.230658635453707e-07,6.556118423062595e-08,7.051334447486503e-08,7.933420503999522e-08
conv3,baseline,reconstructed_initialization,24,positive,matched_zero_K,Layer_2,8,2,10,10.0,0,0,36,3612672,3.1567892461718236e-08,2.2791931575450193e-06,2.2789745320133705e-06,-0.0027699781133138724,0.10356552299453968,0.10352847325438683,-0.0027699465454214104,0.10356559316733273,0.10352854429690869,2.200725774025383e-05,False,1.5476148614128327e-05,-0.6677614090705055,1.2247018823916276,-0.6677607284424424,1.2247070000133626,30,3612672,8.304102891156463e-06,2.203997770367823e-06,2.2823303378065426e-06,2.348907422278718e-06,2.037857456499339e-05,2.204375372125451e-05,2.3565274949648165e-05
conv3,baseline,reconstructed_initialization,24,positive,matched_zero_K,Layer_3,8,3,10,10.0,0,0,36,7225344,1.5851971381138926e-07,0.00012006209804166152,0.00012006199339368757,0.001651888660096376,0.02322207831518813,0.023163250746200886,0.0016520471798101876,0.023222715691376742,0.02316387843600887,0.005170170232486741,False,0.00041412378175115184,-0.055104675261599095,0.18026002573523087,-0.055100903100112696,0.18009019542585464,8286,7225344,0.0011467966092687076,0.00011963340820909023,0.00012005884393604291,0.00012054140860552257,0.004703457749999392,0.005203122535633266,0.005741895970665348
conv3,baseline,reconstructed_initialization,24,positive,matched_zero_K,Layer_4,8,4,10,10.0,0,0,36,11520,4.928230558127754e-05,0.11277350146076247,0.11277349069251581,0.0016866242863316759,0.0060005285612296224,0.005758614549602066,0.0017359065919129535,0.11294286050586419,0.11292951946923023,18.79392795318235,False,0.36631317592988466,-0.01180758956001118,0.01828136779410183,-0.3772242319269283,0.3813305922876996,0,0,,0.11244776930451275,0.11276328081494208,0.11309961487027428,14.128384028466792,18.947821966217813,25.220062098404473
conv3,baseline,reconstructed_initialization,24,positive_minus_negative,negative_phase,Layer_1,8,1,10,10.0,0,0,36,7225344,2.2360433200725168e-08,9.734102930057704e-07,9.731534357729286e-07,-0.004508266549556409,6.82671920060069,6.82671771200354,-0.004508244189123203,6.826719204519291,6.826717715936908,1.4258830111543464e-07,False,6.495990811483665e-06,-81.4542390911751,102.12705684585197,-81.4542396143623,102.12705614751043,0,7225344,0.0,8.890149886327557e-07,9.754846258131949e-07,1.0435543625436184e-06,1.3099572168022393e-07,1.4088628720828658e-07,1.5868908803942367e-07
conv3,baseline,reconstructed_initialization,24,positive_minus_negative,negative_phase,Layer_2,8,2,10,10.0,0,0,36,3612672,6.376333801234644e-08,4.556403423329431e-06,4.555957242210871e-06,-0.002770010308759423,0.10356545300019777,0.10352840237357834,-0.0027699465454214104,0.10356559316733273,0.10352854429690869,4.3995398961087245e-05,False,3.09572034107794e-05,-0.6677617371527497,1.2246967649840348,-0.6677607284424424,1.2247070000133626,52,3612672,1.4393778344671202e-05,4.404463592135773e-06,4.5631496466554446e-06,4.693802193390341e-06,4.07125683097543e-05,4.4084693669167334e-05,4.712789856611622e-05
conv3,baseline,reconstructed_initialization,24,positive_minus_negative,negative_phase,Layer_3,8,3,10,10.0,0,0,36,7225344,3.192833824697615e-07,0.0002400253651382253,0.00024002515278166177,0.0016517278964277178,0.023222062079112527,0.023163245933208898,0.0016520471798101876,0.023222715691376742,0.02316387843600887,0.010336091787219885,False,0.0008279604523861867,-0.055108409921818445,0.18042984737942386,-0.055100903100112696,0.18009019542585464,16599,7225344,0.002297330064838435,0.00023919616918977195,0.0002399945460990099,0.00024098744207035153,0.009402679258811332,0.010402002779699963,0.01147787371272943
conv3,baseline,reconstructed_initialization,24,positive_minus_negative,negative_phase,Layer_4,8,4,10,10.0,0,0,36,11520,9.856628885816179e-05,0.2255470032300461,0.22554698169281964,0.0016373403030547915,0.11292319631424629,0.11291132530688762,0.0017359065919129535,0.11294286050586419,0.11292951946923023,1.9973487342882736,False,0.7326264379941758,-0.37124370774219734,0.38346773596401085,-0.3772242319269283,0.3813305922876996,0,0,,0.22489554571749598,0.2255265587169893,0.22619923086754481,1.9951052670796732,1.9973627185612899,1.9989273609671814
conv3,baseline,best_validation,24,zero,post_T_free,Layer_1,8,1,10,10.0,0,24,36,7225344,9.233537555707066e-15,1.1225651929226694e-13,1.1187612751531243e-13,-2.8726785518663407,49.78723608863016,49.70429151776177,-2.8726785518663314,49.787236088630166,49.70429151776177,2.254724867482708e-15,False,2.4348745242264158e-11,-251.05602604996113,291.0429384008281,-251.05602604996105,291.0429384008281,0,7225344,0.0,6.007575554640015e-14,9.205154654897924e-14,1.8426152592787777e-13,1.240653558317519e-15,1.833404897244209e-15,3.630561232904724e-15
conv3,baseline,best_validation,24,zero,post_T_free,Layer_2,8,2,10,10.0,0,24,36,3612672,1.1309159554255598e-14,9.98181186374646e-14,9.917539875644235e-14,-0.8164204860727523,20.536654257136117,20.520419724437115,-0.816420486072741,20.536654257136124,20.520419724437122,4.86048590912902e-15,False,1.7321033496386917e-11,-120.12003201810666,154.7829109696655,-120.12003201810658,154.78291096966552,0,3612672,0.0,5.1224247524127914e-14,7.999052128573322e-14,1.6823746398203942e-13,2.6035042723769036e-15,3.8040860814570306e-15,8.076517029986299e-15
conv3,baseline,best_validation,24,zero,post_T_free,Layer_3,8,3,10,10.0,0,24,36,7225344,6.2891285279979515e-15,4.8016165160570747e-14,4.760251021832284e-14,-0.19783606568814976,1.413849392086713,1.3999396396334387,-0.19783606568814346,1.413849392086719,1.3999396396334456,3.3961301273895416e-14,False,1.411493144587439e-11,-18.52844257340146,25.482333351717543,-18.528442573401453,25.482333351718506,0,7225344,0.0,2.6834265697779596e-14,4.228090470882141e-14,7.310011270385845e-14,1.9097526822169868e-14,2.948105528425762e-14,5.149080160951867e-14
conv3,baseline,best_validation,24,zero,post_T_free,Layer_4,8,4,10,10.0,0,24,36,11520,7.872842235515021e-15,1.0721963514088072e-14,7.27865761882826e-15,-0.16419462920269132,0.3508556550602575,0.3100642101706566,-0.16419462920268343,0.3508556550602556,0.31006421017065866,3.055947184960332e-14,False,1.017519402068956e-13,-1.5155954685801662,1.1346495732824624,-1.5155954685801658,1.1346495732825204,0,0,,7.702123481815015e-15,1.0706681095539918e-14,1.4399778014885562e-14,1.934201461083578e-14,3.1414910363362966e-14,4.281601181995675e-14
conv3,baseline,best_validation,24,negative,post_T_free,Layer_1,8,1,10,10.0,0,24,36,7225344,-2.2800200126847218e-09,4.579764960337061e-07,4.5797082049848215e-07,-2.8726785518663407,49.78723608863016,49.70429151776177,-2.872678554146361,49.78723608497718,49.704291513970915,9.198672832900912e-09,False,4.3995002677377215e-05,-251.05602604996113,291.0429384008281,-251.05602616550567,291.04293832548063,0,7225344,0.0,3.075135874431725e-07,4.2696351751338165e-07,6.04176859533818e-07,6.371498530508702e-09,8.558326577311605e-09,1.2374223282035732e-08
conv3,baseline,best_validation,24,negative,post_T_free,Layer_2,8,2,10,10.0,0,24,36,3612672,-1.9249573721076795e-08,2.443161210989329e-06,2.443085376484907e-06,-0.8164204860727523,20.536654257136117,20.520419724437115,-0.816420505322326,20.536654247259452,20.520419713786776,1.1896588316669812e-07,False,0.00020884092897749396,-120.12003201810666,154.7829109696655,-120.12003236838059,154.7829102790158,3,3612672,8.304102891156462e-07,1.6304002951590232e-06,2.312850297463e-06,3.2294350556123105e-06,8.14253273889159e-08,1.1108503675073784e-07,1.6072012519966256e-07
conv3,baseline,best_validation,24,negative,post_T_free,Layer_3,8,3,10,10.0,0,24,36,7225344,-4.382475073774273e-08,4.499350357324388e-05,4.499348223006009e-05,-0.19783606568814976,1.413849392086713,1.3999396396334387,-0.1978361095129005,1.4138492177183701,1.3999394573393689,3.1823406244732735e-05,False,0.006255874949208762,-18.52844257340146,25.482333351717543,-18.528445034752874,25.482364311665947,16,7225344,2.2144274376417234e-06,3.1409559000616036e-05,4.219277182285316e-05,6.067746337739847e-05,2.1964007538423118e-05,3.099081388291367e-05,4.369387474613706e-05
conv3,baseline,best_validation,24,negative,post_T_free,Layer_4,8,4,10,10.0,0,24,36,11520,-1.455572436240867e-05,0.0020441681126774493,0.0020441162892006833,-0.16419462920269132,0.3508556550602575,0.3100642101706566,-0.16420918492705372,0.3508423250879238,0.3100414176504376,0.005826236753477367,False,0.024902507031240834,-1.5155954685801662,1.1346495732824624,-1.514697431740989,1.135839682887077,0,0,,0.0014584504746831281,0.001957852384803125,0.002754399223821883,0.003415900845548052,0.005931382637439447,0.008792148791763658
conv3,baseline,best_validation,24,negative,matched_zero_K,Layer_1,8,1,10,10.0,0,24,36,7225344,-2.280029246222277e-09,4.5797649786547595e-07,4.579708222843052e-07,-2.8726785518663314,49.787236088630166,49.70429151776177,-2.872678554146361,49.78723608497718,49.704291513970915,9.198672869692868e-09,False,4.399500267027179e-05,-251.05602604996105,291.0429384008281,-251.05602616550567,291.04293832548063,0,7225344,0.0,3.0751358409315823e-07,4.2696351786330626e-07,6.041768613462352e-07,6.371498462955211e-09,8.55832657484167e-09,1.2374223319292092e-08
conv3,baseline,best_validation,24,negative,matched_zero_K,Layer_2,8,2,10,10.0,0,24,36,3612672,-1.9249585030236354e-08,2.4431612119669514e-06,2.4430853773734528e-06,-0.816420486072741,20.536654257136124,20.520419724437122,-0.816420505322326,20.536654247259452,20.520419713786776,1.1896588321430184e-07,False,0.00020884092897954787,-120.12003201810658,154.78291096966552,-120.12003236838059,154.7829102790158,3,3612672,8.304102891156462e-07,1.6304002935823972e-06,2.312850300913985e-06,3.2294350564999325e-06,8.1425327311505e-08,1.1108503665468233e-07,1.6072012524394642e-07
conv3,baseline,best_validation,24,negative,matched_zero_K,Layer_3,8,3,10,10.0,0,24,36,7225344,-4.382475702687127e-08,4.499350357343764e-05,4.4993482230247726e-05,-0.19783606568814346,1.413849392086719,1.3999396396334456,-0.1978361095129005,1.4138492177183701,1.3999394573393689,3.182340624486964e-05,False,0.006255874949226525,-18.528442573401453,25.482333351718506,-18.528445034752874,25.482364311665947,16,7225344,2.2144274376417234e-06,3.140955900041484e-05,4.219277182282959e-05,6.06774633775755e-05,2.1964007538276337e-05,3.099081388291233e-05,4.369387474626513e-05
conv3,baseline,best_validation,24,negative,matched_zero_K,Layer_4,8,4,10,10.0,0,24,36,11520,-1.4555724370281513e-05,0.0020441681126777012,0.002044116289200879,-0.16419462920268343,0.3508556550602556,0.31006421017065866,-0.16420918492705372,0.3508423250879238,0.3100414176504376,0.005826236753478115,False,0.024902507031245052,-1.5155954685801658,1.1346495732825204,-1.514697431740989,1.135839682887077,0,0,,0.0014584504746831246,0.001957852384803672,0.0027543992238221395,0.0034159008455465316,0.005931382637441027,0.008792148791765026
conv3,baseline,best_validation,24,positive,post_T_free,Layer_1,8,1,10,10.0,0,24,36,7225344,2.286401649100855e-09,4.579709868390481e-07,4.5796527941955447e-07,-2.8726785518663407,49.78723608863016,49.70429151776177,-2.872678549579939,49.78723609228659,49.70429152155644,9.198562178140961e-09,False,4.399500265606093e-05,-251.05602604996113,291.0429384008281,-251.05602593441645,291.0429384761756,0,7225344,0.0,3.075184275007549e-07,4.2696351818829046e-07,6.041616765469595e-07,6.3715990480963856e-09,8.558187609203304e-09,1.2373914808341994e-08
conv3,baseline,best_validation,24,positive,post_T_free,Layer_2,8,2,10,10.0,0,24,36,3612672,1.9292295545055454e-08,2.4431402816213997e-06,2.443064109476805e-06,-0.8164204860727523,20.536654257136117,20.520419724437115,-0.8164204667804568,20.53665426701451,20.52041973509088,1.1896486404412502e-07,False,0.00020884045329705447,-120.12003201810666,154.7829109696655,-120.12003166783249,154.7829116603152,1,3612672,2.7680342970521543e-07,1.6304080268895174e-06,2.3128503043222783e-06,3.229076241314234e-06,8.142570992188663e-08,1.1108503655723106e-07,1.6070230388110452e-07
conv3,baseline,best_validation,24,positive,post_T_free,Layer_3,8,3,10,10.0,0,24,36,7225344,4.3942713760954564e-08,4.49925147904159e-05,4.499249333170703e-05,-0.19783606568814976,1.413849392086713,1.3999396396334387,-0.197836021745436,1.4138495678921832,1.3999398233955818,3.182270688960091e-05,False,0.006255874532908878,-18.52844257340146,25.482333351717543,-18.528440112050024,25.48230239177094,11,7225344,1.5224188633786849e-06,3.140955976061452e-05,4.2189113935040736e-05,6.0676607878731475e-05,2.1964008079442468e-05,3.09880222407192e-05,4.369326222216052e-05
conv3,baseline,best_validation,24,positive,post_T_free,Layer_4,8,4,10,10.0,0,24,36,11520,1.45559919556925e-05,0.0020441672078816745,0.0020441153824764754,-0.16419462920269132,0.3508556550602575,0.3100642101706566,-0.16418007321073563,0.35088089365180375,0.3101004757984191,0.005826234174651112,False,0.024902507031249105,-1.5155954685801662,1.1346495732824624,-1.516493505419342,1.133459463677963,0,0,,0.0014584504751939409,0.0019578524596844784,0.0027543966796259693,0.0034159008493919495,0.005931366619749356,0.008792150563788646
conv3,baseline,best_validation,24,positive,matched_zero_K,Layer_1,8,1,10,10.0,0,24,36,7225344,2.2863924155632994e-09,4.579709850069321e-07,4.579652776335141e-07,-2.8726785518663314,49.787236088630166,49.70429151776177,-2.872678549579939,49.78723609228659,49.70429152155644,9.19856214134205e-09,False,4.399500266316636e-05,-251.05602604996105,291.0429384008281,-251.05602593441645,291.0429384761756,0,7225344,0.0,3.0751843085044486e-07,4.269635178383425e-07,6.041616747320552e-07,6.37159911564318e-09,8.558187611677408e-09,1.2373914771034816e-08
conv3,baseline,best_validation,24,positive,matched_zero_K,Layer_2,8,2,10,10.0,0,24,36,3612672,1.92922842358959e-08,2.4431402806435853e-06,2.443064108588266e-06,-0.816420486072741,20.536654257136124,20.520419724437122,-0.8164204667804568,20.53665426701451,20.52041973509088,1.1896486399651186e-07,False,0.00020884045329500056,-120.12003201810658,154.78291096966552,-120.12003166783249,154.7829116603152,1,3612672,2.7680342970521543e-07,1.6304080284660212e-06,2.3128503008712865e-06,3.2290762404251025e-06,8.142570999929143e-08,1.1108503665328635e-07,1.607023038367455e-07
conv3,baseline,best_validation,24,positive,matched_zero_K,Layer_3,8,3,10,10.0,0,24,36,7225344,4.394270747182604e-08,4.499251479022212e-05,4.499249333151938e-05,-0.19783606568814346,1.413849392086719,1.3999396396334456,-0.197836021745436,1.4138495678921832,1.3999398233955818,3.182270688946372e-05,False,0.006255874532891115,-18.528442573401453,25.482333351718506,-18.528440112050024,25.48230239177094,11,7225344,1.5224188633786849e-06,3.140955976081572e-05,4.2189113935064405e-05,6.067660787855439e-05,2.1964008079589052e-05,3.098802224072041e-05,4.3693262222032076e-05
conv3,baseline,best_validation,24,positive,matched_zero_K,Layer_4,8,4,10,10.0,0,24,36,11520,1.4555991947819657e-05,0.002044167207881423,0.00204411538247628,-0.16419462920268343,0.3508556550602556,0.31006421017065866,-0.16418007321073563,0.35088089365180375,0.3101004757984191,0.005826234174650426,False,0.024902507031244886,-1.5155954685801658,1.1346495732825204,-1.516493505419342,1.133459463677963,0,0,,0.0014584504751939443,0.001957852459683932,0.0027543966796257134,0.0034159008493934977,0.005931366619747921,0.008792150563787337
conv3,baseline,best_validation,24,positive_minus_negative,negative_phase,Layer_1,8,1,10,10.0,0,24,36,7225344,4.5664216617855765e-09,9.159466488224486e-07,9.159352658797895e-07,-2.872678554146361,49.78723608497718,49.704291513970915,-2.872678549579939,49.78723609228659,49.70429152155644,1.8397218260099935e-08,False,8.799000533343815e-05,-251.05602616550567,291.04293832548063,-251.05602593441645,291.0429384761756,0,7225344,0.0,6.150318522592587e-07,8.539270357016488e-07,1.2083371851984929e-06,1.2743094200268656e-08,1.7116461358652468e-08,2.4748110467607427e-08
conv3,baseline,best_validation,24,positive_minus_negative,negative_phase,Layer_2,8,2,10,10.0,0,24,36,3612672,3.854186926613225e-08,4.886295282427173e-06,4.886143275773186e-06,-0.816420505322326,20.536654247259452,20.520419713786776,-0.8164204667804568,20.53665426701451,20.52041973509088,2.3793044493015373e-07,False,0.00041768138227454843,-120.12003236838059,154.7829102790158,-120.12003166783249,154.7829116603152,4,3612672,1.1072137188208617e-06,3.2608065089991415e-06,4.625700601785271e-06,6.458497684197532e-06,1.628509477349762e-07,2.2217007318186685e-07,3.214217529073763e-07
conv3,baseline,best_validation,24,positive_minus_negative,negative_phase,Layer_3,8,3,10,10.0,0,24,36,7225344,8.776746449869729e-08,8.998564844705618e-05,8.998560564506615e-05,-0.1978361095129005,1.4138492177183701,1.3999394573393689,-0.197836021745436,1.4138495678921832,1.3999398233955818,6.364585934578829e-05,False,0.01251174948211764,-18.528445034752874,25.482364311665947,-18.528440112050024,25.48230239177094,27,7225344,3.736846301020408e-06,6.281911876113879e-05,8.438021589955876e-05,0.00012135352494468297,4.392802021814521e-05,6.197762361263604e-05,8.738679094422372e-05
conv3,baseline,best_validation,24,positive_minus_negative,negative_phase,Layer_4,8,4,10,10.0,0,24,36,11520,2.911171631810117e-05,0.004088335320511359,0.004088231671629402,-0.16420918492705372,0.3508423250879238,0.3100414176504376,-0.16418007321073563,0.35088089365180375,0.3101004757984191,0.011652913654265604,False,0.04980501406248994,-1.514697431740989,1.135839682887077,-1.516493505419342,1.133459463677963,0,0,,0.002916900949877069,0.003915704844487574,0.0055087959033743705,0.006831734684112144,0.011868449044707685,0.01758539758102903
conv3,legacy,reconstructed_initialization,24,zero,post_T_free,Layer_1,8,1,0.001,2.44140625e-07,0,0,36,7225344,7.328679006293932e-19,3.549662550950593e-17,3.5489059260599374e-17,-0.004508255231187308,6.826719202548934,6.826717713959258,-0.004508255231187308,6.826719202548934,6.826717713959258,5.199660987411396e-18,False,2.842170943040401e-14,-81.45423929588289,102.12705649728521,-81.45423929588289,102.12705649728521,0,7225344,0.0,2.5382323015217805e-17,3.353524495421147e-17,4.8941284173642844e-17,3.89633105091653e-18,5.0204513156377015e-18,6.891282975823472e-18
conv3,legacy,reconstructed_initialization,24,zero,post_T_free,Layer_2,8,2,0.001,2.44140625e-07,0,0,36,3612672,1.6787589480463953e-18,1.7537581967312776e-17,1.745704870974955e-17,-0.011079912453255491,0.4142620919781587,0.4141138930175473,-0.01107991245325549,0.4142620919781587,0.4141138930175473,4.2334508290556825e-17,False,1.3322676295501878e-15,-2.671045636282022,4.89880752956651,-2.671045636282022,4.89880752956651,0,3612672,0.0,1.3980198840444162e-17,1.718746669868556e-17,2.024243465224843e-17,3.469725801790744e-17,4.1795386535490624e-17,4.693641128975711e-17
conv3,legacy,reconstructed_initialization,24,zero,post_T_free,Layer_3,8,3,0.001,2.44140625e-07,0,0,36,7225344,1.4023026606818007e-17,5.601613829903953e-17,5.4232485418995844e-17,0.026430218561542002,0.37155325304301007,0.37061201193921417,0.026430218561542016,0.37155325304301007,0.37061201193921417,1.5076207203212197e-16,False,1.5543122344752192e-15,-0.8816748041855855,2.8841604117636934,-0.8816748041855855,2.884160411763694,0,7225344,0.0,4.358186387676136e-17,5.485144602402478e-17,6.790851220308671e-17,1.2791494692630398e-16,1.489090707019244e-16,1.6655632826274996e-16
conv3,legacy,reconstructed_initialization,24,zero,post_T_free,Layer_4,8,4,0.001,2.44140625e-07,0,0,36,11520,5.559418222412975e-17,1.2724738006018247e-16,1.1446039767103196e-16,0.10794395432522719,0.3840338279186957,0.36855133117453215,0.10794395432522726,0.38403382791869584,0.3685513311745322,3.3134419629075533e-16,False,8.881784197001252e-16,-0.7556857318407155,1.1700075388225168,-0.7556857318407155,1.170007538822517,0,0,,9.613461348798848e-17,1.2531024698209478e-16,1.6549258120697058e-16,2.6802585074794993e-16,3.3629874313915245e-16,3.791360518552339e-16
conv3,legacy,reconstructed_initialization,24,negative,post_T_free,Layer_1,8,1,0.001,2.44140625e-07,0,0,36,7225344,-6.026055065961073e-11,3.1104959529023136e-09,3.1099121754570292e-09,-0.004508255231187308,6.826719202548934,6.826717713959258,-0.004508255291447859,6.826719202543652,6.826717713953937,4.5563554917286304e-10,False,2.1541024963767086e-08,-81.45423929588289,102.12705649728521,-81.45423929384755,102.12705649973374,0,7225344,0.0,2.8270985220498143e-09,3.1215375154032325e-09,3.342634596309776e-09,4.1667830964347484e-10,4.513368147345687e-10,5.050737470507117e-10
conv3,legacy,reconstructed_initialization,24,negative,post_T_free,Layer_2,8,2,0.001,2.44140625e-07,0,0,36,3612672,-6.956077319560513e-10,5.817716295143933e-08,5.817300421124534e-08,-0.011079912453255491,0.4142620919781587,0.4141138930175473,-0.011079913148863222,0.414262090977018,0.41411389199743687,1.4043564226124418e-07,False,3.864038824186178e-07,-2.671045636282022,4.89880752956651,-2.671045650932752,4.898807398109428,0,3612672,0.0,5.5901786727346e-08,5.837487326420581e-08,6.003512298664302e-08,1.2988289666426343e-07,1.4051793127474758e-07,1.498934962244516e-07
conv3,legacy,reconstructed_initialization,24,negative,post_T_free,Layer_3,8,3,0.001,2.44140625e-07,0,0,36,7225344,-1.4572676795027745e-08,1.2251009242365487e-05,1.2251000575202648e-05,0.026430218561542002,0.37155325304301007,0.37061201193921417,0.026430203988865204,0.3715532368664314,0.370611996760803,3.297241819854916e-05,False,4.4419920415039726e-05,-0.8816748041855855,2.8841604117636934,-0.8816753532237377,2.884179854943201,47,7225344,6.504880598072562e-06,1.2160692557909438e-05,1.2251062347484653e-05,1.2336077222297596e-05,2.9871733886017728e-05,3.3190687214903756e-05,3.662596217792089e-05
conv3,legacy,reconstructed_initialization,24,negative,post_T_free,Layer_4,8,4,0.001,2.44140625e-07,0,0,36,11520,-2.6227257723570625e-05,0.04601386872924241,0.04601386125465787,0.10794395432522719,0.3840338279186957,0.36855133117453215,0.10791772706750362,0.3867478405186238,0.3713861283494615,0.11981722802550626,False,0.15502645662415399,-0.7556857318407155,1.1700075388225168,-0.8804674416490509,1.2812795555112713,0,0,,0.04560846202101157,0.04602595709884919,0.046358699025228885,0.09039758440260137,0.12097568085222712,0.15972470990250281
conv3,legacy,reconstructed_initialization,24,negative,matched_zero_K,Layer_1,8,1,0.001,2.44140625e-07,0,0,36,7225344,-6.026055139247864e-11,3.1104959529033203e-09,3.1099121754438353e-09,-0.004508255231187308,6.826719202548934,6.826717713959258,-0.004508255291447859,6.826719202543652,6.826717713953937,4.5563554917301054e-10,False,2.1541024963767086e-08,-81.45423929588289,102.12705649728521,-81.45423929384755,102.12705649973374,0,7225344,0.0,2.827098522101696e-09,3.1215375154806285e-09,3.342634596197595e-09,4.1667830969052337e-10,4.5133681469745455e-10,5.050737470714544e-10
conv3,legacy,reconstructed_initialization,24,negative,matched_zero_K,Layer_2,8,2,0.001,2.44140625e-07,0,0,36,3612672,-6.956077336348103e-10,5.817716295142037e-08,5.8173004211206304e-08,-0.01107991245325549,0.4142620919781587,0.4141138930175473,-0.011079913148863222,0.414262090977018,0.41411389199743687,1.404356422611984e-07,False,3.864038824186178e-07,-2.671045636282022,4.89880752956651,-2.671045650932752,4.898807398109428,0,3612672,0.0,5.590178672741173e-08,5.8374873264287615e-08,6.003512298650486e-08,1.2988289666422002e-07,1.4051793127450528e-07,1.4989349622462766e-07
conv3,legacy,reconstructed_initialization,24,negative,matched_zero_K,Layer_3,8,3,0.001,2.44140625e-07,0,0,36,7225344,-1.4572676809050772e-08,1.225100924236553e-05,1.2251000575202675e-05,0.026430218561542016,0.37155325304301007,0.37061201193921417,0.026430203988865204,0.3715532368664314,0.370611996760803,3.297241819854928e-05,False,4.4419920414984215e-05,-0.8816748041855855,2.884160411763694,-0.8816753532237377,2.884179854943201,47,7225344,6.504880598072562e-06,1.2160692557909738e-05,1.2251062347484775e-05,1.2336077222297479e-05,2.9871733886018392e-05,3.3190687214904285e-05,3.6625962177920884e-05
conv3,legacy,reconstructed_initialization,24,negative,matched_zero_K,Layer_4,8,4,0.001,2.44140625e-07,0,0,36,11520,-2.622725772362621e-05,0.04601386872924241,0.04601386125465787,0.10794395432522726,0.38403382791869584,0.3685513311745322,0.10791772706750362,0.3867478405186238,0.3713861283494615,0.11981722802550625,False,0.155026456624154,-0.7556857318407155,1.170007538822517,-0.8804674416490509,1.2812795555112713,0,0,,0.04560846202101156,0.04602595709884919,0.04635869902522888,0.09039758440260133,0.1209756808522271,0.15972470990250281
conv3,legacy,reconstructed_initialization,24,positive,post_T_free,Layer_1,8,1,0.001,2.44140625e-07,0,0,36,7225344,6.012978628527113e-11,3.110148444396888e-09,3.1095671330565724e-09,-0.004508255231187308,6.826719202548934,6.826717713959258,-0.004508255171057531,6.826719202554219,6.826717713964584,4.555846449983812e-10,False,2.0939508793560435e-08,-81.45423929588289,102.12705649728521,-81.45423929791822,102.12705649483667,0,7225344,0.0,2.8274362924891735e-09,3.1213918131646802e-09,3.340128486812006e-09,4.166803908491798e-10,4.5126935655304706e-10,5.050164060131564e-10
conv3,legacy,reconstructed_initialization,24,positive,post_T_free,Layer_2,8,2,0.001,2.44140625e-07,0,0,36,3612672,6.943519526112892e-10,5.8174480705019836e-08,5.8170336776269656e-08,-0.011079912453255491,0.4142620919781587,0.4141138930175473,-0.011079911758903539,0.4142620929793761,0.4141138940377009,1.4042916750414852e-07,False,3.8640388222432875e-07,-2.671045636282022,4.89880752956651,-2.6710456216312912,4.898807661023591,0,3612672,0.0,5.590368129996096e-08,5.837154675984685e-08,6.003589097470651e-08,1.2984017030227486e-07,1.4052186120148475e-07,1.49877518905173e-07
conv3,legacy,reconstructed_initialization,24,positive,post_T_free,Layer_3,8,3,0.001,2.44140625e-07,0,0,36,7225344,1.4566915825363168e-08,1.2250982762160191e-05,1.2250974101830003e-05,0.026430218561542002,0.37155325304301007,0.37061201193921417,0.02643023312845783,0.37155326962479956,0.3706120275242756,3.2972346929612393e-05,False,4.441992041515075e-05,-0.8816748041855855,2.8841604117636934,-0.881674255147433,2.884140968710485,51,7225344,7.058487457482993e-06,1.2160815166893224e-05,1.2251053534742259e-05,1.2336118013997341e-05,2.9871553985384773e-05,3.31904502348015e-05,3.662580991637186e-05
conv3,legacy,reconstructed_initialization,24,positive,post_T_free,Layer_4,8,4,0.001,2.44140625e-07,0,0,36,11520,2.6227221952876205e-05,0.04601386869148724,0.04601386121692309,0.10794395432522719,0.3840338279186957,0.36855133117453215,0.10797018154718008,0.3868134203438226,0.37143917679043464,0.1198172279271942,False,0.15502645662415404,-0.7556857318407155,1.1700075388225168,-0.8857525522770173,1.290128018414939,0,0,,0.045608461920740404,0.04602595742858534,0.046358698862584154,0.09039758429796338,0.12097568078287563,0.15972470969722558
conv3,legacy,reconstructed_initialization,24,positive,matched_zero_K,Layer_1,8,1,0.001,2.44140625e-07,0,0,36,7225344,6.012978555240323e-11,3.110148444395809e-09,3.1095671330696646e-09,-0.004508255231187308,6.826719202548934,6.826717713959258,-0.004508255171057531,6.826719202554219,6.826717713964584,4.555846449982231e-10,False,2.0939508793560435e-08,-81.45423929588289,102.12705649728521,-81.45423929791822,102.12705649483667,0,7225344,0.0,2.8274362924370434e-09,3.121391813334504e-09,3.340128486904021e-09,4.166803908019686e-10,4.512693565901712e-10,5.050164059924329e-10
conv3,legacy,reconstructed_initialization,24,positive,matched_zero_K,Layer_2,8,2,0.001,2.44140625e-07,0,0,36,3612672,6.943519509325303e-10,5.817448070503863e-08,5.8170336776308494e-08,-0.01107991245325549,0.4142620919781587,0.4141138930175473,-0.011079911758903539,0.4142620929793761,0.4141138940377009,1.404291675041939e-07,False,3.8640388222432875e-07,-2.671045636282022,4.89880752956651,-2.6710456216312912,4.898807661023591,0,3612672,0.0,5.59036812998946e-08,5.8371546759751525e-08,6.00358909748453e-08,1.2984017030231568e-07,1.4052186120172703e-07,1.4987751890499775e-07
conv3,legacy,reconstructed_initialization,24,positive,matched_zero_K,Layer_3,8,3,0.001,2.44140625e-07,0,0,36,7225344,1.456691581134014e-08,1.2250982762160145e-05,1.2250974101829975e-05,0.026430218561542016,0.37155325304301007,0.37061201193921417,0.02643023312845783,0.37155326962479956,0.3706120275242756,3.297234692961227e-05,False,4.441992041520626e-05,-0.8816748041855855,2.884160411763694,-0.881674255147433,2.884140968710485,51,7225344,7.058487457482993e-06,1.2160815166892924e-05,1.2251053534742135e-05,1.2336118013997456e-05,2.9871553985384106e-05,3.319045023480097e-05,3.6625809916371866e-05
conv3,legacy,reconstructed_initialization,24,positive,matched_zero_K,Layer_4,8,4,0.001,2.44140625e-07,0,0,36,11520,2.6227221952820602e-05,0.04601386869148724,0.04601386121692309,0.10794395432522726,0.38403382791869584,0.3685513311745322,0.10797018154718008,0.3868134203438226,0.37143917679043464,0.11981722792719417,False,0.155026456624154,-0.7556857318407155,1.170007538822517,-0.8857525522770173,1.290128018414939,0,0,,0.04560846192074041,0.04602595742858534,0.046358698862584154,0.09039758429796335,0.12097568078287561,0.15972470969722552
conv3,legacy,reconstructed_initialization,24,positive_minus_negative,negative_phase,Layer_1,8,1,0.001,2.44140625e-07,0,0,36,7225344,1.2039033694488187e-10,6.2206256200623506e-09,6.219460528996579e-09,-0.004508255291447859,6.826719202543652,6.826717713953937,-0.004508255171057531,6.826719202554219,6.826717713964584,9.112174436213124e-10,False,4.248053375732752e-08,-81.45423929384755,102.12705649973374,-81.45423929791822,102.12705649483667,0,7225344,0.0,5.65449913521672e-09,6.242508815593855e-09,6.682825524578658e-09,8.33352515849287e-10,9.026052336923708e-10,1.0100880055815771e-09
conv3,legacy,reconstructed_initialization,24,positive_minus_negative,negative_phase,Layer_2,8,2,0.001,2.44140625e-07,0,0,36,3612672,1.3899596845673407e-09,1.1635134873232098e-07,1.1634304604876671e-07,-0.011079913148863222,0.414262090977018,0.41411389199743687,-0.011079911758903539,0.4142620929793761,0.4141138940377009,2.808640985177082e-07,False,7.728077646429465e-07,-2.671045650932752,4.898807398109428,-2.6710456216312912,4.898807661023591,0,3612672,0.0,1.1180505243938305e-07,1.1674621640184892e-07,1.200707750284329e-07,2.5972180905741946e-07,2.810396553384027e-07,2.9977037192299154e-07
conv3,legacy,reconstructed_initialization,24,positive_minus_negative,negative_phase,Layer_3,8,3,0.001,2.44140625e-07,0,0,36,7225344,2.913959262039091e-08,2.4501936321692175e-05,2.450191899416044e-05,0.026430203988865204,0.3715532368664314,0.370611996760803,0.02643023312845783,0.37155326962479956,0.3706120275242756,6.594461813422529e-05,False,8.883984083019048e-05,-0.8816753532237377,2.884179854943201,-0.881674255147433,2.884140968710485,98,7225344,1.3563368055555555e-05,2.432145786134974e-05,2.4502095642837058e-05,2.467217364300896e-05,5.974327210188422e-05,6.638104646640978e-05,7.32513281552873e-05
conv3,legacy,reconstructed_initialization,24,positive_minus_negative,negative_phase,Layer_4,8,4,0.001,2.44140625e-07,0,0,36,11520,5.245447967644687e-05,0.09202773742072957,0.09202772247158088,0.10791772706750362,0.3867478405186238,0.3713861283494615,0.10797018154718008,0.3868134203438226,0.37143917679043464,0.2379528151917321,False,0.310052913248308,-0.8804674416490509,1.2812795555112713,-0.8857525522770173,1.290128018414939,0,0,,0.09121692394175197,0.09205191452743444,0.092717397887813,0.18005577314561078,0.24017854924546456,0.31569918132910935
conv3,legacy,best_validation,24,zero,post_T_free,Layer_1,8,1,0.001,2.44140625e-07,0,27,36,7225344,0.0,0.0,0.0,-1.191808760960837,24.851043594331664,24.82244870283087,-1.191808760960837,24.851043594331664,24.82244870283087,0.0,False,0.0,-212.74690345729488,192.59281716522588,-212.74690345729488,192.59281716522588,0,7225344,0.0,0.0,0.0,0.0,0.0,0.0,0.0
conv3,legacy,best_validation,24,zero,post_T_free,Layer_2,8,2,0.001,2.44140625e-07,0,27,36,3612672,0.0,0.0,0.0,-0.07911287195966787,4.530963059654975,4.530272331929756,-0.07911287195966787,4.530963059654975,4.530272331929756,0.0,False,0.0,-56.17016178240903,54.97976090243299,-56.17016178240903,54.97976090243299,0,3612672,0.0,0.0,0.0,0.0,0.0,0.0,0.0
conv3,legacy,best_validation,24,zero,post_T_free,Layer_3,8,3,0.001,2.44140625e-07,0,27,36,7225344,0.0,0.0,0.0,-0.035007060340082836,0.48681484009448006,0.48555452244064207,-0.035007060340082836,0.48681484009448006,0.48555452244064207,0.0,False,0.0,-9.600793196839316,9.032977417687828,-9.600793196839316,9.032977417687828,0,7225344,0.0,0.0,0.0,0.0,0.0,0.0,0.0
conv3,legacy,best_validation,24,zero,post_T_free,Layer_4,8,4,0.001,2.44140625e-07,0,27,36,11520,0.0,0.0,0.0,-0.11732154321739749,0.39288266191368637,0.3749565861929516,-0.11732154321739749,0.39288266191368637,0.3749565861929516,0.0,False,0.0,-1.7140163927593648,2.2003202520552763,-1.7140163927593648,2.2003202520552763,0,0,,0.0,0.0,0.0,0.0,0.0,0.0
conv3,legacy,best_validation,24,negative,post_T_free,Layer_1,8,1,0.001,2.44140625e-07,0,27,36,7225344,6.652758869688006e-13,2.402186588314916e-10,2.402177376023568e-10,-1.191808760960837,24.851043594331664,24.82244870283087,-1.1918087609601717,24.851043594330644,24.822448702829877,9.666340889051581e-12,False,2.732582515818649e-08,-212.74690345729488,192.59281716522588,-212.74690345724233,192.59281716501644,0,7225344,0.0,1.1656414295539333e-10,2.0279087882111105e-10,4.124220034450177e-10,4.8482770723094145e-12,8.246986768645117e-12,1.6755258401264538e-11
conv3,legacy,best_validation,24,negative,post_T_free,Layer_2,8,2,0.001,2.44140625e-07,0,27,36,3612672,1.307486321347315e-11,6.468417208223237e-09,6.4684039938450386e-09,-0.07911287195966787,4.530963059654975,4.530272331929756,-0.079112871946593,4.53096305960047,4.53027233187547,1.4276031658302232e-09,False,7.633158870534729e-07,-56.17016178240903,54.97976090243299,-56.1701617700945,54.9797609035413,0,3612672,0.0,3.3533094179004334e-09,5.862483499597835e-09,9.599238078269949e-09,7.448377288266767e-10,1.3625232331765058e-09,2.1017836965788386e-09
conv3,legacy,best_validation,24,negative,post_T_free,Layer_3,8,3,0.001,2.44140625e-07,0,27,36,7225344,3.080348737205827e-10,8.633697751646958e-07,8.63369720214031e-07,-0.035007060340082836,0.48681484009448006,0.48555452244064207,-0.03500706003204796,0.48681483034140227,0.48555451268445743,1.7735075105704146e-06,False,0.00016614844761320136,-9.600793196839316,9.032977417687828,-9.600810875130831,9.03297938324305,0,7225344,0.0,4.833827394320307e-07,7.70661696873962e-07,1.2859495369856416e-06,9.677079718475578e-07,1.6043492995796965e-06,2.6205990701108865e-06
conv3,legacy,best_validation,24,negative,post_T_free,Layer_4,8,4,0.001,2.44140625e-07,0,27,36,11520,1.8445710915678574e-05,0.007874015371494694,0.007873993765954069,-0.11732154321739749,0.39288266191368637,0.3749565861929516,-0.11730309750648181,0.39277795071046906,0.3748526402197275,0.02004164636113304,False,0.12346047607963401,-1.7140163927593648,2.2003202520552763,-1.7165819565811575,2.2354236614485186,0,0,,0.004792466959084212,0.0071184441052213766,0.011657848890108402,0.010833793721943919,0.017713608912175605,0.03323191292551974
conv3,legacy,best_validation,24,negative,matched_zero_K,Layer_1,8,1,0.001,2.44140625e-07,0,27,36,7225344,6.652758869688006e-13,2.402186588314916e-10,2.402177376023568e-10,-1.191808760960837,24.851043594331664,24.82244870283087,-1.1918087609601717,24.851043594330644,24.822448702829877,9.666340889051581e-12,False,2.732582515818649e-08,-212.74690345729488,192.59281716522588,-212.74690345724233,192.59281716501644,0,7225344,0.0,1.1656414295539333e-10,2.0279087882111105e-10,4.124220034450177e-10,4.8482770723094145e-12,8.246986768645117e-12,1.6755258401264538e-11
conv3,legacy,best_validation,24,negative,matched_zero_K,Layer_2,8,2,0.001,2.44140625e-07,0,27,36,3612672,1.307486321347315e-11,6.468417208223237e-09,6.4684039938450386e-09,-0.07911287195966787,4.530963059654975,4.530272331929756,-0.079112871946593,4.53096305960047,4.53027233187547,1.4276031658302232e-09,False,7.633158870534729e-07,-56.17016178240903,54.97976090243299,-56.1701617700945,54.9797609035413,0,3612672,0.0,3.3533094179004334e-09,5.862483499597835e-09,9.599238078269949e-09,7.448377288266767e-10,1.3625232331765058e-09,2.1017836965788386e-09
conv3,legacy,best_validation,24,negative,matched_zero_K,Layer_3,8,3,0.001,2.44140625e-07,0,27,36,7225344,3.080348737205827e-10,8.633697751646958e-07,8.63369720214031e-07,-0.035007060340082836,0.48681484009448006,0.48555452244064207,-0.03500706003204796,0.48681483034140227,0.48555451268445743,1.7735075105704146e-06,False,0.00016614844761320136,-9.600793196839316,9.032977417687828,-9.600810875130831,9.03297938324305,0,7225344,0.0,4.833827394320307e-07,7.70661696873962e-07,1.2859495369856416e-06,9.677079718475578e-07,1.6043492995796965e-06,2.6205990701108865e-06
conv3,legacy,best_validation,24,negative,matched_zero_K,Layer_4,8,4,0.001,2.44140625e-07,0,27,36,11520,1.8445710915678574e-05,0.007874015371494694,0.007873993765954069,-0.11732154321739749,0.39288266191368637,0.3749565861929516,-0.11730309750648181,0.39277795071046906,0.3748526402197275,0.02004164636113304,False,0.12346047607963401,-1.7140163927593648,2.2003202520552763,-1.7165819565811575,2.2354236614485186,0,0,,0.004792466959084212,0.0071184441052213766,0.011657848890108402,0.010833793721943919,0.017713608912175605,0.03323191292551974
conv3,legacy,best_validation,24,positive,post_T_free,Layer_1,8,1,0.001,2.44140625e-07,0,27,36,7225344,-6.643735513885836e-13,2.4021825272950513e-10,2.402173339961141e-10,-1.191808760960837,24.851043594331664,24.82244870283087,-1.1918087609615011,24.851043594332683,24.82244870283186,9.666324547605603e-12,False,2.732582515818649e-08,-212.74690345729488,192.59281716522588,-212.74690345734737,192.5928171654353,0,7225344,0.0,1.1656413991489642e-10,2.0279089841316534e-10,4.1242201194055043e-10,4.848276951406152e-12,8.246987189881781e-12,1.6755258741892803e-11
conv3,legacy,best_validation,24,positive,post_T_free,Layer_2,8,2,0.001,2.44140625e-07,0,27,36,3612672,-1.3059554310559099e-11,6.468410293919934e-09,6.468397110454071e-09,-0.07911287195966787,4.530963059654975,4.530272331929756,-0.07911287197272743,4.530963059709479,4.5302723319840394,1.4276016398183772e-09,False,7.633158856101829e-07,-56.17016178240903,54.97976090243299,-56.17016179472354,54.979760901324646,0,3612672,0.0,3.3533094160741323e-09,5.86234271107931e-09,9.599238103856531e-09,7.448377283207001e-10,1.3624895458311203e-09,2.101783696501912e-09
conv3,legacy,best_validation,24,positive,post_T_free,Layer_3,8,3,0.001,2.44140625e-07,0,27,36,7225344,-3.076604603357064e-10,8.633703440601657e-07,8.633702892430397e-07,-0.035007060340082836,0.48681484009448006,0.48555452244064207,-0.035007060647743296,0.4868148498490854,0.4855545321983853,1.7735086791779075e-06,False,0.0001661484476234154,-9.600793196839316,9.032977417687828,-9.60077551854782,9.032975452132606,1,7225344,1.3840171485260771e-07,4.833827394156845e-07,7.706616968944518e-07,1.2859495369901122e-06,9.67707971815317e-07,1.6043492995856289e-06,2.6205990701200053e-06
conv3,legacy,best_validation,24,positive,post_T_free,Layer_4,8,4,0.001,2.44140625e-07,0,27,36,11520,-1.8445709448263032e-05,0.007874015372999704,0.00787399376746252,-0.11732154321739749,0.39288266191368637,0.3749565861929516,-0.11733998892684575,0.39314507975638346,0.3752257730157949,0.020041646364963722,False,0.12346047607963395,-1.7140163927593648,2.2003202520552763,-1.7114508289375714,2.1652168426620353,0,0,,0.004792466959084196,0.007118444105221349,0.011657848890108421,0.010833793721943949,0.017713608912175695,0.0332319129255198
conv3,legacy,best_validation,24,positive,matched_zero_K,Layer_1,8,1,0.001,2.44140625e-07,0,27,36,7225344,-6.643735513885836e-13,2.4021825272950513e-10,2.402173339961141e-10,-1.191808760960837,24.851043594331664,24.82244870283087,-1.1918087609615011,24.851043594332683,24.82244870283186,9.666324547605603e-12,False,2.732582515818649e-08,-212.74690345729488,192.59281716522588,-212.74690345734737,192.5928171654353,0,7225344,0.0,1.1656413991489642e-10,2.0279089841316534e-10,4.1242201194055043e-10,4.848276951406152e-12,8.246987189881781e-12,1.6755258741892803e-11
conv3,legacy,best_validation,24,positive,matched_zero_K,Layer_2,8,2,0.001,2.44140625e-07,0,27,36,3612672,-1.3059554310559099e-11,6.468410293919934e-09,6.468397110454071e-09,-0.07911287195966787,4.530963059654975,4.530272331929756,-0.07911287197272743,4.530963059709479,4.5302723319840394,1.4276016398183772e-09,False,7.633158856101829e-07,-56.17016178240903,54.97976090243299,-56.17016179472354,54.979760901324646,0,3612672,0.0,3.3533094160741323e-09,5.86234271107931e-09,9.599238103856531e-09,7.448377283207001e-10,1.3624895458311203e-09,2.101783696501912e-09
conv3,legacy,best_validation,24,positive,matched_zero_K,Layer_3,8,3,0.001,2.44140625e-07,0,27,36,7225344,-3.076604603357064e-10,8.633703440601657e-07,8.633702892430397e-07,-0.035007060340082836,0.48681484009448006,0.48555452244064207,-0.035007060647743296,0.4868148498490854,0.4855545321983853,1.7735086791779075e-06,False,0.0001661484476234154,-9.600793196839316,9.032977417687828,-9.60077551854782,9.032975452132606,1,7225344,1.3840171485260771e-07,4.833827394156845e-07,7.706616968944518e-07,1.2859495369901122e-06,9.67707971815317e-07,1.6043492995856289e-06,2.6205990701200053e-06
conv3,legacy,best_validation,24,positive,matched_zero_K,Layer_4,8,4,0.001,2.44140625e-07,0,27,36,11520,-1.8445709448263032e-05,0.007874015372999704,0.00787399376746252,-0.11732154321739749,0.39288266191368637,0.3749565861929516,-0.11733998892684575,0.39314507975638346,0.3752257730157949,0.020041646364963722,False,0.12346047607963395,-1.7140163927593648,2.2003202520552763,-1.7114508289375714,2.1652168426620353,0,0,,0.004792466959084196,0.007118444105221349,0.011657848890108421,0.010833793721943949,0.017713608912175695,0.0332319129255198
conv3,legacy,best_validation,24,positive_minus_negative,negative_phase,Layer_1,8,1,0.001,2.44140625e-07,0,27,36,7225344,-1.3296494383573842e-12,4.804368984676747e-10,4.804350585059441e-10,-1.1918087609601717,24.851043594330644,24.822448702829877,-1.1918087609615011,24.851043594332683,24.82244870283186,1.933266490978586e-11,False,5.465165031637298e-08,-212.74690345724233,192.59281716501644,-212.74690345734737,192.5928171654353,0,7225344,0.0,2.331282828369521e-10,4.0558177721476565e-10,8.248440153755222e-10,9.696554022330929e-12,1.6493973957719305e-11,3.351051714275069e-11
conv3,legacy,best_validation,24,positive_minus_negative,negative_phase,Layer_2,8,2,0.001,2.44140625e-07,0,27,36,3612672,-2.6134417524032248e-11,1.29368265181561e-08,1.2936800120319072e-08,-0.079112871946593,4.53096305960047,4.53027233187547,-0.07911287197272743,4.530963059709479,4.5302723319840394,2.8552045885134276e-09,False,1.5266317726636558e-06,-56.1701617700945,54.9797609035413,-56.17016179472354,54.979760901324646,0,3612672,0.0,6.706618833970595e-09,1.1724806182964775e-08,1.919847618212503e-08,1.489675457171043e-09,2.72500798531504e-09,4.2035673930995206e-09
conv3,legacy,best_validation,24,positive_minus_negative,negative_phase,Layer_3,8,3,0.001,2.44140625e-07,0,27,36,7225344,-6.156953340562893e-10,1.7267398341400357e-06,1.7267397243722674e-06,-0.03500706003204796,0.48681483034140227,0.48555451268445743,-0.035007060647743296,0.4868148498490854,0.4855545321983853,3.5470156751984656e-06,False,0.00033229689523661676,-9.600810875130831,9.03297938324305,-9.60077551854782,9.032975452132606,1,7225344,1.3840171485260771e-07,9.667654788477152e-07,1.5413233937684137e-06,2.571899073975754e-06,1.935415929149436e-06,3.2086987736167382e-06,5.241198133900103e-06
conv3,legacy,best_validation,24,positive_minus_negative,negative_phase,Layer_4,8,4,0.001,2.44140625e-07,0,27,36,11520,-3.68914203639416e-05,0.015748030744494396,0.01574798753341659,-0.11730309750648181,0.39277795071046906,0.3748526402197275,-0.11733998892684575,0.39314507975638346,0.3752257730157949,0.0400939785851239,False,0.24692095215926796,-1.7165819565811575,2.2354236614485186,-1.7114508289375714,2.1652168426620353,0,0,,0.009584933918168408,0.014236888210442725,0.023315697780216825,0.021667742774389837,0.0354424703609564,0.06651735346666829
conv2,legacy,reconstructed_initialization,16,zero,post_T_free,Layer_1,6,1,0.03,0.0001171875,0,0,36,7225344,1.881174532977386e-14,9.887528431141153e-14,9.706925406796013e-14,-0.0010806629882970777,1.899443189681301,1.8994428822668454,-0.001080662988278263,1.899443189681304,1.899442882266848,5.205487842360864e-14,False,1.0869083411080283e-12,-22.58450632299354,28.467513669824008,-22.584506322993487,28.46751366982419,0,7225344,0.0,6.938273081306815e-14,9.589423965449167e-14,1.2150045764982022e-13,3.657940212663053e-14,5.178608004696062e-14,6.369764501991077e-14
conv2,legacy,reconstructed_initialization,16,zero,post_T_free,Layer_2,6,2,0.03,0.0001171875,0,0,36,3612672,3.918881089435113e-14,2.0167835767051942e-13,1.978342666308462e-13,0.0038546998053827766,0.40829049153734376,0.40827229488322636,0.0038546998054219657,0.4082904915373985,0.40827229488328076,4.939580074743748e-13,False,1.9486634528220748e-12,-2.5745224851628175,4.194390635912418,-2.5745224851626705,4.194390635912758,0,3612672,0.0,1.4051109975219145e-13,1.9618638465653926e-13,2.4836362046115975e-13,3.57468118034186e-13,4.890883260741998e-13,5.997321478004421e-13
conv2,legacy,reconstructed_initialization,16,zero,post_T_free,Layer_3,6,3,0.03,0.0001171875,0,0,36,11520,8.592751765832228e-13,2.631698062210491e-12,2.4874647457904455e-12,0.02196568433830466,0.1964733732687011,0.19524163263795022,0.021965684339163936,0.19647337327111442,0.1952416326402821,1.3394680502641576e-11,False,7.718659045252707e-12,-0.46873604192806834,0.6382687476595824,-0.468736041935787,0.6382687476645987,0,0,,1.7841374591253623e-12,2.5510807169732264e-12,3.266780627483357e-12,1.0994645243820486e-11,1.331226471930013e-11,1.5831582322099478e-11
conv2,legacy,reconstructed_initialization,16,negative,post_T_free,Layer_1,6,1,0.03,0.0001171875,0,0,36,7225344,1.1212802791779317e-09,9.051381721947174e-07,9.05137477676474e-07,-0.0010806629882970777,1.899443189681301,1.8994428822668454,-0.001080661867016799,1.8994431916152807,1.8994428842014632,4.765281621013295e-07,False,8.310598517580203e-06,-22.58450632299354,28.467513669824008,-22.5845038832956,28.46751565936908,1,7225344,1.3840171485260771e-07,8.867165998049366e-07,9.04518201452401e-07,9.236727501037149e-07,4.444110695951481e-07,4.799629644888767e-07,5.038253092078859e-07
conv2,legacy,reconstructed_initialization,16,negative,post_T_free,Layer_2,6,2,0.03,0.0001171875,0,0,36,3612672,-3.2464518463948915e-08,6.56551545099936e-05,6.565514648362436e-05,0.0038546998053827766,0.40829049153734376,0.40827229488322636,0.003854667340864312,0.4082907382168622,0.4082725418802513,0.00016080500494337018,False,0.00027054350422139883,-2.5745224851628175,4.194390635912418,-2.5744402844152505,4.194476053474781,203,3612672,5.619109623015873e-05,6.482327742603334e-05,6.564634097230661e-05,6.635481209259165e-05,0.00015039631110080868,0.0001617872001624973,0.00017180602547298414
conv2,legacy,reconstructed_initialization,16,negative,post_T_free,Layer_3,6,3,0.03,0.0001171875,0,0,36,11520,-0.0001830702271105733,0.12222667208567987,0.12222653498497069,0.02196568433830466,0.1964733732687011,0.19524163263795022,0.021782614111194087,0.2319057358796069,0.23088046269952076,0.622102985520181,False,0.43575243681269044,-0.46873604192806834,0.6382687476595824,-0.8205890568704479,1.0136575448689313,0,0,,0.1209286245406136,0.12216742435831236,0.12389366436571717,0.4856428640529829,0.6347458052200334,0.8059513724892404
conv2,legacy,reconstructed_initialization,16,negative,matched_zero_K,Layer_1,6,1,0.03,0.0001171875,0,0,36,7225344,1.1212614674326024e-09,9.051381723504218e-07,9.051374778554821e-07,-0.001080662988278263,1.899443189681304,1.899442882266848,-0.001080661867016799,1.8994431916152807,1.8994428842014632,4.765281621833025e-07,False,8.310598921701384e-06,-22.584506322993487,28.46751366982419,-22.5845038832956,28.46751565936908,1,7225344,1.3840171485260771e-07,8.867166021724502e-07,9.04518201905086e-07,9.236727473970113e-07,4.4441107061997974e-07,4.799629640360975e-07,5.038253087824366e-07
conv2,legacy,reconstructed_initialization,16,negative,matched_zero_K,Layer_2,6,2,0.03,0.0001171875,0,0,36,3612672,-3.24645576527598e-08,6.565515450994963e-05,6.565514648356102e-05,0.0038546998054219657,0.4082904915373985,0.40827229488328076,0.003854667340864312,0.4082907382168622,0.4082725418802513,0.00016080500494324091,False,0.0002705435039047077,-2.5745224851626705,4.194390635912758,-2.5744402844152505,4.194476053474781,203,3612672,5.619109623015873e-05,6.482327742605439e-05,6.564634097311108e-05,6.635481209288398e-05,0.00015039631110193223,0.00016178720016201867,0.00017180602547238742
conv2,legacy,reconstructed_initialization,16,negative,matched_zero_K,Layer_3,6,3,0.03,0.0001171875,0,0,36,11520,-0.00018307022796984859,0.12222667208568373,0.12222653498497325,0.021965684339163936,0.19647337327111442,0.1952416326402821,0.021782614111194087,0.2319057358796069,0.23088046269952076,0.6221029855125593,False,0.4357524368163265,-0.468736041935787,0.6382687476645987,-0.8205890568704479,1.0136575448689313,0,0,,0.12092862454061627,0.12216742435831796,0.12389366436572218,0.4856428640473427,0.6347458052121191,0.805951372479918
conv2,legacy,reconstructed_initialization,16,positive,post_T_free,Layer_1,6,1,0.03,0.0001171875,0,0,36,7225344,-1.0595106543593529e-09,9.052108133704166e-07,9.052101933141851e-07,-0.0010806629882970777,1.899443189681301,1.8994428822668454,-0.001080664047807734,1.8994431877478717,1.8994428803328127,4.765664055066041e-07,False,8.310594905580615e-06,-22.58450632299354,28.467513669824008,-22.58450876267763,28.46751168027929,1,7225344,1.3840171485260771e-07,8.867784755986113e-07,9.04516445081788e-07,9.237806762453747e-07,4.4451470050824243e-07,4.799516625623507e-07,5.039495435251166e-07
conv2,legacy,reconstructed_initialization,16,positive,post_T_free,Layer_2,6,2,0.03,0.0001171875,0,0,36,3612672,3.3449691180921654e-08,6.565509061656545e-05,6.56550820956579e-05,0.0038546998053827766,0.40829049153734376,0.40827229488322636,0.003854733255073957,0.40829025551290266,0.40827205853244913,0.00016080484845324984,False,0.0002705435035879056,-2.5745224851628175,4.194390635912418,-2.574604685948587,4.194305218350737,199,3612672,5.5083882511337866e-05,6.482472969414677e-05,6.564827610539256e-05,6.635617359141395e-05,0.00015039800761026929,0.00016178277616327657,0.0001718068448030204
conv2,legacy,reconstructed_initialization,16,positive,post_T_free,Layer_3,6,3,0.03,0.0001171875,0,0,36,11520,0.0001830754290349659,0.12222667185163814,0.12222653474313716,0.02196568433830466,0.1964733732687011,0.19524163263795022,0.022148759767339626,0.23087230558368696,0.2298074279180201,0.6221029843289675,False,0.43575233778777883,-0.46873604192806834,0.6382687476595824,-0.807877737739643,0.9422352177561298,0,0,,0.12092862287750858,0.12216742396095759,0.12389366743562967,0.4856428708556822,0.6347458345980785,0.8059513595758035
conv2,legacy,reconstructed_initialization,16,positive,matched_zero_K,Layer_1,6,1,0.03,0.0001171875,0,0,36,7225344,-1.0595294661046825e-09,9.052108132010779e-07,9.052101931228277e-07,-0.001080662988278263,1.899443189681304,1.899442882266848,-0.001080664047807734,1.8994431877478717,1.8994428803328127,4.765664054174517e-07,False,8.310594501459434e-06,-22.584506322993487,28.46751366982419,-22.58450876267763,28.46751168027929,1,7225344,1.3840171485260771e-07,8.867784732652357e-07,9.045164446527028e-07,9.237806789364782e-07,4.445146994531139e-07,4.799516629928515e-07,5.039495439327133e-07
conv2,legacy,reconstructed_initialization,16,positive,matched_zero_K,Layer_2,6,2,0.03,0.0001171875,0,0,36,3612672,3.344965199211074e-08,6.565509061660727e-05,6.56550820957197e-05,0.0038546998054219657,0.4082904915373985,0.40827229488328076,0.003854733255073957,0.40829025551290266,0.40827205853244913,0.00016080484845333072,False,0.0002705435039045967,-2.5745224851626705,4.194390635912758,-2.574604685948587,4.194305218350737,199,3612672,5.5083882511337866e-05,6.48247296941224e-05,6.56482761045871e-05,6.635617359112783e-05,0.00015039800760906262,0.00016178277616369052,0.00017180684480355249
conv2,legacy,reconstructed_initialization,16,positive,matched_zero_K,Layer_3,6,3,0.03,0.0001171875,0,0,36,11520,0.0001830754281756908,0.12222667185163429,0.12222653474313458,0.021965684339163936,0.19647337327111442,0.1952416326402821,0.022148759767339626,0.23087230558368696,0.2298074279180201,0.6221029843213064,False,0.43575233778414274,-0.468736041935787,0.6382687476645987,-0.807877737739643,0.9422352177561298,0,0,,0.12092862287750589,0.12216742396095201,0.12389366743562469,0.48564287085000274,0.6347458345901313,0.8059513595664645
conv2,legacy,reconstructed_initialization,16,positive_minus_negative,negative_phase,Layer_1,6,1,0.03,0.0001171875,0,0,36,7225344,-2.1807909335372845e-09,1.8103156654815937e-06,1.8103143519397313e-06,-0.001080661867016799,1.8994431916152807,1.8994428842014632,-0.001080664047807734,1.8994431877478717,1.8994428803328127,9.530770246106211e-07,False,1.6621193423160818e-05,-22.5845038832956,28.46751565936908,-22.58450876267763,28.46751168027929,2,7225344,2.7680342970521543e-07,1.7734416905842379e-06,1.8089909517640081e-06,1.8473895960870386e-06,8.889082551686933e-07,9.59900080496878e-07,1.0077658330843619e-06
conv2,legacy,reconstructed_initialization,16,positive_minus_negative,negative_phase,Layer_2,6,2,0.03,0.0001171875,0,0,36,3612672,6.591420964487053e-08,0.00013130768918308709,0.00013130767263918423,0.003854667340864312,0.4082907382168622,0.4082725418802513,0.003854733255073957,0.40829025551290266,0.40827205853244913,0.00032160339898120214,False,0.0005410870078093044,-2.5744402844152505,4.194476053474781,-2.574604685948587,4.194305218350737,402,3612672,0.0001112749787414966,0.0001296445607040005,0.00013129231859492957,0.00013270828702797776,0.0003007880994766895,0.00032356185364629036,0.0003436094985074221
conv2,legacy,reconstructed_initialization,16,positive_minus_negative,negative_phase,Layer_3,6,3,0.03,0.0001171875,0,0,36,11520,0.00036614565614553934,0.2444533439373063,0.2444530697280962,0.021782614111194087,0.2319057358796069,0.23088046269952076,0.022148759767339626,0.23087230558368696,0.2298074279180201,1.0541065015494635,False,0.8715047746004693,-0.8205890568704479,1.0136575448689313,-0.807877737739643,0.9422352177561298,0,0,,0.2418572474181036,0.24433484831926158,0.24778733180133453,0.8735785568009332,1.0692298036469543,1.2510199010272898
