architecture,scheme,layer_index,parameter,sigma,n_comparisons,n_batches,bptt_cosine_n_defined,bptt_cosine_mean,bptt_cosine_median,bptt_cosine_p10,bptt_cosine_p90,bptt_cosine_std,bptt_estimate_l2_n_defined,bptt_estimate_l2_mean,bptt_estimate_l2_median,bptt_estimate_l2_p10,bptt_estimate_l2_p90,bptt_estimate_l2_std,bptt_reference_l2_n_defined,bptt_reference_l2_mean,bptt_reference_l2_median,bptt_reference_l2_p10,bptt_reference_l2_p90,bptt_reference_l2_std,bptt_relative_l2_error_n_defined,bptt_relative_l2_error_mean,bptt_relative_l2_error_median,bptt_relative_l2_error_p10,bptt_relative_l2_error_p90,bptt_relative_l2_error_std,bptt_norm_ratio_n_defined,bptt_norm_ratio_mean,bptt_norm_ratio_median,bptt_norm_ratio_p10,bptt_norm_ratio_p90,bptt_norm_ratio_std,bptt_estimate_zero_fraction_n_defined,bptt_estimate_zero_fraction_mean,bptt_estimate_zero_fraction_median,bptt_estimate_zero_fraction_p10,bptt_estimate_zero_fraction_p90,bptt_estimate_zero_fraction_std,bptt_reference_zero_fraction_n_defined,bptt_reference_zero_fraction_mean,bptt_reference_zero_fraction_median,bptt_reference_zero_fraction_p10,bptt_reference_zero_fraction_p90,bptt_reference_zero_fraction_std,clean_ep_cosine_n_defined,clean_ep_cosine_mean,clean_ep_cosine_median,clean_ep_cosine_p10,clean_ep_cosine_p90,clean_ep_cosine_std,clean_ep_estimate_l2_n_defined,clean_ep_estimate_l2_mean,clean_ep_estimate_l2_median,clean_ep_estimate_l2_p10,clean_ep_estimate_l2_p90,clean_ep_estimate_l2_std,clean_ep_reference_l2_n_defined,clean_ep_reference_l2_mean,clean_ep_reference_l2_median,clean_ep_reference_l2_p10,clean_ep_reference_l2_p90,clean_ep_reference_l2_std,clean_ep_relative_l2_error_n_defined,clean_ep_relative_l2_error_mean,clean_ep_relative_l2_error_median,clean_ep_relative_l2_error_p10,clean_ep_relative_l2_error_p90,clean_ep_relative_l2_error_std,clean_ep_norm_ratio_n_defined,clean_ep_norm_ratio_mean,clean_ep_norm_ratio_median,clean_ep_norm_ratio_p10,clean_ep_norm_ratio_p90,clean_ep_norm_ratio_std,clean_ep_estimate_zero_fraction_n_defined,clean_ep_estimate_zero_fraction_mean,clean_ep_estimate_zero_fraction_median,clean_ep_estimate_zero_fraction_p10,clean_ep_estimate_zero_fraction_p90,clean_ep_estimate_zero_fraction_std,clean_ep_reference_zero_fraction_n_defined,clean_ep_reference_zero_fraction_mean,clean_ep_reference_zero_fraction_median,clean_ep_reference_zero_fraction_p10,clean_ep_reference_zero_fraction_p90,clean_ep_reference_zero_fraction_std
conv1,baseline,0,ConvWeight_0,0,36,36,36,0.9986693243519511,0.9988448001146837,0.9975458646283497,0.9995217151457008,0.0008747454719031931,36,0.1146561854590412,0.10976230782879148,0.084432095525403,0.1470123015791948,0.02779623817600107,36,0.11528420942252844,0.11034516995045252,0.08455799560392305,0.14760622702084675,0.027927904743943778,36,0.04955280702329909,0.04808530702760405,0.03132938744607838,0.07019741932469276,0.015843454397004006,36,0.994607800878111,0.9953546350750752,0.9877445480062848,1.0009476315774468,0.005485429173188852,36,0.0,0.0,0.0,0.0,0.0,36,0.0,0.0,0.0,0.0,0.0,36,1.0,1.0,0.9999999999999999,1.0000000000000002,1.18687833744435e-16,36,0.1146561854590412,0.10976230782879148,0.084432095525403,0.1470123015791948,0.02779623817600107,36,0.1146561854590412,0.10976230782879148,0.084432095525403,0.1470123015791948,0.02779623817600107,36,0.0,0.0,0.0,0.0,0.0,36,1.0,1.0,1.0,1.0,0.0,36,0.0,0.0,0.0,0.0,0.0,36,0.0,0.0,0.0,0.0,0.0
conv1,baseline,0,ConvWeight_0,1e-05,288,36,288,0.9986681773079117,0.9988435355793477,0.9974683310275028,0.9995221795714482,0.0008653287794323152,288,0.11465693938154292,0.10975410601897814,0.08401684309855131,0.14730726877690353,0.027454674758700785,288,0.11528420942252844,0.11034516995045252,0.08432242585635027,0.1486849622144007,0.02758521808800375,288,0.04957180911020028,0.04811209662826135,0.030928605134386496,0.07145890868668098,0.01566052628629053,288,0.9946149972662034,0.995326334596536,0.9858989382038227,1.0009667162025675,0.005420606025854205,288,0.0,0.0,0.0,0.0,0.0,288,0.0,0.0,0.0,0.0,0.0,288,0.9999995447066126,0.9999995766522998,0.9999992595917648,0.9999997662202528,1.89752518446679e-07,288,0.11465693938154292,0.10975410601897814,0.08401684309855131,0.14730726877690353,0.027454674758700785,288,0.1146561854590412,0.10976230782879148,0.08401267657757137,0.14730930010074633,0.027455167121957464,288,0.0009366305458676282,0.0009236319185546666,0.0006871566005810299,0.0012183207147010097,0.00020163918735040305,288,1.0000072254299062,1.000009011331231,0.9998942578432537,1.0001210626782602,8.469531857333378e-05,288,0.0,0.0,0.0,0.0,0.0,288,0.0,0.0,0.0,0.0,0.0
conv1,baseline,0,ConvWeight_0,3e-05,288,36,288,0.9986631552439454,0.9988392758797088,0.9974685214016853,0.999519698580591,0.0008682134939173984,288,0.11465873352476612,0.10973795066992832,0.08402546066018315,0.14730341162417426,0.027453645404269356,288,0.11528420942252844,0.11034516995045252,0.08432242585635027,0.1486849622144007,0.02758521808800375,288,0.04967069449418798,0.04819986551323393,0.0310558817710392,0.07145052443983384,0.015664349582419294,288,0.994632107515545,0.9954123639740184,0.9860563110265983,1.0010557137860512,0.005429598771085152,288,0.0,0.0,0.0,0.0,0.0,288,0.0,0.0,0.0,0.0,0.0,288,0.9999959024952106,0.9999961895108651,0.9999933375203228,0.9999978962434113,1.7077723639850015e-06,288,0.11465873352476612,0.10973795066992832,0.08402546066018315,0.14730341162417426,0.027453645404269356,288,0.1146561854590412,0.10976230782879148,0.08401267657757137,0.14730930010074633,0.027455167121957464,288,0.0028098916318303425,0.0027708957541821284,0.0020614697881628907,0.0036549620587711428,0.0006049175641456347,288,1.000024408007922,1.000030561785052,0.9996845357223549,1.000366170510356,0.00025408854139709087,288,0.0,0.0,0.0,0.0,0.0,288,0.0,0.0,0.0,0.0,0.0
conv1,baseline,0,ConvWeight_0,0.0001,288,36,288,0.998616941512882,0.9988031112203133,0.9974441386715197,0.9994802475347497,0.0008811616500807697,288,0.11466801884336612,0.10968401573632003,0.08405860799583396,0.14729206956666738,0.027449574151734157,288,0.11528420942252844,0.11034516995045252,0.08432242585635027,0.1486849622144007,0.02758521808800375,288,0.05063880753914378,0.048965588564266915,0.0323398987231502,0.07176594852243923,0.015499338251962968,288,0.9947205238972001,0.9958434925696483,0.9866269519867935,1.0010708920435534,0.005502827743821695,288,0.0,0.0,0.0,0.0,0.0,288,0.0,0.0,0.0,0.0,0.0,288,0.9999544796723493,0.9999577128844674,0.9999260485747617,0.999976635577261,1.8973633587513515e-05,288,0.11466801884336612,0.10968401573632003,0.08405860799583396,0.14729206956666738,0.027449574151734157,288,0.1146561854590412,0.10976230782879148,0.08401267657757137,0.14730930010074633,0.027455167121957464,288,0.00936630537189671,0.00923631916378781,0.006871565803640654,0.01218320586837795,0.0020163919048915677,288,1.0001132271035098,1.0001539343645338,0.9989690306060892,1.0012487912699946,0.0008470980812166876,288,0.0,0.0,0.0,0.0,0.0,288,0.0,0.0,0.0,0.0,0.0
conv1,baseline,0,ConvWeight_0,0.0003,288,36,288,0.9982397919359229,0.9984976050073788,0.9970072659544755,0.9991351996817744,0.0009557919506299103,288,0.11472029925820368,0.10955232194644278,0.0841788621993478,0.1472781657239132,0.02743393089172863,288,0.11528420942252844,0.11034516995045252,0.08432242585635027,0.1486849622144007,0.02758521808800375,288,0.057847428711569865,0.054804410067507345,0.0416906016650796,0.07743119626558627,0.01453881545215221,288,0.9952175607840227,0.9963592769306876,0.9869548818439939,1.0019738214738092,0.006043366114121382,288,0.0,0.0,0.0,0.0,0.0,288,0.0,0.0,0.0,0.0,0.0,288,0.9995906814165403,0.9996208675179994,0.9993376326719119,0.9997900321096246,0.00017059758709364945,288,0.11472029925820368,0.10955232194644278,0.0841788621993478,0.1472781657239132,0.02743393089172863,288,0.1146561854590412,0.10976230782879148,0.08401267657757137,0.14730930010074633,0.027455167121957464,288,0.028098915539068316,0.027708957348196624,0.020614696069296674,0.036549609082879984,0.006049175924208902,288,1.0006126960711892,1.00069915529093,0.9972245710266447,1.0039889941985551,0.002545185779727014,288,0.0,0.0,0.0,0.0,0.0,288,0.0,0.0,0.0,0.0,0.0
conv1,baseline,0,ConvWeight_0,0.0005,288,36,288,0.9975009906132755,0.9976942143802943,0.9960323107839035,0.9986090834449951,0.001136070091633716,288,0.11481067632978924,0.10945391672780233,0.08433683099432741,0.1474035605510879,0.027412367069241078,288,0.11528420942252844,0.11034516995045252,0.08432242585635027,0.1486849622144007,0.02758521808800375,288,0.06943588895197032,0.06821745132951396,0.053086623718288435,0.08901329707864056,0.014706333787076028,288,0.9960761757243007,0.9967506148982563,0.9872088515202339,1.003766165581504,0.006979855559787323,288,0.0,0.0,0.0,0.0,0.0,288,0.0,0.0,0.0,0.0,0.0,288,0.9988647178673067,0.998947751053413,0.9981703277432243,0.9994177776682638,0.00047291693387200765,288,0.11481067632978924,0.10945391672780233,0.08433683099432741,0.1474035605510879,0.027412367069241078,288,0.1146561854590412,0.10976230782879148,0.08401267657757137,0.14730930010074633,0.027455167121957464,288,0.0468315249436401,0.046181595349083324,0.03435782455078724,0.06091600094172261,0.010081960224039928,288,1.00147563930046,1.001629761526571,0.9957756444317383,1.0071827720205604,0.004255136999279576,288,0.0,0.0,0.0,0.0,0.0,288,0.0,0.0,0.0,0.0,0.0
conv1,baseline,1,DenseWeight_0,0,36,36,36,0.9999999128863721,0.9999999167068061,0.9999998305754225,0.9999999663091654,5.634916064418633e-08,36,0.68715710122382,0.6964159166810476,0.5471405465231325,0.8290536168311431,0.11047356174868318,36,0.6871980809414237,0.6964452064522975,0.5471770001478014,0.8291132512774504,0.1104899610763831,36,0.00040226618835180694,0.00041275402349052874,0.0002608794595555822,0.0005926235577082244,0.0001316214059218609,36,0.9999425048933472,0.999946451715775,0.9998979399697214,0.99997613943745,3.424022728323574e-05,36,0.0,0.0,0.0,0.0,0.0,36,0.0,0.0,0.0,0.0,0.0,36,1.0,1.0,0.9999999999999998,1.0000000000000002,1.4043333874306804e-16,36,0.68715710122382,0.6964159166810476,0.5471405465231325,0.8290536168311431,0.11047356174868318,36,0.68715710122382,0.6964159166810476,0.5471405465231325,0.8290536168311431,0.11047356174868318,36,0.0,0.0,0.0,0.0,0.0,36,1.0,1.0,1.0,1.0,0.0,36,0.0,0.0,0.0,0.0,0.0,36,0.0,0.0,0.0,0.0,0.0
conv1,baseline,1,DenseWeight_0,1e-05,288,36,288,0.9999999118936197,0.999999916062824,0.9999998020827411,0.9999999659747638,5.557023165606362e-08,288,0.68715717615918,0.6964154267576229,0.5427501269984095,0.834603346121207,0.1091180583376977,288,0.6871980809414237,0.6964452064522975,0.5427895266796467,0.8346552855019823,0.10913420468780476,288,0.00040510899167317896,0.0004136037458721487,0.0002620253904306748,0.0006458472407502875,0.00012873852284462563,288,0.9999426046012994,0.9999465242430332,0.9998869674494649,0.9999786027115404,3.373559312387198e-05,288,0.0,0.0,0.0,0.0,0.0,288,0.0,0.0,0.0,0.0,0.0,288,0.9999999989712384,0.9999999990256406,0.9999999985067775,0.9999999993378031,3.33878177026516e-10,288,0.68715717615918,0.6964154267576229,0.5427501269984095,0.834603346121207,0.1091180583376977,288,0.6871571012238201,0.6964159166810476,0.5427485823693818,0.8346038250197498,0.10911800658647038,288,4.490414346421505e-05,4.436835813474837e-05,3.650619775309364e-05,5.468300340944932e-05,7.125485599520951e-06,288,1.0000000997212526,1.000000021315579,0.9999959878102589,1.0000041762857366,3.0786072132292536e-06,288,0.0,0.0,0.0,0.0,0.0,288,0.0,0.0,0.0,0.0,0.0
conv1,baseline,1,DenseWeight_0,3e-05,288,36,288,0.9999999037355486,0.9999999106119354,0.9999997978016104,0.9999999604795855,5.506631415449587e-08,288,0.6871573300690464,0.6964144509001143,0.5427532210583322,0.8346023913969589,0.10911816138461798,288,0.6871980809414237,0.6964452064522975,0.5427895266796467,0.8346552855019823,0.10913420468780476,288,0.00042716513907115934,0.0004291693814519154,0.0002827013774682082,0.0006506530662651246,0.00012061074573422884,288,0.999942810189869,0.9999495533780315,0.999888906684802,0.9999834556774574,3.440321063924026e-05,288,0.0,0.0,0.0,0.0,0.0,288,0.0,0.0,0.0,0.0,0.0,288,0.9999999907411473,0.9999999912307511,0.9999999865609202,0.9999999940402334,3.0049088502347826e-09,288,0.6871573300690464,0.6964144509001143,0.5427532210583322,0.8346023913969589,0.10911816138461798,288,0.6871571012238201,0.6964159166810476,0.5427485823693818,0.8346038250197498,0.10911800658647038,288,0.00013471243095297713,0.00013310507657359762,0.00010951858761127819,0.00016404901646799853,2.1376458087359888e-05,288,1.000000305336754,1.0000000709370462,0.999987968618828,1.0000125331615877,9.235752171708136e-06,288,0.0,0.0,0.0,0.0,0.0,288,0.0,0.0,0.0,0.0,0.0
conv1,baseline,1,DenseWeight_0,0.0001,288,36,288,0.999999810370447,0.9999998228566853,0.9999997209981402,0.9999998823547702,5.8648686132651015e-08,288,0.6871579111645894,0.696411077287256,0.5427641006862226,0.8345990821270176,0.1091185172656642,288,0.6871980809414237,0.6964452064522975,0.5427895266796467,0.8346552855019823,0.10913420468780476,288,0.0006129308088737062,0.0005992710680266481,0.0004920925147432361,0.0007520798492043081,9.326406459556935e-05,288,0.9999435945628012,0.9999453865267967,0.9998875465823978,0.9999999470001484,4.4048530883962194e-05,288,0.0,0.0,0.0,0.0,0.0,288,0.0,0.0,0.0,0.0,0.0,288,0.9999998971239626,0.9999999025634339,0.9999998506739156,0.9999999337806365,3.3388070516600197e-08,288,0.6871579111645894,0.696411077287256,0.5427641006862226,0.8345990821270176,0.1091185172656642,288,0.6871571012238201,0.6964159166810476,0.5427485823693818,0.8346038250197498,0.10911800658647038,288,0.0004490414432946688,0.0004436836141735711,0.0003650618930161996,0.0005468301279942154,7.125487536860122e-05,288,1.0000010898074272,1.0000003238574644,0.9999599559255841,1.0000418274211471,3.07850394048984e-05,288,0.0,0.0,0.0,0.0,0.0,288,0.0,0.0,0.0,0.0,0.0
conv1,baseline,1,DenseWeight_0,0.0003,288,36,288,0.9999989880860107,0.9999990409394255,0.9999985825690472,0.9999993474817114,2.942602145736413e-07,288,0.6871599349595171,0.6964017974453667,0.5427956174567993,0.8345899036297322,0.10911949306847715,288,0.6871980809414237,0.6964452064522975,0.5427895266796467,0.8346552855019823,0.10913420468780476,288,0.0014126505869168022,0.0013876143410258338,0.0011493898156442908,0.0016873216774362552,0.00020086543628749303,288,0.9999463911664712,0.9999472675782604,0.9998280494061165,1.0000761683794284,9.603335114441913e-05,288,0.0,0.0,0.0,0.0,0.0,288,0.0,0.0,0.0,0.0,0.0,288,0.9999990741191682,0.9999991230596439,0.9999986559902577,0.9999994040183096,3.004971061697797e-07,288,0.6871599349595171,0.6964017974453667,0.5427956174567993,0.8345899036297322,0.10911949306847715,288,0.6871571012238201,0.6964159166810476,0.5427485823693818,0.8346038250197498,0.10911800658647038,288,0.0013471243944057376,0.0013310510693057141,0.0010951851213277777,0.001640491018497954,0.00021376475640966908,288,1.00000388672018,1.0000018022728268,0.9998803866578646,1.0001259126364386,9.234849005922392e-05,288,0.0,0.0,0.0,0.0,0.0,288,0.0,0.0,0.0,0.0,0.0
conv1,baseline,1,DenseWeight_0,0.0005,288,36,288,0.9999973428093222,0.9999974784750474,0.9999961723708736,0.9999982813625347,8.252594258990042e-07,288,0.6871624973024555,0.6963930495519273,0.542827774316378,0.8345811348578378,0.10912040812687449,288,0.6871980809414237,0.6964452064522975,0.5427895266796467,0.8346552855019823,0.10913420468780476,288,0.0022849071080129745,0.0022500365844690838,0.001859408400823452,0.002772621142646994,0.0003467679255606575,288,0.999950010785413,0.999947399614109,0.9997529092561777,1.0001574314240336,0.00015520171793535957,288,0.0,0.0,0.0,0.0,0.0,288,0.0,0.0,0.0,0.0,0.0,288,0.9999974281219441,0.9999975640259844,0.9999962664378975,0.9999983444002938,8.347244228617025e-07,288,0.6871624973024555,0.6963930495519273,0.542827774316378,0.8345811348578378,0.10912040812687449,288,0.6871571012238201,0.6964159166810476,0.5427485823693818,0.8346038250197498,0.10911800658647038,288,0.0022452074472666724,0.0022184188450883715,0.00182530761915337,0.0027341527746166557,0.000356274813828011,288,1.0000075066923864,1.0000042017628177,0.9998015093714755,1.0002105715619172,0.00015390369343411953,288,0.0,0.0,0.0,0.0,0.0,288,0.0,0.0,0.0,0.0,0.0
conv1,ours,0,ConvWeight_0,0,36,36,36,0.9996038597653654,0.9996879161652592,0.9993660084829898,0.9998284645776696,0.00020632867848376332,36,0.17668383623055262,0.17338532059950346,0.14003234179056093,0.2073966787716608,0.034248148082118686,36,0.17693073621155098,0.17323405980405848,0.14026852973441908,0.20798550168579977,0.03443981207934336,36,0.027390083753218622,0.025460249419362584,0.01863741962850679,0.03615467527166988,0.007203011687125596,36,0.9987804102157603,0.998703677341223,0.9956887956095433,1.0018634968662994,0.00291289877751464,36,0.0,0.0,0.0,0.0,0.0,36,0.0,0.0,0.0,0.0,0.0,36,1.0,1.0,0.9999999999999998,1.0000000000000002,1.3790280104688941e-16,36,0.17668383623055262,0.17338532059950346,0.14003234179056093,0.2073966787716608,0.034248148082118686,36,0.17668383623055262,0.17338532059950346,0.14003234179056093,0.2073966787716608,0.034248148082118686,36,0.0,0.0,0.0,0.0,0.0,36,1.0,1.0,1.0,1.0,0.0,36,0.0,0.0,0.0,0.0,0.0,36,0.0,0.0,0.0,0.0,0.0
conv1,ours,0,ConvWeight_0,1e-05,288,36,288,0.9996017705259952,0.9996869088398399,0.9993604060583795,0.9998354315390933,0.0002039022542114665,288,0.17668566863957466,0.1734085428138044,0.13699897153225696,0.21132884677414826,0.03382617463798177,288,0.17693073621155098,0.17323405980405848,0.13717236651181983,0.21194312328458778,0.034017221693817476,288,0.027470802961880203,0.025468425160816953,0.01818965560167757,0.03686481308766475,0.007099404901864754,288,0.998792930597065,0.9987289096342657,0.995501282638943,1.0021562393873977,0.0028872619341096637,288,0.0,0.0,0.0,0.0,0.0,288,0.0,0.0,0.0,0.0,0.0,288,0.9999980097837265,0.9999981831571874,0.9999970274954311,0.9999987826733137,7.769889903288969e-07,288,0.17668566863957466,0.1734085428138044,0.13699897153225696,0.21132884677414826,0.03382617463798177,288,0.17668383623055262,0.17338532059950346,0.1369739070977374,0.21133307049666245,0.03382790949114651,288,0.001966079282363978,0.0019125315487668881,0.0015608145479132892,0.0024431348584355358,0.00037868822596303015,288,1.0000125205784127,1.0000131342738117,0.9998072731341354,1.0002193518272795,0.00016679821257816,288,0.0,0.0,0.0,0.0,0.0,288,0.0,0.0,0.0,0.0,0.0
conv1,ours,0,ConvWeight_0,3e-05,288,36,288,0.9995856564523282,0.9996679088625695,0.9993323761592071,0.9998213598046374,0.00020396126083077848,288,0.17669130957280052,0.17345682037558213,0.13705168309893473,0.21132212678082238,0.03382245162727769,288,0.17693073621155098,0.17323405980405848,0.13717236651181983,0.21194312328458778,0.034017221693817476,288,0.028095345127563162,0.02589256899197493,0.0189553832641875,0.03700881044321637,0.006937214790402173,288,0.9988299020096402,0.9987855221813488,0.9952753099181849,1.0024118060981253,0.002937434473418604,288,0.0,0.0,0.0,0.0,0.0,288,0.0,0.0,0.0,0.0,0.0,288,0.9999820894571493,0.9999836394634243,0.999973244021741,0.9999890453532884,6.992104543286774e-06,288,0.17669130957280052,0.17345682037558213,0.13705168309893473,0.21132212678082238,0.03382245162727769,288,0.17668383623055262,0.17338532059950346,0.1369739070977374,0.21133307049666245,0.03382790949114651,288,0.005898237846776284,0.005737594622199085,0.004682443703262034,0.0073294044994003035,0.0011360646793353577,288,1.0000495025888334,1.000050208400485,0.9994302408458031,1.0006725242949648,0.0005005994194799189,288,0.0,0.0,0.0,0.0,0.0,288,0.0,0.0,0.0,0.0,0.0
conv1,ours,0,ConvWeight_0,0.0001,288,36,288,0.9994040244408369,0.999456791435386,0.999113542812356,0.9996393446569968,0.00021481534865857457,288,0.17673179666174774,0.17364500868399815,0.13726323729312978,0.21131674662886976,0.033806764632576584,288,0.17693073621155098,0.17323405980405848,0.13717236651181983,0.21194312328458778,0.034017221693817476,288,0.03414146983757472,0.03305374558529911,0.026906403840354382,0.04231551801780113,0.006116814429087453,288,0.9990845380463477,0.9989724109818993,0.9955199095638796,1.0033627525164108,0.003392159173984373,288,0.0,0.0,0.0,0.0,0.0,288,0.0,0.0,0.0,0.0,0.0,288,0.9998010904352189,0.9998178987724335,0.9997023316542806,0.9998783459642322,7.762757960006049e-05,288,0.17673179666174774,0.17364500868399815,0.13726323729312978,0.21131674662886976,0.033806764632576584,288,0.17668383623055262,0.17338532059950346,0.1369739070977374,0.21133307049666245,0.03382790949114651,288,0.019660792819463622,0.019125315131662046,0.015608146375438349,0.02443134743097723,0.0037868822812282,288,1.0003042828545563,1.0003005961548739,0.9982876544107802,1.0024438416464534,0.0016719530982196805,288,0.0,0.0,0.0,0.0,0.0,288,0.0,0.0,0.0,0.0,0.0
conv1,ours,0,ConvWeight_0,0.0003,288,36,288,0.9978170145490607,0.9979210686545997,0.996861462194202,0.9986123426462791,0.000708770333779473,288,0.1770249828497701,0.17434652374288281,0.1380987642671985,0.21145680572685088,0.0337393375734457,288,0.17693073621155098,0.17323405980405848,0.13717236651181983,0.21194312328458778,0.034017221693817476,288,0.06552489095170397,0.06476299059264937,0.052674544136181584,0.08015681881684752,0.010736776100078019,288,1.0008835971067849,1.0002935538404953,0.9938308035495661,1.0085625364486095,0.006009098793659733,288,0.0,0.0,0.0,0.0,0.0,288,0.0,0.0,0.0,0.0,0.0,288,0.998215503583904,0.9983609835427982,0.9973188505042144,0.9989077866052287,0.0006946284639572411,288,0.1770249828497701,0.17434652374288281,0.1380987642671985,0.21145680572685088,0.0337393375734457,288,0.17668383623055262,0.17338532059950346,0.1369739070977374,0.21133307049666245,0.03382790949114651,288,0.05898237843681602,0.05737594304353928,0.04682444511469994,0.07329403457864693,0.011360646988574584,288,1.0021046718304292,1.0019124400188861,0.9960095794531895,1.008206562315573,0.005066765069484335,288,0.0,0.0,0.0,0.0,0.0,288,0.0,0.0,0.0,0.0,0.0
conv1,ours,0,ConvWeight_0,0.0005,288,36,288,0.9946724609824211,0.995080024399387,0.9921964241038145,0.9967632190493829,0.0018998518561314105,288,0.17757981047989382,0.1752882234989655,0.13927694169625757,0.21182664357998615,0.03363912487376293,288,0.17693073621155098,0.17323405980405848,0.13717236651181983,0.21194312328458778,0.034017221693817476,288,0.10236965533293578,0.10021654994328624,0.08075936952793701,0.12543886906192447,0.01834985561758509,288,1.0042614732924466,1.0032643272383321,0.9928397128429615,1.0155063895037768,0.009325893280626548,288,0.0,0.0,0.0,0.0,0.0,288,0.0,0.0,0.0,0.0,0.0,288,0.9950718084687661,0.9954851735771765,0.9925765249831158,0.9969781252427751,0.0019086809275663172,288,0.17757981047989382,0.1752882234989655,0.13927694169625757,0.21182664357998615,0.03363912487376293,288,0.17668383623055262,0.17338532059950346,0.1369739070977374,0.21133307049666245,0.03382790949114651,288,0.09830396403890855,0.09562656783413323,0.07804075184704812,0.12215671145333273,0.018934411891126057,288,1.0054852347840595,1.004960652011818,0.9952282266479107,1.0157809051510867,0.008582884606605766,288,0.0,0.0,0.0,0.0,0.0,288,0.0,0.0,0.0,0.0,0.0
conv1,ours,1,DenseWeight_0,0,36,36,36,0.9999999781553198,0.9999999841813825,0.9999999566262635,0.9999999900205216,1.336575902600097e-08,36,1.0163314423163725,0.9916801502805508,0.8363488974018941,1.2176086908479085,0.14456268070614062,36,1.016347784805335,0.9917104967165832,0.8363626845119015,1.2176204299142084,0.14457235111679426,36,0.00020181094243816683,0.00017872181040910648,0.00014143308463118915,0.0002985970138618427,6.172843291178987e-05,36,0.9999848350377091,0.9999869339350875,0.9999496163557335,1.0000092556905757,2.2992317286628482e-05,36,0.0,0.0,0.0,0.0,0.0,36,0.0,0.0,0.0,0.0,0.0,36,1.0,1.0,0.9999999999999998,1.0000000000000002,1.3136335981433191e-16,36,1.0163314423163725,0.9916801502805508,0.8363488974018941,1.2176086908479085,0.14456268070614062,36,1.0163314423163725,0.9916801502805508,0.8363488974018941,1.2176086908479085,0.14456268070614062,36,0.0,0.0,0.0,0.0,0.0,36,1.0,1.0,1.0,1.0,0.0,36,0.0,0.0,0.0,0.0,0.0,36,0.0,0.0,0.0,0.0,0.0
conv1,ours,1,DenseWeight_0,1e-05,288,36,288,0.999999968516049,0.9999999736618463,0.9999999475946887,0.9999999813297746,1.2889444377379108e-08,288,1.0163312912390623,0.9916804498304734,0.8343480934925147,1.2385621064939674,0.14278893141024226,288,1.0163477848053348,0.9917104967165832,0.8343939674272711,1.2385780654260252,0.14279839005527403,288,0.0002475184292674952,0.00022988283389500472,0.00019337026176677305,0.0003278707339994783,4.969267676597113e-05,288,0.999984668343857,0.9999879940285898,0.99994964592679,1.0000103666130755,2.294309811337407e-05,288,0.0,0.0,0.0,0.0,0.0,288,0.0,0.0,0.0,0.0,0.0,288,0.9999999903656267,0.9999999905877917,0.9999999868449752,0.9999999937161735,2.6201306005224075e-09,288,1.0163312912390623,0.9916804498304734,0.8343480934925147,1.2385621064939674,0.14278893141024226,288,1.0163314423163725,0.9916801502805508,0.8343479765624927,1.2385625358232761,0.14278883830445968,288,0.00013755097669943577,0.00013726968450741633,0.00011216115062118816,0.00016223842566786837,1.9034786677670455e-05,288,0.9999998333046045,0.9999998149832472,0.9999949879791168,1.0000044836000623,3.5509778746481983e-06,288,0.0,0.0,0.0,0.0,0.0,288,0.0,0.0,0.0,0.0,0.0
conv1,ours,1,DenseWeight_0,3e-05,288,36,288,0.9999998914312052,0.9999998926830335,0.9999998600782245,0.9999999209046078,2.4544387988733554e-08,288,1.0163310456929235,0.9916811078055243,0.8343484021654888,1.2385612943738729,0.14278911019227233,288,1.0163477848053348,0.9917104967165832,0.8343939674272711,1.2385780654260252,0.14279839005527403,288,0.0004640112679425675,0.00046418652376746967,0.00039810152531099776,0.0005295138705903462,5.197892755593695e-05,288,0.9999843927610547,0.9999867784232692,0.9999488726665587,1.0000152806830722,2.496903370792796e-05,288,0.0,0.0,0.0,0.0,0.0,288,0.0,0.0,0.0,0.0,0.0,288,0.9999999132905771,0.9999999152888992,0.9999998816028801,0.9999999434447677,2.3581239209967763e-08,288,1.0163310456929235,0.9916811078055243,0.8343484021654888,1.2385612943738729,0.14278911019227233,288,1.0163314423163725,0.9916801502805508,0.8343479765624927,1.2385625358232761,0.14278883830445968,288,0.00041265293000905507,0.00041180903264287073,0.0003364834400895021,0.0004867153876628778,5.710436448807335e-05,288,0.9999995577195134,0.999999488153967,0.9999850138578784,1.0000135134553432,1.0652377065143071e-05,288,0.0,0.0,0.0,0.0,0.0,288,0.0,0.0,0.0,0.0,0.0
conv1,ours,1,DenseWeight_0,0.0001,288,36,288,0.99999901466681,0.999999033441253,0.9999986720012829,0.999999339816585,2.59768101700406e-07,288,1.0163307806712225,0.9916840289058392,0.8343502680548333,1.2385589406093127,0.1427896579184777,288,1.0163477848053348,0.9917104967165832,0.8343939674272711,1.2385780654260252,0.14279839005527403,288,0.0013922196802424066,0.0013920986763977438,0.0011494197138652788,0.0016298714316869466,0.0001857100242084752,288,0.9999840351735708,0.9999851371058335,0.9999298427419969,1.0000386574471591,4.193714956139162e-05,288,0.0,0.0,0.0,0.0,0.0,288,0.0,0.0,0.0,0.0,0.0,288,0.9999990365604577,0.9999990587186078,0.9999986844044414,0.999999371577977,2.620157640370114e-07,288,1.0163307806712225,0.9916840289058392,0.8343502680548333,1.2385589406093127,0.1427896579184777,288,1.0163314423163725,0.9916801502805508,0.8343479765624927,1.2385625358232761,0.14278883830445968,288,0.0013755097674687299,0.0013726965336849518,0.0011216113310560456,0.0016223859187875387,0.00019034793383285962,288,0.999999200132396,0.9999988664928399,0.9999506286258035,1.0000456228427392,3.550201618287079e-05,288,0.0,0.0,0.0,0.0,0.0,288,0.0,0.0,0.0,0.0,0.0
conv1,ours,1,DenseWeight_0,0.0003,288,36,288,0.9999913070860311,0.9999915049768747,0.9999881478786522,0.9999943174612175,2.3559153684849065e-06,288,1.0163351182319296,0.9916976735852028,0.8343623322262752,1.2385564040658996,0.1427905541748051,288,1.0163477848053348,0.9917104967165832,0.8343939674272711,1.2385780654260252,0.14279839005527403,288,0.004132115587007943,0.004123927248012017,0.0033737903748987685,0.004869153702541014,0.0005694719196421319,288,0.9999882159416873,0.9999896240221308,0.9998430546519026,1.0001228482537554,0.00010869718703491844,288,0.0,0.0,0.0,0.0,0.0,288,0.0,0.0,0.0,0.0,0.0,288,0.999991329077563,0.9999915273242475,0.9999881579140429,0.9999943434447488,2.358155816827193e-06,288,1.0163351182319296,0.9916976735852028,0.8343623322262752,1.2385564040658996,0.1427905541748051,288,1.0163314423163725,0.9916801502805508,0.8343479765624927,1.2385625358232761,0.14278883830445968,288,0.004126529355650377,0.004118087574814149,0.003364832865617267,0.004867168898388707,0.0005710442549063696,288,1.0000033809733635,1.0000027652236918,0.9998574861552859,1.000141662745488,0.00010647048800543088,288,0.0,0.0,0.0,0.0,0.0,288,0.0,0.0,0.0,0.0,0.0
conv1,ours,1,DenseWeight_0,0.0005,288,36,288,0.9999758924053042,0.9999764415193269,0.9999670951406028,0.9999842627100644,6.54833936868895e-06,288,1.0163470034977966,0.9917191678963304,0.8343843709155475,1.2385600727092436,0.14279045980806274,288,1.0163477848053348,0.9917104967165832,0.8343939674272711,1.2385780654260252,0.14279839005527403,288,0.006880852430951819,0.00686717563763145,0.005612425820403695,0.008113666733000157,0.0009508503736014732,288,1.0000001039428725,0.9999980592934223,0.9997584896153948,1.0002292443727867,0.00017877837060025596,288,0.0,0.0,0.0,0.0,0.0,288,0.0,0.0,0.0,0.0,0.0,288,0.9999759144946491,0.9999764631474521,0.999967102517479,0.9999842853612475,6.5503178235150525e-06,288,1.0163470034977966,0.9917191678963304,0.8343843709155475,1.2385600727092436,0.14279045980806274,288,1.0163314423163725,0.9916801502805508,0.8343479765624927,1.2385625358232761,0.14278883830445968,288,0.006877549129955303,0.006863476028511343,0.0056080529890805446,0.008111966874949935,0.0009517411951606755,288,1.0000152691537754,1.0000139844296672,0.9997732860522327,1.0002440933684853,0.00017742879323702775,288,0.0,0.0,0.0,0.0,0.0,288,0.0,0.0,0.0,0.0,0.0
conv1,legacy,0,ConvWeight_0,0,36,36,36,0.9998934860539516,0.9999055856261876,0.9998131716819294,0.9999614939933931,7.667081979984324e-05,36,0.3469713519209108,0.3345713006059332,0.26887321263320274,0.42724608778126866,0.07219025136249484,36,0.3470843240317712,0.334728408966392,0.2688121298169068,0.427084270396206,0.07205930325046199,36,0.013924477036630488,0.013802313980088611,0.00877825434776119,0.019469981530225444,0.004741737824377602,36,0.9995997336434611,0.9994394563290752,0.9979810944311811,1.0015011065650654,0.0016491070621978004,36,0.0,0.0,0.0,0.0,0.0,36,0.0,0.0,0.0,0.0,0.0,36,1.0,1.0,0.9999999999999999,1.0000000000000002,1.1719484558619877e-16,36,0.3469713519209108,0.3345713006059332,0.26887321263320274,0.42724608778126866,0.07219025136249484,36,0.3469713519209108,0.3345713006059332,0.26887321263320274,0.42724608778126866,0.07219025136249484,36,0.0,0.0,0.0,0.0,0.0,36,1.0,1.0,1.0,1.0,0.0,36,0.0,0.0,0.0,0.0,0.0,36,0.0,0.0,0.0,0.0,0.0
conv1,legacy,0,ConvWeight_0,1e-05,288,36,288,0.9998430107521548,0.9998647125909934,0.9997425726987333,0.999917985717836,7.86107591323097e-05,288,0.3469953485625526,0.33446214531984775,0.26824767402365546,0.449325086437974,0.07127885953474664,288,0.34708432403177125,0.334728408966392,0.26841552521283246,0.44951934719209885,0.07117510653442928,288,0.017366561879411452,0.016569493254515528,0.012861858677507243,0.02284315218932872,0.003964296194564236,288,0.9996833655494852,0.9998124324087282,0.9974465851053537,1.0020513033329324,0.0018155764857183958,288,0.0,0.0,0.0,0.0,0.0,288,0.0,0.0,0.0,0.0,0.0,288,0.9999477232967915,0.9999501685102687,0.9999242903951875,0.9999697137755987,2.0516295278053705e-05,288,0.3469953485625526,0.33446214531984775,0.26824767402365546,0.449325086437974,0.07127885953474664,288,0.3469713519209108,0.3345713006059332,0.26825959390421633,0.44947641440322156,0.0713044478603095,288,0.010069121349427133,0.010035814934477135,0.0077962913049341755,0.012343777903886374,0.001984805237769923,288,1.0000837162727796,1.000040988214956,0.9990499126826843,1.0012029891528662,0.0008635129529630706,288,0.0,0.0,0.0,0.0,0.0,288,0.0,0.0,0.0,0.0,0.0
conv1,legacy,0,ConvWeight_0,3e-05,288,36,288,0.9994288316885029,0.9994624073391889,0.9991649487598423,0.999654303870648,0.00019706935856046435,288,0.3471447156935103,0.3343606970596509,0.2683420228546933,0.4491048427266464,0.0712138881316364,288,0.34708432403177125,0.334728408966392,0.26841552521283246,0.44951934719209885,0.07117510653442928,288,0.03345204082250733,0.03302561757511718,0.026441008430097022,0.0410100727691229,0.005713945984603105,288,1.000164033686984,1.0001247329212581,0.9963493163447394,1.0041120409528606,0.003007191480092547,288,0.0,0.0,0.0,0.0,0.0,288,0.0,0.0,0.0,0.0,0.0,288,0.9995299008185768,0.9995508335805521,0.9993188219028614,0.999727368439102,0.00018449316329375323,288,0.3471447156935103,0.3343606970596509,0.2683420228546933,0.4491048427266464,0.0712138881316364,288,0.3469713519209108,0.3345713006059332,0.26825959390421633,0.44947641440322156,0.0713044478603095,288,0.0302073640302188,0.030107443868474387,0.023388873136190185,0.037031333451911515,0.005954415719849375,288,1.0005646970066,1.0005310977189876,0.9974348840887831,1.0039863450504531,0.002595432492262827,288,0.0,0.0,0.0,0.0,0.0,288,0.0,0.0,0.0,0.0,0.0
conv1,legacy,0,ConvWeight_0,0.0001,288,36,288,0.9947323751291015,0.9949526496706254,0.9924542212089583,0.99688633947236,0.00201111864639847,288,0.34872753865049877,0.33523334128138954,0.2687479586025624,0.4492004840639163,0.07084360791568639,288,0.34708432403177125,0.334728408966392,0.26841552521283246,0.44951934719209885,0.07117510653442928,288,0.10158438629438699,0.10133206428433994,0.07915122019702185,0.12303333224258578,0.019551867627893814,288,1.0051226554037744,1.0046761557483723,0.9943950453276937,1.0163330286759973,0.008885191287824725,288,0.0,0.0,0.0,0.0,0.0,288,0.0,0.0,0.0,0.0,0.0,288,0.9948203473074323,0.9950225148710012,0.992440769271808,0.9969765746125241,0.0020229254151018267,288,0.34872753865049877,0.33523334128138954,0.2687479586025624,0.4492004840639163,0.07084360791568639,288,0.3469713519209108,0.3345713006059332,0.26825959390421633,0.44947641440322156,0.0713044478603095,288,0.10069121322170298,0.10035813533327412,0.0779629013390626,0.12343777511967159,0.019848052476581612,288,1.005525915414941,1.0053833613592897,0.994733139017821,1.0169102656620645,0.008826031291349299,288,0.0,0.0,0.0,0.0,0.0,288,0.0,0.0,0.0,0.0,0.0
conv1,legacy,0,ConvWeight_0,0.0003,288,36,288,0.9563754878574429,0.9575714789528931,0.9365122794570498,0.9736422609446728,0.0161042116395314,288,0.36202674385882805,0.3504100868339697,0.2831781120924103,0.4568314565886766,0.06870577864902583,288,0.34708432403177125,0.334728408966392,0.26841552521283246,0.44951934719209885,0.07117510653442928,288,0.3021480105976764,0.30019715174140754,0.23492363975301536,0.37002497598726003,0.059315576660476495,288,1.0463584724440231,1.0462947732600234,1.0100526357919415,1.0888173679963273,0.03022069641043796,288,0.0,0.0,0.0,0.0,0.0,288,0.0,0.0,0.0,0.0,0.0,288,0.9564251760765811,0.9577048469002127,0.9364283400176758,0.973681980933067,0.01615047302805572,288,0.36202674385882805,0.3504100868339697,0.2831781120924103,0.4568314565886766,0.06870577864902583,288,0.3469713519209108,0.3345713006059332,0.26825959390421633,0.44947641440322156,0.0713044478603095,288,0.30207363787253627,0.3010743126136898,0.23388862592392906,0.37031329917643424,0.05954415809275254,288,1.0467815076427742,1.0463891548223536,1.0092097708943977,1.0896369453613621,0.03032231893578365,288,0.0,0.0,0.0,0.0,0.0,288,0.0,0.0,0.0,0.0,0.0
conv1,legacy,0,ConvWeight_0,0.0005,288,36,288,0.8923741641611626,0.894210310173946,0.8470615366226313,0.9329556917887111,0.03628466509355204,288,0.3869902917839061,0.3760165938699807,0.3136440787108945,0.4736543104617553,0.06556652284550667,288,0.34708432403177125,0.334728408966392,0.26841552521283246,0.44951934719209885,0.07117510653442928,288,0.5032956869741029,0.5001902443417918,0.3907871337507169,0.6173879692601012,0.09899294729252778,288,1.123339114997024,1.119245869633143,1.0507071229993663,1.2099126547671761,0.05913441713893981,288,0.0,0.0,0.0,0.0,0.0,288,0.0,0.0,0.0,0.0,0.0,288,0.8923885274527987,0.8937124945591168,0.8471835851961312,0.933004324744628,0.03636437063736254,288,0.3869902917839061,0.3760165938699807,0.3136440787108945,0.4736543104617553,0.06556652284550667,288,0.3469713519209108,0.3345713006059332,0.26825959390421633,0.44947641440322156,0.0713044478603095,288,0.5034560602018263,0.5017903654533712,0.38981424643283924,0.6171887883653218,0.09924026460338882,288,1.123798040377969,1.1189684404355003,1.0507501741377332,1.211511701600557,0.05929682917652425,288,0.0,0.0,0.0,0.0,0.0,288,0.0,0.0,0.0,0.0,0.0
conv1,legacy,1,DenseWeight_0,0,36,36,36,0.999999999823308,0.9999999998362845,0.9999999997306068,0.9999999999069906,9.15734206574692e-11,36,2.6745854337909964,2.6384766832359023,2.2155185299737807,3.2060375527265927,0.38230438447638054,36,2.674585956312714,2.6384788323964914,2.2155198110619745,3.2060360789066653,0.3823041569649238,36,1.8298197404440772e-05,1.8098630816714286e-05,1.363821976906065e-05,2.3204099584006572e-05,4.509458516547809e-06,36,0.9999997859885195,0.9999995887660085,0.9999985892686074,1.0000012146904034,1.0943636488057267e-06,36,0.0,0.0,0.0,0.0,0.0,36,0.0,0.0,0.0,0.0,0.0,36,1.0,1.0,0.9999999999999998,1.0,1.1719484558619877e-16,36,2.6745854337909964,2.6384766832359023,2.2155185299737807,3.2060375527265927,0.38230438447638054,36,2.6745854337909964,2.6384766832359023,2.2155185299737807,3.2060375527265927,0.38230438447638054,36,0.0,0.0,0.0,0.0,0.0,36,1.0,1.0,1.0,1.0,0.0,36,0.0,0.0,0.0,0.0,0.0,36,0.0,0.0,0.0,0.0,0.0
conv1,legacy,1,DenseWeight_0,1e-05,288,36,288,0.999999986994611,0.9999999874747032,0.9999999816985833,0.999999991833572,3.443813249447777e-09,288,2.674584955016376,2.6384733582631936,2.20646767636483,3.2143277488787985,0.37761368782000665,288,2.6745859563127143,2.6384788323964914,2.206466633162077,3.2143301350343845,0.3776131307564256,288,0.00015989282346977955,0.00015830316563969973,0.00012780406719301322,0.0001914736655815781,2.1560619809612963e-05,288,0.9999995822117822,0.9999994577650839,0.9999940358397166,1.0000050546121901,4.252627869190343e-06,288,0.0,0.0,0.0,0.0,0.0,288,0.0,0.0,0.0,0.0,0.0,288,0.9999999871715841,0.9999999875963657,0.9999999818182697,0.9999999920235911,3.454653965448928e-09,288,2.674584955016376,2.6384733582631936,2.20646767636483,3.2143277488787985,0.37761368782000665,288,2.6745854337909964,2.6384766832359023,2.2064656418412807,3.2143306347125695,0.37761335547622504,288,0.00015874149020836495,0.00015755255910019343,0.00012631381501119915,0.0001907585741430362,2.1823785996638236e-05,288,0.9999997962230991,0.9999998369462475,0.9999940337239618,1.0000051363989049,4.083586575511983e-06,288,0.0,0.0,0.0,0.0,0.0,288,0.0,0.0,0.0,0.0,0.0
conv1,legacy,1,DenseWeight_0,3e-05,288,36,288,0.9999998843666172,0.9999998881970547,0.9999998362993638,0.999999928039914,3.1080672898120376e-08,288,2.674584195818441,2.638466910365532,2.206471975976635,3.2143221482106017,0.3776143266892765,288,2.6745859563127143,2.6384788323964914,2.206466633162077,3.2143301350343845,0.3776131307564256,288,0.0004766119196657616,0.0004729531926902096,0.00037939169990423084,0.0005723612090530215,6.537922459149549e-05,288,0.9999992516285425,0.9999992801099451,0.9999827254191879,1.000014928093751,1.2326471712281674e-05,288,0.0,0.0,0.0,0.0,0.0,288,0.0,0.0,0.0,0.0,0.0,288,0.999999884544152,0.9999998883669716,0.9999998363628594,0.999999928212648,3.109200256885999e-08,288,2.674584195818441,2.638466910365532,2.206471975976635,3.2143221482106017,0.3776143266892765,288,2.6745854337909964,2.6384766832359023,2.2064656418412807,3.2143306347125695,0.37761335547622504,288,0.00047622447175749746,0.0004726576857929359,0.0003789414846294874,0.0005722757941347612,6.547136116299203e-05,288,0.999999465639553,0.9999995746691226,0.9999821573602742,1.0000154892828022,1.2249848765469897e-05,288,0.0,0.0,0.0,0.0,0.0,288,0.0,0.0,0.0,0.0,0.0
conv1,legacy,1,DenseWeight_0,0.0001,288,36,288,0.9999987169753298,0.9999987594777254,0.9999981818848598,0.9999992022592193,3.454609171294061e-07,288,2.674583621317445,2.638446464245803,2.206489445522094,3.214304341381592,0.37761629163590377,288,2.6745859563127143,2.6384788323964914,2.206466633162077,3.2143301350343845,0.3776131307564256,288,0.0015875329775061346,0.0015755392424267808,0.0012632250759312862,0.0019074917687049132,0.000218208888131454,288,0.9999989027760819,0.9999991107636761,0.99994158782163,1.000051907444817,4.086547536514742e-05,288,0.0,0.0,0.0,0.0,0.0,288,0.0,0.0,0.0,0.0,0.0,288,0.99999871715483,0.999998759622001,0.9999981817516786,0.99999920237613,3.454703981796146e-07,288,2.674583621317445,2.638446464245803,2.206489445522094,3.214304341381592,0.37761629163590377,288,2.6745854337909964,2.6384766832359023,2.2064656418412807,3.2143306347125695,0.37761335547622504,288,0.001587414920488474,0.001575525719749432,0.001263138745146347,0.00190758681863568,0.00021823790774683652,288,0.99999911678623,0.9999993269189233,0.9999412240063384,1.0000525652363683,4.0823085807539675e-05,288,0.0,0.0,0.0,0.0,0.0,288,0.0,0.0,0.0,0.0,0.0
conv1,legacy,1,DenseWeight_0,0.0003,288,36,288,0.9999884542743828,0.999988836355446,0.9999836355519779,0.9999928218179175,3.109259931298002e-06,288,2.674599831503187,2.6384062316497165,2.206560108330439,3.214268855162896,0.3776195820370688,288,2.6745859563127143,2.6384788323964914,2.206466633162077,3.2143301350343845,0.3776131307564256,288,0.004762285276955613,0.0047265227448893355,0.003789401148547809,0.005722623543404557,0.0006547025379524,288,1.000004833381784,1.0000047645743777,0.9998304303920699,1.0001663491117792,0.00012243831169286046,288,0.0,0.0,0.0,0.0,0.0,288,0.0,0.0,0.0,0.0,0.0,288,0.99998845445949,0.9999888364264855,0.9999836352862553,0.9999928217753414,3.1092638312954597e-06,288,2.674599831503187,2.6384062316497165,2.206560108330439,3.214268855162896,0.3776195820370688,288,2.6745854337909964,2.6384766832359023,2.2064656418412807,3.2143306347125695,0.37761335547622504,288,0.004762244923338714,0.004726578055123836,0.003789420232615068,0.005722767682121476,0.0006547140468727765,288,1.0000050473912883,1.000005355571504,0.9998300232949344,1.0001663865384633,0.0001224085080808804,288,0.0,0.0,0.0,0.0,0.0,288,0.0,0.0,0.0,0.0,0.0
conv1,legacy,1,DenseWeight_0,0.0005,288,36,288,0.9999679295741157,0.9999689900594226,0.9999545474943269,0.999980061963147,8.636662256066636e-06,288,2.674642488062455,2.638392940231456,2.206661509114458,3.2142561702048416,0.3776194298972077,288,2.6745859563127143,2.6384788323964914,2.206466633162077,3.2143301350343845,0.3776131307564256,288,0.007937099441480333,0.00787756300947573,0.006315665729165424,0.00953780652666312,0.001091182062568569,288,1.0000210265177858,1.0000225932215137,0.9997276433117124,1.0002899879088776,0.00020399402764805955,288,0.0,0.0,0.0,0.0,0.0,288,0.0,0.0,0.0,0.0,0.0,288,0.9999679297648181,0.999968990057265,0.9999545469459289,0.9999800617611022,8.636660626676346e-06,288,2.674642488062455,2.638392940231456,2.206661509114458,3.2142561702048416,0.3776194298972077,288,2.6745854337909964,2.6384766832359023,2.2064656418412807,3.2143306347125695,0.37761335547622504,288,0.007937075232074542,0.007877631671327084,0.006315707119258078,0.009537958283661234,0.0010911906292233509,288,1.0000212405293414,1.0000235853914692,0.9997283837601246,1.0002908372417152,0.00020396920557613188,288,0.0,0.0,0.0,0.0,0.0,288,0.0,0.0,0.0,0.0,0.0
conv2,baseline,0,ConvWeight_0,0,36,36,36,0.9996154671179333,0.999848005632043,0.9993724638195154,0.9999689567950409,0.0009559468567464001,36,0.0053413976489770695,0.005150091820659508,0.0034206665468606945,0.007490017432430426,0.0016628837865308567,36,0.0053519493967845175,0.0052006528990782355,0.003426695065313883,0.007449495965088995,0.001665038557590317,36,0.0217680362403638,0.01769934131134067,0.008036398148417976,0.03644315405298655,0.019388419655642617,36,0.9980165532813634,0.9992112816667686,0.9916606631750549,1.004809916462171,0.00916868948579394,36,0.0,0.0,0.0,0.0,0.0,36,0.0,0.0,0.0,0.0,0.0,36,1.0,1.0,0.9999999999999999,1.0000000000000002,1.32697032177375e-16,36,0.0053413976489770695,0.005150091820659508,0.0034206665468606945,0.007490017432430426,0.0016628837865308567,36,0.0053413976489770695,0.005150091820659508,0.0034206665468606945,0.007490017432430426,0.0016628837865308567,36,0.0,0.0,0.0,0.0,0.0,36,1.0,1.0,1.0,1.0,0.0,36,0.0,0.0,0.0,0.0,0.0,36,0.0,0.0,0.0,0.0,0.0
conv2,baseline,0,ConvWeight_0,1e-05,288,36,288,0.9980065123020457,0.9984625041818784,0.9963234374352677,0.9991747334598232,0.0014025630865676939,288,0.005347368756822909,0.005156707735514496,0.0034053385261884925,0.0076333362859406706,0.001640643235130502,288,0.005351949396784518,0.0052006528990782355,0.0033887987653906954,0.007661196277305377,0.0016446078628946982,288,0.06060202873021013,0.0556243411864798,0.041552046672289754,0.08623583129330946,0.01998825934127578,288,0.9993673445161956,1.0000404120766024,0.9917702338641504,1.0087034513183137,0.009917069415399975,288,0.0,0.0,0.0,0.0,0.0,288,0.0,0.0,0.0,0.0,0.0,288,0.9983925612392596,0.9986472708960272,0.9969190232408426,0.999425573595251,0.0009559675423101334,288,0.005347368756822909,0.005156707735514496,0.0034053385261884925,0.0076333362859406706,0.001640643235130502,288,0.00534139764897707,0.005150091820659508,0.0033880431186695454,0.007642720119518423,0.0016424795317452653,288,0.054506278846681765,0.05213402010313867,0.03405309748256212,0.07850991163417528,0.016511994475492803,288,1.0013554301790153,1.0012292055623324,0.9958099257878136,1.006991436401313,0.004480117403145298,288,0.0,0.0,0.0,0.0,0.0,288,0.0,0.0,0.0,0.0,0.0
conv2,baseline,0,ConvWeight_0,3e-05,288,36,288,0.9854890265758512,0.9875816711659202,0.9725950434971379,0.9943888426296127,0.008366501998550541,288,0.005402434781428263,0.0052193874744437775,0.0034848005554466797,0.0076422314316537026,0.001625896666772317,288,0.005351949396784518,0.0052006528990782355,0.0033887987653906954,0.007661196277305377,0.0016446078628946982,288,0.16575035779278116,0.15797724233927848,0.10763238000150305,0.23676145893463493,0.049424713552775765,288,1.0115981895397417,1.0102136843215896,0.9917650302605904,1.0318914277260942,0.017487097738538394,288,0.0,0.0,0.0,0.0,0.0,288,0.0,0.0,0.0,0.0,0.0,288,0.9858739594831611,0.9880669148415675,0.9729738393594045,0.994885625410276,0.008228786238916291,288,0.005402434781428263,0.0052193874744437775,0.0034848005554466797,0.0076422314316537026,0.001625896666772317,288,0.00534139764897707,0.005150091820659508,0.0033880431186695454,0.007642720119518423,0.0016424795317452653,288,0.1635188366127007,0.156402063118846,0.1021592934514959,0.23552973347207437,0.049535983492437444,288,1.0136159664815962,1.011737407750112,0.9948764120567058,1.034953047090129,0.015407687089316184,288,0.0,0.0,0.0,0.0,0.0,288,0.0,0.0,0.0,0.0,0.0
conv2,baseline,0,ConvWeight_0,0.0001,288,36,288,0.8746294563791265,0.8870283818162665,0.7841956324184459,0.9464486649508104,0.06088696201791265,288,0.006000782793353449,0.005810563941799006,0.004298992190176153,0.007985382535523652,0.0014899953054933837,288,0.005351949396784518,0.0052006528990782355,0.0033887987653906954,0.007661196277305377,0.0016446078628946982,288,0.5447171343810575,0.5200338938724821,0.34300359284997306,0.7838000345767443,0.1647404687690741,288,1.1427619002596439,1.1280497959575302,1.037350344273012,1.270682582669128,0.08940535927364773,288,0.0,0.0,0.0,0.0,0.0,288,0.0,0.0,0.0,0.0,0.0,288,0.8749785013263145,0.8870249731032642,0.7844452562984444,0.9465489478208226,0.06081097017985088,288,0.006000782793353449,0.005810563941799006,0.004298992190176153,0.007985382535523652,0.0014899953054933837,288,0.00534139764897707,0.005150091820659508,0.0033880431186695454,0.007642720119518423,0.0016424795317452653,288,0.5450627895455022,0.5213402433943473,0.3405309896571165,0.7850990942260165,0.1651199457337321,288,1.1450741153607116,1.1327018451966335,1.040711181431135,1.2734591019216737,0.08942630365712655,288,0.0,0.0,0.0,0.0,0.0,288,0.0,0.0,0.0,0.0,0.0
conv2,baseline,0,ConvWeight_0,0.0003,288,36,288,0.5367467137321145,0.5391455018951244,0.38056367930778423,0.7109117226520338,0.1249220837417725,288,0.009686574047485368,0.009516982836278349,0.008425360729965123,0.011094735013498707,0.00111062601838967,288,0.005351949396784518,0.0052006528990782355,0.0033887987653906954,0.007661196277305377,0.0016446078628946982,288,1.631986573699554,1.5504216623002194,1.0196688870848682,2.3492715625606375,0.494433564713528,288,1.925277724011108,1.839945498098908,1.4360116961349008,2.549900937031685,0.4250825883127626,288,0.0,0.0,0.0,0.0,0.0,288,0.0,0.0,0.0,0.0,0.0,288,0.5369672694152632,0.5363763984803691,0.3801488695051067,0.711562929718756,0.12486303035017104,288,0.009686574047485368,0.009516982836278349,0.008425360729965123,0.011094735013498707,0.00111062601838967,288,0.00534139764897707,0.005150091820659508,0.0033880431186695454,0.007642720119518423,0.0016424795317452653,288,1.635188375798438,1.5640210128795358,1.021593067183611,2.355297134831449,0.49535984371429176,288,1.9293052898809937,1.8468929217806513,1.4356378974060282,2.5586178382173275,0.4260088909447625,288,0.0,0.0,0.0,0.0,0.0,288,0.0,0.0,0.0,0.0,0.0
conv2,baseline,0,ConvWeight_0,0.0005,288,36,288,0.3620893340973393,0.34916565511864606,0.21526419329439644,0.530955636368298,0.11902396494916513,288,0.01441072807835613,0.014303086728005827,0.01293681855744599,0.015879137264865464,0.0011576678275316942,288,0.005351949396784518,0.0052006528990782355,0.0033887987653906954,0.007661196277305377,0.0016446078628946982,288,2.719691122309243,2.58278441990994,1.6972894928080802,3.9148696772810743,0.8240466289782282,288,2.906317364900131,2.743383891635424,1.9745834964026774,4.037749152128426,0.7734568104838505,288,0.0,0.0,0.0,0.0,0.0,288,0.0,0.0,0.0,0.0,0.0,288,0.36224196431160494,0.351093555978228,0.21491979095138425,0.529998917269917,0.11895631401012763,288,0.01441072807835613,0.014303086728005827,0.01293681855744599,0.015879137264865464,0.0011576678275316942,288,0.00534139764897707,0.005150091820659508,0.0033880431186695454,0.007642720119518423,0.0016424795317452653,288,2.7253139716432084,2.6067021593227855,1.7026552756823923,3.9254949782968924,0.8255997503907041,288,2.9124603467865255,2.7527486523046614,1.9731483358345372,4.043589255169793,0.7750795757915393,288,0.0,0.0,0.0,0.0,0.0,288,0.0,0.0,0.0,0.0,0.0
conv2,baseline,1,ConvWeight_1,0,36,36,36,0.9993344507929088,0.9996609398716758,0.9986366033209989,0.9999350259766777,0.00118636726459329,36,0.09997453086716601,0.09805355315994352,0.07707452215825668,0.12637781810549212,0.01954553475032676,36,0.10018491648788055,0.09805807440777439,0.07714957184809734,0.126326787846408,0.01967705026665911,36,0.030434740114388528,0.026045510031704223,0.011406891503304331,0.052110435928812315,0.021266042151359025,36,0.9980957325896611,0.999286805959525,0.9965520512318438,1.00066352290445,0.007095493373709998,36,0.0,0.0,0.0,0.0,0.0,36,0.0,0.0,0.0,0.0,0.0,36,1.0,1.0,0.9999999999999998,1.0000000000000002,1.5245728287052066e-16,36,0.09997453086716601,0.09805355315994352,0.07707452215825668,0.12637781810549212,0.01954553475032676,36,0.09997453086716601,0.09805355315994352,0.07707452215825668,0.12637781810549212,0.01954553475032676,36,0.0,0.0,0.0,0.0,0.0,36,1.0,1.0,1.0,1.0,0.0,36,0.0,0.0,0.0,0.0,0.0,36,0.0,0.0,0.0,0.0,0.0
conv2,baseline,1,ConvWeight_1,1e-05,288,36,288,0.9993210106791756,0.999646118504439,0.9984659810598971,0.9999235713378749,0.0011719806956974454,288,0.09997662247413225,0.09805219029077145,0.07704575413371732,0.12752640609662513,0.019306023500802905,288,0.10018491648788055,0.09805807440777439,0.07708718239039904,0.1273169490783581,0.0194356049231409,288,0.031060095265700964,0.02660842908043299,0.012363419398955482,0.05536905150668471,0.020725481048765513,288,0.9981170389708411,0.9993271044537863,0.9965768636340673,1.000819513617997,0.00701390156297952,288,0.0,0.0,0.0,0.0,0.0,288,0.0,0.0,0.0,0.0,0.0,288,0.9999864794548046,0.9999873154795,0.9999785801863876,0.9999931550215263,5.524549016909389e-06,288,0.09997662247413225,0.09805219029077145,0.07704575413371732,0.12752640609662513,0.019306023500802905,288,0.09997453086716601,0.09805355315994352,0.07703944464653517,0.1275370222716042,0.019305703155240786,288,0.005101147365634901,0.005037638044952322,0.0037023547688549005,0.006550002597568304,0.0010209923503521666,288,1.000021317524047,1.0000176017277491,0.9998441612632994,1.0001853446253581,0.00013598615427046334,288,0.0,0.0,0.0,0.0,0.0,288,0.0,0.0,0.0,0.0,0.0
conv2,baseline,1,ConvWeight_1,3e-05,288,36,288,0.9992130821632925,0.999539824721431,0.9983683432717113,0.9998125087009473,0.0011698897791481925,288,0.09998834883571968,0.09805679481658597,0.07706848400940215,0.12751033990782537,0.019305280096183434,288,0.10018491648788055,0.09805807440777439,0.07708718239039904,0.1273169490783581,0.0194356049231409,288,0.03517494352534204,0.03033986409232045,0.0193644407928272,0.05711433954488514,0.019294847611581487,288,0.9982406344663998,0.9994759343895229,0.9967384374560898,1.0012374551331005,0.007036167758834156,288,0.0,0.0,0.0,0.0,0.0,288,0.0,0.0,0.0,0.0,0.0,288,0.9998783400708179,0.9998858840012695,0.9998071946936814,0.9999383782435518,4.9708420729193915e-05,288,0.09998834883571968,0.09805679481658597,0.07706848400940215,0.12751033990782537,0.019305280096183434,288,0.09997453086716601,0.09805355315994352,0.07703944464653517,0.1275370222716042,0.019305703155240786,288,0.01530344208705648,0.015112913766670625,0.011107064200913692,0.019650007019682756,0.003062977059105103,288,1.000145068774889,1.0001147284544354,0.9996334846376291,1.000630918919744,0.0004084150870702666,288,0.0,0.0,0.0,0.0,0.0,288,0.0,0.0,0.0,0.0,0.0
conv2,baseline,1,ConvWeight_1,0.0001,288,36,288,0.9979871958254165,0.9983154347349193,0.9970524186418944,0.9988824496898175,0.0012470392434822681,288,0.10010850899744023,0.0981498234697942,0.07719554323185697,0.12750837622474456,0.01928818365138783,288,0.10018491648788055,0.09805807440777439,0.07708718239039904,0.1273169490783581,0.0194356049231409,288,0.06165958354425934,0.058086811455294624,0.047272098472140554,0.07681455601567577,0.016148360052789933,288,0.9995225673302488,1.0006737879115915,0.9975427344200959,1.0033698054984457,0.0072440469107581396,288,0.0,0.0,0.0,0.0,0.0,288,0.0,0.0,0.0,0.0,0.0,288,0.9986511946732006,0.9987329897727253,0.9978586389189876,0.9993148073486776,0.0005501249219150764,288,0.10010850899744023,0.0981498234697942,0.07719554323185697,0.12750837622474456,0.01928818365138783,288,0.09997453086716601,0.09805355315994352,0.07703944464653517,0.1275370222716042,0.019305703155240786,288,0.051011473510212624,0.05037637492844624,0.0370235461028357,0.06550001438257053,0.010209923624745184,288,1.0014289470731113,1.0013567466233892,0.999635878825601,1.0032019441909654,0.0014338065330282692,288,0.0,0.0,0.0,0.0,0.0,288,0.0,0.0,0.0,0.0,0.0
conv2,baseline,1,ConvWeight_1,0.0003,288,36,288,0.9874296133518237,0.9881676890312738,0.9809292737045338,0.9933090317026744,0.004783079028449341,288,0.10112363769757825,0.09921985168711783,0.07841795076296641,0.12796713449162594,0.01911851054924115,288,0.10018491648788055,0.09805807440777439,0.07708718239039904,0.1273169490783581,0.0194356049231409,288,0.15729282089328311,0.15566952153921193,0.11642775151786398,0.19869919266107589,0.029983915646453856,288,1.0103926664631375,1.010932767137485,1.0036487059578196,1.019683943664215,0.009768867898128121,288,0.0,0.0,0.0,0.0,0.0,288,0.0,0.0,0.0,0.0,0.0,288,0.9880857282270468,0.9887716110760182,0.981077810905212,0.9938459112471426,0.004770435349694923,288,0.10112363769757825,0.09921985168711783,0.07841795076296641,0.12796713449162594,0.01911851054924115,288,0.09997453086716601,0.09805355315994352,0.07703944464653517,0.1275370222716042,0.019305703155240786,288,0.15303441959521125,0.1511290880179278,0.11107062776270712,0.1964999659110669,0.03062977168926279,288,1.0123165098900988,1.0115594360608084,1.0050049098672444,1.020127531361064,0.006137678603634805,288,0.0,0.0,0.0,0.0,0.0,288,0.0,0.0,0.0,0.0,0.0
conv2,baseline,1,ConvWeight_1,0.0005,288,36,288,0.9674243677556397,0.9686460184992143,0.9496648764474591,0.982799512592155,0.012241279459387978,288,0.10310350837337383,0.10139395924180537,0.0808382765544056,0.12914013482173226,0.018786569889803827,288,0.10018491648788055,0.09805807440777439,0.07708718239039904,0.1273169490783581,0.0194356049231409,288,0.2574341339638761,0.25613727116007384,0.1870273144695929,0.3283639782491629,0.050265587920030184,288,1.031590561359659,1.0309571336355394,1.013979599636965,1.0515772614196135,0.01670836742131409,288,0.0,0.0,0.0,0.0,0.0,288,0.0,0.0,0.0,0.0,0.0,288,0.9680669312028817,0.9697027502477924,0.9497241017651369,0.9830712865192385,0.012330114395674044,288,0.10310350837337383,0.10139395924180537,0.0808382765544056,0.12914013482173226,0.018786569889803827,288,0.09997453086716601,0.09805355315994352,0.07703944464653517,0.1275370222716042,0.019305703155240786,288,0.2550573645213218,0.25188175217047126,0.18511769543402343,0.32749981458131044,0.0510496208556423,288,1.033549020690142,1.0317491541586812,1.0177413271165452,1.052408166818919,0.014424815938453786,288,0.0,0.0,0.0,0.0,0.0,288,0.0,0.0,0.0,0.0,0.0
conv2,baseline,2,DenseWeight_0,0,36,36,36,0.9999999660375829,0.9999999897296772,0.9999999411686503,0.9999999983227155,7.097194628947674e-08,36,0.10634077486831507,0.1036282057506204,0.08507979150854249,0.13182444902443724,0.018279243891243257,36,0.10634081676199182,0.10361368818230314,0.08507974843757649,0.1318253330253838,0.018280466674874082,36,0.00020201785579853756,0.00014416668474597847,5.795450401560068e-05,0.00035030693589854447,0.000180907804081172,36,1.000001345639655,1.000003160752192,0.9999412912240077,1.0000462966957522,6.956124853382788e-05,36,0.0,0.0,0.0,0.0,0.0,36,0.0,0.0,0.0,0.0,0.0,36,1.0,1.0,0.9999999999999999,1.0000000000000002,1.366199564104904e-16,36,0.10634077486831507,0.1036282057506204,0.08507979150854249,0.13182444902443724,0.018279243891243257,36,0.10634077486831507,0.1036282057506204,0.08507979150854249,0.13182444902443724,0.018279243891243257,36,0.0,0.0,0.0,0.0,0.0,36,1.0,1.0,1.0,1.0,0.0,36,0.0,0.0,0.0,0.0,0.0,36,0.0,0.0,0.0,0.0,0.0
conv2,baseline,2,DenseWeight_0,1e-05,288,36,288,0.9999999595147305,0.9999999834777902,0.9999999295860575,0.9999999906724609,6.976082945546793e-08,288,0.10634076377953162,0.10362804994333541,0.08349754631351912,0.13497993929079372,0.018054887931656664,288,0.10634081676199185,0.10361368818230314,0.08349758877320114,0.13498098811358292,0.018056157975339642,288,0.00024401138682030697,0.00018422326350001913,0.0001372274606039363,0.0003837688281339059,0.00016201692000391896,288,1.0000013359222433,1.000002428288294,0.999936094038958,1.000052312001335,6.88857451664465e-05,288,0.0,0.0,0.0,0.0,0.0,288,0.0,0.0,0.0,0.0,0.0,288,0.9999999933423965,0.9999999935788496,0.9999999899994299,0.9999999962878682,2.3845132264600526e-09,288,0.10634076377953162,0.10362804994333541,0.08349754631351912,0.13497993929079372,0.018054887931656664,288,0.10634077486831507,0.1036282057506204,0.08349759062845655,0.1349810886302914,0.018054950195757178,288,0.00011387502637614521,0.00011354030157305153,8.660026940606848e-05,0.00014175093142364888,2.037243798728539e-05,288,0.9999999903033453,0.9999995675818859,0.999989830683979,1.0000097295571024,8.132409967607225e-06,288,0.0,0.0,0.0,0.0,0.0,288,0.0,0.0,0.0,0.0,0.0
conv2,baseline,2,DenseWeight_0,3e-05,288,36,288,0.9999999065234696,0.9999999269725219,0.9999998530958919,0.9999999552794967,7.004372140922141e-08,288,0.10634074561341628,0.10362774217499177,0.0834974619732787,0.13497764346032878,0.01805476280339057,288,0.10634081676199185,0.10361368818230314,0.08349758877320114,0.13498098811358292,0.018056157975339642,288,0.0004186018254406686,0.00038403975882322114,0.0003003138705853271,0.0005456517779638265,0.00013022660873228072,288,1.0000013564286898,1.000000304443748,0.9999246256469586,1.0000566381061722,7.205107279569198e-05,288,0.0,0.0,0.0,0.0,0.0,288,0.0,0.0,0.0,0.0,0.0,288,0.9999999400816277,0.9999999422114019,0.9999999099917234,0.9999999665911273,2.1460460248572935e-08,288,0.10634074561341628,0.10362774217499177,0.0834974619732787,0.13497764346032878,0.01805476280339057,288,0.10634077486831507,0.1036282057506204,0.08349759062845655,0.1349810886302914,0.018054950195757178,288,0.0003416250688314532,0.0003406208806473338,0.0002598008129249783,0.0004252527979608307,6.111731531262869e-05,288,1.000000010851137,0.9999987360223209,0.9999695343991327,1.0000292241647732,2.4398373252248586e-05,288,0.0,0.0,0.0,0.0,0.0,288,0.0,0.0,0.0,0.0,0.0
conv2,baseline,2,DenseWeight_0,0.0001,288,36,288,0.9999993016282804,0.9999993112950805,0.9999989979010003,0.99999961171305,2.374899308793888e-07,288,0.10634072415216532,0.10362670537122903,0.08349721182379925,0.1349696379658828,0.01805431855417344,288,0.10634081676199185,0.10361368818230314,0.08349758877320114,0.13498098811358292,0.018056157975339642,288,0.0011692977432521169,0.001180702055489576,0.0008837859745601551,0.0014205087208483758,0.00020130872006010128,288,1.0000018475833565,0.999995538094661,0.9998834356462477,1.0001331373878113,0.00010452010623365078,288,0.0,0.0,0.0,0.0,0.0,288,0.0,0.0,0.0,0.0,0.0,288,0.9999993342431076,0.9999993579731424,0.9999989997866994,0.999999628802703,2.384430894401876e-07,288,0.10634072415216532,0.10362670537122903,0.08349721182379925,0.1349696379658828,0.01805431855417344,288,0.10634077486831507,0.1036282057506204,0.08349759062845655,0.1349810886302914,0.018054950195757178,288,0.0011387501113322887,0.001135402656421774,0.0008660027663221421,0.0014175093720900686,0.0002037244004386698,288,1.000000502148744,0.999996174969424,0.9998989420919161,1.0000978279374109,8.134142859962566e-05,288,0.0,0.0,0.0,0.0,0.0,288,0.0,0.0,0.0,0.0,0.0
conv2,baseline,2,DenseWeight_0,0.0003,288,36,288,0.9999939783763452,0.9999942036990898,0.9999909923714616,0.9999966060065779,2.1343384240134637e-06,288,0.1063410238609202,0.10362408923636172,0.08349688318337048,0.13494702157929822,0.018052995278633546,288,0.10634081676199185,0.10361368818230314,0.08349758877320114,0.13498098811358292,0.018056157975339642,288,0.0034262323591016555,0.003408679624376852,0.002611006377203139,0.004252156386924566,0.0006071306430431349,288,1.0000068455442037,0.9999929714140001,0.999722171480085,1.0003124750419328,0.0002512243227888879,288,0.0,0.0,0.0,0.0,0.0,288,0.0,0.0,0.0,0.0,0.0,288,0.9999940082954973,0.9999942235537819,0.9999909950314616,0.999996659552657,2.145797737615753e-06,288,0.1063410238609202,0.10362408923636172,0.08349688318337048,0.13494702157929822,0.018052995278633546,288,0.10634077486831507,0.1036282057506204,0.08349759062845655,0.1349810886302914,0.018054950195757178,288,0.0034162493737518,0.003406205622718956,0.0025980088265605016,0.0042525285713635496,0.0006111733468392422,288,1.0000055005028283,0.9999918525884994,0.9997003140814259,1.000296946769923,0.0002441447426348793,288,0.0,0.0,0.0,0.0,0.0,288,0.0,0.0,0.0,0.0,0.0
conv2,baseline,2,DenseWeight_0,0.0005,288,36,288,0.9999833295982753,0.9999839440503839,0.9999749745883828,0.999990614438848,5.946396823511336e-06,288,0.10634185841184597,0.10362198593163131,0.08349712650497926,0.13492478527919083,0.01805159204180625,288,0.10634081676199185,0.10361368818230314,0.08349758877320114,0.13498098811358292,0.018056157975339642,288,0.005699228253448725,0.005677569129884583,0.004346012696023931,0.0070870877201548235,0.0010161168881582187,288,1.0000171687848238,0.9999882296493623,0.9995359812809033,1.0005102953407408,0.0004104695380401698,288,0.0,0.0,0.0,0.0,0.0,288,0.0,0.0,0.0,0.0,0.0,288,0.9999833568211353,0.9999839594247553,0.9999749780233547,0.9999907219307526,5.9599236794463935e-06,288,0.10634185841184597,0.10362198593163131,0.08349712650497926,0.13492478527919083,0.01805159204180625,288,0.10634077486831507,0.1036282057506204,0.08349759062845655,0.1349810886302914,0.018054950195757178,288,0.005693747484464267,0.005677005572578079,0.004330015695662232,0.007087548537017841,0.0010186225066250616,288,1.0000158241142205,0.9999919671071923,0.9995057973935917,1.0005010945558488,0.00040711998171788635,288,0.0,0.0,0.0,0.0,0.0,288,0.0,0.0,0.0,0.0,0.0
conv2,ours,0,ConvWeight_0,0,36,36,36,0.9997432004788587,0.9998629763100249,0.9992742466772103,0.9999705978234958,0.00029493814197024,36,0.010413693902399684,0.00936420982550948,0.0069888794062161,0.014804483318495435,0.003702907732298978,36,0.0104404773622843,0.009497516478945152,0.006976142116755848,0.014805227754616117,0.003720002766187465,36,0.020636417312003785,0.017159194743037405,0.007692914925318994,0.039076816395059936,0.011996069327514118,36,0.9978716491716182,0.9989586839960998,0.9921849956548856,1.0050854570898962,0.007234352871818256,36,0.0,0.0,0.0,0.0,0.0,36,0.0,0.0,0.0,0.0,0.0,36,1.0,1.0,0.9999999999999999,1.0000000000000002,1.4414587323765566e-16,36,0.010413693902399684,0.00936420982550948,0.0069888794062161,0.014804483318495435,0.003702907732298978,36,0.010413693902399684,0.00936420982550948,0.0069888794062161,0.014804483318495435,0.003702907732298978,36,0.0,0.0,0.0,0.0,0.0,36,1.0,1.0,1.0,1.0,0.0,36,0.0,0.0,0.0,0.0,0.0,36,0.0,0.0,0.0,0.0,0.0
conv2,ours,0,ConvWeight_0,1e-05,288,36,288,0.9621768772779499,0.9652617683644439,0.9386212493396137,0.9868447549312037,0.02735452547773629,288,0.010753249433223318,0.009746729860143875,0.007379958469064169,0.015067480184496355,0.003567244696312719,288,0.010440477362284302,0.009497516478945152,0.006895175958125688,0.014807746576945597,0.0036743568317817027,288,0.27191021157243805,0.2680457737136482,0.165425405430108,0.3652941573656435,0.09738036410665087,288,1.0384932246953908,1.030993140590796,0.9974661355709643,1.0838498640017984,0.04117544592654587,288,0.0,0.0,0.0,0.0,0.0,288,0.0,0.0,0.0,0.0,0.0,288,0.9623972961238904,0.9654950005992002,0.9389538880874023,0.9867848918023083,0.02745201169685688,288,0.010753249433223318,0.009746729860143875,0.007379958469064169,0.015067480184496355,0.003567244696312719,288,0.010413693902399684,0.00936420982550948,0.00692903789488652,0.01480678105692887,0.0036574715608543164,288,0.27121135204587943,0.26826385972648964,0.164367908828833,0.36547628497284473,0.09758360380553932,288,1.0406614119548556,1.0349862708171456,1.0020859043254697,1.0820358966169257,0.03929101281146277,288,0.0,0.0,0.0,0.0,0.0,288,0.0,0.0,0.0,0.0,0.0
conv2,ours,0,ConvWeight_0,3e-05,288,36,288,0.7801627070485204,0.7826769054997962,0.6535890499013941,0.9000415027928106,0.10155036637151392,288,0.0130398025033129,0.012136179187724437,0.009874324710378992,0.016848456783693223,0.0031148856983632847,288,0.010440477362284302,0.009497516478945152,0.006895175958125688,0.014807746576945597,0.0036743568317817027,288,0.8126234358163277,0.8017512545735189,0.4939468076651296,1.0944896340519978,0.2936123266402427,288,1.304712662843321,1.284466935943494,1.1003171940844776,1.492718121699314,0.20975001781633798,288,0.0,0.0,0.0,0.0,0.0,288,0.0,0.0,0.0,0.0,0.0,288,0.7803114894397057,0.7834855058275014,0.6543530640647856,0.900266200943889,0.10163518300994297,288,0.0130398025033129,0.012136179187724437,0.009874324710378992,0.016848456783693223,0.0031148856983632847,288,0.010413693902399684,0.00936420982550948,0.00692903789488652,0.01480678105692887,0.0036574715608543164,288,0.8136340564414146,0.8047915755622503,0.493103727856065,1.0964288526535406,0.29275081181334606,288,1.3072132714395723,1.2870418174466438,1.0999047960685426,1.4899667044650233,0.20774423261071767,288,0.0,0.0,0.0,0.0,0.0,288,0.0,0.0,0.0,0.0,0.0
conv2,ours,0,ConvWeight_0,0.0001,288,36,288,0.3746890027643725,0.37118632004011964,0.21244644364686258,0.5447463534112486,0.1294046619888821,288,0.02747996863246273,0.027077224678240863,0.024408386086551527,0.030668651434762075,0.002602538656865031,288,0.010440477362284302,0.009497516478945152,0.006895175958125688,0.014807746576945597,0.0036743568317817027,288,2.707667472185124,2.671671288395367,1.6444009257242516,3.650444545398623,0.9794148676309226,288,2.905060393935796,2.865217956787397,1.9112309419271618,3.7799560342142544,0.9282406284889486,288,0.0,0.0,0.0,0.0,0.0,288,0.0,0.0,0.0,0.0,0.0,288,0.3747084336037193,0.36955790169223157,0.21353827195333439,0.544850216981865,0.12939541750078817,288,0.02747996863246273,0.027077224678240863,0.024408386086551527,0.030668651434762075,0.002602538656865031,288,0.010413693902399684,0.00936420982550948,0.00692903789488652,0.01480678105692887,0.0036574715608543164,288,2.7121135250292983,2.6826385388997487,1.6436791079703774,3.654762816980573,0.975836044376612,288,2.9100165519179324,2.87449991272263,1.9232949189196147,3.779640855708099,0.9241067112722854,288,0.0,0.0,0.0,0.0,0.0,288,0.0,0.0,0.0,0.0,0.0
conv2,ours,0,ConvWeight_0,0.0003,288,36,288,0.13816971903274847,0.13848612090216642,0.009258660732222462,0.2602415493144025,0.10103946126501726,288,0.07642063861628208,0.07626536586780722,0.0694344278340896,0.08402931857189336,0.005812188711924514,288,0.010440477362284302,0.009497516478945152,0.006895175958125688,0.014807746576945597,0.0036743568317817027,288,8.122815337588149,8.017054104364195,4.931593577658808,10.953348042461142,2.9385463444350144,288,8.193584827838256,8.07703637370783,5.05102330855566,10.952512764280193,2.919139839074183,288,0.0,0.0,0.0,0.0,0.0,288,0.0,0.0,0.0,0.0,0.0,288,0.13811811027972384,0.13825758812932232,0.008042911888977305,0.2605747671834831,0.1009511606609703,288,0.07642063861628208,0.07626536586780722,0.0694344278340896,0.08402931857189336,0.005812188711924514,288,0.010413693902399684,0.00936420982550948,0.00692903789488652,0.01480678105692887,0.0036574715608543164,288,8.136340605766204,8.047915217192788,4.931037455272356,10.96428823610615,2.9275081762342188,288,8.207227631107733,8.130331318401756,5.074563911571589,10.952417937789727,2.9078245305232824,288,0.0,0.0,0.0,0.0,0.0,288,0.0,0.0,0.0,0.0,0.0
conv2,ours,0,ConvWeight_0,0.0005,288,36,288,0.08472256315253193,0.08379985637118038,-0.0393470367445486,0.20365019937981788,0.09594089479240818,288,0.1265050473967516,0.12628997247690843,0.11467833922040785,0.13922803565426645,0.009554798459153512,288,0.010440477362284302,0.009497516478945152,0.006895175958125688,0.014807746576945597,0.0036743568317817027,288,13.538028752561116,13.362521731396084,8.21880249727763,18.25626683106986,4.8976507231509085,288,13.581808472038555,13.400379570865734,8.31940869897368,18.258500448598785,4.885846442776089,288,0.0,0.0,0.0,0.0,0.0,288,0.0,0.0,0.0,0.0,0.0,288,0.0846554486197684,0.08436289778772849,-0.03872555098741512,0.20457427030526756,0.09583720689913702,288,0.1265050473967516,0.12628997247690843,0.11467833922040785,0.13922803565426645,0.009554798459153512,288,0.010413693902399684,0.00936420982550948,0.00692903789488652,0.01480678105692887,0.0036574715608543164,288,13.56056772772724,13.413191363038889,8.21839597792025,18.273813369067252,4.879180365686711,288,13.604382230803253,13.467590428409974,8.328630089563264,18.274998966488177,4.867160434923903,288,0.0,0.0,0.0,0.0,0.0,288,0.0,0.0,0.0,0.0,0.0
conv2,ours,1,ConvWeight_1,0,36,36,36,0.9993991111866863,0.9997010750029236,0.9986974135148077,0.9999171534673607,0.0007632337799286118,36,0.1147024437437823,0.11022648490806476,0.09250709288638853,0.15086669456216156,0.02586353885502037,36,0.1148841298489068,0.11036399442062982,0.09301194033599414,0.1511829077088972,0.025918614499215235,36,0.029870492512281695,0.02445092709350956,0.01281931305847335,0.05094787613509098,0.01800555322465729,36,0.9984699343701325,0.9992216363159694,0.9959234214509001,1.0006038325023257,0.002928510096235247,36,0.0,0.0,0.0,0.0,0.0,36,0.0,0.0,0.0,0.0,0.0,36,1.0,1.0,0.9999999999999998,1.0000000000000002,1.32697032177375e-16,36,0.1147024437437823,0.11022648490806476,0.09250709288638853,0.15086669456216156,0.02586353885502037,36,0.1147024437437823,0.11022648490806476,0.09250709288638853,0.15086669456216156,0.02586353885502037,36,0.0,0.0,0.0,0.0,0.0,36,1.0,1.0,1.0,1.0,0.0,36,0.0,0.0,0.0,0.0,0.0,36,0.0,0.0,0.0,0.0,0.0
conv2,ours,1,ConvWeight_1,1e-05,288,36,288,0.9988440229510043,0.9991412659585388,0.9979128887384756,0.9995300513783105,0.0007608102742495199,288,0.11475719587222447,0.11030574617382619,0.09220908397844363,0.15550841725519124,0.02553446612937734,288,0.1148841298489068,0.11036399442062982,0.0923988414937259,0.15619700347829568,0.025600582645026067,288,0.04615162284955961,0.04144616302258355,0.030673123896576743,0.0648210324114282,0.01369809885978958,288,0.9990049966783832,0.9996849554850733,0.9957335392938281,1.0014882691299551,0.0030416424952067417,288,0.0,0.0,0.0,0.0,0.0,288,0.0,0.0,0.0,0.0,0.0,288,0.9994449172710385,0.9994842048405255,0.9992401301953681,0.9997288963271659,0.00030109045192872026,288,0.11475719587222447,0.11030574617382619,0.09220908397844363,0.15550841725519124,0.02553446612937734,288,0.11470244374378227,0.11022648490806476,0.09216074733292892,0.15546985463436927,0.02554618280120026,288,0.032398599540702004,0.032135772613254704,0.02329230860111227,0.039008076786075555,0.007877723573312505,288,1.0005355764929844,1.0004635144853156,0.9999979612479256,1.00109100372996,0.0005155576575577846,288,0.0,0.0,0.0,0.0,0.0,288,0.0,0.0,0.0,0.0,0.0
conv2,ours,1,ConvWeight_1,3e-05,288,36,288,0.9944474876931382,0.9948828937347107,0.991704379857898,0.9966820856876247,0.002619489440571298,288,0.11520943456746036,0.1108021801166739,0.09273585873334012,0.15581308417676412,0.02543985105015792,288,0.1148841298489068,0.11036399442062982,0.0923988414937259,0.15619700347829568,0.025600582645026067,288,0.10346059065650055,0.10130246217095133,0.0815293323103193,0.12951962368344114,0.022018203620725735,288,1.0033893122773532,1.0035227211349693,0.9983871020138831,1.0076580395735981,0.004548600521269412,288,0.0,0.0,0.0,0.0,0.0,288,0.0,0.0,0.0,0.0,0.0,288,0.9950466569718027,0.9953888663775492,0.9932164742835884,0.9975669409780364,0.0026508896759665857,288,0.11520943456746036,0.1108021801166739,0.09273585873334012,0.15581308417676412,0.02543985105015792,288,0.11470244374378227,0.11022648490806476,0.09216074733292892,0.15546985463436927,0.02554618280120026,288,0.09719579930739458,0.09640731049327905,0.06987691877198561,0.11702423324590158,0.023633171328139937,288,1.004925392040492,1.0043566239048676,1.0020970034598227,1.00743273414065,0.0030292198124925234,288,0.0,0.0,0.0,0.0,0.0,288,0.0,0.0,0.0,0.0,0.0
conv2,ours,1,ConvWeight_1,0.0001,288,36,288,0.9490423544989649,0.9519320073557742,0.9307459424940935,0.9731750165227186,0.023600939646526584,288,0.12024559033698577,0.11595582583001193,0.09824579776451706,0.15916905891329963,0.024466982464077726,288,0.1148841298489068,0.11036399442062982,0.0923988414937259,0.15619700347829568,0.025600582645026067,288,0.3256345276353867,0.32261110036776275,0.2358047200500288,0.3887466192188234,0.0778078326953112,288,1.0519412461115012,1.0476248571864697,1.024883245386009,1.0724404461832213,0.02894619385819325,288,0.0,0.0,0.0,0.0,0.0,288,0.0,0.0,0.0,0.0,0.0,288,0.9496193545788607,0.9522140757864825,0.9313406964319696,0.973859782427137,0.023744336875623242,288,0.12024559033698577,0.11595582583001193,0.09824579776451706,0.15916905891329963,0.024466982464077726,288,0.11470244374378227,0.11022648490806476,0.09216074733292892,0.15546985463436927,0.02554618280120026,288,0.3239860057623623,0.3213576160067264,0.2329229806008924,0.39008081125758803,0.07877724487559998,288,1.0535420389740522,1.0490424804933132,1.0270077519395873,1.072945496129888,0.02837475847483987,288,0.0,0.0,0.0,0.0,0.0,288,0.0,0.0,0.0,0.0,0.0
conv2,ours,1,ConvWeight_1,0.0003,288,36,288,0.721063873775858,0.721807463478974,0.6480826216260315,0.8175914782780053,0.07679762342046625,288,0.15709675560293487,0.15389838514402038,0.13610964479848217,0.1856480088207064,0.020016319852059674,288,0.1148841298489068,0.11036399442062982,0.0923988414937259,0.15619700347829568,0.025600582645026067,288,0.9712665837867086,0.9636368936192881,0.6987186664901011,1.1625886788049873,0.23612390447582357,288,1.4010967937107865,1.3888488299427553,1.2165437456492643,1.5276407138916617,0.17464406658533335,288,0.0,0.0,0.0,0.0,0.0,288,0.0,0.0,0.0,0.0,0.0,288,0.7215182407653423,0.7221542959321678,0.6482273215396361,0.818119930581295,0.07698168238871773,288,0.15709675560293487,0.15389838514402038,0.13610964479848217,0.1856480088207064,0.020016319852059674,288,0.11470244374378227,0.11022648490806476,0.09216074733292892,0.15546985463436927,0.02554618280120026,288,0.9719580884079129,0.9640721156562428,0.6987682407858192,1.1702427254869985,0.23633179611547564,288,1.4031856469643367,1.3900930938485794,1.2189612938855572,1.540335221738391,0.1741908431576351,288,0.0,0.0,0.0,0.0,0.0,288,0.0,0.0,0.0,0.0,0.0
conv2,ours,1,ConvWeight_1,0.0005,288,36,288,0.53607714364568,0.5298318207341022,0.4530513811100793,0.647844828672942,0.08317469623030604,288,0.2116968327330145,0.2104478286598119,0.19085707345297567,0.23633873992789342,0.01794280557168334,288,0.1148841298489068,0.11036399442062982,0.0923988414937259,0.15619700347829568,0.025600582645026067,288,1.618010333995011,1.6055107577198364,1.163819200417324,1.9361984512642363,0.3939282484380828,288,1.910173660583161,1.8924024835879312,1.5303340961375445,2.1751021610011776,0.34350290764221,288,0.0,0.0,0.0,0.0,0.0,288,0.0,0.0,0.0,0.0,0.0,288,0.5364249758028783,0.5303564396394211,0.45306546224961974,0.6481266775278466,0.08335142106117423,288,0.2116968327330145,0.2104478286598119,0.19085707345297567,0.23633873992789342,0.01794280557168334,288,0.11470244374378227,0.11022648490806476,0.09216074733292892,0.15546985463436927,0.02554618280120026,288,1.6199302706729095,1.6067856429525038,1.1646125702392163,1.9504050342186612,0.3938864305794455,288,1.9129925265872036,1.8925363581786308,1.5322942667928083,2.193031824334354,0.34301541057660023,288,0.0,0.0,0.0,0.0,0.0,288,0.0,0.0,0.0,0.0,0.0
conv2,ours,2,DenseWeight_0,0,36,36,36,0.9999999775418514,0.9999999952792603,0.9999999696126443,0.9999999990722253,6.907030760924373e-08,36,0.28168866160730616,0.2765260785216024,0.2255221896288166,0.34370382785251247,0.05658536587905793,36,0.28168997479761426,0.27652634404310417,0.2255297708918424,0.3437060056627479,0.056586824610039416,36,0.00014480265101176612,9.715160997109625e-05,4.3157086261930555e-05,0.00025169453953750604,0.00016028505459864887,36,0.9999959780050683,1.0000003801068087,0.9999855224734031,1.0000146577424758,3.2333288143908124e-05,36,0.0,0.0,0.0,0.0,0.0,36,0.0,0.0,0.0,0.0,0.0,36,1.0,1.0,0.9999999999999999,1.0000000000000002,1.1568259067378855e-16,36,0.28168866160730616,0.2765260785216024,0.2255221896288166,0.34370382785251247,0.05658536587905793,36,0.28168866160730616,0.2765260785216024,0.2255221896288166,0.34370382785251247,0.05658536587905793,36,0.0,0.0,0.0,0.0,0.0,36,1.0,1.0,1.0,1.0,0.0,36,0.0,0.0,0.0,0.0,0.0,36,0.0,0.0,0.0,0.0,0.0
conv2,ours,2,DenseWeight_0,1e-05,288,36,288,0.9999999705568356,0.999999985968195,0.9999999581563235,0.9999999939907163,6.753198720166688e-08,288,0.28168863284535806,0.2765261572194609,0.22233516275321263,0.3455291511255564,0.05589106185782757,288,0.2816899747976143,0.27652634404310417,0.22235134004860402,0.3455306683201577,0.055892481447755306,288,0.0002005333686442239,0.00016787969933993398,0.00010963674777787527,0.00028987134063666756,0.0001405978210927461,288,0.9999958593295146,1.0000008168080596,0.9999824403627556,1.0000167200673076,3.18785531012517e-05,288,0.0,0.0,0.0,0.0,0.0,288,0.0,0.0,0.0,0.0,0.0,288,0.9999999930176275,0.999999993578987,0.9999999906148926,0.9999999958990975,3.0777450155300473e-09,288,0.28168863284535806,0.2765261572194609,0.22233516275321263,0.3455291511255564,0.05589106185782757,288,0.28168866160730627,0.2765260785216024,0.2223346071395386,0.34552928588179305,0.055891040615991344,288,0.00011573149699056675,0.00011335882480801646,9.056909085135912e-05,0.00013700938372573486,2.403937803138364e-05,288,0.9999998813282676,0.9999998687203645,0.9999971061573351,1.0000028182786327,2.2192625130822926e-06,288,0.0,0.0,0.0,0.0,0.0,288,0.0,0.0,0.0,0.0,0.0
conv2,ours,2,DenseWeight_0,3e-05,288,36,288,0.9999999146925354,0.9999999301940228,0.9999998663855357,0.9999999524690008,6.698736164539817e-08,288,0.28168858621321646,0.2765263242686251,0.22233628718763987,0.3455288905850755,0.055891102235066624,288,0.2816899747976143,0.27652634404310417,0.22235134004860402,0.3455306683201577,0.055892481447755306,288,0.00039766850897750197,0.00037367512432993113,0.00030832424929552006,0.0005188865775628179,0.00011649730320540403,288,0.9999956638717585,1.0000005972638482,0.9999763540425995,1.0000191587851517,3.222488427126937e-05,288,0.0,0.0,0.0,0.0,0.0,288,0.0,0.0,0.0,0.0,0.0,288,0.9999999371586136,0.9999999422115263,0.9999999155337771,0.9999999630918373,2.7699760102842535e-08,288,0.28168858621321646,0.2765263242686251,0.22233628718763987,0.3455288905850755,0.055891102235066624,288,0.28168866160730627,0.2765260785216024,0.2223346071395386,0.34552928588179305,0.055891040615991344,288,0.0003471944949101827,0.0003400764962637806,0.00027170724265786797,0.00041102851963608554,7.211812280457741e-05,288,0.9999996858782918,0.999999654132523,0.9999913641768696,1.0000084923082049,6.6570986133900774e-06,288,0.0,0.0,0.0,0.0,0.0,288,0.0,0.0,0.0,0.0,0.0
conv2,ours,2,DenseWeight_0,0.0001,288,36,288,0.9999992792769513,0.9999993125380178,0.9999990413700526,0.9999995727779541,2.9823305848677355e-07,288,0.2816885373642625,0.2765270103016022,0.22234036137869392,0.3455280728999866,0.05589122143779935,288,0.2816899747976143,0.27652634404310417,0.22235134004860402,0.3455306683201577,0.055892481447755306,288,0.001179338223916992,0.001172905274078027,0.0009246039169508388,0.0013882679069548382,0.00022852255400114158,288,0.9999954196503,1.0000012355127217,0.9999546048388772,1.0000351627369253,3.777184598604787e-05,288,0.0,0.0,0.0,0.0,0.0,288,0.0,0.0,0.0,0.0,0.0,288,0.9999993017615254,0.9999993579312985,0.9999990614772253,0.9999995899078477,3.077767058174891e-07,288,0.2816885373642625,0.2765270103016022,0.22234036137869392,0.3455280728999866,0.05589122143779935,288,0.28168866160730627,0.2765260785216024,0.2223346071395386,0.34552928588179305,0.055891040615991344,288,0.0011573150371982398,0.0011335885836503486,0.0009056904666951562,0.0013700993735813898,0.00024039361258428065,288,0.9999994416855115,0.9999993968588299,0.9999716422216609,1.0000287244082342,2.2183622953101e-05,288,0.0,0.0,0.0,0.0,0.0,288,0.0,0.0,0.0,0.0,0.0
conv2,ours,2,DenseWeight_0,0.0003,288,36,288,0.9999936933361485,0.9999942171856907,0.9999915383469955,0.9999962823088714,2.7536268994087523e-06,288,0.28168937805463024,0.2765298391942734,0.2223531904307019,0.3455265441573815,0.05589137243824169,288,0.2816899747976143,0.27652634404310417,0.22235134004860402,0.3455306683201577,0.055892481447755306,288,0.003480107442448914,0.0034022292109474267,0.002726827548945507,0.0041143921959627796,0.0007135234671141325,288,0.9999984922800509,1.0000021270730683,0.999910797436774,1.000090598179425,7.208291203427845e-05,288,0.0,0.0,0.0,0.0,0.0,288,0.0,0.0,0.0,0.0,0.0,288,0.9999937158735173,0.9999942220653576,0.9999915531220006,0.9999963091450215,2.769989333044446e-06,288,0.28168937805463024,0.2765298391942734,0.2223531904307019,0.3455265441573815,0.05589137243824169,288,0.28168866160730627,0.2765260785216024,0.2223346071395386,0.34552928588179305,0.055891040615991344,288,0.003471945787125786,0.00340076820828821,0.0027170686375836777,0.004110335290297381,0.0007211797641442039,288,1.0000025144096059,1.000002341225391,0.9999187045116509,1.0000904306031677,6.652767013192098e-05,288,0.0,0.0,0.0,0.0,0.0,288,0.0,0.0,0.0,0.0,0.0
conv2,ours,2,DenseWeight_0,0.0005,288,36,288,0.9999825217291699,0.999983947979271,0.9999765174902572,0.9999896823753206,7.677177064371282e-06,288,0.28169167096798,0.2765339551655822,0.22236777997656704,0.34552621174345194,0.0558912425906165,288,0.2816899747976143,0.27652634404310417,0.22235134004860402,0.3455306683201577,0.055892481447755306,288,0.005791524380640858,0.005668676113829438,0.00454263650225744,0.006853686817947188,0.0011970834627558348,288,1.0000071506435582,1.0000122330556973,0.9998632078223718,1.0001496448123695,0.00011365750797796901,288,0.0,0.0,0.0,0.0,0.0,288,0.0,0.0,0.0,0.0,0.0,288,0.9999825443192578,0.9999839522009168,0.9999765362295491,0.999989747602465,7.694239180730871e-06,288,0.28169167096798,0.2765339551655822,0.22236777997656704,0.34552621174345194,0.0558912425906165,288,0.28168866160730627,0.2765260785216024,0.2223346071395386,0.34552928588179305,0.055891040615991344,288,0.005786577959403943,0.005667951615578657,0.004528443545733576,0.006850621365772899,0.0012019645867293437,288,1.0000111728858352,1.0000095894914818,0.9998699998432959,1.0001567195792596,0.00011092547011671491,288,0.0,0.0,0.0,0.0,0.0,288,0.0,0.0,0.0,0.0,0.0
conv2,legacy,0,ConvWeight_0,0,36,36,36,0.9999977850853445,0.9999999999948399,0.9999986995908414,0.9999999999998277,8.733543908369479e-06,36,0.07139153618737494,0.06660014064392498,0.04642895523448678,0.10315097794599824,0.025236590028637824,36,0.07137768506722632,0.06660019547956303,0.04642903255770002,0.10317690873566868,0.025233228855042478,36,0.0008372662565318444,3.3026558629997885e-06,9.64365759433679e-07,0.0016370834841987997,0.002271378719896031,36,1.000177540543262,0.9999991340001707,0.9997278325884909,1.0001246572278113,0.0011276499037044957,36,0.0,0.0,0.0,0.0,0.0,36,0.0,0.0,0.0,0.0,0.0,36,1.0,1.0,0.9999999999999998,1.0000000000000002,1.32697032177375e-16,36,0.07139153618737494,0.06660014064392498,0.04642895523448678,0.10315097794599824,0.025236590028637824,36,0.07139153618737494,0.06660014064392498,0.04642895523448678,0.10315097794599824,0.025236590028637824,36,0.0,0.0,0.0,0.0,0.0,36,1.0,1.0,1.0,1.0,0.0,36,0.0,0.0,0.0,0.0,0.0,36,0.0,0.0,0.0,0.0,0.0
conv2,legacy,0,ConvWeight_0,1e-05,288,36,288,0.08509808118957152,0.0822634087307206,-0.039042194765712024,0.2190324512617907,0.09864668186984296,288,0.8470145944157255,0.8449195588814504,0.7678835845627083,0.9351198498419261,0.06419890414751148,288,0.07137768506722633,0.06660019547956303,0.045297334668490084,0.10964269175685393,0.024923606959157893,288,13.11436864775969,12.548074594041616,7.664098271606534,18.59179187043282,4.373420781933053,288,13.157714756121038,12.570831595602641,7.77762005976428,18.6068563667059,4.353731812273865,288,0.0,0.0,0.0,0.0,0.0,288,0.0,0.0,0.0,0.0,0.0,288,0.08511597212628003,0.08227394667249921,-0.03904289988322757,0.2187219557331859,0.0986510602126703,288,0.8470145944157255,0.8449195588814504,0.7678835845627083,0.9351198498419261,0.06419890414751148,288,0.07139153618737494,0.06660014064392498,0.0452972549663303,0.10964259267110686,0.02492692688979749,288,13.112249590220541,12.54808743030769,7.664767709321632,18.59178894570274,4.373929352142011,288,13.155606281842479,12.57314904536591,7.781196538481342,18.59504377951086,4.354233655809307,288,0.0,0.0,0.0,0.0,0.0,288,0.0,0.0,0.0,0.0,0.0
conv2,legacy,0,ConvWeight_0,3e-05,288,36,288,0.029404667288278088,0.025876688511436916,-0.09105555302609719,0.15219186695630635,0.09456022855125715,288,2.5315491577841414,2.5252030115935806,2.2965857952481223,2.792120055706681,0.18999711875574024,288,0.07137768506722633,0.06660019547956303,0.045297334668490084,0.10964269175685393,0.024923606959157893,288,39.34305957048957,37.64422397520296,22.992350192677605,55.775376229166206,13.120262638624977,288,39.358448176291304,37.6713938311698,23.11630833833291,55.74073003667579,13.108435778809541,288,0.0,0.0,0.0,0.0,0.0,288,0.0,0.0,0.0,0.0,0.0,288,0.029422512773032476,0.025830677018002242,-0.09058804866455279,0.15216061288742114,0.09456638587234849,288,2.5315491577841414,2.5252030115935806,2.2965857952481223,2.792120055706681,0.18999711875574024,288,0.07139153618737494,0.06660014064392498,0.0452972549663303,0.10964259267110686,0.02492692688979749,288,39.336748778568186,37.644262325004135,22.9943030133226,55.77536708082232,13.121788065022454,288,39.35215277569993,37.67144037721546,23.11823518794396,55.74153739543028,13.109952377637866,288,0.0,0.0,0.0,0.0,0.0,288,0.0,0.0,0.0,0.0,0.0
conv2,legacy,0,ConvWeight_0,0.0001,288,36,288,0.0097774420230815,0.007438934529773608,-0.10724512823388074,0.1321897692411619,0.09374726499176145,288,8.434420716971195,8.412986883793344,7.66274023199479,9.304395256956212,0.6314706922582952,288,0.07137768506722633,0.06660019547956303,0.045297334668490084,0.10964269175685393,0.024923606959157893,288,131.1434783748276,125.48074707815452,76.64123068219762,185.91792402910247,43.73420907832886,288,131.14904686718438,125.48882598923109,76.75029396544018,185.84990151928918,43.72516636872013,288,0.0,0.0,0.0,0.0,0.0,288,0.0,0.0,0.0,0.0,0.0,288,0.009795262519535353,0.007438974453075991,-0.10724669273613593,0.13211518927548072,0.09375403530649752,288,8.434420716971195,8.412986883793344,7.66274023199479,9.304395256956212,0.6314706922582952,288,0.07139153618737494,0.06660014064392498,0.0452972549663303,0.10964259267110686,0.02492692688979749,288,131.1224960117144,125.48087472532893,76.64767532552133,185.91789309810963,43.73929363272534,288,131.12808158664384,125.48895356800503,76.75671134059345,185.84987056145158,43.73024134494456,288,0.0,0.0,0.0,0.0,0.0,288,0.0,0.0,0.0,0.0,0.0
conv2,legacy,0,ConvWeight_0,0.0003,288,36,288,0.004164521616413407,0.0025868179194997107,-0.11305015385316546,0.12640205914755692,0.09358104010262917,288,25.301778562109867,25.242219310247783,22.975562007889305,27.91208466419799,1.8931116041830842,288,0.07137768506722633,0.06660019547956303,0.045297334668490084,0.10964269175685393,0.024923606959157893,288,393.4303900331891,376.4422440255727,229.92373570003494,557.7537968684474,131.2026280872504,288,393.433151380362,376.44766852191356,230.0285241188558,557.684020033589,131.19438232224368,288,0.0,0.0,0.0,0.0,0.0,288,0.0,0.0,0.0,0.0,0.0,288,0.00418233411856188,0.0025405170614375824,-0.11296156712186703,0.1262573898568538,0.09358798117172434,288,25.301778562109867,25.242219310247783,22.975562007889305,27.91208466419799,1.8931116041830842,288,0.07139153618737494,0.06660014064392498,0.0452972549663303,0.10964259267110686,0.02492692688979749,288,393.36748875421915,376.4426268081038,229.94301411838777,557.7537037013108,131.21788162181298,288,393.37026766776745,376.4480512333472,230.0477748982232,557.6839268399,131.20962606296573,288,0.0,0.0,0.0,0.0,0.0,288,0.0,0.0,0.0,0.0,0.0
conv2,legacy,0,ConvWeight_0,0.0005,288,36,288,0.003041801069669129,0.0010633826954664584,-0.11383279303758564,0.12522897854933407,0.09355139833840144,288,42.16931530220269,42.07154537245833,38.29012251019958,46.519911381973095,3.154777245941799,288,0.07137768506722633,0.06660019547956303,0.045297334668490084,0.10964269175685393,0.024923606959157893,288,655.7173026746556,627.4037445033665,383.206224914228,929.5897022724674,218.67104804999047,288,655.7195025546074,627.4086381568609,383.31015749803476,929.5195747293368,218.66296172352457,288,0.0,0.0,0.0,0.0,0.0,288,0.0,0.0,0.0,0.0,0.0,288,0.003059611939419239,0.0010188493343123413,-0.1136808999911571,0.12508428508598804,0.09355837327131558,288,42.16931530220269,42.07154537245833,38.29012251019958,46.519911381973095,3.154777245941799,288,0.07139153618737494,0.06660014064392498,0.0452972549663303,0.10964259267110686,0.02492692688979749,288,655.6124824702923,627.4043824212613,383.23833710864704,929.5895468691816,218.69647057644815,288,655.6147000134198,627.4092760031187,383.34224197930826,929.5194192995566,218.68837441295088,288,0.0,0.0,0.0,0.0,0.0,288,0.0,0.0,0.0,0.0,0.0
conv2,legacy,1,ConvWeight_1,0,36,36,36,0.9999906645782782,0.9999999999993545,0.9999955354284671,0.9999999999998536,3.564111609104295e-05,36,0.3214968741962774,0.3214696123496593,0.2521906645569417,0.366057994327755,0.06357252364336466,36,0.3215021521038165,0.32146817682158924,0.2522109916504973,0.366053315589223,0.06357325206125171,36,0.0015238293734556635,1.1609604346131504e-06,5.427548529335681e-07,0.002985612536728191,0.004100932225279522,36,0.9999836643553304,0.9999999072356525,0.9999517620735892,1.000016826782654,7.029299482296361e-05,36,0.0,0.0,0.0,0.0,0.0,36,0.0,0.0,0.0,0.0,0.0,36,1.0,1.0,0.9999999999999999,1.0000000000000002,1.32697032177375e-16,36,0.3214968741962774,0.3214696123496593,0.2521906645569417,0.366057994327755,0.06357252364336466,36,0.3214968741962774,0.3214696123496593,0.2521906645569417,0.366057994327755,0.06357252364336466,36,0.0,0.0,0.0,0.0,0.0,36,1.0,1.0,1.0,1.0,0.0,36,0.0,0.0,0.0,0.0,0.0,36,0.0,0.0,0.0,0.0,0.0
conv2,legacy,1,ConvWeight_1,1e-05,288,36,288,0.6166463264367563,0.6191050328681076,0.5388002196734433,0.6817848743013065,0.06754380331889821,288,0.5173156460301229,0.512362062134784,0.4655951671519671,0.5695640175106376,0.04797474996377538,288,0.3215021521038165,0.32146817682158924,0.25066942269302334,0.37205504680114626,0.06279318261616283,288,1.2928356448249805,1.265150455327896,1.0680455717201478,1.5632658187494677,0.22853960096115172,288,1.640245896298657,1.6118930632993367,1.4638957235984238,1.846817306191319,0.18016150035692044,288,0.0,0.0,0.0,0.0,0.0,288,0.0,0.0,0.0,0.0,0.0,288,0.6166533555514773,0.6190957037248002,0.5388001810204108,0.6817848691073224,0.0675436688407116,288,0.5173156460301229,0.512362062134784,0.4655951671519671,0.5695640175106376,0.04797474996377538,288,0.3214968741962775,0.3214696123496593,0.2506287787485705,0.37205503570822446,0.06279246313625707,288,1.2928476487610068,1.2651506303055298,1.0680479394392077,1.563341479517522,0.22854162245976806,288,1.6402725165285235,1.611893358674973,1.4639782261770835,1.8468226235048673,0.18016143598724957,288,0.0,0.0,0.0,0.0,0.0,288,0.0,0.0,0.0,0.0,0.0
conv2,legacy,1,ConvWeight_1,3e-05,288,36,288,0.2563590902354956,0.254265808606206,0.20456031035291813,0.30014635656640953,0.046924852466368246,288,1.2513314538367797,1.244367115877941,1.1597637613954899,1.345228488738266,0.07303450509109327,288,0.3215021521038165,0.32146817682158924,0.25066942269302334,0.37205504680114626,0.06279318261616283,288,3.8784841670759027,3.7954510871080283,3.20412737953788,4.689793335700082,0.6856202059449343,288,4.0089490518057165,3.934497949112976,3.3572336904180617,4.777169352361758,0.6624753117981234,288,0.0,0.0,0.0,0.0,0.0,288,0.0,0.0,0.0,0.0,0.0,288,0.25636312566677266,0.2544953786305288,0.20456029210352802,0.3001830594073042,0.046924718473700756,288,1.2513314538367797,1.244367115877941,1.1597637613954899,1.345228488738266,0.07303450509109327,288,0.3214968741962775,0.3214696123496593,0.2506287787485705,0.37205503570822446,0.06279246313625707,288,3.8785429654553223,3.7954516112156087,3.2041435474358346,4.690023832502765,0.6856248747001121,288,4.0090141404216135,3.9344979997341865,3.3572340042037467,4.777181079731434,0.6624783128142954,288,0.0,0.0,0.0,0.0,0.0,288,0.0,0.0,0.0,0.0,0.0
conv2,legacy,1,ConvWeight_1,0.0001,288,36,288,0.07940823521503042,0.07675691496437016,0.05712763874610377,0.10288718408888267,0.019565560059655582,288,4.039610702512359,4.023214683735125,3.756899807779332,4.3325774019776135,0.23492040199021444,288,0.3215021521038165,0.32146817682158924,0.25066942269302334,0.37205504680114626,0.06279318261616283,288,12.928269238460473,12.65150036268426,10.6804146725938,15.63264125481356,2.285403108995339,288,12.967906992719858,12.69610264269909,10.721728243324021,15.644112117652092,2.2780996657821624,288,0.0,0.0,0.0,0.0,0.0,288,0.0,0.0,0.0,0.0,0.0,288,0.07941073243984115,0.07675691562841169,0.0571276203839749,0.10291883569226556,0.019564627391257586,288,4.039610702512359,4.023214683735125,3.756899807779332,4.3325774019776135,0.23492040199021444,288,0.3214968741962775,0.3214696123496593,0.2506287787485705,0.37205503570822446,0.06279246313625707,288,12.928476776854975,12.651502108744866,10.680475332619718,15.63340570648202,2.285416334741248,288,12.968117679141663,12.696103998132575,10.72172874127161,15.644150489383623,2.2781114603364725,288,0.0,0.0,0.0,0.0,0.0,288,0.0,0.0,0.0,0.0,0.0
conv2,legacy,1,ConvWeight_1,0.0003,288,36,288,0.026371840475035175,0.025321045387336226,0.010503923398858066,0.044016136733222876,0.013123254540881129,288,12.083524991346328,12.044944397852852,11.213904218007274,12.958688125741926,0.7040606967970634,288,0.3215021521038165,0.32146817682158924,0.25066942269302334,0.37205504680114626,0.06279318261616283,288,38.78480409142839,37.95447317013892,32.04121226396547,46.89786881626004,6.856212275262277,288,38.797856076831316,37.974486302721445,32.05304444145014,46.89012114472392,6.85381541513925,288,0.0,0.0,0.0,0.0,0.0,288,0.0,0.0,0.0,0.0,0.0,288,0.026373866609336365,0.02530826615682344,0.010679114902238631,0.04401678734360583,0.013121365885611736,288,12.083524991346328,12.044944397852852,11.213904218007274,12.958688125741926,0.7040606967970634,288,0.3214968741962775,0.3214696123496593,0.2506287787485705,0.37205503570822446,0.06279246313625707,288,38.78543230336312,37.95447840748183,32.04139895729086,46.90015658214977,6.8562497469250365,288,38.798486529956755,37.97449736452393,32.05381734610453,46.89240663940641,6.853851526858099,288,0.0,0.0,0.0,0.0,0.0,288,0.0,0.0,0.0,0.0,0.0
conv2,legacy,1,ConvWeight_1,0.0005,288,36,288,0.01571815691821436,0.015537108662865087,0.0011645015255595875,0.03183159590287502,0.012435752426874355,288,20.134520304248586,20.071587560662607,18.683843439690296,21.591876206332,1.1732944975933421,288,0.3215021521038165,0.32146817682158924,0.25066942269302334,0.37205504680114626,0.06279318261616283,288,64.64134205930435,63.257408853935694,53.40197398319497,78.16301597788355,11.42702247230132,288,64.64906527845258,63.27290830026657,53.4096418400785,78.15100510812958,11.425614279278753,288,0.0,0.0,0.0,0.0,0.0,288,0.0,0.0,0.0,0.0,0.0,288,0.015720087752333484,0.015537066679523863,0.0011628238340096206,0.03181989834453449,0.01243364073982544,288,20.134520304248586,20.071587560662607,18.683843439690296,21.591876206332,1.1732944975933421,288,0.3214968741962775,0.3214696123496593,0.2506287787485705,0.37205503570822446,0.06279246313625707,288,64.64239056237369,63.2574175825432,53.40228661475185,78.16682686532972,11.427084168626024,288,64.65011584118714,63.27292673119926,53.410929828707665,78.15481346731403,11.425674629974402,288,0.0,0.0,0.0,0.0,0.0,288,0.0,0.0,0.0,0.0,0.0
conv2,legacy,2,DenseWeight_0,0,36,36,36,0.9999999999991515,0.9999999999996385,0.9999999999977283,0.9999999999998548,1.4208625435549089e-12,36,0.9146204138983052,0.9055152537440636,0.7514922676671093,1.059217303997467,0.16247013536027333,36,0.914620573359803,0.9055154588305282,0.7514924237361222,1.059217481210375,0.16247013142556235,36,1.1054451155085157e-06,8.833358353282737e-07,5.438659636430772e-07,2.1385404746938725e-06,7.400348617002304e-07,36,0.9999998186626906,0.999999864083214,0.999999609241693,0.9999999676022273,1.581541955399064e-07,36,0.0,0.0,0.0,0.0,0.0,36,0.0,0.0,0.0,0.0,0.0,36,1.0,1.0,0.9999999999999998,1.0000000000000002,1.4776516136209947e-16,36,0.9146204138983052,0.9055152537440636,0.7514922676671093,1.059217303997467,0.16247013536027333,36,0.9146204138983052,0.9055152537440636,0.7514922676671093,1.059217303997467,0.16247013536027333,36,0.0,0.0,0.0,0.0,0.0,36,1.0,1.0,1.0,1.0,0.0,36,0.0,0.0,0.0,0.0,0.0,36,0.0,0.0,0.0,0.0,0.0
conv2,legacy,2,DenseWeight_0,1e-05,288,36,288,0.9999995260767184,0.9999995595432194,0.9999993322226399,0.9999996905303355,1.4817595440989307e-07,288,0.9146205371419865,0.9055168664394555,0.7453223098265265,1.0729655864206917,0.16047750058717694,288,0.9146205733598032,0.9055154588305282,0.7453061821195065,1.0729681481069777,0.16047655738057648,288,0.0009614386766108303,0.0009386488178164796,0.000786729669377564,0.0011557596039002656,0.00015495574398716655,288,0.9999998148377259,1.0000000272741434,0.9999731658941491,1.000025192494867,2.1161884701900575e-05,288,0.0,0.0,0.0,0.0,0.0,288,0.0,0.0,0.0,0.0,0.0,288,0.9999995260759076,0.9999995595474744,0.9999993322137981,0.9999996905313668,1.481752719755357e-07,288,0.9146205371419865,0.9055168664394555,0.7453223098265265,1.0729655864206917,0.16047750058717694,288,0.914620413898305,0.9055152537440636,0.7453058890454463,1.072967902355207,0.160476561267007,288,0.0009614399008351775,0.000938643191762979,0.0007867283143614818,0.0011557650935863158,0.00015495479394095148,288,0.9999999961751906,1.0000003418229892,0.9999732633423198,1.0000253335687044,2.1168729922234652e-05,288,0.0,0.0,0.0,0.0,0.0,288,0.0,0.0,0.0,0.0,0.0
conv2,legacy,2,DenseWeight_0,3e-05,288,36,288,0.9999957346968998,0.999996035877917,0.999993989689216,0.9999972147837695,1.3336065813974078e-06,288,0.9146232523764076,0.9055225730347101,0.7453578692776973,1.0729628502455089,0.16047900542719248,288,0.9146205733598032,0.9055154588305282,0.7453061821195065,1.0729681481069777,0.16047655738057648,288,0.0028843175467261582,0.0028159347324757953,0.0023601852371210852,0.003467289917563607,0.0004648651826142387,288,1.000002650731013,1.0000041473604777,0.9999231495980379,1.0000789573524846,6.344169405493542e-05,288,0.0,0.0,0.0,0.0,0.0,288,0.0,0.0,0.0,0.0,0.0,288,0.9999957346927704,0.9999960358899629,0.9999939896622314,0.999997214786139,1.333604639088265e-06,288,0.9146232523764076,0.9055225730347101,0.7453578692776973,1.0729628502455089,0.16047900542719248,288,0.914620413898305,0.9055152537440636,0.7453058890454463,1.072967902355207,0.160476561267007,288,0.0028843197499634587,0.00281592980623675,0.0023601845712032344,0.0034672960522061378,0.00046486430673492555,288,1.000002832069341,1.0000044584946297,0.9999232555648006,1.0000790565414162,6.344950525993054e-05,288,0.0,0.0,0.0,0.0,0.0,288,0.0,0.0,0.0,0.0,0.0
conv2,legacy,2,DenseWeight_0,0.0001,288,36,288,0.999952610410912,0.9999559546746677,0.9999332125851744,0.9999690542262282,1.481752421722635e-05,288,0.9146586768558755,0.9055685974474871,0.7455108579970183,1.0729731784924406,0.1604803473490498,288,0.9146205733598032,0.9055154588305282,0.7453061821195065,1.0729681481069777,0.16047655738057648,288,0.009614396076149802,0.009386438761361002,0.007867276889527292,0.011557654618441047,0.0015495472491328173,288,1.0000424327754887,1.0000453814450556,0.9997896974939157,1.0003001954271828,0.00021114645527760828,288,0.0,0.0,0.0,0.0,0.0,288,0.0,0.0,0.0,0.0,0.0,288,0.9999526103951774,0.9999559547139714,0.9999332124946855,0.9999690542332812,1.4817517793878086e-05,288,0.9146586768558755,0.9055685974474871,0.7455108579970183,1.0729731784924406,0.1604803473490498,288,0.914620413898305,0.9055152537440636,0.7453058890454463,1.072967902355207,0.160476561267007,288,0.009614399759960642,0.009386435421766148,0.007867277599982904,0.011557662552224422,0.0015495468191219085,288,1.0000426141226297,1.000045482028736,0.9997898831940711,1.000300403590415,0.00021115643256679716,288,0.0,0.0,0.0,0.0,0.0,288,0.0,0.0,0.0,0.0,0.0
conv2,legacy,2,DenseWeight_0,0.0003,288,36,288,0.9995737420954219,0.999603743348092,0.9993990840723511,0.9997215849287865,0.00013324414876938364,288,0.9149820059618351,0.9059233158749345,0.746192273701202,1.0731732808553474,0.16045055616136564,288,0.9146205733598032,0.9055154588305282,0.7453061821195065,1.0729681481069777,0.16047655738057648,288,0.028843198030215882,0.028159329782326464,0.023601792450767302,0.03467305338921854,0.004648632258208668,288,1.0004119306584118,1.0004124970624653,0.9996920336400895,1.0012296930857072,0.0006387364146760312,288,0.0,0.0,0.0,0.0,0.0,288,0.0,0.0,0.0,0.0,0.0,288,0.9995737420466173,0.9996037434651706,0.9993990838004816,0.9997215849492068,0.0001332441289314331,288,0.9149820059618351,0.9059233158749345,0.746192273701202,1.0731732808553474,0.16045055616136564,288,0.914620413898305,0.9055152537440636,0.7453058890454463,1.072967902355207,0.160476561267007,288,0.028843205388243753,0.028159330729516572,0.02360179679786225,0.034673066332503326,0.004648633155354039,288,1.0004121120803606,1.0004125468088176,0.9996923643452116,1.001229791799808,0.0006387520704757569,288,0.0,0.0,0.0,0.0,0.0,288,0.0,0.0,0.0,0.0,0.0
conv2,legacy,2,DenseWeight_0,0.0005,288,36,288,0.9988173748071785,0.998900286543561,0.9983325988704546,0.9992271802656219,0.0003693749187938154,288,0.9156340521633162,0.9066083727558494,0.747234787582277,1.073638129138466,0.16037107305308018,288,0.9146205733598032,0.9055154588305282,0.7453061821195065,1.0729681481069777,0.16047655738057648,288,0.04807201070149503,0.046932255980564636,0.03933626223203869,0.05778855990808413,0.007747707909460382,288,1.0011600318847635,1.0011138862643476,0.9999038473621611,1.0026233603284813,0.0010930663545680739,288,0.0,0.0,0.0,0.0,0.0,288,0.0,0.0,0.0,0.0,0.0,288,0.9988173747254601,0.9989002867381953,0.9983325984175213,0.999227180299381,0.00036937488463954706,288,0.9156340521633162,0.9066083727558494,0.747234787582277,1.073638129138466,0.16037107305308018,288,0.914620413898305,0.9055152537440636,0.7453058890454463,1.072967902355207,0.160476561267007,288,0.04807202168432056,0.04693226119263754,0.03933627018946486,0.05778857784925635,0.007747710138499612,288,1.0011602134549547,1.0011139501942696,0.9999038949070501,1.0026235102994077,0.0010930871933230888,288,0.0,0.0,0.0,0.0,0.0,288,0.0,0.0,0.0,0.0,0.0
conv3,baseline,0,ConvWeight_0,0,36,36,36,0.9999986304838734,0.9999999338245951,0.9999967434359112,0.9999999951081878,3.6732437672402184e-06,36,0.0015105628753498458,0.0013156084426639964,0.000767361253100841,0.0025152313785652583,0.000718101263112733,36,0.0015106990999586246,0.0013156382090347936,0.0007674876275250157,0.0025154673990528753,0.0007181033209343375,36,0.0010299614692115182,0.000418877358882671,0.0001470424150147379,0.002652133064767544,0.001479949942327272,36,0.9998739562434688,0.9999006482633779,0.9993875172913516,1.0001675649430175,0.0006694761799863792,36,0.0,0.0,0.0,0.0,0.0,36,0.0,0.0,0.0,0.0,0.0,36,1.0,1.0,0.9999999999999999,1.0,1.1568259067378855e-16,36,0.0015105628753498458,0.0013156084426639964,0.000767361253100841,0.0025152313785652583,0.000718101263112733,36,0.0015105628753498458,0.0013156084426639964,0.000767361253100841,0.0025152313785652583,0.000718101263112733,36,0.0,0.0,0.0,0.0,0.0,36,1.0,1.0,1.0,1.0,0.0,36,0.0,0.0,0.0,0.0,0.0,36,0.0,0.0,0.0,0.0,0.0
conv3,baseline,0,ConvWeight_0,1e-05,288,36,288,0.14822736129207065,0.13273097481217117,0.008900194388893397,0.31437436177895084,0.11631063224720575,288,0.01012351601499701,0.010063282063618357,0.009111560565764539,0.011213056617788956,0.0007981540785643203,288,0.0015106990999586246,0.0013156382090347936,0.0007435466104776384,0.002534444050064442,0.000709291903539204,288,8.041932431596127,7.455363959085384,3.7972655507075928,13.292499984862804,3.432509530532089,288,8.11730352327415,7.483543410907689,3.9013028514529906,13.27811816607322,3.388576321224826,288,0.0,0.0,0.0,0.0,0.0,288,0.0,0.0,0.0,0.0,0.0,288,0.1482327446878008,0.13285308911700378,0.009018801216035188,0.31436382729533346,0.11630811701010942,288,0.01012351601499701,0.010063282063618357,0.009111560565764539,0.011213056617788956,0.0007981540785643203,288,0.001510562875349846,0.0013156084426639964,0.000743403022358455,0.00253412578087148,0.0007092898709679004,288,8.043187472710997,7.455464010700236,3.7969627511015163,13.294545364705021,3.4334796847665605,288,8.118571381355707,7.482165650467969,3.9015610085972736,13.280462485365208,3.389539345683754,288,0.0,0.0,0.0,0.0,0.0,288,0.0,0.0,0.0,0.0,0.0
conv3,baseline,0,ConvWeight_0,3e-05,288,36,288,0.05100520259126896,0.0404152766482222,-0.061522545272559494,0.17657540430596858,0.09479260883831447,288,0.02998297256128071,0.02975464288420475,0.027182576585676115,0.033169929138247206,0.0023027978209434873,288,0.0015106990999586246,0.0013156382090347936,0.0007435466104776384,0.002534444050064442,0.000709291903539204,288,24.12577794660634,22.3658390559018,11.391745604366571,39.877521085346025,10.297519738048852,288,24.151809046021892,22.336086196841848,11.398507877232891,39.86085688869308,10.273212268880922,288,0.0,0.0,0.0,0.0,0.0,288,0.0,0.0,0.0,0.0,0.0,288,0.051010502049840284,0.04038383764853053,-0.0614392756229417,0.1765924557074959,0.09479077124311842,288,0.02998297256128071,0.02975464288420475,0.027182576585676115,0.033169929138247206,0.0023027978209434873,288,0.001510562875349846,0.0013156084426639964,0.000743403022358455,0.00253412578087148,0.0007092898709679004,288,24.129562414351675,22.366391916839664,11.390888210571347,39.88363607693364,10.300439063037928,288,24.155601297248108,22.339610826563003,11.397670857049027,39.86461696392368,10.276124332244859,288,0.0,0.0,0.0,0.0,0.0,288,0.0,0.0,0.0,0.0,0.0
conv3,baseline,0,ConvWeight_0,0.0001,288,36,288,0.01603530964707006,0.010926930500847379,-0.09333513794316431,0.12920803618870239,0.08992807377985505,288,0.09977435424159968,0.09898083722122047,0.09049447005843222,0.1103147108481124,0.00764587280193689,288,0.0015106990999586246,0.0013156382090347936,0.0007435466104776384,0.002534444050064442,0.000709291903539204,288,80.41923776892672,74.55250065204365,37.972435153519,132.92509514450748,34.32505522274426,288,80.42774988873292,74.50527249851504,37.96667832856669,132.92884691819134,34.30789335860196,288,0.0,0.0,0.0,0.0,0.0,288,0.0,0.0,0.0,0.0,0.0,288,0.01604056967276084,0.010859589285084886,-0.0933150027404175,0.1295163410295184,0.08992651446440153,288,0.09977435424159968,0.09898083722122047,0.09049447005843222,0.1103147108481124,0.00764587280193689,288,0.001510562875349846,0.0013156084426639964,0.000743403022358455,0.00253412578087148,0.0007092898709679004,288,80.43187465870594,74.5546381881759,37.96962695538773,132.9454537518385,34.334797008664374,288,80.44039278299243,74.5075392532726,37.96389034294457,132.94748429507456,34.31762784139324,288,0.0,0.0,0.0,0.0,0.0,288,0.0,0.0,0.0,0.0,0.0
conv3,baseline,0,ConvWeight_0,0.0003,288,36,288,0.006005287481515102,0.0029794991151855105,-0.10318042229354157,0.11995519188419847,0.0889492281666947,288,0.29926098621849223,0.29685368353926034,0.27147572155830524,0.33078066295276587,0.022923122393732648,288,0.0015106990999586246,0.0013156382090347936,0.0007435466104776384,0.002534444050064442,0.000709291903539204,288,241.2576941459143,223.65723612774426,113.91726202111863,398.7753081411386,102.9751575202715,288,241.26119018790976,223.6055727690083,113.90274341581085,398.76056239803864,102.96005038367265,288,0.0,0.0,0.0,0.0,0.0,288,0.0,0.0,0.0,0.0,0.0,288,0.006010535113212929,0.002865173394664154,-0.10318999032351658,0.11996725996843181,0.08894774969895636,288,0.29926098621849223,0.29685368353926034,0.27147572155830524,0.33078066295276587,0.022923122393732648,288,0.001510562875349846,0.0013156084426639964,0.000743403022358455,0.00253412578087148,0.0007092898709679004,288,241.29562350645438,223.66390126199235,113.90887731805078,398.8363627870481,103.00439215389017,288,241.29912504411448,223.61236697915743,113.89437926005787,398.8164617766132,102.9892777019233,288,0.0,0.0,0.0,0.0,0.0,288,0.0,0.0,0.0,0.0,0.0
conv3,baseline,0,ConvWeight_0,0.0005,288,36,288,0.003998181502333072,0.0009503554780788161,-0.10499135481504208,0.11811391476634413,0.08877753730633649,288,0.498754990067633,0.49473075087295715,0.45246055563430265,0.5512506711229437,0.03820121070136366,288,0.0015106990999586246,0.0013156382090347936,0.0007435466104776384,0.002534444050064442,0.000709291903539204,288,402.09614990801515,372.7619538378788,189.8620844036214,664.6255232033711,171.62526130790204,288,402.0986424068351,372.7094038762991,189.84581373212345,664.5942406463712,171.6105655701234,288,0.0,0.0,0.0,0.0,0.0,288,0.0,0.0,0.0,0.0,0.0,288,0.00400342659286625,0.0008711734354268276,-0.10500092185430401,0.11811244738419986,0.08877607499345437,288,0.498754990067633,0.49473075087295715,0.45246055563430265,0.5512506711229437,0.03820121070136366,288,0.001510562875349846,0.0013156084426639964,0.000743403022358455,0.00253412578087148,0.0007092898709679004,288,402.15937172415954,372.7731465657607,189.84812294898654,664.7272738884989,171.67398879598204,288,402.161869616874,372.7207256515004,189.8318728918286,664.6874023022474,171.65928574035394,288,0.0,0.0,0.0,0.0,0.0,288,0.0,0.0,0.0,0.0,0.0
conv3,baseline,1,ConvWeight_1,0,36,36,36,0.9999977158750597,0.9999999598806284,0.9999959088990351,0.9999999924893904,7.258008485212902e-06,36,0.008602303161080465,0.008126370404891937,0.005406609107027731,0.012440355955919608,0.0028855550424076552,36,0.008602799937579788,0.008126144751964624,0.005406623832033096,0.012445486722072682,0.002886130614071806,36,0.0010903900731544641,0.0002973412209222912,0.00012842826679473695,0.002920811196755752,0.001906320527465092,36,0.9999545824029727,0.9999875942963643,0.999647686043125,1.0001286385258452,0.00039883396807404673,36,0.0,0.0,0.0,0.0,0.0,36,0.0,0.0,0.0,0.0,0.0,36,1.0,1.0,0.9999999999999998,1.0000000000000002,1.5475000224300253e-16,36,0.008602303161080465,0.008126370404891937,0.005406609107027731,0.012440355955919608,0.0028855550424076552,36,0.008602303161080465,0.008126370404891937,0.005406609107027731,0.012440355955919608,0.0028855550424076552,36,0.0,0.0,0.0,0.0,0.0,36,1.0,1.0,1.0,1.0,0.0,36,0.0,0.0,0.0,0.0,0.0,36,0.0,0.0,0.0,0.0,0.0
conv3,baseline,1,ConvWeight_1,1e-05,288,36,288,0.3210166772538551,0.3109907687916802,0.20344992908666723,0.4512600652810249,0.0968777835368122,288,0.02630225304322692,0.026013209895424737,0.024260821106777443,0.02855855454295553,0.0017742991274878443,288,0.00860279993757979,0.008126144751964624,0.0053818663342346815,0.012875754448476754,0.0028507166273151778,288,3.18729190674934,3.024495712448143,2.0148518512784146,4.498310288338059,1.0188808946744061,288,3.352110683507115,3.1865101526539688,2.202196836221151,4.617777409480024,0.9723731717190585,288,0.0,0.0,0.0,0.0,0.0,288,0.0,0.0,0.0,0.0,0.0,288,0.3210172008265906,0.3110511541581697,0.20344845365127132,0.4512310927603021,0.09688088982087718,288,0.02630225304322692,0.026013209895424737,0.024260821106777443,0.02855855454295553,0.0017742991274878443,288,0.008602303161080464,0.008126370404891937,0.005381501347666206,0.012875277640540198,0.002850148118147503,288,3.187393117130874,3.024555806755899,2.0158757924986324,4.498032275485247,1.0188447874599418,288,3.352223253803161,3.1865511550257297,2.203680140097304,4.617492152870646,0.9723259672887066,288,0.0,0.0,0.0,0.0,0.0,288,0.0,0.0,0.0,0.0,0.0
conv3,baseline,1,ConvWeight_1,3e-05,288,36,288,0.11211943429582814,0.10776931096788481,0.05022390068230477,0.17883086448062527,0.05192249091816987,288,0.07475420869034913,0.07427533295125774,0.06992975533814129,0.07979273504709516,0.004175602541058725,288,0.00860279993757979,0.008126144751964624,0.0053818663342346815,0.012875754448476754,0.0028507166273151778,288,9.561873944520723,9.073529636994008,6.044653323950035,13.4949304250764,3.0566492957596845,288,9.616785158410954,9.141517696827487,6.0914663952391255,13.541791349750605,3.040793347141718,288,4.709502797067901e-08,0.0,0.0,0.0,7.992291273176941e-07,288,0.0,0.0,0.0,0.0,0.0,288,0.1121194877548233,0.10778878531744952,0.05022109236146581,0.17880763133688782,0.051925368303028165,288,0.07475420869034913,0.07427533295125774,0.06992975533814129,0.07979273504709516,0.004175602541058725,288,0.008602303161080464,0.008126370404891937,0.005381501347666206,0.012875277640540198,0.002850148118147503,288,9.562179345791568,9.07366732494709,6.047627404019555,13.49409666634978,3.0565343625719765,288,9.617094384295248,9.141615030807051,6.095571283802364,13.540954824915648,3.040673886343588,288,4.709502797067901e-08,0.0,0.0,0.0,7.992291273176941e-07,288,0.0,0.0,0.0,0.0,0.0
conv3,baseline,1,ConvWeight_1,0.0001,288,36,288,0.031957941738779534,0.03243712027466027,-0.01640545778909119,0.0783705303925791,0.039975239858236825,288,0.24758114881956628,0.24584106102917036,0.230098361239279,0.2645810664369938,0.013733958152426973,288,0.00860279993757979,0.008126144751964624,0.0053818663342346815,0.012875754448476754,0.0028507166273151778,288,31.87291301153643,30.245147404747808,20.148960605163904,44.983099241321646,10.188837325960899,288,31.88751122990915,30.25621036959834,20.128923316078986,45.004097660057035,10.185161173184333,288,0.0,0.0,0.0,0.0,0.0,288,0.0,0.0,0.0,0.0,0.0,288,0.03195779790992869,0.032441632238005266,-0.016403544134451848,0.07831534619320887,0.039977296040863634,288,0.24758114881956628,0.24584106102917036,0.230098361239279,0.2645810664369938,0.013733958152426973,288,0.008602303161080464,0.008126370404891937,0.005381501347666206,0.012875277640540198,0.002850148118147503,288,31.873931087136732,30.24555663760216,20.158758319085255,44.98032034854085,10.188447877438431,288,31.88853029733461,30.256598821552608,20.138669800833057,45.00131759615004,10.184769715774353,288,0.0,0.0,0.0,0.0,0.0,288,0.0,0.0,0.0,0.0,0.0
conv3,baseline,1,ConvWeight_1,0.0003,288,36,288,0.00881218039114915,0.010655826548584041,-0.04136427019491707,0.05339638705705388,0.03892869140575524,288,0.7423578514703759,0.7370004012654562,0.6897665975092683,0.7920723011100943,0.04112894946851647,288,0.00860279993757979,0.008126144751964624,0.0053818663342346815,0.012875754448476754,0.0028507166273151778,288,95.61873898249473,90.7354753127591,60.44698429675836,134.94928142119295,30.566517036179402,288,95.62175951147941,90.73552056980701,60.41044384167068,134.9628729889922,30.566369241556192,288,0.0,0.0,0.0,0.0,0.0,288,0.0,0.0,0.0,0.0,0.0,288,0.00881197778386226,0.01065602871266908,-0.04136796929075844,0.053399110725527256,0.03893031241827073,288,0.7423578514703759,0.7370004012654562,0.6897665975092683,0.7920723011100943,0.04112894946851647,288,0.008602303161080464,0.008126370404891937,0.005381501347666206,0.012875277640540198,0.002850148118147503,288,95.62179270088377,90.73666037883518,60.47627758044052,134.94094499669254,30.56534365147067,288,95.6248134057717,90.73668471189518,60.43967782257897,134.95453585012064,30.565194575297564,288,0.0,0.0,0.0,0.0,0.0,288,0.0,0.0,0.0,0.0,0.0
conv3,baseline,1,ConvWeight_1,0.0005,288,36,288,0.004179275163827023,0.005626270432265646,-0.04671189419100077,0.04972260816187854,0.038885729381957335,288,1.2372227355453145,1.2283908654955185,1.1495962505368673,1.3201691230694093,0.06852840224730644,288,0.00860279993757979,0.008126144751964624,0.0053818663342346815,0.012875754448476754,0.0028507166273151778,288,159.36456425877753,151.22579051140363,100.7450115312586,224.91544220518875,50.94419673728283,288,159.36526838380456,151.22363182385618,100.70517386527187,224.92755198040612,50.94475528335207,288,0.0,0.0,0.0,0.0,0.0,288,0.0,0.0,0.0,0.0,0.0,288,0.004179060700272459,0.005626841257319838,-0.0467191444998502,0.04972328085847317,0.038887254898521816,288,1.2372227355453145,1.2283908654955185,1.1495962505368673,1.3201691230694093,0.06852840224730644,288,0.008602303161080464,0.008126370404891937,0.005381501347666206,0.012875277640540198,0.002850148118147503,288,159.36965356944853,151.22775140991956,100.79380034101808,224.9015482496911,50.942239451753544,288,159.37035770709886,151.22557176973623,100.75390175799447,224.91365740187965,50.94279686186332,288,0.0,0.0,0.0,0.0,0.0,288,0.0,0.0,0.0,0.0,0.0
conv3,baseline,2,ConvWeight_2,0,36,36,36,0.9999939913525113,0.9999999722341704,0.9999819410935494,0.9999999971788421,1.598162025149784e-05,36,0.0983085725895829,0.09835270068954124,0.06810583617985842,0.12836670351064483,0.0249062092772747,36,0.09830818768320769,0.0983614969494791,0.06810616466804509,0.1283667283455267,0.02490590231076567,36,0.0017021857666389896,0.0002483785283223336,7.57920400625694e-05,0.005821251976282103,0.0030638720511418673,36,1.0000024875126308,1.0000060064577556,0.9999139826906449,1.0000767027455864,8.522178123568017e-05,36,0.0,0.0,0.0,0.0,0.0,36,0.0,0.0,0.0,0.0,0.0,36,1.0,1.0,0.9999999999999999,1.0000000000000002,1.3401743317813905e-16,36,0.0983085725895829,0.09835270068954124,0.06810583617985842,0.12836670351064483,0.0249062092772747,36,0.0983085725895829,0.09835270068954124,0.06810583617985842,0.12836670351064483,0.0249062092772747,36,0.0,0.0,0.0,0.0,0.0,36,1.0,1.0,1.0,1.0,0.0,36,0.0,0.0,0.0,0.0,0.0,36,0.0,0.0,0.0,0.0,0.0
conv3,baseline,2,ConvWeight_2,1e-05,288,36,288,0.9778454132737175,0.9811358416182901,0.9621130750367697,0.9895289928547729,0.010619920979749392,288,0.10028109196098474,0.10012119827716633,0.07061227059695731,0.13234334535159067,0.024152674917591006,288,0.09830818768320768,0.0983614969494791,0.0680671414985951,0.13107342946925415,0.024600296843606657,288,0.2086408047341879,0.19708895021096473,0.14567586807907332,0.283430910652353,0.051698527638736155,288,1.0225397127211193,1.019157965183985,1.0096636515707054,1.040930827731202,0.011922752840823187,288,0.0,0.0,0.0,0.0,0.0,288,0.0,0.0,0.0,0.0,0.0,288,0.9778507642563533,0.9811577624920889,0.9621126484538426,0.9895292378936457,0.010621968807993475,288,0.10028109196098474,0.10012119827716633,0.07061227059695731,0.13234334535159067,0.024152674917591006,288,0.09830857258958291,0.09835270068954124,0.06806637615586904,0.13107442953118373,0.024600600043512808,288,0.20861243165202012,0.19707226350936974,0.14567781217952447,0.28341695617198054,0.051711149799867545,288,1.0225373231658783,1.0191195734470937,1.0096653508589535,1.040926244747349,0.011935899109460451,288,0.0,0.0,0.0,0.0,0.0,288,0.0,0.0,0.0,0.0,0.0
conv3,baseline,2,ConvWeight_2,3e-05,288,36,288,0.8465804834029383,0.860349306439548,0.7615578051594317,0.9155942906141067,0.0579192890975112,288,0.11475234815756287,0.11359669124879053,0.08858483724632407,0.1429849765043341,0.02156279857445649,288,0.09830818768320768,0.0983614969494791,0.0680671414985951,0.13107342946925415,0.024600296843606657,288,0.6258446591942026,0.5911552489425429,0.43702673997731084,0.8502892594224781,0.15512184209300137,288,1.1861526732130974,1.1609786510426265,1.0889322851165468,1.3158938920815024,0.08571020229964586,288,0.0,0.0,0.0,0.0,0.0,288,0.0,0.0,0.0,0.0,0.0,288,0.8465842356772365,0.8602910505906576,0.7615575995193663,0.9155942739293859,0.057920498966611854,288,0.11475234815756287,0.11359669124879053,0.08858483724632407,0.1429849765043341,0.02156279857445649,288,0.09830857258958291,0.09835270068954124,0.06806637615586904,0.13107442953118373,0.024600600043512808,288,0.6258372947497014,0.5912167946038951,0.4370334344027274,0.8502508864001392,0.15513344972265683,288,1.1861507618304497,1.1609748518243694,1.0889244307447994,1.315858950702243,0.0857260813867832,288,0.0,0.0,0.0,0.0,0.0,288,0.0,0.0,0.0,0.0,0.0
conv3,baseline,2,ConvWeight_2,0.0001,288,36,288,0.44628279758031497,0.45180891732129486,0.33265876527733945,0.5645348209313917,0.08742927071767186,288,0.21791622668566404,0.21509790606136578,0.19906810617620585,0.24303380580236317,0.0170074047144771,288,0.09830818768320768,0.0983614969494791,0.0680671414985951,0.13107342946925415,0.024600296843606657,288,2.08612413122528,1.970580958492949,1.4567548203216063,2.834293771716364,0.5170812965741693,288,2.3229258578558922,2.213625475775962,1.762803519931353,3.0107450990406144,0.46748587776558964,288,0.0,0.0,0.0,0.0,0.0,288,0.0,0.0,0.0,0.0,0.0,288,0.4462829945172171,0.451834389396306,0.3326556827445632,0.5645334715884689,0.08742913615580859,288,0.21791622668566404,0.21509790606136578,0.19906810617620585,0.24303380580236317,0.0170074047144771,288,0.09830857258958291,0.09835270068954124,0.06806637615586904,0.13107442953118373,0.024600600043512808,288,2.0861243134180607,1.9707226960121387,1.4567780898295082,2.834169829857392,0.5171115028542045,288,2.3229252604658748,2.21371917779572,1.762809807689695,3.0107964779498455,0.46751906972588636,288,0.0,0.0,0.0,0.0,0.0,288,0.0,0.0,0.0,0.0,0.0
conv3,baseline,2,ConvWeight_2,0.0003,288,36,288,0.16571857267572876,0.1661985803694573,0.11432754202869494,0.22797434532405883,0.043578097056020414,288,0.5888656578162428,0.5861804771227446,0.5443373563857347,0.6305672882114256,0.03773342489678872,288,0.09830818768320768,0.0983614969494791,0.0680671414985951,0.13107342946925415,0.024600296843606657,288,6.25837004164088,5.911852938914276,4.370263444398516,8.502879731165917,1.55124482141362,288,6.34125208318004,6.005693906548405,4.486218931884411,8.56396035538914,1.5323578261964867,288,0.0,0.0,0.0,0.0,0.0,288,0.0,0.0,0.0,0.0,0.0,288,0.16571672885940822,0.16609386747411245,0.11432385501883348,0.2278872141955363,0.0435771175115883,288,0.5888656578162428,0.5861804771227446,0.5443373563857347,0.6305672882114256,0.03773342489678872,288,0.09830857258958291,0.09835270068954124,0.06806637615586904,0.13107442953118373,0.024600600043512808,288,6.25837291991312,5.912168494284151,4.3703340566918545,8.502511277152227,1.5513345410199422,288,6.341252728769039,6.006395553445948,4.486339374123471,8.56359094747863,1.5324494822891341,288,0.0,0.0,0.0,0.0,0.0,288,0.0,0.0,0.0,0.0,0.0
conv3,baseline,2,ConvWeight_2,0.0005,288,36,288,0.0999575028976686,0.09880926145536688,0.06333338609846699,0.14352365254761912,0.030577861721337113,288,0.9722189428387276,0.9689993207003227,0.8994531990624562,1.0425301405339564,0.0625389799585841,288,0.09830818768320768,0.0983614969494791,0.0680671414985951,0.13107342946925415,0.024600296843606657,288,10.430617602814673,9.85313037639784,7.283771786628827,14.171468077954014,2.5854078229853084,288,10.480080334696416,9.910248212475214,7.351403987366295,14.209194873098276,2.574279144982438,288,0.0,0.0,0.0,0.0,0.0,288,0.0,0.0,0.0,0.0,0.0,288,0.09995522305400167,0.09881120422149767,0.06333120277888153,0.14352123393314717,0.03057638370560525,288,0.9722189428387276,0.9689993207003227,0.8994531990624562,1.0425301405339564,0.0625389799585841,288,0.09830857258958291,0.09835270068954124,0.06806637615586904,0.13107442953118373,0.024600600043512808,288,10.430621500163689,9.853614834934849,7.283889740401888,14.170855109043186,2.5855576226562507,288,10.480081721545098,9.91140621810035,7.351523536069931,14.208581957020868,2.5744306389609286,288,0.0,0.0,0.0,0.0,0.0,288,0.0,0.0,0.0,0.0,0.0
conv3,baseline,3,DenseWeight_0,0,36,36,36,0.999999992521844,0.9999999939178176,0.9999999867023364,0.9999999974558802,4.914655761038153e-09,36,0.032920042662315435,0.03166426708137184,0.02403513026474991,0.04419697301245271,0.007740171274352761,36,0.032920277380779156,0.031664489229862286,0.024035227534332765,0.04419820996841331,0.0077401743780107415,36,0.00012029282146610646,0.00011091852343684958,7.565888802850003e-05,0.0001641278765809726,4.059774240881759e-05,36,0.9999921530568151,0.9999942038406913,0.9999546241337671,1.0000317947966266,3.2942867534622106e-05,36,0.0,0.0,0.0,0.0,0.0,36,0.0,0.0,0.0,0.0,0.0,36,1.0,1.0,0.9999999999999998,1.0000000000000002,1.6784994417006302e-16,36,0.032920042662315435,0.03166426708137184,0.02403513026474991,0.04419697301245271,0.007740171274352761,36,0.032920042662315435,0.03166426708137184,0.02403513026474991,0.04419697301245271,0.007740171274352761,36,0.0,0.0,0.0,0.0,0.0,36,1.0,1.0,1.0,1.0,0.0,36,0.0,0.0,0.0,0.0,0.0,36,0.0,0.0,0.0,0.0,0.0
conv3,baseline,3,DenseWeight_0,1e-05,288,36,288,0.9999833711429176,0.999984876736435,0.9999722236748744,0.9999923394986429,7.673414230317727e-06,288,0.03292088103126497,0.03167363255348511,0.023343102844554337,0.04610717969631442,0.007643816094815952,288,0.03292027738077915,0.031664489229862286,0.02333276772423019,0.046114963583901374,0.007645199316390038,288,0.005630564982154916,0.005515154752673642,0.0039145943505502845,0.007472667216482288,0.0013180913654146727,288,1.0000265248417066,1.0000185270503277,0.9995229883392863,1.0005680053960657,0.000418898815765399,288,0.0,0.0,0.0,0.0,0.0,288,0.0,0.0,0.0,0.0,0.0,288,0.9999833791790039,0.9999849284605328,0.9999721934305826,0.9999923258134802,7.669960879443818e-06,288,0.03292088103126497,0.03167363255348511,0.023343102844554337,0.04610717969631442,0.007643816094815952,288,0.03292004266231544,0.03166426708137184,0.023332096370990225,0.0461133318856786,0.007645196250815192,288,0.005629018474542804,0.0055243397944004635,0.003917875619558034,0.007468076991778106,0.0013175321000934942,288,1.000034370763698,1.00002913678164,0.9995265590272668,1.0005566481165984,0.00041452674558388177,288,0.0,0.0,0.0,0.0,0.0,288,0.0,0.0,0.0,0.0,0.0
conv3,baseline,3,DenseWeight_0,3e-05,288,36,288,0.9998504568043928,0.9998641344683934,0.9997498274832401,0.9999309933018262,6.899026882187266e-05,288,0.03292551808399783,0.03169398849588626,0.02336884728897098,0.046097053150375766,0.007640441334261645,288,0.03292027738077915,0.031664489229862286,0.02333276772423019,0.046114963583901374,0.007645199316390038,288,0.0168875953464193,0.01655941673579794,0.011748857485120766,0.022409862815700368,0.0039528796898537786,288,1.0001949766465157,1.0001643714552313,0.9986799046880489,1.001775195737808,0.001251375194917531,288,0.0,0.0,0.0,0.0,0.0,288,0.0,0.0,0.0,0.0,0.0,288,0.9998504659873017,0.9998642648810192,0.9997497196938343,0.9999309432100111,6.898624358865444e-05,288,0.03292551808399783,0.03169398849588626,0.02336884728897098,0.046097053150375766,0.007640441334261645,288,0.03292004266231544,0.03166426708137184,0.023332096370990225,0.0461133318856786,0.007645196250815192,288,0.016887055590838224,0.016573018959075446,0.011753627051376728,0.022404227927673454,0.0039525963581638485,288,1.000202821527715,1.0001693547375683,0.9986872867393982,1.0017570118506927,0.0012480378633034767,288,0.0,0.0,0.0,0.0,0.0,288,0.0,0.0,0.0,0.0,0.0
conv3,baseline,3,DenseWeight_0,0.0001,288,36,288,0.9983436532265925,0.9984900112995978,0.9972361881013165,0.9992338524604776,0.0007622352387606031,288,0.03297278326649999,0.03179589488982286,0.023497887707495967,0.04608449792810117,0.007622213175450845,288,0.03292027738077915,0.031664489229862286,0.02333276772423019,0.046114963583901374,0.007645199316390038,288,0.056290062104280066,0.05523736189759988,0.0391728540817875,0.07468629764191667,0.013175234002739617,288,1.001829737511417,1.0016154780537871,0.9967240465879063,1.0069767313922662,0.004252667387328483,288,0.0,0.0,0.0,0.0,0.0,288,0.0,0.0,0.0,0.0,0.0,288,0.9983436667381557,0.9984904179886012,0.997236146352404,0.9992336805824338,0.0007622269760100465,288,0.03297278326649999,0.03179589488982286,0.023497887707495967,0.04608449792810117,0.007622213175450845,288,0.03292004266231544,0.03166426708137184,0.023332096370990225,0.0461133318856786,0.007645196250815192,288,0.05629018734348035,0.05524339167416299,0.03917875913792927,0.07468072430521859,0.013175321888377113,288,1.0018375892658737,1.001598637257887,0.996729156504679,1.0069679949584962,0.0042503363845116885,288,0.0,0.0,0.0,0.0,0.0,288,0.0,0.0,0.0,0.0,0.0
conv3,baseline,3,DenseWeight_0,0.0003,288,36,288,0.9854513275489235,0.9866538329099193,0.9758933153356291,0.9932094546048865,0.00656236808961378,288,0.03337062868890016,0.032374323753241244,0.02419070280867356,0.04616240099050514,0.007517197703088775,288,0.03292027738077915,0.031664489229862286,0.02333276772423019,0.046114963583901374,0.007645199316390038,288,0.16886937345719555,0.16572245566389615,0.11752757399161108,0.22404813532755166,0.03952499388260242,288,1.0153411623105528,1.0135719345455567,0.9981300969684579,1.0338119013447316,0.014353416458731946,288,0.0,0.0,0.0,0.0,0.0,288,0.0,0.0,0.0,0.0,0.0,288,0.9854513557218003,0.986653051213917,0.9758949384039386,0.9932093017990739,0.006562328831869852,288,0.03337062868890016,0.032374323753241244,0.02419070280867356,0.04616240099050514,0.007517197703088775,288,0.03292004266231544,0.03166426708137184,0.023332096370990225,0.0461133318856786,0.007645196250815192,288,0.16887058183395473,0.16573013576913756,0.11753629846413241,0.22404187165548592,0.039525972111230524,288,1.015349122843505,1.013561720478118,0.9981416684092691,1.033849868292457,0.01435308653980947,288,0.0,0.0,0.0,0.0,0.0,288,0.0,0.0,0.0,0.0,0.0
conv3,baseline,3,DenseWeight_0,0.0005,288,36,288,0.961368604085473,0.9643069416556173,0.9372300091616804,0.9817111027567726,0.016789076912255667,288,0.03414290355395752,0.03317268181933458,0.02534012840007219,0.0463954180441366,0.007342726215966525,288,0.03292027738077915,0.031664489229862286,0.02333276772423019,0.046114963583901374,0.007645199316390038,288,0.28144878953133645,0.27620757784372607,0.19588236301637682,0.3734096548400623,0.06587477872742178,288,1.0414049208124647,1.0378567887315384,1.0086057958450942,1.0779846843927998,0.027851389207941675,288,0.0,0.0,0.0,0.0,0.0,288,0.0,0.0,0.0,0.0,0.0,288,0.9613686489354846,0.9643075698487227,0.9372309692925737,0.9817108497272923,0.016788982468144194,288,0.03414290355395752,0.03317268181933458,0.02534012840007219,0.0463954180441366,0.007342726215966525,288,0.03292004266231544,0.03166426708137184,0.023332096370990225,0.0461133318856786,0.007645196250815192,288,0.281451008437533,0.27621683337864467,0.195893869155955,0.3734026238157595,0.06587663214678083,288,1.0414131163252986,1.037876612091282,1.0086002952943212,1.0779761319130494,0.02785261407206233,288,0.0,0.0,0.0,0.0,0.0,288,0.0,0.0,0.0,0.0,0.0
conv3,ours,0,ConvWeight_0,0,36,36,36,0.9999563227756997,0.9999897835651878,0.9999104885970478,0.9999998503420491,9.467889246060832e-05,36,0.002014774731463441,0.0016520042208187423,0.0009433010106791734,0.0035030045132197086,0.0013414718087927525,36,0.002016942263441309,0.0016541223049929676,0.0009487896952443929,0.0034917500537562157,0.0013420369363405977,36,0.00775940413052356,0.005155264932986981,0.0007875773927528416,0.017117009116135458,0.007643327774391136,36,0.9987828517117633,0.9996174758376188,0.9892023841732187,1.0043172865554806,0.005411656460965232,36,0.0,0.0,0.0,0.0,0.0,36,0.0,0.0,0.0,0.0,0.0,36,1.0,1.0,0.9999999999999999,1.0000000000000002,1.32697032177375e-16,36,0.002014774731463441,0.0016520042208187423,0.0009433010106791734,0.0035030045132197086,0.0013414718087927525,36,0.002014774731463441,0.0016520042208187423,0.0009433010106791734,0.0035030045132197086,0.0013414718087927525,36,0.0,0.0,0.0,0.0,0.0,36,1.0,1.0,1.0,1.0,0.0,36,0.0,0.0,0.0,0.0,0.0,36,0.0,0.0,0.0,0.0,0.0
conv3,ours,0,ConvWeight_0,1e-05,288,36,288,0.06715756182710882,0.06106808764085984,-0.05282184758701189,0.18935093716525,0.09811238367775534,288,0.030629884387603896,0.03052516325046904,0.02775965314471272,0.03372329077814515,0.0023213780184510734,288,0.002016942263441309,0.0016541223049929676,0.0009472775582236369,0.0036616564718771442,0.0013255696018205495,288,20.08601674454252,18.620573649010623,8.3422069295512,32.15101279875452,10.025160887592536,288,20.120459590385266,18.544732657850552,8.413998650577824,32.20086776164875,10.007730149984578,288,0.0,0.0,0.0,0.0,0.0,288,0.0,0.0,0.0,0.0,0.0,288,0.06712150349511448,0.061047471210877,-0.05206940749888509,0.1897885011518119,0.09811614641122755,288,0.030629884387603896,0.03052516325046904,0.02775965314471272,0.03372329077814515,0.0023213780184510734,288,0.0020147747314634415,0.0016520042208187423,0.000937106340569242,0.0036641103415451745,0.0013250114086156611,288,20.110879837385944,18.652467926817685,8.329321209513562,32.49850801821504,10.031302912546296,288,20.145323569580203,18.609900034475935,8.408363761300228,32.44542753462971,10.013804182765098,288,0.0,0.0,0.0,0.0,0.0,288,0.0,0.0,0.0,0.0,0.0
conv3,ours,0,ConvWeight_0,3e-05,288,36,288,0.02357414565163422,0.019757879845333892,-0.08806370047326618,0.14149625063660656,0.09039558686459447,288,0.09163078201823624,0.09139869791592659,0.08306156099285884,0.10100300330472173,0.00693165204319816,288,0.002016942263441309,0.0016541223049929676,0.0009472775582236369,0.0036616564718771442,0.0013255696018205495,288,60.258079473266484,55.85977954889519,25.025595705104482,96.45012817387934,30.0755480409276,288,60.27066057747993,55.77071517519683,25.01967308242665,96.38605370543506,30.068860987099445,288,0.0,0.0,0.0,0.0,0.0,288,0.0,0.0,0.0,0.0,0.0,288,0.023536486073861818,0.019365632376036522,-0.0879937749037689,0.1415372908974767,0.09039264134355514,288,0.09163078201823624,0.09139869791592659,0.08306156099285884,0.10100300330472173,0.00693165204319816,288,0.0020147747314634415,0.0016520042208187423,0.000937106340569242,0.0036641103415451745,0.0013250114086156611,288,60.332639514850925,55.95740368065246,24.987963661483903,97.49552424754197,30.093908740079744,288,60.34519527577773,55.966870570169775,24.99421846516147,97.43221409155586,30.087170302539715,288,0.0,0.0,0.0,0.0,0.0,288,0.0,0.0,0.0,0.0,0.0
conv3,ours,0,ConvWeight_0,0.0001,288,36,288,0.008200548208657205,0.0017521323063720631,-0.10054952962316609,0.12121653915859863,0.08953463967022551,288,0.3053326609279343,0.3046853834032619,0.2767263968815068,0.33644477038142445,0.02307428114945534,288,0.002016942263441309,0.0016541223049929676,0.0009472775582236369,0.0036616564718771442,0.0013255696018205495,288,200.860306173739,186.19700576905748,83.41745907033571,321.497058073327,100.2519011764183,288,200.8652059771453,186.1173656941389,83.38644613564496,321.42944992741945,100.24901242687976,288,0.0,0.0,0.0,0.0,0.0,288,0.0,0.0,0.0,0.0,0.0,288,0.008162330726180632,0.0014401504885193598,-0.10081834036109572,0.1214724287284003,0.08952896498238162,288,0.3053326609279343,0.3046853834032619,0.2767263968815068,0.33644477038142445,0.02307428114945534,288,0.0020147747314634415,0.0016520042208187423,0.000937106340569242,0.0036641103415451745,0.0013250114086156611,288,201.1087984493396,186.5246782969973,83.29321233411298,324.98508382920926,100.3130291885539,288,201.11366372833888,186.59413841545881,83.26222099606413,324.9181990204607,100.31009488074562,288,0.0,0.0,0.0,0.0,0.0,288,0.0,0.0,0.0,0.0,0.0
conv3,ours,0,ConvWeight_0,0.0003,288,36,288,0.0038046204179583293,-0.002471718042991714,-0.10491589911955532,0.1182120151092726,0.08948671243316528,288,0.9159666548189576,0.9137467869578884,0.8300062877399158,1.0090494857021908,0.06919422902434401,288,0.002016942263441309,0.0016541223049929676,0.0009472775582236369,0.0036616564718771442,0.0013255696018205495,288,602.5809564187135,558.5890830108907,250.2513563293614,964.4883151944438,300.7557671207192,288,602.5836607316568,558.5167991375658,250.2164700312197,964.4196980453671,300.75396449487056,288,0.0,0.0,0.0,0.0,0.0,288,0.0,0.0,0.0,0.0,0.0,288,0.0037662437200888846,-0.0018330097652443126,-0.10514445589739942,0.11852851114132687,0.08948024587922804,288,0.9159666548189576,0.9137467869578884,0.8300062877399158,1.0090494857021908,0.06919422902434401,288,0.0020147747314634415,0.0016520042208187423,0.000937106340569242,0.0036641103415451745,0.0013250114086156611,288,603.32639591566,559.5740295027272,249.87963831488355,974.9552764720631,300.9390880254168,288,603.3290630826955,559.6417460947889,249.8447792043674,974.8873709596775,300.93724150304206,288,0.0,0.0,0.0,0.0,0.0,288,0.0,0.0,0.0,0.0,0.0
conv3,ours,0,ConvWeight_0,0.0005,288,36,288,0.0029253886475072008,-0.00330517436183386,-0.10603000356689155,0.11762473471481542,0.08948779602241809,288,1.5266057371407447,1.5228140233240148,1.3833101233227376,1.6816579892649701,0.11531398859207537,288,0.002016942263441309,0.0016541223049929676,0.0009472775582236369,0.0036616564718771442,0.0013255696018205495,288,1004.3016075972644,930.9811614424027,417.0852553989405,1607.4796058845093,501.25963361883305,288,1004.3038728010748,930.9085272043798,417.04959467715486,1607.4107869784884,501.2580482168856,288,0.0,0.0,0.0,0.0,0.0,288,0.0,0.0,0.0,0.0,0.0,288,0.00288698009355564,-0.0026664833487667853,-0.10612515254490401,0.11794124498504589,0.08948117096327145,288,1.5266057371407447,1.5228140233240148,1.3833101233227376,1.6816579892649701,0.11531398859207537,288,0.0020147747314634415,0.0016520042208187423,0.000937106340569242,0.0036641103415451745,0.0013250114086156611,288,1005.543994144811,932.623373763063,416.4660660468135,1624.925502449055,501.5651474837639,288,1005.5462216785113,932.6907415499943,416.4304336344527,1624.8573928401552,501.56351851741846,288,0.0,0.0,0.0,0.0,0.0,288,0.0,0.0,0.0,0.0,0.0
conv3,ours,1,ConvWeight_1,0,36,36,36,0.9999452878154078,0.999981409352136,0.9997996156244816,0.9999987678207075,7.507934102586026e-05,36,0.009632120097876735,0.009123527587862043,0.00631938456008709,0.013507335410233221,0.003454842516633862,36,0.009632718693172395,0.009111920714433647,0.00631653567550647,0.013504118941189502,0.0034569323682760774,36,0.008162173528170641,0.0061089131056846265,0.0015843256101689585,0.020236838266591436,0.006815333633036781,36,0.9999497110614232,0.9999833464818146,0.998531492340999,1.0016989231824962,0.0015675154862917087,36,0.0,0.0,0.0,0.0,0.0,36,0.0,0.0,0.0,0.0,0.0,36,1.0,1.0,0.9999999999999998,1.0,1.1568259067378855e-16,36,0.009632120097876735,0.009123527587862043,0.00631938456008709,0.013507335410233221,0.003454842516633862,36,0.009632120097876735,0.009123527587862043,0.00631938456008709,0.013507335410233221,0.003454842516633862,36,0.0,0.0,0.0,0.0,0.0,36,1.0,1.0,1.0,1.0,0.0,36,0.0,0.0,0.0,0.0,0.0,36,0.0,0.0,0.0,0.0,0.0
conv3,ours,1,ConvWeight_1,1e-05,288,36,288,0.12460326261100844,0.11752852859597773,0.07153016464211927,0.18387611216764643,0.050930813896620505,288,0.07715278819206135,0.07678580562650578,0.07015062931975063,0.08454097294423515,0.005963690949702999,288,0.009632718693172396,0.009111920714433647,0.005921812730886241,0.013506322870470076,0.00341451441376224,288,8.822396532282061,8.649269540215215,5.626361307132092,12.261898005379793,2.8601427735782017,288,8.884653532571015,8.706282642272193,5.724969541591868,12.296767572031602,2.8380702392234163,288,0.0,0.0,0.0,0.0,0.0,288,0.0,0.0,0.0,0.0,0.0,288,0.12461162018982032,0.11748326908274886,0.0716583499152554,0.1840669361180062,0.050925763792526536,288,0.07715278819206135,0.07678580562650578,0.07015062931975063,0.08454097294423515,0.005963690949702999,288,0.009632120097876735,0.009123527587862043,0.0059260702917664715,0.013513378567860376,0.003412450205442618,288,8.822819391602833,8.64339409158195,5.624340970550389,12.263644376086024,2.8604984365593973,288,8.885090443821728,8.694461131808893,5.72303877325909,12.298513230840696,2.838423781830353,288,0.0,0.0,0.0,0.0,0.0,288,0.0,0.0,0.0,0.0,0.0
conv3,ours,1,ConvWeight_1,3e-05,288,36,288,0.04143627816593895,0.03948764186453013,0.009657251188203453,0.07307696913716948,0.026743980715384422,288,0.22963989655760203,0.22909654737237048,0.20708695111939496,0.25237555242628035,0.018056701375873487,288,0.009632718693172396,0.009111920714433647,0.005921812730886241,0.013506322870470076,0.00341451441376224,288,26.46717065015186,25.947932441936835,16.878832721731477,36.78571904709829,8.580428562022806,288,26.487497085207384,25.966537445988216,16.918979749636303,36.793464987174445,8.571956696554903,288,0.0,0.0,0.0,0.0,0.0,288,0.0,0.0,0.0,0.0,0.0,288,0.04143980088832047,0.03953436487405233,0.00967191921145322,0.07303984470838465,0.026737568908033152,288,0.22963989655760203,0.22909654737237048,0.20708695111939496,0.25237555242628035,0.018056701375873487,288,0.009632120097876735,0.009123527587862043,0.0059260702917664715,0.013513378567860376,0.003412450205442618,288,26.46845824477177,25.930182113435492,16.873022894120332,36.79093417957368,8.581495373113045,288,26.48879013425091,25.948714680025482,16.913271967321904,36.79867493924144,8.573028243563042,288,0.0,0.0,0.0,0.0,0.0,288,0.0,0.0,0.0,0.0,0.0
conv3,ours,1,ConvWeight_1,0.0001,288,36,288,0.011882556212929357,0.012315079474000169,-0.015422324854784654,0.037979727386368345,0.021336991028788114,288,0.764774323936762,0.7629835628397246,0.6897555045492433,0.8409402347469116,0.06029917180399986,288,0.009632718693172396,0.009111920714433647,0.005921812730886241,0.013506322870470076,0.00341451441376224,288,88.22389639909478,86.49325726329269,56.26250609741192,122.61910567017581,28.6014223638191,288,88.22943421956339,86.49836260172408,56.281949960527186,122.61734207667767,28.5978298999421,288,0.0,0.0,0.0,0.0,0.0,288,0.0,0.0,0.0,0.0,0.0,288,0.01188437306332135,0.01234352246280563,-0.01542086343898981,0.03792634824209891,0.021331976312355932,288,0.764774323936762,0.7629835628397246,0.6897555045492433,0.8409402347469116,0.06029917180399986,288,0.009632120097876735,0.009123527587862043,0.0059260702917664715,0.013513378567860376,0.003412450205442618,288,88.22819496572248,86.43393849340868,56.24340944002492,122.63645954960496,28.60498531781435,288,88.23373518505205,86.43898000013016,56.26295979418916,122.63468920485185,28.601400082055804,288,0.0,0.0,0.0,0.0,0.0,288,0.0,0.0,0.0,0.0,0.0
conv3,ours,1,ConvWeight_1,0.0003,288,36,288,0.0034241021394454544,0.004165995915284083,-0.02278835271040614,0.028159192278133637,0.020594626620785428,288,2.2941428457570248,2.28853578875058,2.069148797929494,2.5227484426184974,0.1809438371017032,288,0.009632718693172396,0.009111920714433647,0.005921812730886241,0.013506322870470076,0.00341451441376224,288,264.67169500661,259.47988688770135,168.78729228117217,367.85744842338795,85.80426543406458,288,264.67300382881086,259.48113339549,168.8008109963594,367.85296758144517,85.80207128808293,288,0.0,0.0,0.0,0.0,0.0,288,0.0,0.0,0.0,0.0,0.0,288,0.003425431869485042,0.004146707165263318,-0.022635534802806778,0.028060289802860346,0.02059046661113328,288,2.2941428457570248,2.28853578875058,2.069148797929494,2.5227484426184974,0.1809438371017032,288,0.009632120097876735,0.009123527587862043,0.0059260702917664715,0.013513378567860376,0.003412450205442618,288,264.68459190818965,259.3017993427978,168.73022654999363,367.90948396888604,85.81496230611354,288,264.6859022543222,259.30298447775135,168.7438530297897,367.9049959266006,85.81277610416014,288,0.0,0.0,0.0,0.0,0.0,288,0.0,0.0,0.0,0.0,0.0
conv3,ours,1,ConvWeight_1,0.0005,288,36,288,0.0017321304337578817,0.002669705173750013,-0.024791537367114393,0.0265029177578244,0.020500017922430273,288,3.8235481952169272,3.8141021468382315,3.4486460277309474,4.2046104986601724,0.3015840690440385,288,0.009632718693172396,0.009111920714433647,0.005921812730886241,0.013506322870470076,0.00341451441376224,288,441.1195033655243,432.46649516803143,281.3120766558511,613.0959315694163,143.0071167326053,288,441.1199663081195,432.46696981335253,281.324409991517,613.0909072926607,143.00520234853133,288,0.0,0.0,0.0,0.0,0.0,288,0.0,0.0,0.0,0.0,0.0,288,0.001733362712336676,0.0026593227946213865,-0.024638771903286713,0.026219787965629522,0.02049605383256289,288,3.8235481952169272,3.8141021468382315,3.4486460277309474,4.2046104986601724,0.3015840690440385,288,0.009632120097876735,0.009123527587862043,0.0059260702917664715,0.013513378567860376,0.003412450205442618,288,441.14099822934037,432.16963871407256,281.21704131771975,613.1826488550145,143.02494777340019,288,441.14146252075756,432.17005247798045,281.22948267313905,613.1776172882546,143.0230414766339,288,0.0,0.0,0.0,0.0,0.0,288,0.0,0.0,0.0,0.0,0.0
conv3,ours,2,ConvWeight_2,0,36,36,36,0.9998297407772063,0.9999470872775607,0.9994364593092293,0.9999955169526304,0.00023614772022177951,36,0.03946602192853734,0.03652679746238399,0.02899636625788883,0.05417434561787121,0.0112940961529078,36,0.0394710022912944,0.036547397322958905,0.028996814325624093,0.05415200490687466,0.01129705891918989,36,0.014304021590443635,0.010277184511489755,0.002967024679390577,0.033576406749602564,0.011832567862857237,36,0.9998782835662282,0.9999547627267303,0.9992095664137199,1.0002909109943412,0.0005783824658047588,36,0.00033399793836805556,0.0,0.0,0.0010986328125,0.0004353250311507933,36,0.00033399793836805556,0.0,0.0,0.0010986328125,0.0004353250311507933,36,1.0,1.0,0.9999999999999998,1.0000000000000002,1.4895204919483638e-16,36,0.03946602192853734,0.03652679746238399,0.02899636625788883,0.05417434561787121,0.0112940961529078,36,0.03946602192853734,0.03652679746238399,0.02899636625788883,0.05417434561787121,0.0112940961529078,36,0.0,0.0,0.0,0.0,0.0,36,1.0,1.0,1.0,1.0,0.0,36,0.00033399793836805556,0.0,0.0,0.0010986328125,0.0004353250311507933,36,0.00033399793836805556,0.0,0.0,0.0010986328125,0.0004353250311507933
conv3,ours,2,ConvWeight_2,1e-05,288,36,288,0.9915048328087843,0.99240080639096,0.9856451667749307,0.9965596085929739,0.004877758522387324,288,0.03974727634256142,0.036776855897178065,0.02928132086965156,0.05507264294371767,0.011075634196849073,288,0.0394710022912944,0.036547397322958905,0.02898633525680283,0.054931553498881194,0.011158439449578077,288,0.12634755185964044,0.12407311520485137,0.08321542895537036,0.17169112101645478,0.03624469348538944,288,1.008151780848364,1.0072325852930426,1.0027639995923188,1.0158364465353718,0.0053112070359057195,288,0.0,0.0,0.0,0.0,0.0,288,0.00033399793836805556,0.0,0.0,0.0010986328125,0.0004299834174300431,288,0.9916726643752214,0.9925286211878352,0.9856898626212294,0.996794652511275,0.004935095355809203,288,0.03974727634256142,0.036776855897178065,0.02928132086965156,0.05507264294371767,0.011075634196849073,288,0.03946602192853735,0.03652679746238399,0.02899536451147804,0.054932403619267725,0.011155513037633302,288,0.12478044857434768,0.1230330130043564,0.080229183628304,0.1712661858360427,0.03705777883357412,288,1.0082744949216815,1.0072489361138932,1.0028438360929932,1.0156654263066283,0.005278447125335743,288,0.0,0.0,0.0,0.0,0.0,288,0.00033399793836805556,0.0,0.0,0.0010986328125,0.0004299834174300431
conv3,ours,2,ConvWeight_2,3e-05,288,36,288,0.933374296716861,0.9381728002578744,0.8903325742919131,0.9721657378371696,0.03481446266236164,288,0.04193917145007958,0.038913154783067755,0.03164622767686392,0.056334903498517906,0.010522708695071027,288,0.0394710022912944,0.036547397322958905,0.02898633525680283,0.054931553498881194,0.011158439449578077,288,0.37483025597786346,0.3692493523439579,0.24071370666500147,0.5139840738888065,0.1108667293485633,288,1.0721564464928761,1.0650949835865913,1.0273860594142568,1.1293348953543472,0.04215149183676554,288,0.0,0.0,0.0,0.0,0.0,288,0.00033399793836805556,0.0,0.0,0.0010986328125,0.0004299834174300431,288,0.9335317086018746,0.9384223793471596,0.8903449012666281,0.9721700067254312,0.034876536907832,288,0.04193917145007958,0.038913154783067755,0.03164622767686392,0.056334903498517906,0.010522708695071027,288,0.03946602192853735,0.03652679746238399,0.02899536451147804,0.054932403619267725,0.011155513037633302,288,0.37434134307596106,0.3690990968375313,0.2406875890064426,0.5137987312539471,0.11117331952412324,288,1.0722864704465,1.0656300138660215,1.027213953582064,1.1292481530036542,0.04213763387135826,288,0.0,0.0,0.0,0.0,0.0,288,0.00033399793836805556,0.0,0.0,0.0010986328125,0.0004299834174300431
conv3,ours,2,ConvWeight_2,0.0001,288,36,288,0.6372325981326135,0.6294202373178814,0.5116188544693815,0.7793597742880518,0.10729170344479586,288,0.06094801461742663,0.059361365354650066,0.05251072666685221,0.07194150806889596,0.008010191453915723,288,0.0394710022912944,0.036547397322958905,0.02898633525680283,0.054931553498881194,0.011158439449578077,288,1.247811639966525,1.2303511566727092,0.802320793570734,1.7131097866401352,0.37046739997863987,288,1.6141337909901003,1.5902845683886717,1.2773620739617115,1.9941075900884124,0.29185396877204145,288,0.0,0.0,0.0,0.0,0.0,288,0.00033399793836805556,0.0,0.0,0.0010986328125,0.0004299834174300431,288,0.6373395933673129,0.6294344701020573,0.511672368117149,0.7797919843859681,0.10734896685430412,288,0.06094801461742663,0.059361365354650066,0.05251072666685221,0.07194150806889596,0.008010191453915723,288,0.03946602192853735,0.03652679746238399,0.02899536451147804,0.054932403619267725,0.011155513037633302,288,1.2478044464686942,1.2303309978520482,0.8022924084822981,1.712664465060033,0.37057753377714725,288,1.6143262834722816,1.5901117960050373,1.2771519748290416,1.9935998021027606,0.291854026011955,288,0.0,0.0,0.0,0.0,0.0,288,0.00033399793836805556,0.0,0.0,0.0010986328125,0.0004299834174300431
conv3,ours,2,ConvWeight_2,0.0003,288,36,288,0.2762949953542061,0.26108580010556953,0.1952495995954837,0.3832723183278205,0.07814761114408333,288,0.14287489262841654,0.14126590734733308,0.12764850869409047,0.15910977535803314,0.013147157796712234,288,0.0394710022912944,0.036547397322958905,0.02898633525680283,0.054931553498881194,0.011158439449578077,288,3.743018886285478,3.691012527602446,2.4069584543273446,5.139315532855526,1.1116514568953926,288,3.883978586208804,3.8304857204818346,2.6035492387457593,5.247555165128293,1.0728773354531722,288,0.0,0.0,0.0,0.0,0.0,288,0.00033399793836805556,0.0,0.0,0.0010986328125,0.0004299834174300431,288,0.2763370716528514,0.26105040899428056,0.19524145689452263,0.3833689423640222,0.07818384201979488,288,0.14287489262841654,0.14126590734733308,0.12764850869409047,0.15910977535803314,0.013147157796712234,288,0.03946602192853735,0.03652679746238399,0.02899536451147804,0.054932403619267725,0.011155513037633302,288,3.743413089554358,3.6909987922730405,2.4068810503712816,5.138010786449417,1.1117309067864547,288,3.884435909352902,3.8304325043824194,2.6034852182357318,5.2462190734667455,1.0729153192911884,288,0.0,0.0,0.0,0.0,0.0,288,0.00033399793836805556,0.0,0.0,0.0010986328125,0.0004299834174300431
conv3,ours,2,ConvWeight_2,0.0005,288,36,288,0.1706610381510871,0.16037830609341971,0.11551720007301435,0.2434581133668847,0.05225396002703496,288,0.23176550651495342,0.22926678210944024,0.20453208739235423,0.2600739320740199,0.022270111400810394,288,0.0394710022912944,0.036547397322958905,0.02898633525680283,0.054931553498881194,0.011158439449578077,288,6.238312838341942,6.151669966239163,4.011605020273344,8.56555487125137,1.8527852782854146,288,6.323755421573935,6.239023912108834,4.133726466545883,8.635713865175394,1.8286724067408293,288,0.0,0.0,0.0,0.0,0.0,288,0.00033399793836805556,0.0,0.0,0.0010986328125,0.0004299834174300431,288,0.17068361330215817,0.16039338675868123,0.11528925116525239,0.24357615307905167,0.05228184525151773,288,0.23176550651495342,0.22926678210944024,0.20453208739235423,0.2600739320740199,0.022270111400810394,288,0.03946602192853735,0.03652679746238399,0.02899536451147804,0.054932403619267725,0.011155513037633302,288,6.239021427055039,6.1516743490776395,4.011474815738328,8.56338032655146,1.8528820261831658,288,6.324498359440046,6.2389372482811005,4.133588009142724,8.633515100648099,1.8287429104687687,288,0.0,0.0,0.0,0.0,0.0,288,0.00033399793836805556,0.0,0.0,0.0010986328125,0.0004299834174300431
conv3,ours,3,DenseWeight_0,0,36,36,36,0.9999999990643177,0.9999999998053946,0.9999999969013706,0.9999999999761922,1.4774508562531613e-09,36,0.07601023520335791,0.07300252822520391,0.052497563841601015,0.10087148621396405,0.018833934619360282,36,0.07601003952245401,0.07300254305450009,0.05249801181671174,0.10087144338484888,0.018833831978232383,36,3.2595119716423876e-05,1.9680844920583566e-05,6.901881501344995e-06,7.934998883881542e-05,3.0148091763396462e-05,36,1.0000022107087458,1.0000001013838957,0.9999972439806907,1.0000133077210074,8.4750564128251e-06,36,0.0,0.0,0.0,0.0,0.0,36,0.0,0.0,0.0,0.0,0.0,36,1.0,1.0,0.9999999999999998,1.0,1.3532495129365696e-16,36,0.07601023520335791,0.07300252822520391,0.052497563841601015,0.10087148621396405,0.018833934619360282,36,0.07601023520335791,0.07300252822520391,0.052497563841601015,0.10087148621396405,0.018833934619360282,36,0.0,0.0,0.0,0.0,0.0,36,1.0,1.0,1.0,1.0,0.0,36,0.0,0.0,0.0,0.0,0.0,36,0.0,0.0,0.0,0.0,0.0
conv3,ours,3,DenseWeight_0,1e-05,288,36,288,0.9999999408645345,0.9999999483835984,0.9999998971499736,0.9999999728518875,2.8442567156208032e-08,288,0.07601025136392153,0.07300271457716355,0.05224467711176887,0.1048016632673582,0.01860279527792408,288,0.07601003952245401,0.07300254305450009,0.05224557533422317,0.10480107358172626,0.018602733263225615,288,0.00033506079629837954,0.0003213516673148915,0.00023317510695248646,0.00045386570566739227,7.846671614706411e-05,288,1.000002582194634,1.00000229095695,0.999988788069702,1.0000164180233104,1.1134770045358645e-05,288,0.0,0.0,0.0,0.0,0.0,288,0.0,0.0,0.0,0.0,0.0,288,0.9999999417932214,0.9999999491243122,0.9999998986798009,0.9999999728971758,2.8868393754789637e-08,288,0.07601025136392153,0.07300271457716355,0.05224467711176887,0.1048016632673582,0.01860279527792408,288,0.07601023520335792,0.07300252822520391,0.0522447095023708,0.10480115574545347,0.01860283464490547,288,0.0003316619571291117,0.0003190900533656876,0.00023295349855216848,0.0004502676983427873,8.056093478869461e-05,288,1.0000003714849066,1.0000000370398918,0.9999911779443377,1.0000095755924179,7.320325624692669e-06,288,0.0,0.0,0.0,0.0,0.0,288,0.0,0.0,0.0,0.0,0.0
conv3,ours,3,DenseWeight_0,3e-05,288,36,288,0.9999994752261434,0.9999995421291973,0.9999990878651083,0.9999997560601236,2.593776973448573e-07,288,0.07601030736716506,0.07300311000170157,0.05224464427966274,0.10480269485645125,0.01860271111786097,288,0.07601003952245401,0.07300254305450009,0.05224557533422317,0.10480107358172626,0.018602733263225615,288,0.0009961248015938186,0.000957270358352502,0.0006989187450454797,0.0013510269643150468,0.00024094311391887423,288,1.000003674398988,1.0000044401636428,0.9999739746828742,1.000032621093273,2.3523687089485298e-05,288,0.0,0.0,0.0,0.0,0.0,288,0.0,0.0,0.0,0.0,0.0,288,0.9999994761408391,0.9999995421266777,0.9999990881491911,0.9999997560821883,2.5981245644224237e-07,288,0.07601030736716506,0.07300311000170157,0.05224464427966274,0.10480269485645125,0.01860271111786097,288,0.07601023520335792,0.07300252822520391,0.0522447095023708,0.10480115574545347,0.01860283464490547,288,0.0009949858775233791,0.0009572694688792156,0.0006988603799291279,0.0013508032206775344,0.00024168286566712423,288,1.0000014636869134,1.0000005723906529,0.9999739433474177,1.0000291515191413,2.197958736270768e-05,288,0.0,0.0,0.0,0.0,0.0,288,0.0,0.0,0.0,0.0,0.0
conv3,ours,3,DenseWeight_0,0.0001,288,36,288,0.9999941785883265,0.9999949130327,0.9999898700494974,0.9999972901639675,2.886277729206238e-06,288,0.0760107520384305,0.07300473254612042,0.052244864833049694,0.10480647913456907,0.018602359586370316,288,0.07601003952245401,0.07300254305450009,0.05224557533422317,0.10480107358172626,0.018602733263225615,288,0.0033169460984442596,0.0031908367418817377,0.002329535641419775,0.004502561015050577,0.000805414164572872,288,1.0000111640139377,1.0000111238605038,0.9999184290727852,1.000101941607241,7.393543306699248e-05,288,0.0,0.0,0.0,0.0,0.0,288,0.0,0.0,0.0,0.0,0.0,288,0.9999941794540536,0.9999949128488207,0.9999898696257776,0.9999972901047739,2.8866442551213004e-06,288,0.0760107520384305,0.07300473254612042,0.052244864833049694,0.10480647913456907,0.018602359586370316,288,0.07601023520335792,0.07300252822520391,0.0522447095023708,0.10480115574545347,0.01860283464490547,288,0.00331661972007014,0.0031908902197087174,0.0023295332877346225,0.004502678945181735,0.0008056102808884775,288,1.000008953289611,1.0000071413150198,0.9999183785277439,1.000102126618184,7.351743291116837e-05,288,0.0,0.0,0.0,0.0,0.0,288,0.0,0.0,0.0,0.0,0.0
conv3,ours,3,DenseWeight_0,0.0003,288,36,288,0.9999476202789991,0.9999542266985175,0.9999088699805053,0.9999756195430105,2.5972358195163395e-05,288,0.07601415378172849,0.07301141293206317,0.052248370286077504,0.10481878010994508,0.018600866994277217,288,0.07601003952245401,0.07300254305450009,0.05224557533422317,0.10480107358172626,0.018602733263225615,288,0.009949965225779091,0.009572535958604972,0.0069885792540032654,0.013507792755491946,0.002416786090301111,288,1.0000639914556646,1.000060215608473,0.9997877620422426,1.0003642381070916,0.00022352562925567144,288,0.0,0.0,0.0,0.0,0.0,288,0.0,0.0,0.0,0.0,0.0,288,0.9999476210048205,0.9999542259968333,0.9999088675341755,0.9999756192518523,2.597252107166819e-05,288,0.07601415378172849,0.07301141293206317,0.052248370286077504,0.10481878010994508,0.018600866994277217,288,0.07601023520335792,0.07300252822520391,0.0522447095023708,0.10480115574545347,0.01860283464490547,288,0.009949861719122257,0.009572603399656914,0.006988589597483782,0.01350805204109917,0.0024168374351424857,288,1.000061780661727,1.0000602869123303,0.9997838689681657,1.000351611452361,0.00022359924190621636,288,0.0,0.0,0.0,0.0,0.0,288,0.0,0.0,0.0,0.0,0.0
conv3,ours,3,DenseWeight_0,0.0005,288,36,288,0.9998545312020887,0.9998728876555061,0.9997470028825508,0.9999323014623142,7.211280621680853e-05,288,0.07602071242542324,0.07302112151476131,0.05225613466046881,0.10483328599290667,0.01859865153480584,288,0.07601003952245401,0.07300254305450009,0.05224557533422317,0.10480107358172626,0.018602733263225615,288,0.016583178616646117,0.015954161510935986,0.011647624696444038,0.022513123880766067,0.004028040431495339,288,1.000163371014524,1.0001706491662095,0.999690252491265,1.0006540561164372,0.00037955062599880654,288,0.0,0.0,0.0,0.0,0.0,288,0.0,0.0,0.0,0.0,0.0,288,0.9998545317880149,0.9998728864366068,0.9997469984135287,0.9999323009395017,7.211276532491893e-05,288,0.07602071242542324,0.07302112151476131,0.05225613466046881,0.10483328599290667,0.01859865153480584,288,0.07601023520335792,0.07300252822520391,0.0522447095023708,0.10480115574545347,0.01860283464490547,288,0.01658311073247081,0.015954230349046764,0.011647634639970992,0.02251345030118531,0.004028074235606182,288,1.000161160099714,1.0001665140491336,0.999685014531082,1.0006471767425458,0.00037985481765756394,288,0.0,0.0,0.0,0.0,0.0,288,0.0,0.0,0.0,0.0,0.0
conv3,legacy,0,ConvWeight_0,0,36,36,36,0.9999998993872343,0.9999999541482079,0.999999830680247,0.9999999939845066,2.09140326786265e-07,36,0.011097750505151235,0.007676141402301722,0.004290471748023281,0.0205820766223989,0.009502424255431558,36,0.011097645297103498,0.007676083120418195,0.0042904444798315886,0.02058205293810949,0.009502490143444184,36,0.00036076436120720555,0.00030001741341271863,0.00010964124175798798,0.0005819995390877519,0.00029332228617575095,36,1.000020385731234,1.0000024175843678,0.9999923467345502,1.0000137251759553,0.0001116097319795915,36,0.00016878858024691357,0.0,0.0,0.0008680555555555555,0.00040553523624232355,36,0.0,0.0,0.0,0.0,0.0,36,1.0,1.0,0.9999999999999999,1.0000000000000002,1.2448085020131129e-16,36,0.011097750505151235,0.007676141402301722,0.004290471748023281,0.0205820766223989,0.009502424255431558,36,0.011097750505151235,0.007676141402301722,0.004290471748023281,0.0205820766223989,0.009502424255431558,36,0.0,0.0,0.0,0.0,0.0,36,1.0,1.0,1.0,1.0,0.0,36,0.00016878858024691357,0.0,0.0,0.0008680555555555555,0.00040553523624232355,36,0.00016878858024691357,0.0,0.0,0.0008680555555555555,0.00040553523624232355
conv3,legacy,0,ConvWeight_0,1e-05,288,36,288,0.0034285392416812787,0.006369492870103495,-0.12072509458350761,0.1226446965302749,0.09241209236533779,288,92.62623653813517,92.28659539597884,83.9846887655597,102.04351062714161,7.067255606192028,288,0.0110976452971035,0.007676083120418195,0.0042267601899881315,0.021969784401322395,0.009385890756550825,288,12560.107113426768,11449.025691088706,4296.851532992356,22114.234896054877,6936.998908862719,288,12560.110482168791,11449.114704255422,4296.92957009632,22114.238772298435,6936.99231604298,288,0.0,0.0,0.0,0.0,0.0,288,0.0,0.0,0.0,0.0,0.0,288,0.0034298448849483165,0.006378928964319948,-0.12072831929044824,0.12265738469132524,0.09241320665449866,288,92.62623653813517,92.28659539597884,83.9846887655597,102.04351062714161,7.067255606192028,288,0.011097750505151237,0.007676141402301722,0.004226785317451855,0.021969803257146762,0.009385825677010691,288,12559.734950643631,11449.042549539268,4296.845958861796,22114.208538775496,6936.661582671482,288,12559.738320690733,11449.131565725265,4296.9239950574565,22114.212428606672,6936.654989804932,288,0.0,0.0,0.0,0.0,0.0,288,0.00016878858024691357,0.0,0.0,0.0008680555555555555,0.0004005591553208263
conv3,legacy,0,ConvWeight_0,3e-05,288,36,288,0.0033488088884922663,0.006266132548909519,-0.12082305919545958,0.12257622092578235,0.09240862811680174,288,277.8785357493983,276.8594501496106,251.9544078443451,306.1312853231381,21.201713057736328,288,0.0110976452971035,0.007676083120418195,0.0042267601899881315,0.021969784401322395,0.009385890756550825,288,37680.321341320494,34347.07707277917,12890.554613087184,66342.70448360432,20810.99673231856,288,37680.32467019692,34347.16605731201,12890.632573369468,66342.70834478096,20810.990163712584,288,0.0,0.0,0.0,0.0,0.0,288,0.0,0.0,0.0,0.0,0.0,288,0.003350114539887734,0.006275568648058748,-0.1208262838692361,0.12258890917984708,0.0924097430692291,288,277.8785357493983,276.8594501496106,251.9544078443451,306.1312853231381,21.201713057736328,288,0.011097750505151237,0.007676141402301722,0.004226785317451855,0.021969803257146762,0.009385825677010691,288,37679.2048561546,34347.127656379365,12890.537889046827,66342.62543920972,20809.984756226935,288,37679.208186336495,34347.216643931446,12890.61584842091,66342.629313974,20809.978187574452,288,0.0,0.0,0.0,0.0,0.0,288,0.00016878858024691357,0.0,0.0,0.0008680555555555555,0.0004005591553208263
conv3,legacy,0,ConvWeight_0,0.0001,288,36,288,0.0033209030377625032,0.006229964520184157,-0.12085735701034948,0.12255226120139434,0.09240742755114197,288,926.2615855692335,922.8644314812882,839.848423569904,1020.438497584027,70.67231395361874,288,0.0110976452971035,0.007676083120418195,0.0042267601899881315,0.021969784401322395,0.009385890756550825,288,125601.07120261487,114490.25700642445,42968.51547514546,221142.3454010357,69369.98922494627,288,125601.07451753813,114490.3459809314,42968.593408546396,221142.34925694298,69369.98266481496,288,0.0,0.0,0.0,0.0,0.0,288,0.0,0.0,0.0,0.0,0.0,288,0.0033222086919526424,0.0062394006164533874,-0.12086058167607869,0.12256494949318825,0.0924085427356429,288,926.2615855692335,922.8644314812882,839.848423569904,1020.438497584027,70.67231395361874,288,0.011097750505151237,0.007676141402301722,0.004226785317451855,0.021969803257146762,0.009385825677010691,288,125597.34958911216,114490.42562805091,42968.45972642075,221142.08195174145,69366.61597422189,288,125597.35290534106,114490.51460557709,42968.53765891351,221142.0858212364,69366.60941404416,288,0.0,0.0,0.0,0.0,0.0,288,0.00016878858024691357,0.0,0.0,0.0008680555555555555,0.0004005591553208263
conv3,legacy,0,ConvWeight_0,0.0003,288,36,288,0.0033129295045633,0.006219654383659862,-0.12086718833061261,0.12254543572158369,0.09240708790204161,288,2778.7845872955577,2768.5928548240176,2519.5455887348007,3061.3162516872358,212.0168862591924,288,0.0110976452971035,0.007676083120418195,0.0042267601899881315,0.021969784401322395,0.009385890756550825,288,376803.21416539117,343470.7720756973,128905.54739307254,663427.0119262378,208109.96863974698,288,376803.2174763274,343470.86104733066,128905.62531881144,663427.0157806509,208109.9620820366,288,0.0,0.0,0.0,0.0,0.0,288,0.0,0.0,0.0,0.0,0.0,288,0.0033142351593719623,0.006229090465735498,-0.12087041300421547,0.1225581240390398,0.09240820315299195,288,2778.7845872955577,2768.5928548240176,2519.5455887348007,3061.3162516872358,212.0168862591924,288,0.011097750505151237,0.007676141402301722,0.004226785317451855,0.021969803257146762,0.009385825677010691,288,376792.04932809557,343471.277948853,128905.38014524872,663426.2216058366,208099.84889023195,288,376792.05264033744,343471.36692350556,128905.45807007945,663426.2254738372,208099.84233247515,288,0.0,0.0,0.0,0.0,0.0,288,0.00016878858024691357,0.0,0.0,0.0008680555555555555,0.0004005591553208263
conv3,legacy,0,ConvWeight_0,0.0005,288,36,288,0.003311334407414387,0.0062176132624250265,-0.12086918311941615,0.12254408838932976,0.09240702208768894,288,4631.307591356997,4614.32113749487,4199.242720081968,5102.194012588243,353.36145603530906,288,0.0110976452971035,0.007676083120418195,0.0042267601899881315,0.021969784401322395,0.009385890756550825,288,628005.3578726253,572451.2885404959,214842.5805718342,1105711.6460492387,346849.94934472814,288,628005.3611827639,572451.3775115465,214842.658496057,1105711.6499033628,346849.94278750155,288,0.0,0.0,0.0,0.0,0.0,288,0.0,0.0,0.0,0.0,0.0,288,0.0033126400621904554,0.006227049329765219,-0.1208724078036017,0.12255677672512211,0.09240813735206853,288,4631.307591356997,4614.32113749487,4199.242720081968,5102.194012588243,353.36145603530906,288,0.011097750505151237,0.007676141402301722,0.004226785317451855,0.021969803257146762,0.009385825677010691,288,627986.7498115762,572452.131665218,214842.30182490993,1105710.3288577814,346833.08309665945,288,627986.7531230203,572452.220639288,214842.3797482246,1105710.3327254937,346833.0765393865,288,0.0,0.0,0.0,0.0,0.0,288,0.00016878858024691357,0.0,0.0,0.0008680555555555555,0.0004005591553208263
conv3,legacy,1,ConvWeight_1,0,36,36,36,0.9999999882453694,0.9999999999305776,0.9999999998324998,0.9999999999758928,7.005770718833799e-08,36,0.02810919176796164,0.025294520140488604,0.017476218362153004,0.04264042883680877,0.012964008975592663,36,0.028109196410329176,0.02529451900893276,0.017476217110381144,0.042640427863468805,0.012964005283506698,36,3.694989290001691e-05,1.1783218772777575e-05,6.940566412910415e-06,1.8302236763881997e-05,0.0001509267406179024,36,0.9999997606459858,0.9999999930637586,0.9999998574530393,1.0000001443606963,1.5467210814701658e-06,36,6.028163580246913e-06,0.0,0.0,1.3563368055555555e-05,8.23078513665364e-06,36,0.0,0.0,0.0,0.0,0.0,36,1.0,1.0,0.9999999999999999,1.0000000000000002,1.2865454600503746e-16,36,0.02810919176796164,0.025294520140488604,0.017476218362153004,0.04264042883680877,0.012964008975592663,36,0.02810919176796164,0.025294520140488604,0.017476218362153004,0.04264042883680877,0.012964008975592663,36,0.0,0.0,0.0,0.0,0.0,36,1.0,1.0,1.0,1.0,0.0,36,6.028163580246913e-06,0.0,0.0,1.3563368055555555e-05,8.23078513665364e-06,36,6.028163580246913e-06,0.0,0.0,1.3563368055555555e-05,8.23078513665364e-06
conv3,legacy,1,ConvWeight_1,1e-05,288,36,288,-0.0002744973671309564,-0.0009464197395521617,-0.03109945074147755,0.029192868429018467,0.025230457655986166,288,77.01573768992789,76.28116861491307,70.2934820215791,85.4845457713815,5.9335056322128095,288,0.028109196410329176,0.02529451900893276,0.01722671627665887,0.04452159865039282,0.01280493170964122,288,3150.5979545068158,3005.2715282265544,1889.819342818252,4548.50893823999,1076.9817305050392,288,3150.597497003919,3005.2771496584346,1889.8104132031253,4548.481174305722,1076.983359163966,288,0.0,0.0,0.0,0.0,0.0,288,0.0,0.0,0.0,0.0,0.0,288,-0.0002743109705887371,-0.0009463838081896552,-0.031099584186593015,0.029192956999007088,0.02523064297939876,288,77.01573768992789,76.28116861491307,70.2934820215791,85.4845457713815,5.9335056322128095,288,0.02810919176796164,0.025294520140488604,0.017226720629141427,0.04452159647856137,0.0128049353564238,288,3150.5988687700924,3005.271564929075,1889.8191519385962,4548.507788669667,1076.9822957772765,288,3150.5984114536245,3005.2771862897375,1889.8102222476114,4548.480025091927,1076.98392448062,288,0.0,0.0,0.0,0.0,0.0,288,6.028163580246913e-06,0.0,0.0,1.3563368055555555e-05,8.129790083136337e-06
conv3,legacy,1,ConvWeight_1,3e-05,288,36,288,-0.000518504469094125,-0.0011400603110509797,-0.03139335888612441,0.028927670597212254,0.025233227499771485,288,231.047251291852,228.84270226974593,210.8795435723113,256.4541481557875,17.80052840305645,288,0.028109196410329176,0.02529451900893276,0.01722671627665887,0.04452159865039282,0.01280493170964122,288,9451.793855992424,9015.814277835889,5669.458161718018,13645.526257788997,3230.9451736725605,288,9451.793276486145,9015.819788354971,5669.449055697585,13645.498420627402,3230.9468499003665,288,0.0,0.0,0.0,0.0,0.0,288,0.0,0.0,0.0,0.0,0.0,288,-0.0005183180736197416,-0.0011400243796931323,-0.03139350658658292,0.02892774566166703,0.025233413193709257,288,231.047251291852,228.84270226974593,210.8795435723113,256.4541481557875,17.80052840305645,288,0.02810919176796164,0.025294520140488604,0.017226720629141427,0.04452159647856137,0.0128049353564238,288,9451.796599152682,9015.814387800874,5669.457588925516,13645.522809777196,3230.9468695704995,288,9451.796019832806,9015.819898248737,5669.448482829242,13645.494972972148,3230.948545842712,288,0.0,0.0,0.0,0.0,0.0,288,6.028163580246913e-06,0.0,0.0,1.3563368055555555e-05,8.129790083136337e-06
conv3,legacy,1,ConvWeight_1,0.0001,288,36,288,-0.0006039061973232988,-0.0012116796569819049,-0.03149498278749144,0.02879389886643894,0.025234313785936324,288,770.1575611946905,762.8081016441893,702.9307932289552,854.847817425244,59.33511177566177,288,0.028109196410329176,0.02529451900893276,0.01722671627665887,0.04452159865039282,0.01280493170964122,288,31505.979436267167,30052.710674193615,18898.195428179817,45485.08104437203,10769.817039110627,288,31505.978814060436,30052.716145889288,18898.18626040345,45485.05318157016,10769.81873199007,288,0.0,0.0,0.0,0.0,0.0,288,0.0,0.0,0.0,0.0,0.0,288,-0.0006037198017264156,-0.001211692157019184,-0.031495130487576704,0.02879397393066141,0.02523449960885405,288,770.1575611946905,762.8081016441893,702.9307932289552,854.847817425244,59.33511177566177,288,0.02810919176796164,0.025294520140488604,0.017226720629141427,0.04452159647856137,0.0128049353564238,288,31505.98858056685,30052.711040577185,18898.19351869221,45485.06955181653,10769.82269219831,288,31505.987958546513,30052.716512201638,18898.184350840012,45485.04168937122,10769.824385122154,288,0.0,0.0,0.0,0.0,0.0,288,6.028163580246913e-06,0.0,0.0,1.3563368055555555e-05,8.129790083136337e-06
conv3,legacy,1,ConvWeight_1,0.0003,288,36,288,-0.0006283046465077389,-0.0012385137612736371,-0.03152405264510266,0.028755540958271854,0.02523463547228595,288,2310.4727298910466,2288.423701970254,2108.791696789539,2564.5443840605108,178.0053841213631,288,0.028109196410329176,0.02529451900893276,0.01722671627665887,0.04452159865039282,0.01280493170964122,288,94517.93759747631,90158.10129251404,56694.59962269569,136455.18758341155,32309.44934972387,288,94517.93696307148,90158.10675310632,56694.59043723392,136455.15971325294,32309.45104736816,288,0.0,0.0,0.0,0.0,0.0,288,0.0,0.0,0.0,0.0,0.0,288,-0.0006281182494536087,-0.0012385493622654822,-0.031524200345309124,0.02875561602162713,0.025234821332494963,288,2310.4727298910466,2288.423701970254,2108.791696789539,2564.5443840605108,178.0053841213631,288,0.02810919176796164,0.025294520140488604,0.017226720629141427,0.04452159647856137,0.0128049353564238,288,94517.96503074578,90158.10239152182,56694.593894078,136455.15310645814,32309.46630906614,288,94517.96439652734,90158.10785204286,56694.58470854041,136455.12523665605,32309.46800675483,288,0.0,0.0,0.0,0.0,0.0,288,6.028163580246913e-06,0.0,0.0,1.3563368055555555e-05,8.129790083136337e-06
conv3,legacy,1,ConvWeight_1,0.0005,288,36,288,-0.0006331825231100023,-0.0012441227064425968,-0.03152989739965229,0.028747747558360147,0.025234700579219102,288,3850.787889905624,3814.0395548921033,3514.6528774031785,4274.2414897431345,296.6757071621528,288,0.028109196410329176,0.02529451900893276,0.01722671627665887,0.04452159865039282,0.01280493170964122,288,157529.89481676157,150263.4509428576,94491.02160469531,227425.2200652101,53849.07930557836,288,157529.89417991895,150263.45640121936,94491.01241566015,227425.1921935526,53849.081004182044,288,0.0,0.0,0.0,0.0,0.0,288,0.0,0.0,0.0,0.0,0.0,288,-0.0006329961245001679,-0.0012441583076605723,-0.031530045100085745,0.02874782262083006,0.025234886447348136,288,3850.787889905624,3814.0395548921033,3514.6528774031785,4274.2414897431345,296.6757071621528,288,0.02810919176796164,0.025294520140488604,0.017226720629141427,0.04452159647856137,0.0128049353564238,288,157529.9405390009,150263.45277448904,94491.01205694576,227425.16260387743,53849.10757117253,288,157529.93990234466,150263.4582327796,94491.00286783474,227425.13473257647,53849.10926982062,288,0.0,0.0,0.0,0.0,0.0,288,6.028163580246913e-06,0.0,0.0,1.3563368055555555e-05,8.129790083136337e-06
conv3,legacy,2,ConvWeight_2,0,36,36,36,0.9999999811696889,0.9999999999999993,0.9999999999999983,0.9999999999999998,1.1287047172713146e-07,36,0.07794452264173425,0.07398975745295325,0.053535487200436285,0.10329618386205162,0.02594652621687289,36,0.0779446608644966,0.07398975745806084,0.05353548725219642,0.10329618380163444,0.025946462726644998,36,3.342878341790426e-05,3.413257712183479e-08,2.0774107240347474e-08,5.9124911705212795e-08,0.00019428081911754882,36,0.9999979173284598,0.9999999988617194,0.9999999895387013,1.0000000023709723,1.2499974553334562e-05,36,9.419005594135802e-08,0.0,0.0,0.0,5.65140335648148e-07,36,0.0,0.0,0.0,0.0,0.0,36,1.0,1.0,0.9999999999999999,1.0000000000000002,1.3001600768649978e-16,36,0.07794452264173425,0.07398975745295325,0.053535487200436285,0.10329618386205162,0.02594652621687289,36,0.07794452264173425,0.07398975745295325,0.053535487200436285,0.10329618386205162,0.02594652621687289,36,0.0,0.0,0.0,0.0,0.0,36,1.0,1.0,1.0,1.0,0.0,36,9.419005594135802e-08,0.0,0.0,0.0,5.65140335648148e-07,36,9.419005594135802e-08,0.0,0.0,0.0,5.65140335648148e-07
conv3,legacy,2,ConvWeight_2,1e-05,288,36,288,0.0425926567855214,0.03992668853632087,0.025810475666182928,0.06197386470065767,0.016145578313541183,288,1.8293323493199938,1.8223080973554375,1.657135949788268,2.0173633460187506,0.1369434100100459,288,0.07794466086449658,0.07398975745806084,0.052508441334850935,0.10747685481209997,0.025628089163472676,288,25.793225461384324,24.579126090584204,16.87018032118359,37.64315290488982,8.299944998805518,288,25.814322533871803,24.59889838521088,16.89590596589221,37.65819299126374,8.293601845907718,288,0.0,0.0,0.0,0.0,0.0,288,0.0,0.0,0.0,0.0,0.0,288,0.04259267215921439,0.039926691213524254,0.025810476491289952,0.061973864525998415,0.016145610213332568,288,1.8293323493199938,1.8223080973554375,1.657135949788268,2.0173633460187506,0.1369434100100459,288,0.07794452264173425,0.07398975745295325,0.05250844129944303,0.10747685500654797,0.02562815187464986,288,25.79328268877735,24.579126170991366,16.87018030499294,37.643152918720936,8.299957292300311,288,25.814379814658988,24.598898464406375,16.895905949864677,37.65819300778747,8.29361411759747,288,0.0,0.0,0.0,0.0,0.0,288,9.419005594135802e-08,0.0,0.0,0.0,5.58205835780159e-07
conv3,legacy,2,ConvWeight_2,3e-05,288,36,288,0.013929831565246742,0.01321498358014083,0.004466418400595892,0.02451906396385136,0.007943173390467052,288,5.483096741770096,5.455255545247052,4.964337826209314,6.048361069416881,0.41172701693799324,288,0.07794466086449658,0.07398975745806084,0.052508441334850935,0.10747685481209997,0.025628089163472676,288,77.37967603298438,73.73738632433822,50.61051723937649,112.92945569282254,24.89983377735614,288,77.38642822030346,73.74360510090514,50.61650342230653,112.9356433032354,24.897952333849496,288,0.0,0.0,0.0,0.0,0.0,288,0.0,0.0,0.0,0.0,0.0,288,0.013929846503569439,0.0132149797614519,0.004466418935464558,0.0245190643426742,0.007943246408576262,288,5.483096741770096,5.455255545247052,4.964337826209314,6.048361069416881,0.41172701693799324,288,0.07794452264173425,0.07398975745295325,0.05250844129944303,0.10747685500654797,0.02562815187464986,288,77.37984775839878,73.73738656301015,50.610517191178396,112.92945573968669,24.899870659818323,288,77.38659997333023,73.74360533832177,50.616503374290275,112.93564335278818,24.89798919829714,288,0.0,0.0,0.0,0.0,0.0,288,9.419005594135802e-08,0.0,0.0,0.0,5.58205835780159e-07
conv3,legacy,2,ConvWeight_2,0.0001,288,36,288,0.003880991756995361,0.0035652912816494207,-0.004169964139330612,0.012501752546967107,0.006423940108820931,288,18.275188960874196,18.18153564315712,16.54502276822819,20.159757131146854,1.372757178289431,288,0.07794466086449658,0.07398975745806084,0.052508441334850935,0.10747685481209997,0.025628089163472676,288,257.9322498216153,245.79138168670698,168.70144736638477,376.4314838138831,82.9994317291895,288,257.93397710917714,245.792854352299,168.70051834649053,376.43457218189985,82.99911601365359,288,0.0,0.0,0.0,0.0,0.0,288,0.0,0.0,0.0,0.0,0.0,288,0.003881006540689063,0.0035652903142520008,-0.004169964493223859,0.012501754727957509,0.00642403377348963,288,18.275188960874196,18.18153564315712,16.54502276822819,20.159757131146854,1.372757178289431,288,0.07794452264173425,0.07398975745295325,0.05250844129944303,0.10747685500654797,0.02562815187464986,288,257.9328222885754,245.79138247930587,168.70144720616105,376.43148397636327,82.99955467246002,288,257.93454959472297,245.79285514362735,168.70051818645518,376.4345723470672,82.99923894023793,288,0.0,0.0,0.0,0.0,0.0,288,9.419005594135802e-08,0.0,0.0,0.0,5.58205835780159e-07
conv3,legacy,2,ConvWeight_2,0.0003,288,36,288,0.001009399268579335,0.0008721518557722721,-0.006609770534413405,0.010042366139166372,0.00629296516520455,288,54.82514418371179,54.54375907190061,49.634227193737956,60.4787968695968,4.118349384146481,288,0.07794466086449658,0.07398975745806084,0.052508441334850935,0.10747685481209997,0.025628089163472676,288,773.796719303266,737.3749507085693,506.10197013783045,1129.2941507617547,248.99817365658197,288,773.797010790615,737.3750674334667,506.0990652357015,1129.2963534832272,248.99830542263672,288,0.0,0.0,0.0,0.0,0.0,288,0.0,0.0,0.0,0.0,0.0,288,0.0010094140075865383,0.0008721496706280926,-0.006609770064658771,0.010042367513574757,0.006293061744469921,288,54.82514418371179,54.54375907190061,49.634227193737956,60.4787968695968,4.118349384146481,288,0.07794452264173425,0.07398975745295325,0.05250844129944303,0.10747685500654797,0.02562815187464986,288,773.7984367449809,737.374953083819,506.1019696575369,1129.2941512545694,248.9985424852271,288,773.7987282483363,737.3750698074416,506.09906475559825,1129.2963539787286,248.99867423497497,288,0.0,0.0,0.0,0.0,0.0,288,9.419005594135802e-08,0.0,0.0,0.0,5.58205835780159e-07
conv3,legacy,2,ConvWeight_2,0.0005,288,36,288,0.0004350810941920484,0.00031370651255020103,-0.0071180739513649095,0.009531831495937898,0.006285891730539304,288,91.37519893616422,90.90613397731329,82.72356302608901,100.79781121885034,6.863925886143426,288,0.07794466086449658,0.07398975745806084,0.052508441334850935,0.10747685481209997,0.025628089163472676,288,1289.6611498653228,1228.9595951174292,843.4993310424537,1882.1564184493304,414.9967538580145,288,1289.6611541989264,1228.959440795946,843.4960309635446,1882.1584439387595,414.99697512610703,288,0.0,0.0,0.0,0.0,0.0,288,0.0,0.0,0.0,0.0,0.0,288,0.00043509582397528376,0.00031370540953225366,-0.007118073804435562,0.009531833349985247,0.0062859886084746155,288,91.37519893616422,90.90613397731329,82.72356302608901,100.79781121885034,6.863925886143426,288,0.07794452264173425,0.07398975745295325,0.05250844129944303,0.10747685500654797,0.02562815187464986,288,1289.664012280758,1228.9595990753337,843.4993302420954,1882.1564192724832,414.99736856822074,288,1289.6640166298519,1228.9594447525742,843.4960301633769,1882.1584447645994,414.99758982008217,288,0.0,0.0,0.0,0.0,0.0,288,9.419005594135802e-08,0.0,0.0,0.0,5.58205835780159e-07
conv3,legacy,3,DenseWeight_0,0,36,36,36,0.9999999999999996,1.0,0.9999999999999996,1.0000000000000002,1.202208747589172e-15,36,0.533647890715173,0.526918970341474,0.36733579128435256,0.7147429342865399,0.13899752099500837,36,0.5336478928813522,0.5269189721077705,0.3673357923579838,0.7147429352928266,0.1389975211726729,36,1.8752115797324933e-08,1.2022515139452244e-08,6.041993985042298e-09,2.8382194195924314e-08,2.3999240716224593e-08,36,0.999999995896601,0.9999999979663534,0.9999999920432643,1.0000000006853222,9.629415227288177e-09,36,0.0,0.0,0.0,0.0,0.0,36,0.0,0.0,0.0,0.0,0.0,36,1.0,1.0,0.9999999999999999,1.0000000000000002,1.3136335981433191e-16,36,0.533647890715173,0.526918970341474,0.36733579128435256,0.7147429342865399,0.13899752099500837,36,0.533647890715173,0.526918970341474,0.36733579128435256,0.7147429342865399,0.13899752099500837,36,0.0,0.0,0.0,0.0,0.0,36,1.0,1.0,1.0,1.0,0.0,36,0.0,0.0,0.0,0.0,0.0,36,0.0,0.0,0.0,0.0,0.0
conv3,legacy,3,DenseWeight_0,1e-05,288,36,288,0.9999936418647768,0.9999943724722478,0.9999882468358312,0.9999970499736756,3.0543862743503382e-06,288,0.5336516624561336,0.5269390047089456,0.3634396040130756,0.7215210888880057,0.13728917890117748,288,0.533647892881352,0.5269189721077705,0.36342269739634797,0.7215350170588891,0.137291965523177,288,0.0034663795833688804,0.0033549316226801603,0.002429370381656427,0.004851676865041884,0.0008417229533002434,288,1.00000879747237,1.0000110256074515,0.9999176138897962,1.0001014682332185,7.305912254355911e-05,288,0.0,0.0,0.0,0.0,0.0,288,0.0,0.0,0.0,0.0,0.0,288,0.9999936418647893,0.9999943724717599,0.999988246834997,0.9999970499738499,3.054386123466807e-06,288,0.5336516624561336,0.5269390047089456,0.3634396040130756,0.7215210888880057,0.13728917890117748,288,0.5336478907151732,0.526918970341474,0.36342269637500096,0.7215350160379073,0.13729196534769247,288,0.0034663796051384223,0.0033549317310619304,0.002429370318928334,0.004851677140536575,0.00084172292015963,288,1.0000088015758044,1.0000110265019373,0.9999176150125235,1.0001014828166357,7.305911398699372e-05,288,0.0,0.0,0.0,0.0,0.0,288,0.0,0.0,0.0,0.0,0.0
conv3,legacy,3,DenseWeight_0,3e-05,288,36,288,0.9999427831998625,0.999949348951124,0.9998943020747446,0.999973447174707,2.7482410860538004e-05,288,0.5336773146142035,0.52699705173001,0.3634988939163225,0.7215052949395082,0.13727944991602106,288,0.533647892881352,0.5269189721077705,0.36342269739634797,0.7215350170588891,0.137291965523177,288,0.010399138756319043,0.010064794912366521,0.007288108695213622,0.014555029117929441,0.002525168878320452,288,1.000064547527388,1.000053463231358,0.9997901649978542,1.0003502633217245,0.0002218187469103915,288,0.0,0.0,0.0,0.0,0.0,288,0.0,0.0,0.0,0.0,0.0,288,0.9999427831998998,0.9999493489496606,0.9998943020722435,0.9999734471752305,2.7482410408150615e-05,288,0.5336773146142035,0.52699705173001,0.3634988939163225,0.7215052949395082,0.13727944991602106,288,0.5336478907151732,0.526918970341474,0.36342269637500096,0.7215350160379073,0.13729196534769247,288,0.01039913880638606,0.010064795058770677,0.00728810863335139,0.014555029420703107,0.002525168847356179,288,1.0000645516310427,1.0000534649489232,0.9997901665469802,1.0003502651295988,0.0002218187070189938,288,0.0,0.0,0.0,0.0,0.0,288,0.0,0.0,0.0,0.0,0.0
conv3,legacy,3,DenseWeight_0,0.0001,288,36,288,0.9993649751543564,0.999437381605554,0.9988299969319282,0.9997049501107126,0.0003046521059543802,288,0.5339571374543891,0.5273762110795427,0.36397428657715347,0.7215766539676284,0.13720182683089255,288,0.533647892881352,0.5269189721077705,0.36342269739634797,0.7215350170588891,0.137291965523177,288,0.03466379601058134,0.033549315246061924,0.024293668563956348,0.04851674132346505,0.008417230586180307,288,1.000659978076352,1.00054830843805,0.999686167098191,1.0018005077382584,0.0008062766685420786,288,0.0,0.0,0.0,0.0,0.0,288,0.0,0.0,0.0,0.0,0.0,288,0.9993649751544792,0.999437381600677,0.9988299969236066,0.9997049501124571,0.00030465210444906185,288,0.5339571374543891,0.5273762110795427,0.36397428657715347,0.7215766539676284,0.13720182683089255,288,0.5336478907151732,0.526918970341474,0.36342269637500096,0.7215350160379073,0.13729196534769247,288,0.034663796159421056,0.033549315525444705,0.02429366850508066,0.048516741721689745,0.008417230562801331,288,1.0006599821823452,1.000548308951277,0.999686172864793,1.0018005228325153,0.0008062765302050667,288,0.0,0.0,0.0,0.0,0.0,288,0.0,0.0,0.0,0.0,0.0
conv3,legacy,3,DenseWeight_0,0.0003,288,36,288,0.9943385920211762,0.9949637304231596,0.989653839330677,0.9973504010410881,0.0026912298508425564,288,0.5363780830558845,0.529923432423491,0.3676120087978229,0.7228561563115554,0.13661132462114461,288,0.533647892881352,0.5269189721077705,0.36342269739634797,0.7215350170588891,0.137291965523177,288,0.10399139549216664,0.10064794039864994,0.07288077895862988,0.14555003571737551,0.025251702367958578,288,1.005775008531757,1.0051551881551681,1.0017708437295356,1.0108986338181944,0.003591093045299171,288,0.0,0.0,0.0,0.0,0.0,288,0.0,0.0,0.0,0.0,0.0,288,0.9943385920215297,0.9949637304085834,0.9896538393475107,0.997350401046314,0.0026912298463815194,288,0.5363780830558845,0.529923432423491,0.3676120087978229,0.7228561563115554,0.13661132462114461,288,0.5336478907151732,0.526918970341474,0.36342269637500096,0.7215350160379073,0.13729196534769247,288,0.10399139592313718,0.10064794105794311,0.07288077890827466,0.14555003638830974,0.025251702366241798,288,1.0057750126578056,1.0051551890810666,1.0017708455326313,1.0108986382227798,0.0035910927614662053,288,0.0,0.0,0.0,0.0,0.0,288,0.0,0.0,0.0,0.0,0.0
conv3,legacy,3,DenseWeight_0,0.0005,288,36,288,0.9845594313593379,0.9861944613643414,0.97210063782714,0.9926874197396118,0.007214096599297939,288,0.5411645771210787,0.5351503063245546,0.37453756477999955,0.7257145622465828,0.1354973103691563,288,0.533647892881352,0.5269189721077705,0.36342269739634797,0.7215350170588891,0.137291965523177,288,0.1733190203591927,0.16774657286672273,0.12146759783397543,0.24258309936211322,0.042086192072226386,288,1.0158626165257176,1.0142363440358184,1.0063447803125058,1.028430004553489,0.008499945952445779,288,0.0,0.0,0.0,0.0,0.0,288,0.0,0.0,0.0,0.0,0.0,288,0.9845594313598848,0.9861944613386231,0.9721006377946656,0.9926874197391741,0.0072140965920301885,288,0.5411645771210787,0.5351503063245546,0.37453756477999955,0.7257145622465828,0.1354973103691563,288,0.5336478907151732,0.526918970341474,0.36342269637500096,0.7215350160379073,0.13729196534769247,288,0.17331902107228703,0.16774657390592382,0.12146759779213967,0.24258310030575567,0.042086192092169517,288,1.0158626206913497,1.0142363513092691,1.0063447916761763,1.0284300093787597,0.008499945629495154,288,0.0,0.0,0.0,0.0,0.0,288,0.0,0.0,0.0,0.0,0.0
